   1.2094421269999996E-004   7.5991490022504250E-004   166.78203775880363        20.117595050735940     
   1.8141631904999993E-004   1.1398723503375638E-003   250.17305663820542        18.565914764950719     
   2.4188842539999992E-004   1.5198298004500850E-003   333.56407551760725        36.164431165059405     
   3.0236053174999988E-004   1.8997872505626060E-003   416.95509439700902        88.888820356888814     
   3.6283263809999987E-004   2.2797447006751275E-003   500.34611327641085        990.47226882983227     
   4.2330474444999985E-004   2.6597021507876488E-003   583.73713215581267        110.28511089448642     
   4.8377685079999984E-004   3.0396596009001700E-003   667.12815103521450        2.5993736903332003     
   5.4424895714999977E-004   3.4196170510126908E-003   750.51916991461621        6.6125835410224845     
   6.0472106349999976E-004   3.7995745011252121E-003   833.91018879401804        2.7786379748528711     
   6.6519316984999975E-004   4.1795319512377338E-003   917.30120767341987        1.0630130915326226     
   7.2566527619999973E-004   4.5594894013502550E-003   1000.6922265528217        57.133298035462325     
   7.8613738254999972E-004   4.9394468514627763E-003   1084.0832454322235        83.548473355775002     
   8.4660948889999971E-004   5.3194043015752975E-003   1167.4742643116253        7.5768907250115181     
   9.0708159524999969E-004   5.6993617516878188E-003   1250.8652831910272       0.81150321290150274     
   9.6755370159999968E-004   6.0793192018003400E-003   1334.2563020704290        1.4227492602553271     
   1.0280258079499996E-003   6.4592766519128604E-003   1417.6473209498306        2.8460748034320540     
   1.0884979142999995E-003   6.8392341020253817E-003   1501.0383398292324        50.295405376744377     
   1.1489700206499995E-003   7.2191915521379029E-003   1584.4293587086343        2968.7567970923283     
   1.2094421269999995E-003   7.5991490022504242E-003   1667.8203775880361        75.638628396311404     
   1.2699142333499995E-003   7.9791064523629454E-003   1751.2113964674379        27.512971995522186     
   1.3303863396999995E-003   8.3590639024754675E-003   1834.6024153468397        43.016047149271088     
   1.3908584460499995E-003   8.7390213525879879E-003   1917.9934342262413        50.953358823786509     
   1.4513305523999995E-003   9.1189788027005100E-003   2001.3844531056434        536.95150935799779     
   1.5118026587499995E-003   9.4989362528130304E-003   2084.7754719850450        2579.8807395377526     
   1.5722747650999994E-003   9.8788937029255525E-003   2168.1664908644470        139.60901919308887     
   1.6327468714499994E-003   1.0258851153038073E-002   2251.5575097438486        13.384964239388399     
   1.6932189777999994E-003   1.0638808603150595E-002   2334.9485286232507        12.999003081612715     
   1.7536910841499994E-003   1.1018766053263115E-002   2418.3395475026523        2.8946023238436500     
   1.8141631904999994E-003   1.1398723503375638E-002   2501.7305663820543        16.849145733333192     
   1.8746352968499994E-003   1.1778680953488158E-002   2585.1215852614559        139.45998063398525     
   1.9351074031999994E-003   1.2158638403600680E-002   2668.5126041408580        11.561666909685298     
   1.9955795095499993E-003   1.2538595853713200E-002   2751.9036230202596        13.649726758482732     
   2.0560516158999991E-003   1.2918553303825721E-002   2835.2946418996612        19.942894429903397     
   2.1165237222499993E-003   1.3298510753938243E-002   2918.6856607790633        16.527751821565751     
   2.1769958285999991E-003   1.3678468204050763E-002   3002.0766796584649        37.057885844486776     
   2.2374679349499993E-003   1.4058425654163285E-002   3085.4676985378669        77.767742784137340     
   2.2979400412999991E-003   1.4438383104275806E-002   3168.8587174172685        7408.8718628933948     
   2.3584121476499993E-003   1.4818340554388328E-002   3252.2497362966706        235.66577909288776     
   2.4188842539999990E-003   1.5198298004500848E-002   3335.6407551760722        39.720815857436406     
   2.4793563603499992E-003   1.5578255454613370E-002   3419.0317740554742        80.394312432668983     
   2.5398284666999990E-003   1.5958212904725891E-002   3502.4227929348758        75.739504751874819     
   2.6003005730499988E-003   1.6338170354838411E-002   3585.8138118142774        2732.2297041809788     
   2.6607726793999990E-003   1.6718127804950935E-002   3669.2048306936795        9810.7375307931798     
   2.7212447857499988E-003   1.7098085255063452E-002   3752.5958495730806        438.29705577357049     
   2.7817168920999990E-003   1.7478042705175976E-002   3835.9868684524827        46.462239370399146     
   2.8421889984499987E-003   1.7858000155288496E-002   3919.3778873318843        4.2246234901434931     
   2.9026611047999989E-003   1.8237957605401020E-002   4002.7689062112868        6.9383878489355570     
   2.9631332111499987E-003   1.8617915055513537E-002   4086.1599250906879        101.20782641009296     
   3.0236053174999989E-003   1.8997872505626061E-002   4169.5509439700900        1167.2880809395620     
   3.0840774238499987E-003   1.9377829955738581E-002   4252.9419628494916        79.623579635985649     
   3.1445495301999989E-003   1.9757787405851105E-002   4336.3329817288941        8.4600027340193495     
   3.2050216365499986E-003   2.0137744855963622E-002   4419.7240006082948        4.8509507975071697     
   3.2654937428999989E-003   2.0517702306076146E-002   4503.1150194876973        12.810597296033171     
   3.3259658492499986E-003   2.0897659756188666E-002   4586.5060383670989        14.328222220560267     
   3.3864379555999988E-003   2.1277617206301190E-002   4669.8970572465014        9.0052482298478154     
   3.4469100619499986E-003   2.1657574656413707E-002   4753.2880761259021        48.814996680491532     
   3.5073821682999988E-003   2.2037532106526231E-002   4836.6790950053046        5.1641229235679891     
   3.5678542746499986E-003   2.2417489556638751E-002   4920.0701138847062        6.1240939492936093     
   3.6283263809999988E-003   2.2797447006751275E-002   5003.4611327641087        7.6227225733532267     
   3.6887984873499985E-003   2.3177404456863792E-002   5086.8521516435094        13.598007048031350     
   3.7492705936999987E-003   2.3557361906976316E-002   5170.2431705229119        48.645626554108489     
   3.8097427000499985E-003   2.3937319357088836E-002   5253.6341894023135        77.592620437058358     
   3.8702148063999987E-003   2.4317276807201360E-002   5337.0252082817160        28.833459642303769     
   3.9306869127499981E-003   2.4697234257313877E-002   5420.4162271611167        3.6901268357397825     
   3.9911590190999987E-003   2.5077191707426401E-002   5503.8072460405192        10.558275069398160     
   4.0516311254499985E-003   2.5457149157538921E-002   5587.1982649199208        22.569983906230114     
   4.1121032317999982E-003   2.5837106607651442E-002   5670.5892837993224        197.70287884757980     
   4.1725753381499980E-003   2.6217064057763962E-002   5753.9803026787240        5656.3951899543081     
   4.2330474444999986E-003   2.6597021507876486E-002   5837.3713215581265        133.26473623855242     
   4.2935195508499984E-003   2.6976978957989006E-002   5920.7623404375281        23.980086765409652     
   4.3539916571999982E-003   2.7356936408101527E-002   6004.1533593169297        20.739494913520439     
   4.4144637635499979E-003   2.7736893858214047E-002   6087.5443781963313        7.2306739610527941     
   4.4749358698999986E-003   2.8116851308326571E-002   6170.9353970757338        9.0625706457755051     
   4.5354079762499984E-003   2.8496808758439091E-002   6254.3264159551354       0.28669890385434904     
   4.5958800825999981E-003   2.8876766208551612E-002   6337.7174348345370        34.439854515853007     
   4.6563521889499979E-003   2.9256723658664132E-002   6421.1084537139386        1.7293563273605685     
   4.7168242952999985E-003   2.9636681108776656E-002   6504.4994725933411       0.31050401231054137     
   4.7772964016499983E-003   3.0016638558889176E-002   6587.8904914727427        2.2088538687302859     
   4.8377685079999981E-003   3.0396596009001697E-002   6671.2815103521443        5.3056118654140425     
   4.8982406143499978E-003   3.0776553459114217E-002   6754.6725292315459        56.206244398135752     
   4.9587127206999985E-003   3.1156510909226741E-002   6838.0635481109484        182.64513973671643     
   5.0191848270499983E-003   3.1536468359339265E-002   6921.4545669903500        2.3774657835979864     
   5.0796569333999980E-003   3.1916425809451782E-002   7004.8455858697516        1.8835197352890647     
   5.1401290397499978E-003   3.2296383259564299E-002   7088.2366047491523       0.64589711092379321     
   5.2006011460999976E-003   3.2676340709676822E-002   7171.6276236285548        212.97455939727899     
   5.2610732524499982E-003   3.3056298159789346E-002   7255.0186425079564        219.02384872864434     
   5.3215453587999980E-003   3.3436255609901870E-002   7338.4096613873589        22222.883363175635     
   5.3820174651499977E-003   3.3816213060014387E-002   7421.8006802667605        256.89160484553207     
   5.4424895714999975E-003   3.4196170510126904E-002   7505.1916991461612        115.75586338709364     
   5.5029616778499981E-003   3.4576127960239435E-002   7588.5827180255646        70.197709225140088     
   5.5634337841999979E-003   3.4956085410351952E-002   7671.9737369049653        12.530793857564394     
   5.6239058905499977E-003   3.5336042860464469E-002   7755.3647557843669        10.798320105367406     
   5.6843779968999975E-003   3.5716000310576992E-002   7838.7557746637685        33.354422124320749     
   5.7448501032499981E-003   3.6095957760689516E-002   7922.1467935431710        3.9861784560288012     
   5.8053222095999979E-003   3.6475915210802040E-002   8005.5378124225736        3.1620518845505394     
   5.8657943159499976E-003   3.6855872660914557E-002   8088.9288313019742       0.19303732543429702     
   5.9262664222999974E-003   3.7235830111027074E-002   8172.3198501813758        9.9231131360255326E-002
   5.9867385286499980E-003   3.7615787561139605E-002   8255.7108690607802       0.53568722302643834     
   6.0472106349999978E-003   3.7995745011252122E-002   8339.1018879401799       0.73303358768104432     
   6.1076827413499976E-003   3.8375702461364639E-002   8422.4929068195815       0.65446316018938144     
   6.1681548476999973E-003   3.8755659911477162E-002   8505.8839256989831       0.26677552420092032     
   6.2286269540499980E-003   3.9135617361589686E-002   8589.2749445783866        1.6882479162476871     
   6.2890990603999978E-003   3.9515574811702210E-002   8672.6659634577882        1.0922471591281528     
   6.3495711667499975E-003   3.9895532261814727E-002   8756.0569823371898        6.7753711363263376     
   6.4100432730999973E-003   4.0275489711927244E-002   8839.4480012165895       0.17784733257636415     
   6.4705153794499979E-003   4.0655447162039775E-002   8922.8390200959930        168.36120554480249     
   6.5309874857999977E-003   4.1035404612152292E-002   9006.2300389753946        1.7600733411925766     
   6.5914595921499975E-003   4.1415362062264809E-002   9089.6210578547962        3.8578725600489365     
   6.6519316984999972E-003   4.1795319512377332E-002   9173.0120767341978        6.5119005878191896     
   6.7124038048499970E-003   4.2175276962489849E-002   9256.4030956135994        4.2601466817176785     
   6.7728759111999976E-003   4.2555234412602380E-002   9339.7941144930028        26.578291444729480     
   6.8333480175499974E-003   4.2935191862714897E-002   9423.1851333724044        272.46109069870590     
   6.8938201238999972E-003   4.3315149312827414E-002   9506.5761522518042        2.6477172504638471     
   6.9542922302499970E-003   4.3695106762939938E-002   9589.9671711312076        8.7174461564315990     
   7.0147643365999976E-003   4.4075064213052462E-002   9673.3581900106092       0.42321626235244492     
   7.0752364429499974E-003   4.4455021663164986E-002   9756.7492088900108        7.6670906377755949E-002
   7.1357085492999971E-003   4.4834979113277502E-002   9840.1402277694124        1.3282596114032461     
   7.1961806556499969E-003   4.5214936563390019E-002   9923.5312466488140        2.0805844702688092     
   7.2566527619999975E-003   4.5594894013502550E-002   10006.922265528217        1.7394947328138994     
   7.3171248683499973E-003   4.5974851463615067E-002   10090.313284407617        1.2871352576092554     
   7.3775969746999971E-003   4.6354808913727584E-002   10173.704303287019        1.8056709068175867     
   7.4380690810499969E-003   4.6734766363840108E-002   10257.095322166420        1.5803193888255280     
   7.4985411873999975E-003   4.7114723813952632E-002   10340.486341045824        13.780964442875716     
   7.5590132937499973E-003   4.7494681264065156E-002   10423.877359925225        1.4387583110337643     
   7.6194854000999970E-003   4.7874638714177672E-002   10507.268378804627        509.53511930414300     
   7.6799575064499968E-003   4.8254596164290189E-002   10590.659397684029        6.6512765574993242     
   7.7404296127999974E-003   4.8634553614402720E-002   10674.050416563432       0.76040508818356067     
   7.8009017191499972E-003   4.9014511064515237E-002   10757.441435442832        7.0022164869148673     
   7.8613738254999961E-003   4.9394468514627754E-002   10840.832454322233        40.565275854186190     
   7.9218459318499967E-003   4.9774425964740278E-002   10924.223473201635        43.478255294241343     
   7.9823180381999974E-003   5.0154383414852802E-002   11007.614492081038        922.51493334246277     
   8.0427901445499963E-003   5.0534340864965319E-002   11091.005510960438        6.0074445377552106     
   8.1032622508999969E-003   5.0914298315077842E-002   11174.396529839842        53.376972055603879     
   8.1637343572499976E-003   5.1294255765190366E-002   11257.787548719243        3.5783039002270005     
   8.2242064635999965E-003   5.1674213215302883E-002   11341.178567598645        1.4522561468707360     
   8.2846785699499971E-003   5.2054170665415407E-002   11424.569586478046        6.3506158493561795     
   8.3451506762999960E-003   5.2434128115527924E-002   11507.960605357448        16.873012467602759     
   8.4056227826499966E-003   5.2814085565640448E-002   11591.351624236850        1.4004731997704927     
   8.4660948889999973E-003   5.3194043015752972E-002   11674.742643116253        1.3390979210676708     
   8.5265669953499962E-003   5.3574000465865489E-002   11758.133661995653       0.70686702376051191     
   8.5870391016999968E-003   5.3953957915978012E-002   11841.524680875056       0.66372658225376835     
   8.6475112080499975E-003   5.4333915366090536E-002   11924.915699754458       0.86805396957670156     
   8.7079833143999964E-003   5.4713872816203053E-002   12008.306718633859       0.17531228320788425     
   8.7684554207499970E-003   5.5093830266315577E-002   12091.697737513261        1.7683297739416632     
   8.8289275270999959E-003   5.5473787716428094E-002   12175.088756392663        6.9095862311223347E-002
   8.8893996334499965E-003   5.5853745166540618E-002   12258.479775272064       0.26233613356873187     
   8.9498717397999972E-003   5.6233702616653142E-002   12341.870794151468       0.17688887732603115     
   9.0103438461499961E-003   5.6613660066765659E-002   12425.261813030867        1.2599710552696495     
   9.0708159524999967E-003   5.6993617516878183E-002   12508.652831910271       0.93033737387192450     
   9.1312880588499956E-003   5.7373574966990699E-002   12592.043850789671        13.742417583043503     
   9.1917601651999963E-003   5.7753532417103223E-002   12675.434869669074        1.0738016185707706     
   9.2522322715499969E-003   5.8133489867215747E-002   12758.825888548476       0.47390863805983108     
   9.3127043778999958E-003   5.8513447317328264E-002   12842.216907427877       0.55264487854836908     
   9.3731764842499964E-003   5.8893404767440788E-002   12925.607926307279        4.3609284548265972     
   9.4336485905999971E-003   5.9273362217553312E-002   13008.998945186682        7.2401244076388389     
   9.4941206969499960E-003   5.9653319667665829E-002   13092.389964066082        106.36281995804323     
   9.5545928032999966E-003   6.0033277117778353E-002   13175.780982945485        1.7751084050456907     
   9.6150649096499955E-003   6.0413234567890869E-002   13259.172001824885        2.3487545175571576     
   9.6755370159999961E-003   6.0793192018003393E-002   13342.563020704289        1.6314140170298097     
   9.7360091223499968E-003   6.1173149468115917E-002   13425.954039583690       0.30770639239336439     
   9.7964812286999957E-003   6.1553106918228434E-002   13509.345058463092       0.57337349153550932     
   9.8569533350499963E-003   6.1933064368340958E-002   13592.736077342493       0.22126022397457118     
   9.9174254413999970E-003   6.2313021818453482E-002   13676.127096221897        2.6423676227276918     
   9.9778975477499959E-003   6.2692979268565999E-002   13759.518115101297       0.37738136418595525     
   1.0038369654099997E-002   6.3072936718678529E-002   13842.909133980700        3.8942737612761839E-002
   1.0098841760449995E-002   6.3452894168791033E-002   13926.300152860098        1.5809290224624553E-003
   1.0159313866799996E-002   6.3832851618903563E-002   14009.691171739503        2.0962401462971560     
   1.0219785973149997E-002   6.4212809069016094E-002   14093.082190618907        5.7885092903207591E-002
   1.0280258079499996E-002   6.4592766519128597E-002   14176.473209498305        48.064301046989058     
   1.0340730185849996E-002   6.4972723969241128E-002   14259.864228377708       0.56252907451345047     
   1.0401202292199995E-002   6.5352681419353645E-002   14343.255247257110        2.7706760474427568     
   1.0461674398549996E-002   6.5732638869466162E-002   14426.646266136509       0.12772638168151521     
   1.0522146504899996E-002   6.6112596319578693E-002   14510.037285015913        22.824416230877123     
   1.0582618611249995E-002   6.6492553769691209E-002   14593.428303895314        8.3878140774767118     
   1.0643090717599996E-002   6.6872511219803740E-002   14676.819322774718        390.09273359602906     
   1.0703562823949997E-002   6.7252468669916257E-002   14760.210341654119        4.1962414034344739     
   1.0764034930299995E-002   6.7632426120028774E-002   14843.601360533521        3.3360730670545298     
   1.0824507036649996E-002   6.8012383570141305E-002   14926.992379412924        4.0613108176529860     
   1.0884979142999995E-002   6.8392341020253808E-002   15010.383398292322       0.50067756373294914     
   1.0945451249349996E-002   6.8772298470366339E-002   15093.774417171726        1.0424394975769615     
   1.1005923355699996E-002   6.9152255920478869E-002   15177.165436051129        2.9699023776251612     
   1.1066395462049995E-002   6.9532213370591373E-002   15260.556454930527       0.25871624788353492     
   1.1126867568399996E-002   6.9912170820703903E-002   15343.947473809931       0.87922412445071352     
   1.1187339674749996E-002   7.0292128270816434E-002   15427.338492689336       0.45356683144996945     
   1.1247811781099995E-002   7.0672085720928937E-002   15510.729511568734       0.31883077661948245     
   1.1308283887449996E-002   7.1052043171041468E-002   15594.120530448137       0.42438253252104952     
   1.1368755993799995E-002   7.1432000621153985E-002   15677.511549327537       0.12212508203421076     
   1.1429228100149996E-002   7.1811958071266502E-002   15760.902568206939       0.46425631363554581     
   1.1489700206499996E-002   7.2191915521379033E-002   15844.293587086342       0.14279836877478749     
   1.1550172312849995E-002   7.2571872971491549E-002   15927.684605965744        4.1435848348293253E-002
   1.1610644419199996E-002   7.2951830421604080E-002   16011.075624845147        8.7922917463413006E-002
   1.1671116525549996E-002   7.3331787871716597E-002   16094.466643724549       0.28667785487731445     
   1.1731588631899995E-002   7.3711745321829114E-002   16177.857662603948       0.45554429685712655     
   1.1792060738249996E-002   7.4091702771941645E-002   16261.248681483354        5.3223889349027145     
   1.1852532844599995E-002   7.4471660222054148E-002   16344.639700362752       0.24838665433587034     
   1.1913004950949995E-002   7.4851617672166679E-002   16428.030719242153       0.32322978702786093     
   1.1973477057299996E-002   7.5231575122279210E-002   16511.421738121560       0.22744996141774848     
   1.2033949163649995E-002   7.5611532572391713E-002   16594.812757000956       0.91673939900156076     
   1.2094421269999996E-002   7.5991490022504243E-002   16678.203775880360        1.2795952487714177     
   1.2154893376349995E-002   7.6371447472616760E-002   16761.594794759760        17.170278433359162     
   1.2215365482699995E-002   7.6751404922729277E-002   16844.985813639163       0.16910344642830455     
   1.2275837589049996E-002   7.7131362372841808E-002   16928.376832518567        1.4575226234576135     
   1.2336309695399995E-002   7.7511319822954325E-002   17011.767851397966       0.45697857676007836     
   1.2396781801749995E-002   7.7891277273066856E-002   17095.158870277370       0.26665717695481372     
   1.2457253908099996E-002   7.8271234723179373E-002   17178.549889156773       0.45536609068742862     
   1.2517726014449995E-002   7.8651192173291889E-002   17261.940908036173        9.1935570962681276E-002
   1.2578198120799996E-002   7.9031149623404420E-002   17345.331926915576       0.90167569747906118     
   1.2638670227149994E-002   7.9411107073516923E-002   17428.722945794972        2.1229459057605961E-002
   1.2699142333499995E-002   7.9791064523629454E-002   17512.113964674380        4.3787913026744354E-002
   1.2759614439849996E-002   8.0171021973741985E-002   17595.504983553783        2.6248033492625267E-002
   1.2820086546199995E-002   8.0550979423854488E-002   17678.896002433179       0.70091376199376032     
   1.2880558652549995E-002   8.0930936873967019E-002   17762.287021312583       0.16073792878656046     
   1.2941030758899996E-002   8.1310894324079550E-002   17845.678040191986        13.777605488882411     
   1.3001502865249995E-002   8.1690851774192053E-002   17929.069059071386       0.46201828868178663     
   1.3061974971599995E-002   8.2070809224304583E-002   18012.460077950789       0.22404334670522549     
   1.3122447077949994E-002   8.2450766674417100E-002   18095.851096830189       0.10670593652860809     
   1.3182919184299995E-002   8.2830724124529617E-002   18179.242115709592        5.5542405969056494     
   1.3243391290649996E-002   8.3210681574642148E-002   18262.633134588996        1.4994368718569400     
   1.3303863396999994E-002   8.3590639024754665E-002   18346.024153468396        58.709966790388030     
   1.3364335503349995E-002   8.3970596474867196E-002   18429.415172347799       0.31456578697798648     
   1.3424807609699994E-002   8.4350553924979699E-002   18512.806191227199        3.5589637160736007     
   1.3485279716049995E-002   8.4730511375092230E-002   18596.197210106602       0.89426814101712138     
   1.3545751822399995E-002   8.5110468825204760E-002   18679.588228986006       0.41182773829741348     
   1.3606223928749994E-002   8.5490426275317263E-002   18762.979247865402       0.77590454531973996     
   1.3666696035099995E-002   8.5870383725429794E-002   18846.370266744809       0.49551260704504518     
   1.3727168141449995E-002   8.6250341175542325E-002   18929.761285624212       0.35772877270122916     
   1.3787640247799994E-002   8.6630298625654828E-002   19013.152304503608       0.40236967221427639     
   1.3848112354149995E-002   8.7010256075767359E-002   19096.543323383012       0.33215282178315525     
   1.3908584460499994E-002   8.7390213525879876E-002   19179.934342262415       0.29856958298676606     
   1.3969056566849995E-002   8.7770170975992393E-002   19263.325361141815       0.38683496243104104     
   1.4029528673199995E-002   8.8150128426104923E-002   19346.716380021218       0.18074087575095843     
   1.4090000779549994E-002   8.8530085876217440E-002   19430.107398900618       0.52083362801982525     
   1.4150472885899995E-002   8.8910043326329971E-002   19513.498417780022       0.17091501369003048     
   1.4210944992249995E-002   8.9290000776442488E-002   19596.889436659425       0.14323062758131322     
   1.4271417098599994E-002   8.9669958226555005E-002   19680.280455538825       0.17947365242605778     
   1.4331889204949995E-002   9.0049915676667536E-002   19763.671474418228       0.19861303406854311     
   1.4392361311299994E-002   9.0429873126780039E-002   19847.062493297628       0.36939972582398939     
   1.4452833417649994E-002   9.0809830576892570E-002   19930.453512177031       0.70001856658655615     
   1.4513305523999995E-002   9.1189788027005100E-002   20013.844531056435       0.29104824693853726     
   1.4573777630349994E-002   9.1569745477117603E-002   20097.235549935831       0.10391611572228095     
   1.4634249736699995E-002   9.1949702927230134E-002   20180.626568815234       0.25491296632117927     
   1.4694721843049994E-002   9.2329660377342651E-002   20264.017587694638        4.5808298614325824E-002
   1.4755193949399994E-002   9.2709617827455168E-002   20347.408606574038       0.64590572266010071     
   1.4815666055749995E-002   9.3089575277567699E-002   20430.799625453441        2.3253005198668082     
   1.4876138162099994E-002   9.3469532727680216E-002   20514.190644332841       0.20185348451117294     
   1.4936610268449994E-002   9.3849490177792746E-002   20597.581663212248       0.31342386006996381     
   1.4997082374799995E-002   9.4229447627905263E-002   20680.972682091648       0.14212529916706770     
   1.5057554481149994E-002   9.4609405078017780E-002   20764.363700971047       0.16483035325534670     
   1.5118026587499995E-002   9.4989362528130311E-002   20847.754719850451       0.26298906577726194     
   1.5178498693849993E-002   9.5369319978242814E-002   20931.145738729851        7.6843778320125719E-002
   1.5238970800199994E-002   9.5749277428355345E-002   21014.536757609254       0.53429627252149803     
   1.5299442906549995E-002   9.6129234878467876E-002   21097.927776488657        5.6403074947583745E-002
   1.5359915012899994E-002   9.6509192328580379E-002   21181.318795368057       0.15748547630791213     
   1.5420387119249994E-002   9.6889149778692910E-002   21264.709814247461        8.8375464120288100E-002
   1.5480859225599995E-002   9.7269107228805440E-002   21348.100833126864       0.46060136621010500     
   1.5541331331949994E-002   9.7649064678917943E-002   21431.491852006260        8.2575031113154937E-002
   1.5601803438299994E-002   9.8029022129030474E-002   21514.882870885664        2.4926626834428918     
   1.5662275544649995E-002   9.8408979579143005E-002   21598.273889765071        9.9259002731912460E-002
   1.5722747650999992E-002   9.8788937029255508E-002   21681.664908644467        7.4386183771363426E-002
   1.5783219757349993E-002   9.9168894479368025E-002   21765.055927523867       0.13517694153713505     
   1.5843691863699993E-002   9.9548851929480556E-002   21848.446946403270       0.79055156302778484     
   1.5904163970049994E-002   9.9928809379593087E-002   21931.837965282677       0.66061845736392200     
   1.5964636076399995E-002  0.10030876682970560        22015.228984162077        8.8951363486950470     
   1.6025108182749995E-002  0.10068872427981813        22098.620003041480       0.17062290394030460     
   1.6085580289099993E-002  0.10106868172993064        22182.011021920876       0.72061863180004215     
   1.6146052395449993E-002  0.10144863918004315        22265.402040800280       0.22099726226384275     
   1.6206524501799994E-002  0.10182859663015568        22348.793059679683       0.16865507931884932     
   1.6266996608149994E-002  0.10220855408026822        22432.184078559087       0.29030190123134375     
   1.6327468714499995E-002  0.10258851153038073        22515.575097438486        3.0440444674603981E-002
   1.6387940820849992E-002  0.10296846898049324        22598.966116317886       0.16356907366990145     
   1.6448412927199993E-002  0.10334842643060577        22682.357135197290       0.10937650822417484     
   1.6508885033549994E-002  0.10372838388071828        22765.748154076689       0.13036261258583678     
   1.6569357139899994E-002  0.10410834133083081        22849.139172956093       0.13252641096126513     
   1.6629829246249995E-002  0.10448829878094335        22932.530191835496       0.16579006727136633     
   1.6690301352599992E-002  0.10486825623105585        23015.921210714896       0.11036333187901672     
   1.6750773458949993E-002  0.10524821368116836        23099.312229594296       0.27233176565577594     
   1.6811245565299993E-002  0.10562817113128090        23182.703248473699        9.5693402262346669E-002
   1.6871717671649994E-002  0.10600812858139343        23266.094267353103       0.17195064669735430     
   1.6932189777999995E-002  0.10638808603150594        23349.485286232506       0.10822493560400794     
   1.6992661884349992E-002  0.10676804348161845        23432.876305111902       0.21868191086344990     
   1.7053133990699992E-002  0.10714800093173098        23516.267323991306       0.14841105774210045     
   1.7113606097049993E-002  0.10752795838184349        23599.658342870709       0.26237507717236402     
   1.7174078203399994E-002  0.10790791583195602        23683.049361750112       0.17161117559957606     
   1.7234550309749994E-002  0.10828787328206856        23766.440380629516        2.6404357979609515E-002
   1.7295022416099995E-002  0.10866783073218107        23849.831399508916       0.12800549519964499     
   1.7355494522449992E-002  0.10904778818229358        23933.222418388315        6.3449055894970741E-002
   1.7415966628799993E-002  0.10942774563240611        24016.613437267719       0.28250599344570432     
   1.7476438735149993E-002  0.10980770308251864        24100.004456147122       0.14633087288895258     
   1.7536910841499994E-002  0.11018766053263115        24183.395475026522       0.11222867632777350     
   1.7597382947849995E-002  0.11056761798274369        24266.786493905925        2.2224819761278811E-002
   1.7657855054199992E-002  0.11094757543285619        24350.177512785325        4.0716402897402026E-002
   1.7718327160549992E-002  0.11132753288296870        24433.568531664725        6.9713067624879374E-002
   1.7778799266899993E-002  0.11170749033308124        24516.959550544128        7.7291505452445550E-002
   1.7839271373249994E-002  0.11208744778319377        24600.350569423532        7.8994860659112293E-002
   1.7899743479599994E-002  0.11246740523330628        24683.741588302935       0.16371583980393306     
   1.7960215585949992E-002  0.11284736268341879        24767.132607182331        8.4734283712273983E-002
   1.8020687692299992E-002  0.11322732013353132        24850.523626061735       0.13131841114592105     
   1.8081159798649993E-002  0.11360727758364383        24933.914644941138        8.3667047148813761E-002
   1.8141631904999993E-002  0.11398723503375637        25017.305663820542       0.30169274657001771     
   1.8202104011349994E-002  0.11436719248386890        25100.696682699945        3.8350790956549162E-002
   1.8262576117699991E-002  0.11474714993398140        25184.087701579341       0.84516762101070009     
   1.8323048224049992E-002  0.11512710738409392        25267.478720458745        3.8818451852165564E-002
   1.8383520330399993E-002  0.11550706483420645        25350.869739338148       0.13685150311263830     
   1.8443992436749993E-002  0.11588702228431898        25434.260758217551       0.10999535726002585     
   1.8504464543099994E-002  0.11626697973443149        25517.651777096951       0.15901027137421178     
   1.8564936649449994E-002  0.11664693718454403        25601.042795976355       0.29918383023236017     
   1.8625408755799992E-002  0.11702689463465653        25684.433814855754       0.88895494733960445     
   1.8685880862149992E-002  0.11740685208476904        25767.824833735154        6.8042698347337838E-002
   1.8746352968499993E-002  0.11778680953488158        25851.215852614558        6.9215319304803277E-002
   1.8806825074849993E-002  0.11816676698499411        25934.606871493961        2.5996422568464381E-002
   1.8867297181199994E-002  0.11854672443510662        26017.997890373364        5.3548840651502713E-002
   1.8927769287549991E-002  0.11892668188521913        26101.388909252761        6.3302323964314525E-002
   1.8988241393899992E-002  0.11930663933533166        26184.779928132164        3.1977042415617864E-002
   1.9048713500249993E-002  0.11968659678544417        26268.170947011564        5.8665882099060707E-002
   1.9109185606599993E-002  0.12006655423555671        26351.561965890971        3.9409478578580556E-002
   1.9169657712949994E-002  0.12044651168566924        26434.952984770374        4.6400502714926982E-002
   1.9230129819299991E-002  0.12082646913578174        26518.344003649770        5.6736515756073864E-002
   1.9290601925649992E-002  0.12120642658589426        26601.735022529174        5.3373127893312153E-002
   1.9351074031999992E-002  0.12158638403600679        26685.126041408577        6.4601871735671515E-002
   1.9411546138349993E-002  0.12196634148611932        26768.517060287981        9.4012558202388644E-002
   1.9472018244699994E-002  0.12234629893623183        26851.908079167380        5.7249591874595399E-002
   1.9532490351049991E-002  0.12272625638634434        26935.299098046780       0.10591085541930161     
   1.9592962457399991E-002  0.12310621383645687        27018.690116926184        6.0785329470927005E-002
   1.9653434563749992E-002  0.12348617128656939        27102.081135805583       0.13988578930081452     
   1.9713906670099993E-002  0.12386612873668192        27185.472154684987        4.7508048051115179E-002
   1.9774378776449993E-002  0.12424608618679445        27268.863173564390       0.20226845384656150     
   1.9834850882799994E-002  0.12462604363690696        27352.254192443794        7.4159350733131291E-002
   1.9895322989149991E-002  0.12500600108701948        27435.645211323194        5.8047891417933380E-002
   1.9955795095499992E-002  0.12538595853713200        27519.036230202593        5.7572022538116038E-002
   2.0016267201849992E-002  0.12576591598724451        27602.427249081993       0.10757403751135236     
   2.0076739308199993E-002  0.12614587343735706        27685.818267961400        8.1131140498761870E-002
   2.0137211414549994E-002  0.12652583088746958        27769.209286840804        9.0366701490594878E-002
   2.0197683520899991E-002  0.12690578833758207        27852.600305720196        6.5424778143213472E-002
   2.0258155627249991E-002  0.12728574578769461        27935.991324599603        3.0485176504546942E-002
   2.0318627733599992E-002  0.12766570323780713        28019.382343479007        4.2914691467684500E-002
   2.0379099839949993E-002  0.12804566068791964        28102.773362358406        4.7547575865588984E-002
   2.0439571946299993E-002  0.12842561813803219        28186.164381237813        3.5856406668391350E-002
   2.0500044052649991E-002  0.12880557558814468        28269.555400117206        6.4215305180437735E-002
   2.0560516158999991E-002  0.12918553303825719        28352.946418996609        3.7856306889078394E-002
   2.0620988265349992E-002  0.12956549048836974        28436.337437876016        7.0540582734813520E-002
   2.0681460371699992E-002  0.12994544793848226        28519.728456755416        6.3602796032182024E-002
   2.0741932478049993E-002  0.13032540538859477        28603.119475634816        6.6275969882407929E-002
   2.0802404584399990E-002  0.13070536283870729        28686.510494514219       0.11793573722095677     
   2.0862876690749991E-002  0.13108532028881981        28769.901513393619        5.0930564477047136E-002
   2.0923348797099992E-002  0.13146527773893232        28853.292532273019       0.31301585202222465     
   2.0983820903449992E-002  0.13184523518904487        28936.683551152426        4.9361620455301403E-002
   2.1044293009799993E-002  0.13222519263915739        29020.074570031826       0.14455862533471364     
   2.1104765116149993E-002  0.13260515008926990        29103.465588911229        6.4701442627118480E-002
   2.1165237222499991E-002  0.13298510753938242        29186.856607790629       0.16098103608478942     
   2.1225709328849991E-002  0.13336506498949494        29270.247626670029        9.6214487737912330E-002
   2.1286181435199992E-002  0.13374502243960748        29353.638645549436       0.16376347417751375     
   2.1346653541549993E-002  0.13412497988972000        29437.029664428839        5.8208062432018308E-002
   2.1407125647899993E-002  0.13450493733983251        29520.420683308239        1.1500903197909267E-002
   2.1467597754249990E-002  0.13488489478994503        29603.811702187639        3.2338448413221074E-002
   2.1528069860599991E-002  0.13526485224005755        29687.202721067042        4.2607538769284928E-002
   2.1588541966949992E-002  0.13564480969017007        29770.593739946442        3.2584915152149049E-002
   2.1649014073299992E-002  0.13602476714028261        29853.984758825849        5.6398763110839252E-002
   2.1709486179649993E-002  0.13640472459039513        29937.375777705249        4.1644940797733253E-002
   2.1769958285999990E-002  0.13678468204050762        30020.766796584645        4.5738999802249131E-002
   2.1830430392349991E-002  0.13716463949062016        30104.157815464052        4.1963051634460125E-002
   2.1890902498699991E-002  0.13754459694073268        30187.548834343452        4.5347565035193750E-002
   2.1951374605049992E-002  0.13792455439084519        30270.939853222852        3.7519989254631070E-002
   2.2011846711399993E-002  0.13830451184095774        30354.330872102259        5.1778949510318112E-002
   2.2072318817749993E-002  0.13868446929107026        30437.721890981662        3.5829806512271030E-002
   2.2132790924099990E-002  0.13906442674118275        30521.112909861055        5.1316906243850699E-002
   2.2193263030449991E-002  0.13944438419129529        30604.503928740462        5.4239523703684102E-002
   2.2253735136799992E-002  0.13982434164140781        30687.894947619861        5.0017952441311915E-002
   2.2314207243149992E-002  0.14020429909152032        30771.285966499265        6.5561318220793710E-002
   2.2374679349499993E-002  0.14058425654163287        30854.676985378672        4.0099254122841960E-002
   2.2435151455849990E-002  0.14096421399174536        30938.068004258064       0.10902378159805579     
   2.2495623562199991E-002  0.14134417144185787        31021.459023137468        4.4573245573363507E-002
   2.2556095668549991E-002  0.14172412889197042        31104.850042016875        6.7181734880201099E-002
   2.2616567774899992E-002  0.14210408634208294        31188.241060896275        4.7672345986810978E-002
   2.2677039881249993E-002  0.14248404379219545        31271.632079775674        7.8319511140769599E-002
   2.2737511987599990E-002  0.14286400124230797        31355.023098655074        3.7370667751141805E-002
   2.2797984093949990E-002  0.14324395869242049        31438.414117534478       0.10162099114402837     
   2.2858456200299991E-002  0.14362391614253300        31521.805136413877        4.8981863668230971E-002
   2.2918928306649992E-002  0.14400387359264555        31605.196155293284        5.9961942583260520E-002
   2.2979400412999992E-002  0.14438383104275807        31688.587174172684        5.4873758496510890E-002
   2.3039872519349990E-002  0.14476378849287058        31771.978193052088        4.9874118368792929E-002
   2.3100344625699990E-002  0.14514374594298310        31855.369211931487        4.7844971784491978E-002
   2.3160816732049991E-002  0.14552370339309562        31938.760230810887        5.2057873578724483E-002
   2.3221288838399991E-002  0.14590366084320816        32022.151249690294        3.6047480580592484E-002
   2.3281760944749992E-002  0.14628361829332068        32105.542268569694        5.3932877594934821E-002
   2.3342233051099993E-002  0.14666357574343319        32188.933287449097        4.1320466501521637E-002
   2.3402705157449990E-002  0.14704353319354571        32272.324306328497        5.3952645928735540E-002
   2.3463177263799991E-002  0.14742349064365823        32355.715325207897        4.0506413314848999E-002
   2.3523649370149991E-002  0.14780344809377075        32439.106344087300        5.7920448388040419E-002
   2.3584121476499992E-002  0.14818340554388329        32522.497362966707        8.2700743012288969E-002
   2.3644593582849992E-002  0.14856336299399581        32605.888381846107        5.4058085307096666E-002
   2.3705065689199990E-002  0.14894332044410830        32689.279400725503        8.3064704665083214E-002
   2.3765537795549990E-002  0.14932327789422084        32772.670419604910        4.9353960261569685E-002
   2.3826009901899991E-002  0.14970323534433336        32856.061438484307       0.10893717129987469     
   2.3886482008249992E-002  0.15008319279444587        32939.452457363710        3.9570163455196608E-002
   2.3946954114599992E-002  0.15046315024455842        33022.843476243121       0.13255275206635267     
   2.4007426220949989E-002  0.15084310769467091        33106.234495122510        5.3025841011716257E-002
   2.4067898327299990E-002  0.15122306514478343        33189.625514001913        5.3591443509477546E-002
   2.4128370433649991E-002  0.15160302259489597        33273.016532881316        5.3911615818556247E-002
   2.4188842539999991E-002  0.15198298004500849        33356.407551760720        4.9726220957337072E-002
   2.4249314646349992E-002  0.15236293749512100        33439.798570640123        4.8297049631011391E-002
   2.4309786752699989E-002  0.15274289494523352        33523.189589519519        5.5901251158266239E-002
   2.4370258859049990E-002  0.15312285239534604        33606.580608398923        4.8972837633892416E-002
   2.4430730965399990E-002  0.15350280984545855        33689.971627278326        5.1896235275017993E-002
   2.4491203071749991E-002  0.15388276729557110        33773.362646157730        5.0227179172262965E-002
   2.4551675178099992E-002  0.15426272474568362        33856.753665037133        4.8560780488591505E-002
   2.4612147284449992E-002  0.15464268219579613        33940.144683916536        4.7401666115730420E-002
   2.4672619390799989E-002  0.15502263964590865        34023.535702795933        4.9222512429683854E-002
   2.4733091497149990E-002  0.15540259709602117        34106.926721675336        3.9360032695844246E-002
   2.4793563603499991E-002  0.15578255454613371        34190.317740554739        5.0444761463450158E-002
   2.4854035709849991E-002  0.15616251199624623        34273.708759434143        4.1465949693808034E-002
   2.4914507816199992E-002  0.15654246944635875        34357.099778313546        4.9331184009691158E-002
   2.4974979922549989E-002  0.15692242689647126        34440.490797192942        4.1272268590373487E-002
   2.5035452028899990E-002  0.15730238434658378        34523.881816072346        4.8708467665140115E-002
   2.5095924135249990E-002  0.15768234179669630        34607.272834951749        5.2349242216913436E-002
   2.5156396241599991E-002  0.15806229924680884        34690.663853831153        4.4909397024220706E-002
   2.5216868347949992E-002  0.15844225669692136        34774.054872710556        5.4395535193454775E-002
   2.5277340454299989E-002  0.15882221414703385        34857.445891589945        4.9026946185749792E-002
   2.5337812560649989E-002  0.15920217159714639        34940.836910469356        5.0377511435493696E-002
   2.5398284666999990E-002  0.15958212904725891        35024.227929348759        4.3801655907931662E-002
   2.5458756773349991E-002  0.15996208649737143        35107.618948228155        6.4651564228607475E-002
   2.5519228879699991E-002  0.16034204394748397        35191.009967107566        4.6272822374014401E-002
   2.5579700986049989E-002  0.16072200139759646        35274.400985986962        5.7028004189739072E-002
   2.5640173092399989E-002  0.16110195884770898        35357.792004866358        5.2473066995320526E-002
   2.5700645198749990E-002  0.16148191629782152        35441.183023745769        4.9775724816806054E-002
   2.5761117305099990E-002  0.16186187374793404        35524.574042625165        5.2323042004528898E-002
   2.5821589411449991E-002  0.16224183119804655        35607.965061504568        4.7059446498735717E-002
   2.5882061517799992E-002  0.16262178864815910        35691.356080383972        4.8522402242886696E-002
   2.5942533624149989E-002  0.16300174609827159        35774.747099263368        4.6654626654967953E-002
   2.6003005730499990E-002  0.16338170354838411        35858.138118142771        4.4151694968826573E-002
   2.6063477836849990E-002  0.16376166099849665        35941.529137022175        4.7253350066583842E-002
   2.6123949943199991E-002  0.16414161844860917        36024.920155901578        3.6569100220290300E-002
   2.6184422049549991E-002  0.16452157589872168        36108.311174780982        5.1642601546924828E-002
   2.6244894155899989E-002  0.16490153334883420        36191.702193660378        3.1371673062103075E-002
   2.6305366262249989E-002  0.16528149079894672        36275.093212539781        4.9868870446675415E-002
   2.6365838368599990E-002  0.16566144824905923        36358.484231419185        4.4704770749448106E-002
   2.6426310474949991E-002  0.16604140569917178        36441.875250298588        4.6067156697195896E-002
   2.6486782581299991E-002  0.16642136314928430        36525.266269177991        5.5590237595283351E-002
   2.6547254687649988E-002  0.16680132059939681        36608.657288057388        3.9918150237181940E-002
   2.6607726793999989E-002  0.16718127804950933        36692.048306936791        7.8047309957478411E-002
   2.6668198900349990E-002  0.16756123549962185        36775.439325816194        4.6452041876618638E-002
   2.6728671006699990E-002  0.16794119294973439        36858.830344695598        5.7621990014008390E-002
   2.6789143113049991E-002  0.16832115039984691        36942.221363575001        5.2259698450863895E-002
   2.6849615219399988E-002  0.16870110784995940        37025.612382454397        4.8754983028070249E-002
   2.6910087325749989E-002  0.16908106530007194        37109.003401333801        5.0425297028714657E-002
   2.6970559432099989E-002  0.16946102275018446        37192.394420213204        4.8463889635507025E-002
   2.7031031538449990E-002  0.16984098020029698        37275.785439092600        4.8899123977726139E-002
   2.7091503644799991E-002  0.17022093765040952        37359.176457972011        4.8461469719665293E-002
   2.7151975751149991E-002  0.17060089510052204        37442.567476851415        4.9098387393904118E-002
   2.7212447857499988E-002  0.17098085255063453        37525.958495730803        4.7278892159570561E-002
   2.7272919963849989E-002  0.17136081000074707        37609.349514610214        4.9013898416874306E-002
   2.7333392070199990E-002  0.17174076745085959        37692.740533489618        4.6112166944269908E-002
   2.7393864176549990E-002  0.17212072490097211        37776.131552369014        4.6398628856545221E-002
   2.7454336282899991E-002  0.17250068235108465        37859.522571248424        4.6637009196420463E-002
   2.7514808389249988E-002  0.17288063980119714        37942.913590127813        4.3216417600319114E-002
   2.7575280495599989E-002  0.17326059725130966        38026.304609007217        4.6407401307839484E-002
   2.7635752601949989E-002  0.17364055470142220        38109.695627886627        4.1106115626845054E-002
   2.7696224708299990E-002  0.17402051215153472        38193.086646766023        4.7872705108165402E-002
   2.7756696814649991E-002  0.17440046960164723        38276.477665645427        3.9194779767116252E-002
   2.7817168920999988E-002  0.17478042705175975        38359.868684524830        4.5543015314782199E-002
   2.7877641027349988E-002  0.17516038450187227        38443.259703404226        4.4452456892449914E-002
   2.7938113133699989E-002  0.17554034195198479        38526.650722283630        4.6033943795925771E-002
   2.7998585240049990E-002  0.17592029940209733        38610.041741163033        4.1905640694962727E-002
   2.8059057346399990E-002  0.17630025685220985        38693.432760042437        4.6266140080195736E-002
   2.8119529452749988E-002  0.17668021430232236        38776.823778921840        4.3618900922190680E-002
   2.8180001559099988E-002  0.17706017175243488        38860.214797801236        4.4588529393483053E-002
   2.8240473665449989E-002  0.17744012920254740        38943.605816680640        4.6376085359762571E-002
   2.8300945771799989E-002  0.17782008665265994        39026.996835560043        4.5546050435818303E-002
   2.8361417878149990E-002  0.17820004410277246        39110.387854439447        4.5578580898613053E-002
   2.8421889984499991E-002  0.17858000155288498        39193.778873318850        4.6749094345304755E-002
   2.8482362090849988E-002  0.17895995900299749        39277.169892198246        4.4181464209750707E-002
   2.8542834197199989E-002  0.17933991645311001        39360.560911077650        4.7601510203275216E-002
   2.8603306303549989E-002  0.17971987390322253        39443.951929957053        4.3539450618731095E-002
   2.8663778409899990E-002  0.18009983135333507        39527.342948836456        4.5465571577845129E-002
   2.8724250516249990E-002  0.18047978880344759        39610.733967715860        4.3415623255299095E-002
   2.8784722622599988E-002  0.18085974625356008        39694.124986595256        4.3224246214432431E-002
   2.8845194728949988E-002  0.18123970370367262        39777.516005474659        4.4217448574402740E-002
   2.8905666835299989E-002  0.18161966115378514        39860.907024354063        3.6789728646092881E-002
   2.8966138941649990E-002  0.18199961860389766        39944.298043233459        4.4343369817164857E-002
   2.9026611047999990E-002  0.18237957605401020        40027.689062112870        3.7943962804772947E-002
   2.9087083154349987E-002  0.18275953350412269        40111.080080992266        4.3528946912705493E-002
   2.9147555260699988E-002  0.18313949095423521        40194.471099871662        3.8557190855801532E-002
   2.9208027367049989E-002  0.18351944840434775        40277.862118751073        4.3016076763714793E-002
   2.9268499473399989E-002  0.18389940585446027        40361.253137630469        4.4544824108517893E-002
   2.9328971579749990E-002  0.18427936330457279        40444.644156509872        4.2345632098312817E-002
   2.9389443686099987E-002  0.18465932075468530        40528.035175389276        4.6304684938394673E-002
   2.9449915792449988E-002  0.18503927820479782        40611.426194268672        4.4279732791962081E-002
   2.9510387898799988E-002  0.18541923565491034        40694.817213148075        4.3817465184383085E-002
   2.9570860005149989E-002  0.18579919310502288        40778.208232027486        4.4363949332643302E-002
   2.9631332111499990E-002  0.18617915055513540        40861.599250906882        4.2885779189935136E-002
   2.9691804217849990E-002  0.18655910800524791        40944.990269786285        4.3765085707627535E-002
   2.9752276324199987E-002  0.18693906545536043        41028.381288665681        4.3199496559339343E-002
   2.9812748430549988E-002  0.18731902290547295        41111.772307545085        4.3635792751346172E-002
   2.9873220536899989E-002  0.18769898035558549        41195.163326424496        4.3182295165272770E-002
   2.9933692643249989E-002  0.18807893780569801        41278.554345303892        4.4095732771524246E-002
   2.9994164749599990E-002  0.18845889525581053        41361.945364183295        4.2460911960841959E-002
   3.0054636855949987E-002  0.18883885270592304        41445.336383062699        4.4554459382635227E-002
   3.0115108962299988E-002  0.18921881015603556        41528.727401942095        4.2331278065058472E-002
   3.0175581068649988E-002  0.18959876760614808        41612.118420821498        4.2983414436848777E-002
   3.0236053174999989E-002  0.18997872505626062        41695.509439700902        4.2336405192792151E-002
   3.0296525281349990E-002  0.19035868250637314        41778.900458580305        4.2023334395844041E-002
   3.0356997387699987E-002  0.19073863995648563        41862.291477459701        4.2860467534478516E-002
   3.0417469494049987E-002  0.19111859740659817        41945.682496339105        3.9725502022139259E-002
   3.0477941600399988E-002  0.19149855485671069        42029.073515218508        4.2566126176725803E-002
   3.0538413706749989E-002  0.19187851230682321        42112.464534097911        4.0667785781015257E-002
   3.0598885813099989E-002  0.19225846975693575        42195.855552977315        4.1805081483757917E-002
   3.0659357919449987E-002  0.19263842720704824        42279.246571856711        4.0519707621455743E-002
   3.0719830025799987E-002  0.19301838465716076        42362.637590736114        4.2553595833811499E-002
   3.0780302132149988E-002  0.19339834210727330        42446.028609615518        3.9195301344196035E-002
   3.0840774238499988E-002  0.19377829955738582        42529.419628494921        4.1659682013960087E-002
   3.0901246344849989E-002  0.19415825700749834        42612.810647374317        4.0560115066882563E-002
   3.0961718451199990E-002  0.19453821445761088        42696.201666253728        4.0844245063708762E-002
   3.1022190557549987E-002  0.19491817190772337        42779.592685133124        4.1298585031828053E-002
   3.1082662663899988E-002  0.19529812935783589        42862.983704012520        4.1080520185820597E-002
   3.1143134770249988E-002  0.19567808680794843        42946.374722891931        4.1200653002547681E-002
   3.1203606876599989E-002  0.19605804425806095        43029.765741771327        4.1934031068888038E-002
   3.1264078982949986E-002  0.19643800170817347        43113.156760650731        4.0896763075933033E-002
   3.1324551089299990E-002  0.19681795915828601        43196.547779530141        4.2030690019648036E-002
   3.1385023195649987E-002  0.19719791660839850        43279.938798409530        4.0591555075312209E-002
   3.1445495301999984E-002  0.19757787405851102        43363.329817288934        4.2448073851976166E-002
   3.1505967408349989E-002  0.19795783150862356        43446.720836168337        4.0062330662866213E-002
   3.1566439514699986E-002  0.19833778895873605        43530.111855047733        4.1231844148194557E-002
   3.1626911621049990E-002  0.19871774640884859        43613.502873927144        4.0366506696784848E-002
   3.1687383727399987E-002  0.19909770385896111        43696.893892806540        3.9253922811015772E-002
   3.1747855833749991E-002  0.19947766130907366        43780.284911685951        4.0497986043389687E-002
   3.1808327940099988E-002  0.19985761875918617        43863.675930565354        3.7857412115577208E-002
   3.1868800046449985E-002  0.20023757620929866        43947.066949444743        4.1054129078024248E-002
   3.1929272152799990E-002  0.20061753365941121        44030.457968324154        3.7122206160743160E-002
   3.1989744259149987E-002  0.20099749110952372        44113.848987203550        3.9863613790791806E-002
   3.2050216365499991E-002  0.20137744855963627        44197.240006082960        3.9477642938977153E-002
   3.2110688471849988E-002  0.20175740600974876        44280.631024962357        3.9508596750098560E-002
   3.2171160578199985E-002  0.20213736345986127        44364.022043841753        3.9826060326484287E-002
   3.2231632684549989E-002  0.20251732090997382        44447.413062721163        3.9633253409089783E-002
   3.2292104790899986E-002  0.20289727836008631        44530.804081600560        3.9537113137421205E-002
   3.2352576897249991E-002  0.20327723581019885        44614.195100479963        3.9552585168809412E-002
   3.2413049003599988E-002  0.20365719326031137        44697.586119359366        3.9523214144267946E-002
   3.2473521109949985E-002  0.20403715071042389        44780.977138238763        3.9415700995433810E-002
   3.2533993216299989E-002  0.20441710816053643        44864.368157118173        3.9588537398755778E-002
   3.2594465322649986E-002  0.20479706561064892        44947.759175997569        3.9506785398684130E-002
   3.2654937428999990E-002  0.20517702306076147        45031.150194876973        3.9412853092651981E-002
   3.2715409535349987E-002  0.20555698051087398        45114.541213756376        4.0048093250537091E-002
   3.2775881641699985E-002  0.20593693796098647        45197.932232635772        3.9164659353396081E-002
   3.2836353748049989E-002  0.20631689541109902        45281.323251515176        3.9984659382508468E-002
   3.2896825854399986E-002  0.20669685286121153        45364.714270394579        3.9105986479160158E-002
   3.2957297960749990E-002  0.20707681031132408        45448.105289273983        3.9874036056280190E-002
   3.3017770067099987E-002  0.20745676776143657        45531.496308153379        3.8979525151744174E-002
   3.3078242173449984E-002  0.20783672521154908        45614.887327032782        3.9273131742598874E-002
   3.3138714279799988E-002  0.20821668266166163        45698.278345912186        3.9154384461596484E-002
   3.3199186386149986E-002  0.20859664011177415        45781.669364791589        3.8718182675023201E-002
   3.3259658492499990E-002  0.20897659756188669        45865.060383670992        3.8721805433338023E-002
   3.3320130598849987E-002  0.20935655501199918        45948.451402550389        3.8932238979473524E-002
   3.3380602705199984E-002  0.20973651246211170        46031.842421429792        3.8796333645835318E-002
   3.3441074811549988E-002  0.21011646991222424        46115.233440309195        3.8268967904687513E-002
   3.3501546917899985E-002  0.21049642736233673        46198.624459188592        3.8733142423061230E-002
   3.3562019024249989E-002  0.21087638481244927        46282.015478068002        3.8100865038745574E-002
   3.3622491130599987E-002  0.21125634226256179        46365.406496947398        3.8239892206469485E-002
   3.3682963236949984E-002  0.21163629971267428        46448.797515826795        3.8321111323026076E-002
   3.3743435343299988E-002  0.21201625716278685        46532.188534706205        3.7984131314209954E-002
   3.3803907449649985E-002  0.21239621461289934        46615.579553585601        3.8424885223672836E-002
   3.3864379555999989E-002  0.21277617206301189        46698.970572465012        3.8027982560244339E-002
   3.3924851662349986E-002  0.21315612951312440        46782.361591344408        3.8334931472133939E-002
   3.3985323768699983E-002  0.21353608696323689        46865.752610223804        3.8302027022809625E-002
   3.4045795875049988E-002  0.21391604441334944        46949.143629103215        3.8169651948757238E-002
   3.4106267981399985E-002  0.21429600186346195        47032.534647982611        3.8727998962486306E-002
   3.4166740087749989E-002  0.21467595931357450        47115.925666862022        3.7779015360160761E-002
   3.4227212194099986E-002  0.21505591676368699        47199.316685741418        3.9193865607999069E-002
   3.4287684300449990E-002  0.21543587421379956        47282.707704620829        3.7763405319588855E-002
   3.4348156406799987E-002  0.21581583166391205        47366.098723500225        3.8432704191855627E-002
   3.4408628513149984E-002  0.21619578911402457        47449.489742379621        3.7851190727771281E-002
   3.4469100619499989E-002  0.21657574656413711        47532.880761259032        3.7788131063181345E-002
   3.4529572725849986E-002  0.21695570401424960        47616.271780138428        3.8014104804318036E-002
   3.4590044832199990E-002  0.21733566146436215        47699.662799017831        3.6791159314647409E-002
   3.4650516938549987E-002  0.21771561891447466        47783.053817897235        3.7710800564360124E-002
   3.4710989044899984E-002  0.21809557636458715        47866.444836776631        3.7011496527603917E-002
   3.4771461151249988E-002  0.21847553381469970        47949.835855656034        3.7236717731154528E-002
   3.4831933257599985E-002  0.21885549126481221        48033.226874535438        3.7319516528942290E-002
   3.4892405363949990E-002  0.21923544871492476        48116.617893414841        3.7155245763787655E-002
   3.4952877470299987E-002  0.21961540616503727        48200.008912294245        3.7272010920998772E-002
   3.5013349576649984E-002  0.21999536361514976        48283.399931173641        3.7105017388560826E-002
   3.5073821682999988E-002  0.22037532106526231        48366.790950053044        3.7158070855029549E-002
   3.5134293789349985E-002  0.22075527851537483        48450.181968932447        3.6987856388638017E-002
   3.5194765895699989E-002  0.22113523596548737        48533.572987811851        3.7107198907780525E-002
   3.5255238002049986E-002  0.22151519341559986        48616.964006691247        3.6856169927752029E-002
   3.5315710108399984E-002  0.22189515086571238        48700.355025570650        3.7086798715505916E-002
   3.5376182214749988E-002  0.22227510831582492        48783.746044450054        3.6895699242474773E-002
   3.5436654321099985E-002  0.22265506576593741        48867.137063329450        3.6938796647816706E-002
   3.5497126427449989E-002  0.22303502321604995        48950.528082208861        3.7050375399360694E-002
   3.5557598533799986E-002  0.22341498066616247        49033.919101088257        3.6837780823082186E-002
   3.5618070640149983E-002  0.22379493811627496        49117.310119967653        3.7103790752022955E-002
   3.5678542746499987E-002  0.22417489556638753        49200.701138847064        3.6651423149681686E-002
   3.5739014852849985E-002  0.22455485301650002        49284.092157726460        3.7148659515801631E-002
   3.5799486959199989E-002  0.22493481046661257        49367.483176605871        3.6679470556385201E-002
   3.5859959065549986E-002  0.22531476791672508        49450.874195485267        3.6789621018057522E-002
   3.5920431171899983E-002  0.22569472536683757        49534.265214364663        3.6592371240980533E-002
   3.5980903278249987E-002  0.22607468281695012        49617.656233244074        3.6787234995489915E-002
   3.6041375384599984E-002  0.22645464026706263        49701.047252123470        3.6432170555492735E-002
   3.6101847490949988E-002  0.22683459771717518        49784.438271002880        3.6695131506213542E-002
   3.6162319597299986E-002  0.22721455516728767        49867.829289882276        3.6467943606389788E-002
   3.6222791703649983E-002  0.22759451261740019        49951.220308761673        3.6394300985843807E-002
   3.6283263809999987E-002  0.22797447006751273        50034.611327641083        3.6369147183266309E-002
   3.6343735916349984E-002  0.22835442751762525        50118.002346520479        3.6272639022879159E-002
   3.6404208022699988E-002  0.22873438496773779        50201.393365399890        3.6175997216933466E-002
   3.6464680129049985E-002  0.22911434241785028        50284.784384279286        3.6249279797311483E-002
   3.6525152235399982E-002  0.22949429986796280        50368.175403158682        3.5979447278977186E-002
   3.6585624341749987E-002  0.22987425731807534        50451.566422038093        3.6204194716715508E-002
   3.6646096448099984E-002  0.23025421476818783        50534.957440917489        3.5953610480804830E-002
   3.6706568554449988E-002  0.23063417221830038        50618.348459796893        3.6134822685075042E-002
   3.6767040660799985E-002  0.23101412966841289        50701.739478676296        3.5969589517368436E-002
   3.6827512767149989E-002  0.23139408711852544        50785.130497555700        3.6015964219837104E-002
   3.6887984873499986E-002  0.23177404456863795        50868.521516435103        3.6223320720171835E-002
   3.6948456979849983E-002  0.23215400201875044        50951.912535314499        3.5887230195622025E-002
   3.7008929086199988E-002  0.23253395946886299        51035.303554193903        3.6235760813721977E-002
   3.7069401192549985E-002  0.23291391691897551        51118.694573073306        3.5840683803154562E-002
   3.7129873298899989E-002  0.23329387436908805        51202.085591952709        3.6155636691824512E-002
   3.7190345405249986E-002  0.23367383181920054        51285.476610832106        3.5768135773279461E-002
   3.7250817511599983E-002  0.23405378926931306        51368.867629711509        3.5884027467300475E-002
   3.7311289617949987E-002  0.23443374671942560        51452.258648590912        3.5775207505928018E-002
   3.7371761724299984E-002  0.23481370416953809        51535.649667470308        3.5591785055933162E-002
   3.7432233830649989E-002  0.23519366161965063        51619.040686349719        3.5620666797883012E-002
   3.7492705936999986E-002  0.23557361906976315        51702.431705229115        3.5557157028721885E-002
   3.7553178043349983E-002  0.23595357651987567        51785.822724108519        3.5517424838109976E-002
   3.7613650149699987E-002  0.23633353396998821        51869.213742987922        3.5509182482890526E-002
   3.7674122256049984E-002  0.23671349142010070        51952.604761867318        3.5445525718948052E-002
   3.7734594362399988E-002  0.23709344887021325        52035.995780746729        3.5418954952440400E-002
   3.7795066468749985E-002  0.23747340632032576        52119.386799626125        3.5358524303262188E-002
   3.7855538575099983E-002  0.23785336377043825        52202.777818505521        3.5336208387666025E-002
   3.7916010681449987E-002  0.23823332122055080        52286.168837384932        3.5235105342384901E-002
   3.7976482787799984E-002  0.23861327867066331        52369.559856264328        3.5300661517463604E-002
   3.8036954894149988E-002  0.23899323612077586        52452.950875143739        3.5102887778375572E-002
   3.8097427000499985E-002  0.23937319357088835        52536.341894023128        3.5231838458931901E-002
   3.8157899106849982E-002  0.23975315102100087        52619.732912902531        3.5098348039646524E-002
   3.8218371213199986E-002  0.24013310847111341        52703.123931781942        3.5148596428527620E-002
   3.8278843319549984E-002  0.24051306592122593        52786.514950661338        3.5083970145609496E-002
   3.8339315425899988E-002  0.24089302337133847        52869.905969540749        3.5049125395954076E-002
   3.8399787532249985E-002  0.24127298082145096        52953.296988420145        3.5126780249545318E-002
   3.8460259638599982E-002  0.24165293827156348        53036.688007299541        3.4976198587451365E-002
   3.8520731744949986E-002  0.24203289572167602        53120.079026178952        3.5038624761756995E-002
   3.8581203851299983E-002  0.24241285317178851        53203.470045058348        3.4959488962743424E-002
   3.8641675957649987E-002  0.24279281062190106        53286.861063937751        3.4953222388895228E-002
   3.8702148063999985E-002  0.24317276807201357        53370.252082817155        3.4848869721440648E-002
   3.8762620170349982E-002  0.24355272552212606        53453.643101696543        3.4954673764731214E-002
   3.8823092276699986E-002  0.24393268297223863        53537.034120575961        3.4807731059704382E-002
   3.8883564383049983E-002  0.24431264042235112        53620.425139455358        3.4844448739432390E-002
   3.8944036489399987E-002  0.24469259787246367        53703.816158334761        3.4796515710521371E-002
   3.9004508595749984E-002  0.24507255532257619        53787.207177214164        3.4722803675647569E-002
   3.9064980702099981E-002  0.24545251277268867        53870.598196093561        3.4725569807132463E-002
   3.9125452808449986E-002  0.24583247022280122        53953.989214972964        3.4646166395560687E-002
   3.9185924914799983E-002  0.24621242767291374        54037.380233852367        3.4604709773288486E-002
   3.9246397021149987E-002  0.24659238512302628        54120.771252731771        3.4595330827674901E-002
   3.9306869127499984E-002  0.24697234257313877        54204.162271611167        3.4495759531807425E-002
   3.9367341233849988E-002  0.24735230002325134        54287.553290490578        3.4548556995007168E-002
   3.9427813340199985E-002  0.24773225747336383        54370.944309369974        3.4386456830681998E-002
   3.9488285446549982E-002  0.24811221492347635        54454.335328249377        3.4516452537172441E-002
   3.9548757552899987E-002  0.24849217237358889        54537.726347128781        3.4353214847425012E-002
   3.9609229659249984E-002  0.24887212982370138        54621.117366008177        3.4426212757757729E-002
   3.9669701765599988E-002  0.24925208727381393        54704.508384887587        3.4407050069748014E-002
   3.9730173871949985E-002  0.24963204472392644        54787.899403766984        3.4350757830223982E-002
   3.9790645978299982E-002  0.25001200217403896        54871.290422646387        3.4423819359319686E-002
   3.9851118084649986E-002  0.25039195962415151        54954.681441525790        3.4264469190084926E-002
   3.9911590190999983E-002  0.25077191707426399        55038.072460405187        3.4414537555105248E-002
   3.9972062297349988E-002  0.25115187452437654        55121.463479284597        3.4254238339749041E-002
   4.0032534403699985E-002  0.25153183197448903        55204.854498163986        3.4269327017414253E-002
   4.0093006510049982E-002  0.25191178942460157        55288.245517043397        3.4225702389592591E-002
   4.0153478616399986E-002  0.25229174687471412        55371.636535922800        3.4174120600335950E-002
   4.0213950722749983E-002  0.25267170432482661        55455.027554802196        3.4162883919512291E-002
   4.0274422829099987E-002  0.25305166177493915        55538.418573681607        3.4118274182765987E-002
   4.0334894935449984E-002  0.25343161922505164        55621.809592560996        3.4106391774388317E-002
   4.0395367041799982E-002  0.25381157667516413        55705.200611440392        3.4060517400179416E-002
   4.0455839148149986E-002  0.25419153412527667        55788.591630319803        3.4051272298687228E-002
   4.0516311254499983E-002  0.25457149157538922        55871.982649199206        3.3997412386399292E-002
   4.0576783360849987E-002  0.25495144902550176        55955.373668078617        3.3985901254604378E-002
   4.0637255467199984E-002  0.25533140647561425        56038.764686958013        3.3946223919840098E-002
   4.0697727573549981E-002  0.25571136392572674        56122.155705837402        3.3892220366701052E-002
   4.0758199679899985E-002  0.25609132137583929        56205.546724716813        3.3904464930126520E-002
   4.0818671786249983E-002  0.25647127882595183        56288.937743596216        3.3822250855159247E-002
   4.0879143892599987E-002  0.25685123627606438        56372.328762475627        3.3850090237509525E-002
   4.0939615998949984E-002  0.25723119372617687        56455.719781355023        3.3768164627564136E-002
   4.1000088105299981E-002  0.25761115117628935        56539.110800234412        3.3801574901942633E-002
   4.1060560211649985E-002  0.25799110862640190        56622.501819113822        3.3736451690576763E-002
   4.1121032317999982E-002  0.25837106607651439        56705.892837993219        3.3733761746376732E-002
   4.1181504424349986E-002  0.25875102352662693        56789.283856872622        3.3715317927237261E-002
   4.1241976530699984E-002  0.25913098097673948        56872.674875752033        3.3699898658964292E-002
   4.1302448637049981E-002  0.25951093842685197        56956.065894631429        3.3651060671208800E-002
   4.1362920743399985E-002  0.25989089587696451        57039.456913510832        3.3649820204525817E-002
   4.1423392849749982E-002  0.26027085332707700        57122.847932390228        3.3623446024696059E-002
   4.1483864956099986E-002  0.26065081077718955        57206.238951269632        3.3590972217920900E-002
   4.1544337062449983E-002  0.26103076822730209        57289.629970149042        3.3592514110783810E-002
   4.1604809168799980E-002  0.26141072567741458        57373.020989028439        3.3562158417431175E-002
   4.1665281275149985E-002  0.26179068312752712        57456.412007907842        3.3535362019065984E-002
   4.1725753381499982E-002  0.26217064057763961        57539.803026787238        3.3531648802010844E-002
   4.1786225487849986E-002  0.26255059802775216        57623.194045666642        3.3476168019985639E-002
   4.1846697594199983E-002  0.26293055547786465        57706.585064546038        3.3486940821460053E-002
   4.1907169700549987E-002  0.26331051292797725        57789.976083425456        3.3429431242804390E-002
   4.1967641806899984E-002  0.26369047037808974        57873.367102304852        3.3421097678949879E-002
   4.2028113913249981E-002  0.26407042782820223        57956.758121184248        3.3388662613836023E-002
   4.2088586019599986E-002  0.26445038527831477        58040.149140063651        3.3346947983754677E-002
   4.2149058125949983E-002  0.26483034272842726        58123.540158943048        3.3359897931660699E-002
   4.2209530232299987E-002  0.26521030017853980        58206.931177822458        3.3267371296430960E-002
   4.2270002338649984E-002  0.26559025762865235        58290.322196701862        3.3315642764179552E-002
   4.2330474444999981E-002  0.26597021507876484        58373.713215581258        3.3241914284148043E-002
   4.2390946551349985E-002  0.26635017252887738        58457.104234460669        3.3262549773211032E-002
   4.2451418657699982E-002  0.26673012997898987        58540.495253340057        3.3224408632700375E-002
   4.2511890764049987E-002  0.26711008742910242        58623.886272219468        3.3211468054411268E-002
   4.2572362870399984E-002  0.26749004487921496        58707.277291098872        3.3220555641003742E-002
   4.2632834976749981E-002  0.26787000232932745        58790.668309978268        3.3172893517282531E-002
   4.2693307083099985E-002  0.26824995977943999        58874.059328857678        3.3183773358897620E-002
   4.2753779189449982E-002  0.26862991722955248        58957.450347737067        3.3151146806472347E-002
   4.2814251295799986E-002  0.26900987467966503        59040.841366616478        3.3130666148046828E-002
   4.2874723402149983E-002  0.26938983212977752        59124.232385495874        3.3114290462139151E-002
   4.2935195508499981E-002  0.26976978957989006        59207.623404375277        3.3088886351159107E-002
   4.2995667614849985E-002  0.27014974703000261        59291.014423254688        3.3076957342025780E-002
   4.3056139721199982E-002  0.27052970448011510        59374.405442134084        3.3051392082832150E-002
   4.3116611827549986E-002  0.27090966193022764        59457.796461013488        3.3042721233988055E-002
   4.3177083933899983E-002  0.27128961938034013        59541.187479892884        3.3012122028229327E-002
   4.3237556040249980E-002  0.27166957683045262        59624.578498772280        3.3009875932508377E-002
   4.3298028146599984E-002  0.27204953428056522        59707.969517651698        3.2970970236656676E-002
   4.3358500252949982E-002  0.27242949173067771        59791.360536531094        3.2969618788356157E-002
   4.3418972359299986E-002  0.27280944918079025        59874.751555410498        3.2938353799574153E-002
   4.3479444465649983E-002  0.27318940663090274        59958.142574289894        3.2918806726208671E-002
   4.3539916571999980E-002  0.27356936408101523        60041.533593169290        3.2904030662132960E-002
   4.3600388678349984E-002  0.27394932153112778        60124.924612048693        3.2874230513240087E-002
   4.3660860784699981E-002  0.27432927898124032        60208.315630928104        3.2874665779295889E-002
   4.3721332891049985E-002  0.27470923643135287        60291.706649807507        3.2831390881181116E-002
   4.3781804997399983E-002  0.27508919388146535        60375.097668686903        3.2835859205734758E-002
   4.3842277103749980E-002  0.27546915133157784        60458.488687566300        3.2808412648020459E-002
   4.3902749210099984E-002  0.27584910878169039        60541.879706445703        3.2799814461799248E-002
   4.3963221316449981E-002  0.27622906623180293        60625.270725325114        3.2773520262419427E-002
   4.4023693422799985E-002  0.27660902368191548        60708.661744204517        3.2772464540538795E-002
   4.4084165529149982E-002  0.27698898113202797        60792.052763083913        3.2738289256795998E-002
   4.4144637635499986E-002  0.27736893858214051        60875.443781963324        3.2734412606651483E-002
   4.4205109741849984E-002  0.27774889603225300        60958.834800842713        3.2717371368682233E-002
   4.4265581848199981E-002  0.27812885348236549        61042.225819722109        3.2700808197793807E-002
   4.4326053954549985E-002  0.27850881093247803        61125.616838601520        3.2691507995442522E-002
   4.4386526060899982E-002  0.27888876838259058        61209.007857480923        3.2676540995693677E-002
   4.4446998167249986E-002  0.27926872583270312        61292.398876360334        3.2659266344685377E-002
   4.4507470273599983E-002  0.27964868328281561        61375.789895239723        3.2655435539372002E-002
   4.4567942379949980E-002  0.28002864073292810        61459.180914119119        3.2627221166822346E-002
   4.4628414486299985E-002  0.28040859818304065        61542.571932998530        3.2628168467441480E-002
   4.4688886592649982E-002  0.28078855563315319        61625.962951877933        3.2597353140330243E-002
   4.4749358698999986E-002  0.28116851308326574        61709.353970757344        3.2596809481749971E-002
   4.4809830805349983E-002  0.28154847053337823        61792.744989636732        3.2570332646244718E-002
   4.4870302911699980E-002  0.28192842798349071        61876.136008516129        3.2554695094820472E-002
   4.4930775018049984E-002  0.28230838543360326        61959.527027395539        3.2547143623741150E-002
   4.4991247124399981E-002  0.28268834288371575        62042.918046274935        3.2516976249701082E-002
   4.5051719230749986E-002  0.28306830033382829        62126.309065154339        3.2518766627790248E-002
   4.5112191337099983E-002  0.28344825778394084        62209.700084033750        3.2487967466908761E-002
   4.5172663443449980E-002  0.28382821523405333        62293.091102913138        3.2492609478633777E-002
   4.5233135549799984E-002  0.28420817268416587        62376.482121792549        3.2466806088829937E-002
   4.5293607656149981E-002  0.28458813013427836        62459.873140671945        3.2461809965891757E-002
   4.5354079762499985E-002  0.28496808758439091        62543.264159551349        3.2452328543603928E-002
   4.5414551868849982E-002  0.28534804503450345        62626.655178430759        3.2438668744782656E-002
   4.5475023975199980E-002  0.28572800248461594        62710.046197310148        3.2429470429240465E-002
   4.5535496081549984E-002  0.28610795993472848        62793.437216189559        3.2415714396375056E-002
   4.5595968187899981E-002  0.28648791738484097        62876.828235068955        3.2405124265141985E-002
   4.5656440294249985E-002  0.28686787483495352        62960.219253948359        3.2392592704935587E-002
   4.5716912400599982E-002  0.28724783228506601        63043.610272827755        3.2382804331983622E-002
   4.5777384506949979E-002  0.28762778973517855        63127.001291707165        3.2371229761278930E-002
   4.5837856613299983E-002  0.28800774718529110        63210.392310586569        3.2360987823821359E-002
   4.5898328719649981E-002  0.28838770463540359        63293.783329465965        3.2352584309278537E-002
   4.5958800825999985E-002  0.28876766208551613        63377.174348345368        3.2337246842474951E-002
   4.6019272932349982E-002  0.28914761953562862        63460.565367224764        3.2336111126793979E-002
   4.6079745038699979E-002  0.28952757698574116        63543.956386104175        3.2315981580203268E-002
   4.6140217145049983E-002  0.28990753443585371        63627.347404983579        3.2313394524254364E-002
   4.6200689251399980E-002  0.29028749188596620        63710.738423862975        3.2296124885548609E-002
   4.6261161357749984E-002  0.29066744933607874        63794.129442742378        3.2290444536081944E-002
   4.6321633464099982E-002  0.29104740678619123        63877.520461621774        3.2277391608933489E-002
   4.6382105570449979E-002  0.29142736423630372        63960.911480501170        3.2265720553079580E-002
   4.6442577676799983E-002  0.29180732168641632        64044.302499380588        3.2259376564034360E-002
   4.6503049783149980E-002  0.29218727913652881        64127.693518259985        3.2246205521960072E-002
   4.6563521889499984E-002  0.29256723658664135        64211.084537139388        3.2237594883672990E-002
   4.6623993995849981E-002  0.29294719403675384        64294.475556018784        3.2229249022449578E-002
   4.6684466102199985E-002  0.29332715148686639        64377.866574898195        3.2221417977690993E-002
   4.6744938208549983E-002  0.29370710893697888        64461.257593777591        3.2208186847020530E-002
   4.6805410314899980E-002  0.29408706638709142        64544.648612656994        3.2203976188478999E-002
   4.6865882421249984E-002  0.29446702383720397        64628.039631536405        3.2191878744849536E-002
   4.6926354527599981E-002  0.29484698128731646        64711.430650415794        3.2184114624832463E-002
   4.6986826633949985E-002  0.29522693873742900        64794.821669295205        3.2178434649509993E-002
   4.7047298740299982E-002  0.29560689618754149        64878.212688174601        3.2167239858649700E-002
   4.7107770846649979E-002  0.29598685363765403        64961.603707054004        3.2163888458774235E-002
   4.7168242952999984E-002  0.29636681108776658        65044.994725933415        3.2154632066350809E-002
   4.7228715059349981E-002  0.29674676853787907        65128.385744812804        3.2148416585541170E-002
   4.7289187165699985E-002  0.29712672598799161        65211.776763692214        3.2143417484501682E-002
   4.7349659272049982E-002  0.29750668343810410        65295.167782571611        3.2132757553060470E-002
   4.7410131378399979E-002  0.29788664088821659        65378.558801451007        3.2132827986159303E-002
   4.7470603484749983E-002  0.29826659833832914        65461.949820330410        3.2117506280647946E-002
   4.7531075591099980E-002  0.29864655578844168        65545.340839209821        3.2119821865427514E-002
   4.7591547697449985E-002  0.29902651323855423        65628.731858089217        3.2105916535929813E-002
   4.7652019803799982E-002  0.29940647068866671        65712.122876968613        3.2101841700721577E-002
   4.7712491910149979E-002  0.29978642813877920        65795.513895848009        3.2094541107002758E-002
   4.7772964016499983E-002  0.30016638558889175        65878.904914727420        3.2085911426060494E-002
   4.7833436122849980E-002  0.30054634303900429        65962.295933606831        3.2083821732843541E-002
   4.7893908229199984E-002  0.30092630048911684        66045.686952486241        3.2071015365211335E-002
   4.7954380335549981E-002  0.30130625793922933        66129.077971365623        3.2070815776769852E-002
   4.8014852441899979E-002  0.30168621538934182        66212.468990245019        3.2062565187877264E-002
   4.8075324548249983E-002  0.30206617283945436        66295.860009124430        3.2058303445533495E-002
   4.8135796654599980E-002  0.30244613028956685        66379.251028003826        3.2054041604454811E-002
   4.8196268760949984E-002  0.30282608773967939        66462.642046883237        3.2047985920557333E-002
   4.8256740867299981E-002  0.30320604518979194        66546.033065762633        3.2044609331848661E-002
   4.8317212973649978E-002  0.30358600263990443        66629.424084642029        3.2038734362909195E-002
   4.8377685079999982E-002  0.30396596009001697        66712.815103521440        3.2035903742032905E-002
   4.8438157186349980E-002  0.30434591754012946        66796.206122400836        3.2029817870261511E-002
   4.8498629292699984E-002  0.30472587499024201        66879.597141280246        3.2027788274389214E-002
   4.8559101399049981E-002  0.30510583244035455        66962.988160159657        3.2022210415457796E-002
   4.8619573505399978E-002  0.30548578989046704        67046.379179039039        3.2020019646664372E-002
   4.8680045611749982E-002  0.30586574734057959        67129.770197918449        3.2016940082612876E-002
   4.8740517718099979E-002  0.30624570479069207        67213.161216797846        3.2012402487147013E-002
   4.8800989824449983E-002  0.30662566224080462        67296.552235677256        3.2011464651908184E-002
   4.8861461930799981E-002  0.30700561969091711        67379.943254556652        3.2005954897979541E-002
   4.8921934037149978E-002  0.30738557714102965        67463.334273436049        3.2005872958826613E-002
   4.8982406143499982E-002  0.30776553459114220        67546.725292315459        3.1999800082808984E-002
   4.9042878249849979E-002  0.30814549204125469        67630.116311194855        3.1999686963136306E-002
   4.9103350356199983E-002  0.30852544949136723        67713.507330074266        3.1995370782101989E-002
   4.9163822462549980E-002  0.30890540694147972        67796.898348953662        3.1993401435753160E-002
   4.9224294568899984E-002  0.30928536439159227        67880.289367833073        3.1990331299280153E-002
   4.9284766675249982E-002  0.30966532184170481        67963.680386712469        3.1989767919841205E-002
   4.9345238781599979E-002  0.31004527929181730        68047.071405591865        3.1986145262690557E-002
   4.9405710887949983E-002  0.31042523674192984        68130.462424471276        3.1985453382899390E-002
   4.9466182994299980E-002  0.31080519419204233        68213.853443350672        3.1983605121043833E-002
   4.9526655100649984E-002  0.31118515164215488        68297.244462230083        3.1980869894640634E-002
   4.9587127206999981E-002  0.31156510909226742        68380.635481109479        3.1980056827152832E-002
   4.9647599313349979E-002  0.31194506654237991        68464.026499988875        3.1978589935709484E-002
   4.9708071419699983E-002  0.31232502399249246        68547.417518868286        3.1976960975809841E-002
   4.9768543526049980E-002  0.31270498144260495        68630.808537747682        3.1977675048789241E-002
   4.9829015632399984E-002  0.31308493889271749        68714.199556627093        3.1974954561629035E-002
   4.9889487738749981E-002  0.31346489634282998        68797.590575506474        3.1976627530491519E-002
   4.9949959845099978E-002  0.31384485379294252        68880.981594385885        3.1974600499287402E-002
   5.0010431951449982E-002  0.31422481124305507        68964.372613265296        3.1975855827506665E-002
   5.0070904057799979E-002  0.31460476869316756        69047.763632144692        3.1976006763995479E-002
   5.0131376164149984E-002  0.31498472614328010        69131.154651024102        3.1975146009754547E-002
   5.0191848270499981E-002  0.31536468359339259        69214.545669903498        3.1977993120752918E-002
   5.0252320376849978E-002  0.31574464104350514        69297.936688782895        3.1975875397412763E-002
   5.0312792483199982E-002  0.31612459849361768        69381.327707662305        3.1979128607613955E-002
   5.0373264589549979E-002  0.31650455594373017        69464.718726541701        3.1977757751677674E-002
   5.0433736695899983E-002  0.31688451339384271        69548.109745421112        3.1980114638098134E-002
   5.0494208802249980E-002  0.31726447084395520        69631.500764300508        3.1980008071761594E-002
   5.0554680908599978E-002  0.31764442829406769        69714.891783179890        3.1981051178584963E-002
   5.0615153014949982E-002  0.31802438574418024        69798.282802059301        3.1982624419253092E-002
   5.0675625121299979E-002  0.31840434319429278        69881.673820938711        3.1983206751149351E-002
   5.0736097227649983E-002  0.31878430064440533        69965.064839818122        3.1985072671090672E-002
   5.0796569333999980E-002  0.31916425809451782        70048.455858697518        3.1986920098616249E-002
   5.0857041440349977E-002  0.31954421554463031        70131.846877576914        3.1988864446489865E-002
   5.0917513546699981E-002  0.31992417299474285        70215.237896456310        3.1991114808129752E-002
   5.0977985653049979E-002  0.32030413044485539        70298.628915335721        3.1993141537678703E-002
   5.1038457759399983E-002  0.32068408789496794        70382.019934215132        3.1995623382722903E-002
   5.1098929865749980E-002  0.32106404534508043        70465.410953094528        3.1997861153128047E-002
   5.1159401972099977E-002  0.32144400279519292        70548.801971973924        3.2000994068923982E-002
   5.1219874078449981E-002  0.32182396024530546        70632.192990853320        3.2003285641654236E-002
   5.1280346184799978E-002  0.32220391769541795        70715.584009732716        3.2007425084628151E-002
   5.1340818291149982E-002  0.32258387514553050        70798.975028612127        3.2009421245550611E-002
   5.1401290397499980E-002  0.32296383259564304        70882.366047491538        3.2013778668989676E-002
   5.1461762503849977E-002  0.32334379004575553        70965.757066370934        3.2016886299399028E-002
   5.1522234610199981E-002  0.32372374749586807        71049.148085250330        3.2021051292877696E-002
   5.1582706716549978E-002  0.32410370494598056        71132.539104129726        3.2025068714510940E-002
   5.1643178822899982E-002  0.32448366239609311        71215.930123009137        3.2028779307496917E-002
   5.1703650929249979E-002  0.32486361984620565        71299.321141888548        3.2033958545039445E-002
   5.1764123035599983E-002  0.32524357729631820        71382.712160767944        3.2037266725470970E-002
   5.1824595141949981E-002  0.32562353474643069        71466.103179647340        3.2042323125479333E-002
   5.1885067248299978E-002  0.32600349219654318        71549.494198526736        3.2046714881835803E-002
   5.1945539354649982E-002  0.32638344964665572        71632.885217406147        3.2051846977779325E-002
   5.2006011460999979E-002  0.32676340709676821        71716.276236285543        3.2056199253829659E-002
   5.2066483567349983E-002  0.32714336454688081        71799.667255164954        3.2062209196172607E-002
   5.2126955673699980E-002  0.32752332199699330        71883.058274044350        3.2066981515410466E-002
   5.2187427780049978E-002  0.32790327944710579        71966.449292923746        3.2072600860439920E-002
   5.2247899886399982E-002  0.32828323689721833        72049.840311803157        3.2078236341473242E-002
   5.2308371992749979E-002  0.32866319434733082        72133.231330682553        3.2083535114541595E-002
   5.2368844099099983E-002  0.32904315179744337        72216.622349561963        3.2089831516592005E-002
   5.2429316205449980E-002  0.32942310924755591        72300.013368441359        3.2095864225491613E-002
   5.2489788311799977E-002  0.32980306669766840        72383.404387320756        3.2101475866163465E-002
   5.2550260418149981E-002  0.33018302414778095        72466.795406200166        3.2108294824258858E-002
   5.2610732524499979E-002  0.33056298159789343        72550.186425079562        3.2114069722101082E-002
   5.2671204630849983E-002  0.33094293904800598        72633.577443958973        3.2121776008573834E-002
   5.2731676737199980E-002  0.33132289649811847        72716.968462838369        3.2127768134464170E-002
   5.2792148843549977E-002  0.33170285394823101        72800.359481717765        3.2135695769796149E-002
   5.2852620949899981E-002  0.33208281139834356        72883.750500597176        3.2142446417092387E-002
   5.2913093056249978E-002  0.33246276884845605        72967.141519476572        3.2149871859987113E-002
   5.2973565162599982E-002  0.33284272629856859        73050.532538355983        3.2157894005763341E-002
   5.3034037268949979E-002  0.33322268374868108        73133.923557235379        3.2165145524674511E-002
   5.3094509375299977E-002  0.33360264119879363        73217.314576114775        3.2173734578666763E-002
   5.3154981481649981E-002  0.33398259864890617        73300.705594994186        3.2180949056717423E-002
   5.3215453587999978E-002  0.33436255609901866        73384.096613873582        3.2189948946887738E-002
   5.3275925694349982E-002  0.33474251354913120        73467.487632752993        3.2197662365658922E-002
   5.3336397800699979E-002  0.33512247099924369        73550.878651632389        3.2206126707855817E-002
   5.3396869907049976E-002  0.33550242844935618        73634.269670511785        3.2214828220075709E-002
   5.3457342013399980E-002  0.33588238589946878        73717.660689391196        3.2223432169733363E-002
   5.3517814119749978E-002  0.33626234334958127        73801.051708270592        3.2232786243671395E-002
   5.3578286226099982E-002  0.33664230079969382        73884.442727150003        3.2241721180718330E-002
   5.3638758332449979E-002  0.33702225824980631        73967.833746029399        3.2250988466188756E-002
   5.3699230438799976E-002  0.33740221569991879        74051.224764908795        3.2260259467964410E-002
   5.3759702545149980E-002  0.33778217315003134        74134.615783788191        3.2269984872629838E-002
   5.3820174651499977E-002  0.33816213060014388        74218.006802667602        3.2279604527226897E-002
   5.3880646757849981E-002  0.33854208805025643        74301.397821547012        3.2289603704080377E-002
   5.3941118864199979E-002  0.33892204550036892        74384.788840426409        3.2299745561828679E-002
   5.4001590970549976E-002  0.33930200295048141        74468.179859305805        3.2309513500322629E-002
   5.4062063076899980E-002  0.33968196040059395        74551.570878185201        3.2320381582197980E-002
   5.4122535183249977E-002  0.34006191785070650        74634.961897064612        3.2330536403070681E-002
   5.4183007289599981E-002  0.34044187530081904        74718.352915944022        3.2341781494581633E-002
   5.4243479395949978E-002  0.34082183275093153        74801.743934823418        3.2352295853046165E-002
   5.4303951502299982E-002  0.34120179020104408        74885.134953702829        3.2363591074760910E-002
   5.4364423608649980E-002  0.34158174765115656        74968.525972582211        3.2374849081711773E-002
   5.4424895714999977E-002  0.34196170510126905        75051.916991461607        3.2386303805563017E-002
   5.4485367821349981E-002  0.34234166255138160        75135.308010341018        3.2397854486971765E-002
   5.4545839927699978E-002  0.34272162000149414        75218.699029220428        3.2409678373132814E-002
   5.4606312034049982E-002  0.34310157745160669        75302.090048099839        3.2421463929071262E-002
   5.4666784140399979E-002  0.34348153490171918        75385.481066979235        3.2433583794972048E-002
   5.4727256246749977E-002  0.34386149235183167        75468.872085858617        3.2446183560179573E-002
   5.4787728353099981E-002  0.34424144980194421        75552.263104738027        3.2458139342818132E-002
   5.4848200459449978E-002  0.34462140725205676        75635.654123617438        3.2471087688514325E-002
   5.4908672565799982E-002  0.34500136470216930        75719.045142496849        3.2483680493042719E-002
   5.4969144672149979E-002  0.34538132215228179        75802.436161376245        3.2496599339800612E-002
   5.5029616778499976E-002  0.34576127960239428        75885.827180255626        3.2509630745706383E-002
   5.5090088884849980E-002  0.34614123705250682        75969.218199135037        3.2522639223868818E-002
   5.5150560991199978E-002  0.34652119450261931        76052.609218014433        3.2536339456283002E-002
   5.5211033097549982E-002  0.34690115195273186        76136.000236893844        3.2549733663571015E-002
   5.5271505203899979E-002  0.34728110940284440        76219.391255773255        3.2563462651450305E-002
   5.5331977310249976E-002  0.34766106685295689        76302.782274652651        3.2577382844340107E-002
   5.5392449416599980E-002  0.34804102430306944        76386.173293532047        3.2591313929675292E-002
   5.5452921522949977E-002  0.34842098175318192        76469.564312411443        3.2605821860516845E-002
   5.5513393629299981E-002  0.34880093920329447        76552.955331290854        3.2619894812068770E-002
   5.5573865735649979E-002  0.34918089665340701        76636.346350170264        3.2634704436592339E-002
   5.5634337841999976E-002  0.34956085410351950        76719.737369049661        3.2649322908863472E-002
   5.5694809948349980E-002  0.34994081155363205        76803.128387929057        3.2664364243487926E-002
   5.5755282054699977E-002  0.35032076900374454        76886.519406808453        3.2679423182705204E-002
   5.5815754161049981E-002  0.35070072645385708        76969.910425687864        3.2694702168474185E-002
   5.5876226267399978E-002  0.35108068390396957        77053.301444567260        3.2710397673042790E-002
   5.5936698373749975E-002  0.35146064135408212        77136.692463446670        3.2725981483885017E-002
   5.5997170480099979E-002  0.35184059880419466        77220.083482326067        3.2741779223216749E-002
   5.6057642586449977E-002  0.35222055625430715        77303.474501205463        3.2757696961651490E-002
   5.6118114692799981E-002  0.35260051370441969        77386.865520084873        3.2773710175245246E-002
   5.6178586799149978E-002  0.35298047115453218        77470.256538964270        3.2790089541923577E-002
   5.6239058905499975E-002  0.35336042860464473        77553.647557843680        3.2806561408226388E-002
   5.6299531011849979E-002  0.35374038605475727        77637.038576723076        3.2823258120051532E-002
   5.6360003118199976E-002  0.35412034350486976        77720.429595602473        3.2840061329169404E-002
   5.6420475224549980E-002  0.35450030095498231        77803.820614481883        3.2857116730045030E-002
   5.6480947330899978E-002  0.35488025840509480        77887.211633361279        3.2874365540578022E-002
   5.6541419437249975E-002  0.35526021585520728        77970.602652240676        3.2891611780138649E-002
   5.6601891543599979E-002  0.35564017330531988        78053.993671120086        3.2909047066582708E-002
   5.6662363649949976E-002  0.35602013075543237        78137.384689999482        3.2926801201061270E-002
   5.6722835756299980E-002  0.35640008820554492        78220.775708878893        3.2944627336636105E-002
   5.6783307862649977E-002  0.35678004565565741        78304.166727758289        3.2962682643507983E-002
   5.6843779968999981E-002  0.35716000310576995        78387.557746637700        3.2980906583071873E-002
   5.6904252075349979E-002  0.35753996055588244        78470.948765517096        3.2999143687702327E-002
   5.6964724181699976E-002  0.35791991800599499        78554.339784396492        3.3017908404057314E-002
   5.7025196288049980E-002  0.35829987545610753        78637.730803275903        3.3036534224654836E-002
   5.7085668394399977E-002  0.35867983290622002        78721.121822155299        3.3055663108513295E-002
   5.7146140500749981E-002  0.35905979035633256        78804.512841034710        3.3074729276588381E-002
   5.7206612607099978E-002  0.35943974780644505        78887.903859914106        3.3094111103303056E-002
   5.7267084713449976E-002  0.35981970525655760        78971.294878793502        3.3113403950821220E-002
   5.7327556819799980E-002  0.36019966270667014        79054.685897672913        3.3133112936870365E-002
   5.7388028926149977E-002  0.36057962015678263        79138.076916552309        3.3152900634779756E-002
   5.7448501032499981E-002  0.36095957760689518        79221.467935431720        3.3172941155332827E-002
   5.7508973138849978E-002  0.36133953505700767        79304.858954311116        3.3193210370279232E-002
   5.7569445245199975E-002  0.36171949250712016        79388.249973190512        3.3213547670150667E-002
   5.7629917351549979E-002  0.36209944995723270        79471.640992069908        3.3234274161166442E-002
   5.7690389457899977E-002  0.36247940740734524        79555.032010949319        3.3254866921017610E-002
   5.7750861564249981E-002  0.36285936485745779        79638.423029828729        3.3275704902244435E-002
   5.7811333670599978E-002  0.36323932230757028        79721.814048708125        3.3297047220955757E-002
   5.7871805776949975E-002  0.36361927975768277        79805.205067587522        3.3318173497922016E-002
   5.7932277883299979E-002  0.36399923720779531        79888.596086466918        3.3339802748685358E-002
   5.7992749989649976E-002  0.36437919465790786        79971.987105346328        3.3361431933522555E-002
   5.8053222095999980E-002  0.36475915210802040        80055.378124225739        3.3383259802642180E-002
   5.8113694202349978E-002  0.36513910955813289        80138.769143105135        3.3405280178900480E-002
   5.8174166308699975E-002  0.36551906700824538        80222.160161984531        3.3427457370340266E-002
   5.8234638415049979E-002  0.36589902445835792        80305.551180863928        3.3450085509403385E-002
   5.8295110521399976E-002  0.36627898190847041        80388.942199743324        3.3472506521214383E-002
   5.8355582627749980E-002  0.36665893935858296        80472.333218622734        3.3495382750295878E-002
   5.8416054734099977E-002  0.36703889680869550        80555.724237502145        3.3518117284599497E-002
   5.8476526840449974E-002  0.36741885425880799        80639.115256381541        3.3541431860623735E-002
   5.8536998946799979E-002  0.36779881170892054        80722.506275260937        3.3564739557803223E-002
   5.8597471053149976E-002  0.36817876915903303        80805.897294140334        3.3588420998600654E-002
   5.8657943159499980E-002  0.36855872660914557        80889.288313019744        3.3612160809562121E-002
   5.8718415265849977E-002  0.36893868405925812        80972.679331899155        3.3636070831175778E-002
   5.8778887372199974E-002  0.36931864150937060        81056.070350778551        3.3660220676548086E-002
   5.8839359478549978E-002  0.36969859895948315        81139.461369657947        3.3684394978856648E-002
   5.8899831584899975E-002  0.37007855640959564        81222.852388537343        3.3708829199456045E-002
   5.8960303691249979E-002  0.37045851385970818        81306.243407416754        3.3733549929413437E-002
   5.9020775797599977E-002  0.37083847130982067        81389.634426296150        3.3758463530707009E-002
   5.9081247903949974E-002  0.37121842875993322        81473.025445175561        3.3783557274166695E-002
   5.9141720010299978E-002  0.37159838621004576        81556.416464054972        3.3808985355655873E-002
   5.9202192116649975E-002  0.37197834366015825        81639.807482934353        3.3834381927368602E-002
   5.9262664222999979E-002  0.37235830111027080        81723.198501813764        3.3859984314605622E-002
   5.9323136329349976E-002  0.37273825856038328        81806.589520693160        3.3885938644457984E-002
   5.9383608435699980E-002  0.37311821601049583        81889.980539572571        3.3911979020602841E-002
   5.9444080542049978E-002  0.37349817346060837        81973.371558451981        3.3938292831232154E-002
   5.9504552648399975E-002  0.37387813091072086        82056.762577331363        3.3964575906151206E-002
   5.9565024754749979E-002  0.37425808836083341        82140.153596210774        3.3991293097895503E-002
   5.9625496861099976E-002  0.37463804581094590        82223.544615090170        3.4018140390305748E-002
   5.9685968967449980E-002  0.37501800326105844        82306.935633969581        3.4045132649283022E-002
   5.9746441073799977E-002  0.37539796071117099        82390.326652848991        3.4072434412259572E-002
   5.9806913180149975E-002  0.37577791816128348        82473.717671728387        3.4099987384909589E-002
   5.9867385286499979E-002  0.37615787561139602        82557.108690607784        3.4127575270236896E-002
   5.9927857392849976E-002  0.37653783306150851        82640.499709487180        3.4155345734234829E-002
   5.9988329499199980E-002  0.37691779051162105        82723.890728366590        3.4183442516138959E-002
   6.0048801605549977E-002  0.37729774796173354        82807.281747245986        3.4211514015693931E-002
   6.0109273711899974E-002  0.37767770541184609        82890.672766125397        3.4240138483727797E-002
   6.0169745818249978E-002  0.37805766286195863        82974.063785004793        3.4268779543838106E-002
   6.0230217924599976E-002  0.37843762031207112        83057.454803884189        3.4297701654944279E-002
   6.0290690030949980E-002  0.37881757776218367        83140.845822763600        3.4326859893665712E-002
   6.0351162137299977E-002  0.37919753521229616        83224.236841642996        3.4356085816262892E-002
   6.0411634243649974E-002  0.37957749266240870        83307.627860522407        3.4385515055808613E-002
   6.0472106349999978E-002  0.37995745011252124        83391.018879401803        3.4415218667734858E-002
