   0.0000000000000000        1.0000000000000000        0.0000000000000000        1.0000000000000000     
   8.2682749151502009       0.93308796289774054      -0.32698187587199473       0.97757029365342374     
   16.536549830300402       0.76059725232557507      -0.57936340191986402       0.91417013172937245     
   24.804824745450603       0.53922078339461010      -0.72744894598222143       0.81994102225534204     
   33.073099660600803       0.32294186071812553      -0.77711976016565421       0.70820656704400908     
   41.341374575751004       0.14628937007158244      -0.75543051810940987       0.59207584748699182     
   49.609649490901205        2.1961341288064304E-002 -0.69384912942701271       0.48190891491779425     
   57.877924406051406       -5.2799712534738141E-002 -0.61761407132955293       0.38423495074801706     
   66.146199321201607       -8.8096167313038487E-002 -0.54239179328103315       0.30194979211386186     
   74.414474236351808       -9.5455675782562532E-002 -0.47551918082318628       0.23523027736985982     
   82.682749151502009       -8.4845814724064397E-002 -0.41882463288892963       0.18261288539073695     
   90.951024066652209       -6.3807412075026701E-002 -0.37124788985039014       0.14189638155407969     
   99.219298981802410       -3.7657953779700444E-002 -0.33065326886205126       0.11074970569203402     
   107.48757389695261       -1.0033290560574918E-002 -0.29486609174206085        8.7046678978710379E-002
   115.75584881210281        1.6597717533776174E-002 -0.26216252059527151        6.9004671432197184E-002
   124.02412372725301        4.0567661316231192E-002 -0.23143130810547843        5.5206185516081328E-002
   132.29239864240321        6.0793990863677240E-002 -0.20215606307190118        4.4562983161863357E-002
   140.56067355755340        7.6666347037634891E-002 -0.17430422146669938        3.6259690389207254E-002
   148.82894847270359        8.7986648585778246E-002 -0.14817127512837433        2.9696377102525637E-002
   157.09722338785377        9.4920547073801667E-002 -0.12421173466079395        2.4438465284233282E-002
   165.36549830300396        9.7935564473216816E-002 -0.10288154147485891        2.0175986364930724E-002
   173.63377321815415        9.7718720571837947E-002  -8.4513051217007834E-002   1.6691404176205533E-002
   181.90204813330433        9.5081253273086336E-002  -6.9237455691197963E-002   1.3834269994571394E-002
   190.17032304845452        9.0866577178957561E-002  -5.6959913869599761E-002   1.1501166636251675E-002
   198.43859796360471        8.5878240231193101E-002  -4.7381375903310763E-002   9.6200669276973513E-003
   206.70687287875489        8.0838449898307588E-002  -4.0051247769353190E-002   8.1389574298433038E-003
   214.97514779390508        7.6378374045435307E-002  -3.4428695212980420E-002   7.0189910758927266E-003
   223.24342270905527        7.3052690205235415E-002  -2.9928006968037657E-002   6.2323811473010094E-003
   231.51169762420545        7.1364742415042759E-002  -2.5924603512091554E-002   5.7650115272245527E-003
   239.77997253935564        7.1782685643211677E-002  -2.1702499752071468E-002   5.6237524536408108E-003
   248.04824745450583        7.4714121321918181E-002  -1.6334034557801313E-002   5.8490006098417570E-003
   256.31652236965601        8.0383079308081001E-002  -8.5104184424774111E-003   6.5338666611152998E-003
   264.58479728480620        8.8536147779584407E-002   3.5887337778867760E-003   7.8515284737769551E-003
   272.85307219995639        9.7965492965756865E-002   2.2174931590937603E-002   1.0088965403086519E-002
   281.12134711510657       0.10609313045066351        4.9185403653243205E-002   1.3674956261353975E-002
   289.38962203025676       0.10927432829019273        8.5038360856965103E-002   1.9172401640512232E-002
   297.65789694540695       0.10449146196565225       0.12757213208918478        2.7193114509499756E-002
   305.92617186055713        9.1991239369385566E-002  0.17249780420212552        3.8217880575270424E-002
   314.19444677570732        7.6907833852141894E-002  0.21555432474408309        5.2378481823706295E-002
   322.46272169085751        6.8278327516406612E-002  0.25427741969590673        6.9318936175645982E-002
   330.73099660600769        7.6075719308001694E-002  0.28709084857999745        8.8208670406612885E-002
   338.99927152115788       0.10780890112581652       0.31021927482490952       0.10785875763484883     
   347.26754643630807       0.16517604257908416       0.31552396240844044       0.12683849589601037     
   355.53582135145825       0.24116585398079088       0.29223659550439562       0.14356319687828389     
   363.80409626660844       0.31969378190122399       0.23284164374231117       0.15641934524692874     
   372.07237118175863       0.38014275262945191       0.13959689994972424       0.16399580685226997     
   380.34064609690881       0.40582804683293111        2.6469125281225993E-002  0.16539701818938496     
   388.60892101205900       0.39134202730645901       -8.5812566608571672E-002  0.16051237892427986     
   396.87719592720919       0.34390043904166406      -0.17840534008772194       0.15009597734486502     
   405.14547084235937       0.27846394919375811      -0.24094116457881129       0.13559481578917773     
   413.41374575750956       0.21067142440222078      -0.27278045027929532       0.11879162311423573     
   421.68202067265975       0.15181893590568099      -0.27993100572333957       0.10141035726481365     
   429.95029558780993       0.10739021058701823      -0.27072201006747987        8.4823064064900783E-002
   438.21857050296012        7.8157126507944874E-002 -0.25261181289728035        6.9921264439229483E-002
   446.48684541811031        6.2150093652920554E-002 -0.23080682628902638        5.7134425202679591E-002
   454.75512033326049        5.6340798190206015E-002 -0.20823217010133391        4.6534922205820381E-002
   463.02339524841068        5.7657831473143469E-002 -0.18612629871389724        3.7967424603120324E-002
   471.29167016356087        6.3429884976239692E-002 -0.16473813592646033        3.1162003736623915E-002
   479.55994507871105        7.1491347125673094E-002 -0.14388701724569591        2.5814486445706681E-002
   487.82821999386124        8.0147593854616325E-002 -0.12333120700252859        2.1634223421385088E-002
   496.09649490901143        8.8114059155704638E-002 -0.10296997044990404        1.8366902235349127E-002
   504.36476982416161        9.4474490295131441E-002  -8.2922199949780548E-002   1.5801520561036269E-002
   512.63304473931180        9.8661832118916395E-002  -6.3518547904589759E-002   1.3768763044968907E-002
   520.90131965446199       0.10044638589257096       -4.5236751770743329E-002   1.2135840149647128E-002
   529.16959456961217        9.9911576495970794E-002  -2.8605111104393878E-002   1.0800575499204941E-002
   537.43786948476236        9.7403475533224232E-002  -1.4098726960043452E-002   9.6862111478452691E-003
   545.70614439991255        9.3452123053967037E-002  -2.0512873150606375E-003   8.7375070829427259E-003
   553.97441931506273        8.8674141190878783E-002   7.4014642294965814E-003   7.9178849886804240E-003
   562.24269423021292        8.3675606970515182E-002   1.4339744143997375E-002   7.2072354639994363E-003
   570.51096914536311        7.8976413088787473E-002   1.9044030060068325E-002   6.5999489052995875E-003
   578.77924406051329        7.4972028414541161E-002   2.1959405225308610E-002   6.1030205224400780E-003
   587.04751897566348        7.1937440244627143E-002   2.3657517509670590E-002   5.7346734436696713E-003
   595.31579389081367        7.0064264097022044E-002   2.4813184707197407E-002   5.5246952387707476E-003
   603.58406880596385        6.9508394440684670E-002   2.6211019426476453E-002   5.5184344370969298E-003
   611.85234372111404        7.0413160846690193E-002   2.8797460678134497E-002   5.7873069619305672E-003
   620.12061863626423        7.2857895984320423E-002   3.3790879970912353E-002   6.4500965764706601E-003
   628.38889355141441        7.6659469909698297E-002   4.2838251954429432E-002   7.7117901573471159E-003
   636.65716846656460        8.0939151848715099E-002   5.8125221892048669E-002   9.9296877219892544E-003
   644.92544338171479        8.3440638072923803E-002   8.2181618740611612E-002   1.3716158540843907E-002
   653.19371829686497        7.9919303592304342E-002  0.11698783349103628        2.0073248271605337E-002
   661.46199321201516        6.4541570498234085E-002  0.16231546377185174        3.0511924101849837E-002
   669.73026812716535        3.2383456378965274E-002  0.21446546572340980        4.7044124235007409E-002
   677.99854304231553       -1.6523888447297894E-002  0.26766818348138005        7.1919295337640493E-002
   686.26681795746572       -7.4686574543029946E-002  0.31864567079122602       0.10711314793096195     
   694.53509287261591      -0.12850942432276802       0.37053017884307393       0.15380728557324957     
   702.80336778776609      -0.16149925212851637       0.43132699800818969       0.21212498764882698     
   711.07164270291628      -0.15617163157223021       0.50664506719452074       0.28107880262047280     
   719.33991761806647       -9.5960139064416625E-002  0.59093541737736843       0.35841301580022683     
   727.60819253321665        2.8874276899932626E-002  0.66283492717151682       0.44018386454496400     
   735.87646744836684       0.21165918550412044       0.68961481567886840       0.52036820481206725     
   744.14474236351703       0.42353200791551954       0.64163786440878467       0.59107851077201756     
   752.41301727866721       0.61978968541303636       0.50956346378605077       0.64379417777002845     
   760.68129219381740       0.75762663035418021       0.31214464168043266       0.67143238835163532     
   768.94956710896759       0.81401868524632048        8.8400737480060498E-002  0.67044111031716669     
   777.21784202411777       0.79216313938150318      -0.11991861563205840       0.64190291376986819     
   785.48611693926796       0.71460735086788807      -0.28362714280521434       0.59110802205027035     
   793.75439185441815       0.61028653686362799      -0.39168560220711862       0.52586726805335360     
   802.02266676956833       0.50380630936154447      -0.44786449917509868       0.45440340697386217     
   810.29094168471852       0.41066764355411944      -0.46369348610442096       0.38365956251796413     
   818.55921659986871       0.33752291694619896      -0.45224222720815554       0.31844475153406371     
   826.82749151501889       0.28481241822396247      -0.42456171165064427       0.26137076057430614     
   835.09576643016908       0.24963834729363849      -0.38853412336582493       0.21327806945914934     
   843.36404134531927       0.22788717714830858      -0.34913428331429597       0.17382731329401166     
   851.63231626046945       0.21545949894021946      -0.30921917499978824       0.14203929387112010     
   859.90059117561964       0.20883281995818051      -0.27033241581811013       0.11669076173374143     
   868.16886609076982       0.20523492936916368      -0.23331857992252963        9.6558935970231463E-002
   876.43714100592001       0.20263238381827930      -0.19871493326254341        8.0547507673415536E-002
   884.70541592107020       0.19964974215205028      -0.16695804244002010        6.7735007476783710E-002
   892.97369083622038       0.19547038107594752      -0.13845879473663716        5.7379507717898362E-002
   901.24196575137057       0.18973403979425585      -0.11359490443316542        4.8902808169828241E-002
   909.51024066652076       0.18243189353292330       -9.2660896621546876E-002   4.1867437540716861E-002
   917.77851558167094       0.17379994244221936       -7.5807602670585256E-002   3.5953212615580085E-002
   926.04679049682113       0.16421735287649153       -6.2994092823179401E-002   3.0935594716377482E-002
   934.31506541197132       0.15412167515724187       -5.3966303789832526E-002   2.6665852698010879E-002
   942.58334032712150       0.14395432917303877       -4.8268734517128264E-002   2.3052719619544609E-002
   950.85161524227169       0.13414431057269430       -4.5287786283360651E-002   2.0045679645470812E-002
   959.11989015742188       0.12512775170068749       -4.4318633913212821E-002   1.7621095557602280E-002
   967.38816507257206       0.11739055169079131       -4.4640264125409078E-002   1.5773294807454631E-002
   975.65643998772225       0.11151650625071059       -4.5574599528230481E-002   1.4512975288523361E-002
   983.92471490287244       0.10822614655878206       -4.6496764847208022E-002   1.3874847940219533E-002
   992.19298981802262       0.10839577748314851       -4.6758738190575445E-002   1.3936024173351023E-002
   1000.4612647331728       0.11303663585726213       -4.5494226608771698E-002   1.4847005700657549E-002
   1008.7295396483230       0.12317367819562927       -4.1302472358318187E-002   1.6877649223150076E-002
   1016.9978145634732       0.13950259003106516       -3.1897286004316606E-002   2.0478409479816610E-002
   1025.2660894786234       0.16171243046098513       -1.3996537849455887E-002   2.6346813237370204E-002
   1033.5343643937736       0.18763454841282987        1.6054823748898672E-002   3.5464481123694797E-002
   1041.8026393089237       0.21299726105649069        6.0572400297956686E-002   4.9036848895422751E-002
   1050.0709142240739       0.23293313991070566       0.11833779710536053        6.8261681892409859E-002
   1058.3391891392241       0.24530787479898578       0.18371893473001652        9.3928600416726959E-002
   1066.6074640543743       0.25365814112715224       0.24830640965353556       0.12599852563511171     
   1074.8757389695245       0.26689081201432863       0.30356669872587733       0.16338344611299527     
   1083.1440138846747       0.29535222137829903       0.34173319889450837       0.20401451389976938     
   1091.4122887998249       0.34542368697282505       0.35461948056073817       0.24507249951506799     
   1099.6805637149751       0.41501293437413911       0.33314283843488468       0.28321988649828517     
   1107.9488386301252       0.49178099185905683       0.27017488817381330       0.31484301415361027     
   1116.2171135452754       0.55578681808110786       0.16598531972483779       0.33645011351687909     
   1124.4853884604256       0.58674116773245910        3.2183412774422777E-002  0.34530096996985854     
   1132.7536633755758       0.57274748848330692      -0.10991101348897812       0.34012011645011014     
   1141.0219382907260       0.51538562952009770      -0.23653114929013172       0.32156933170033797     
   1149.2902132058762       0.42813283611819480      -0.32999558058826856       0.29219480857039748     
   1157.5584881210264       0.32976009274420387      -0.38350095119178140       0.25581469833166703     
   1165.8267630361765       0.23715349782053805      -0.40044269783670311       0.21659613577925305     
   1174.0950379513267       0.16108396604442643      -0.39018353449679172       0.17819123470901096     
   1182.3633128664769       0.10563441149983470      -0.36338341836131172       0.14320613763286852     
   1190.6315877816271        6.9938455499071128E-002 -0.32890881855200976       0.11307239847887443     
   1198.8998626967773        5.0508712338977926E-002 -0.29269279955409366        8.8220204932954474E-002
   1207.1681376119275        4.3085036477277898E-002 -0.25794081238170935        6.8389783060384554E-002
   1215.4364125270777        4.3700813921492297E-002 -0.22590887470856053        5.2944580809488988E-002
   1223.7046874422279        4.9110607176792137E-002 -0.19672574501123360        4.1112870487498093E-002
   1231.9729623573780        5.6844401334280092E-002 -0.17002581704960840        3.2140064426439609E-002
   1240.2412372725282        6.5105804788059954E-002 -0.14535131928423412        2.5365771834768340E-002
   1248.5095121876784        7.2641204320755701E-002 -0.12236416835614687        2.0249734262661231E-002
   1256.7777871028286        7.8632662281432897E-002 -0.10092493708928342        1.6368938503941697E-002
   1265.0460620179788        8.2623119788100940E-002  -8.1087349281859289E-002   1.3401738137077124E-002
   1273.3143369331290        8.4462303469090838E-002  -6.3043076590176814E-002   1.1108310213259694E-002
   1281.5826118482792        8.4256901633506159E-002  -4.7043405815760213E-002   9.3123075036246339E-003
   1289.8508867634293        8.2313347485337113E-002  -3.3319037952065152E-002   7.8856454642930122E-003
   1298.1191616785795        7.9069207235806516E-002  -2.2013712002508151E-002   6.7365430490282886E-003
   1306.3874365937297        7.5018350254994537E-002  -1.3143029956526640E-002   5.8004921114191950E-003
   1314.6557115088799        7.0641415537498906E-002  -6.5823770177360508E-003   5.0335372763452117E-003
   1322.9239864240301        6.6354025435774858E-002  -2.0797884448726578E-003   4.4071822115068823E-003
   1331.1922613391803        6.2482155627785203E-002   7.1539649087586294E-004   3.9045315640339278E-003
   1339.4605362543305        5.9267263296543013E-002   2.2194191172926455E-003   3.5175343198799586E-003
   1347.7288111694807        5.6896174725564908E-002   2.8871000460510437E-003   3.2455100450779189E-003
   1355.9970860846308        5.5544151536187317E-002   3.2003141395831537E-003   3.0953947804669554E-003
   1364.2653609997810        5.5415067762107320E-002   3.6819529487415663E-003   3.0843865125956926E-003
   1372.5336359149312        5.6758579073167448E-002   4.9477190679983003E-003   3.2460162223808355E-003
   1380.8019108300814        5.9835561688627782E-002   7.8063640884903840E-003   3.6412337628756531E-003
   1389.0701857452316        6.4786071659255345E-002   1.3398511740091068E-002   4.3767551978875271E-003
   1397.3384606603818        7.1342879995059297E-002   2.3301184035617820E-002   5.6327517034511628E-003
   1405.6067355755320        7.8391950781060260E-002   3.9411566610874187E-002   7.6985695299835472E-003
   1413.8750104906821        8.3613438263044002E-002   6.3355115962887204E-002   1.1005077776838755E-002
   1422.1432854058323        8.3794759279029629E-002   9.5416236582851768E-002   1.6125819886265262E-002
   1430.4115603209825        7.6369647545836167E-002  0.13371110759665475        2.3710983360999423E-002
   1438.6798352361327        6.1696314504190074E-002  0.17475637146100359        3.4346224589616205E-002
   1446.9481101512829        4.4344341333147082E-002  0.21546979554274420        4.8393653399502648E-002
   1455.2163850664331        3.2189895218444432E-002  0.25469539569604666        6.5905933942940212E-002
   1463.4846599815833        3.4090608887007622E-002  0.29236335457957824        8.6638500715311109E-002
   1471.7529348967334        5.7503065557597231E-002  0.32676040909929849       0.11007896750326224     
   1480.0212098118836       0.10625500984163898       0.35229122429118737       0.13539923382903049     
   1488.2894847270338       0.17832744623698871       0.35991242965165393       0.16133763509916285     
   1496.5577596421840       0.26469453871790194       0.34068480654774769       0.18612933623955916     
   1504.8260345573342       0.35092932371023083       0.29064332284749622       0.20762493135555390     
   1513.0943094724844       0.42179580432818642       0.21386487131583845       0.22364988373180184     
   1521.3625843876346       0.46660727801367968       0.12160640443501326       0.23251046949494739     
   1529.6308593027848       0.48233668756175707        2.8126988090758566E-002  0.23343980762710576     
   1537.8991342179349       0.47313300635570882       -5.4125526717161934E-002  0.22678441434560140     
   1546.1674091330851       0.44727572050720116      -0.11748964402068006       0.21385938660734205     
   1554.4356840482353       0.41366707983954293      -0.15949752676046722       0.19655991398568073     
   1562.7039589633855       0.37941259215828599      -0.18152442750017092       0.17690503286753467     
   1570.9722338785357       0.34889437252311628      -0.18693398318032797       0.15667159724596219     
   1579.2405087936859       0.32394847979714897      -0.17958575137923533       0.13719365966132835     
   1587.5087837088361       0.30455393760986860      -0.16299266257984910       0.11931970896854427     
   1595.7770586239862       0.28959508845937160      -0.14003410611592595       0.10347486613547767     
   1604.0453335391364       0.27748893871398900      -0.11299823858566897        8.9768713032079714E-002
   1612.3136084542866       0.26663121034611231       -8.3749610612457850E-002   7.8106199608371105E-002
   1620.5818833694368       0.25568525911441314       -5.3890676866506358E-002   6.8279156781534789E-002
   1628.8501582845870       0.24375004674057721       -2.4854552553478397E-002   6.0031834068667196E-002
   1637.1184331997372       0.23043175022414827        2.0820874976107229E-003   5.3103126599711961E-002
   1645.3867081148874       0.21583121201912525        2.5846190100687234E-002   4.7251137624365461E-002
   1653.6549830300376       0.20045788102803155        4.5639233137276608E-002   4.2266301667607135E-002
   1661.9232579451877       0.18508677857795267        6.0994705028082428E-002   3.7977469645826864E-002
   1670.1915328603379       0.17058630650044859        7.1794476377758848E-002   3.4254134803821563E-002
   1678.4598077754881       0.15775188870567355        7.8235790528401503E-002   3.1006497309811133E-002
   1686.7280826906383       0.14717789482652879        8.0760994524101182E-002   2.8183670962090672E-002
   1694.9963576057885       0.13919194571619933        7.9975039220384236E-002   2.5770404650563381E-002
   1703.2646325209387       0.13386137703115278        7.6577358185144676E-002   2.3782960047292381E-002
   1711.5329074360889       0.13106704931197452        7.1324551942360453E-002   2.2265763125126035E-002
   1719.8011823512390       0.13062663223617513        6.5024953930605450E-002   2.1291561683042311E-002
   1728.0694572663892       0.13243837607322384        5.8555886010756057E-002   2.0968715243417327E-002
   1736.3377321815394       0.13660820984105526        5.2896985232501414E-002   2.1459894042665260E-002
   1744.6060070966896       0.14351896816961227        4.9186320687927616E-002   2.3016988367285836E-002
   1752.8742820118398       0.15379988017744883        4.8813899798561156E-002   2.6037199956141586E-002
   1761.1425569269900       0.16815600334194916        5.3542501325377204E-002   3.1143240908115637E-002
   1769.4108318421402       0.18703591900211797        6.5565180294017825E-002   3.9281227863953896E-002
   1777.6791067572904       0.21020502658441859        8.7289677397892895E-002   5.1805640981584342E-002
   1785.9473816724405       0.23650533794881654       0.12060279501027621        7.0479809042574615E-002
   1794.2156565875907       0.26430327558181388       0.16562239884126992        9.7287000481212943E-002
   1802.4839315027409       0.29292532341190619       0.21949299158222829       0.13398241844968597     
   1810.7522064178911       0.32445180023247622       0.27603386823324905       0.18146366708590536     
   1819.0204813330413       0.36427285808942417       0.32636688359532978       0.23921005784836530     
   1827.2887562481915       0.41910094943137743       0.35971612853972362       0.30504129894588894     
   1835.5570311633417       0.49272075841913443       0.36393741921000378       0.37522419087836506     
   1843.8253060784918       0.58131587442429722       0.32685466073434571       0.44476211510144947     
   1852.0935809936420       0.67097400720777955       0.23991169044145852       0.50776373755894366     
   1860.3618559087922       0.73976189990543595       0.10366261438565194       0.55799360617296867     
   1868.6301308239424       0.76492271126404876       -6.8237083304448318E-002  0.58976305374544158     
   1876.8984057390926       0.73237400637290662      -0.25045113043849798       0.59909745394862379     
   1885.1666806542428       0.64325906948407274      -0.41354227904328567       0.58479944702982989     
   1893.4349555693930       0.51361404632725449      -0.53395390384202035       0.54890616001278869     
   1901.7032304845432       0.36765200175230306      -0.60090716139497491       0.49625741100824189     
   1909.9715053996933       0.22893934734871327      -0.61717343549983716       0.43331627425112640     
   1918.2397803148435       0.11399626394373040      -0.59474565906326182       0.36671754716772231     
   1926.5080552299937        3.0269493653514053E-002 -0.54876736045489038       0.30206185814666775     
   1934.7763301451439       -2.2352902573672031E-002 -0.49270516296556682       0.24325802986639383     
   1943.0446050602941       -4.8519857347193315E-002 -0.43597736614650706       0.19243044034903747     
   1951.3128799754443       -5.4593919232271422E-002 -0.38371181553011569       0.15021525339455732     
   1959.5811548905945       -4.6805028709962754E-002 -0.33768333764290204       0.11622074723419062     
   1967.8494298057446       -3.0402975152133346E-002 -0.29758010718838146        8.9478261092349839E-002
   1976.1177047208948       -9.4841185559651348E-003 -0.26211274241079202        6.8793038238889812E-002
   1984.3859796360450        1.2863246535331609E-002 -0.22979871331554802        5.2972911752910141E-002
   1992.6542545511952        3.4342817325415012E-002 -0.19943022925268283        4.0951845441624460E-002
   2000.9225294663454        5.3285446138213968E-002 -0.17029309989416899        3.1839078641713925E-002
   2009.1908043814956        6.8563765599818027E-002 -0.14220531641288484        2.4923341969315484E-002
   2017.4590792966458        7.9561444719312507E-002 -0.11543121362814128        1.9654388565489810E-002
   2025.7273542117960        8.6153106639919153E-002  -9.0518434263464856E-002   1.5615944725218489E-002
   2033.9956291269461        8.8656305667814822E-002  -6.8104489410385396E-002   1.2498162012514311E-002
   2042.2639040420963        8.7737044574560011E-002  -4.8737209170066104E-002   1.0073104548365106E-002
   2050.5321789572467        8.4274730342310880E-002  -3.2745866360268064E-002   8.1745219379537500E-003
   2058.8004538723972        7.9212042495458310E-002  -2.0183064287419228E-002   6.6819037603323903E-003
   2067.0687287875476        7.3421726483142311E-002  -1.0835603994614328E-002   5.5081602336934637E-003
   2075.3370037026980        6.7616457088914395E-002  -4.2851787578335352E-003   4.5903480262435899E-003
   2083.6052786178484        6.2313074707557856E-002   9.3530774648110923E-006   3.8829193669897445E-003
   2091.8735535329988        5.7846382569880929E-002   2.6346713647001762E-003   3.3531454696209954E-003
   2100.1418284481492        5.4416162232039947E-002   4.1686074447231129E-003   2.9784960000918915E-003
   2108.4101033632996        5.2146499319904234E-002   5.1566683420877146E-003   2.7458486197110624E-003
   2116.6783782784501        5.1137744791479603E-002   6.1206855947327568E-003   2.6525317345080686E-003
   2124.9466531936005        5.1494240476273302E-002   7.5977960976166383E-003   2.7093833077692221E-003
   2133.2149281087509        5.3311607032293394E-002   1.0204147813678446E-002   2.9462520769690729E-003
   2141.4832030239013        5.6605975685120345E-002   1.4704780710328939E-002   3.4204670590032979E-003
   2149.7514779390517        6.1174750878222980E-002   2.2040959329237383E-002   4.2281540331657397E-003
   2158.0197528542021        6.6422443791770591E-002   3.3226870262397755E-002   5.5159659467051356E-003
   2166.2880277693525        7.1288385874401963E-002   4.9032234031009349E-002   7.4861939346493045E-003
   2174.5563026845030        7.4513647454855073E-002   6.9505387607984026E-002   1.0383282563562529E-002
   2182.8245775996534        7.5381578372181471E-002   9.3642493376408675E-002   1.4451298923632080E-002
   2191.0928525148038        7.4640575229177608E-002  0.11956520974573645        1.9867054852084471E-002
   2199.3611274299542        7.4928729936791935E-002  0.14512582486298578        2.6675819612102723E-002
   2207.6294023451046        8.0233387816859417E-002  0.16829709472689083        3.4761308614082630E-002
   2215.8976772602550        9.4568639404398414E-002  0.18684891764050079        4.3855745582225783E-002
   2224.1659521754054       0.12039391942270281       0.19766186617511541        5.3564909173789491E-002
   2232.4342270905559       0.15723005702408946       0.19662676787854444        6.3383376678161407E-002
   2240.7025020057063       0.20096275515814646       0.17977494647269801        7.2705060340014560E-002
   2248.9707769208567       0.24442947824371730       0.14529972016702469        8.0857778515111556E-002
   2257.2390518360071       0.27948843089947012        9.5237338886145745E-002   8.7183933724762450E-002
   2265.5073267511575       0.29982221145729038        3.5560533962517474E-002   9.1157910058839497E-002
   2273.7756016663079       0.30306164636481159       -2.5560184391844470E-002   9.2499684523495204E-002
   2282.0438765814583       0.29116981225388872       -8.0355216559107892E-002   9.1236820396225923E-002
   2290.3121514966087       0.26913138263988251      -0.12351947375664048        8.7688761518772251E-002
   2298.5804264117592       0.24289380069057642      -0.15292220459450054        8.2382599071955748E-002
   2306.8487013269096       0.21760650466169393      -0.16906514603464431        7.5935614474795424E-002
   2315.1169762420600       0.19669437462047618      -0.17394268271319729        6.8944733876804248E-002
   2323.3852511572104       0.18172787474170524      -0.16995464719090234        6.1909602559920993E-002
   2331.6535260723608       0.17276270117770820      -0.15921640531714898        5.5196814640332770E-002
   2339.9218009875112       0.16882450790331807      -0.14330650195105443        4.9038467970245074E-002
   2348.1900759026616       0.16835153975208980      -0.12332760841227837        4.3551939933591743E-002
   2356.4583508178121       0.16954137596230998      -0.10012021482637298        3.8768335580072415E-002
   2364.7266257329625       0.17061966119636293       -7.4496903544241586E-002   3.4660857424441707E-002
   2372.9949006481129       0.17006132501280274       -4.7409769190998811E-002   3.1168540479853908E-002
   2381.2631755632633       0.16677450972173483       -2.0005802178378562E-002   2.8213969213725439E-002
   2389.5314504784137       0.16023128986666960        6.4366948327316334E-003   2.5715497292706408E-002
   2397.7997253935641       0.15051581708921782        3.0662825917219305E-002   2.3595220087264574E-002
   2406.0680003087145       0.13826891068751082        5.1632412748538019E-002   2.1784197708946233E-002
   2414.3362752238650       0.12453342537345738        6.8683723683605286E-002   2.0226027934292321E-002
   2422.6045501390154       0.11053553435837347        8.1617554596524020E-002   1.8879529574207743E-002
   2430.8728250541658        9.7457222287001391E-002   9.0680870179281919E-002   1.7720930392369782E-002
   2439.1410999693162        8.6254273358888647E-002   9.6466469469024249E-002   1.6745579404488075E-002
   2447.4093748844666        7.7554350966100014E-002   9.9772865710707259E-002   1.5969302085899844E-002
   2455.6776497996170        7.1641277408390075E-002  0.10147633209482974        1.5429918604126075E-002
   2463.9459247147674        6.8507546390556645E-002  0.10245471427226847        1.5190252389066444E-002
   2472.2141996299179        6.7944123696237257E-002  0.10357892506373584        1.5344997662208593E-002
   2480.4824745450683        6.9633683208971828E-002  0.10576477650940674        1.6035037787332201E-002
   2488.7507494602187        7.3214069748837499E-002  0.11006313312076524        1.7474193281546931E-002
   2497.0190243753691        7.8279259356611536E-002  0.11775912387532686        1.9994853701304230E-002
   2505.2872992905195        8.4290948398799762E-002  0.13044084758329244        2.4119778700216851E-002
   2513.5555742056699        9.0403837517600200E-002  0.14997248741886746        3.0664600820511013E-002
   2521.8238491208203        9.5291441342502406E-002  0.17827562806224437        4.0862658354119272E-002
   2530.0921240359708        9.7205564201680181E-002  0.21684952237984820        5.6472637068135254E-002
   2538.3603989511212        9.4615400649450690E-002  0.26613860199489148        7.9781829511851324E-002
   2546.6286738662716        8.7606297185044701E-002  0.32513286944899983       0.11338624610261475     
   2554.8969487814220        7.9627256831403342E-002  0.39158019382690279       0.15967554822800903     
   2563.1652236965724        7.8559517077350455E-002  0.46252479077805236       0.22010077980770762     
   2571.4334986117228        9.6132489818724187E-002  0.53405494108928964       0.29445613570063173     
   2579.7017735268732       0.14536243914465710       0.59939571343642351       0.38040546000004327     
   2587.9700484420237       0.23615333904164262       0.64619705172771913       0.47333902920211351     
   2596.2383233571741       0.36956619037323679       0.65572718409412767       0.56655730902700152     
   2604.5065982723245       0.53254748754520642       0.60682332851361265       0.65184137851905166     
   2612.7748731874749       0.69669804929657109       0.48490698523531284       0.72052295622364726     
   2621.0431481026253       0.82443415856220681       0.29209811711961536       0.76501299182899851     
   2629.3114230177757       0.88189837091225720        5.1748881525478789E-002  0.78042268335683118     
   2637.5796979329261       0.85255844884975751      -0.19707308248419544       0.76569370854492713     
   2645.8479728480766       0.74368515307260807      -0.41316178470584275       0.72377026724194571     
   2654.1162477632270       0.58215028666458446      -0.56732134563919456       0.66075246548152433     
   2662.3845226783774       0.40278561548704384      -0.64973742427920278       0.58439497255224948     
   2670.6527975935278       0.23626382289292983      -0.66834549009823441       0.50250628814263087     
   2678.9210725086782       0.10196195396050339      -0.64133934187381858       0.42171239149058659     
   2687.1893474238286        7.0276917823989277E-003 -0.58885438184040173       0.34679887146443006     
   2695.4576223389790       -5.0460491364951288E-002 -0.52731015502320877       0.28060226077939276     
   2703.7258972541294       -7.7184766467897611E-002 -0.46724972624857747       0.22427979485407448     
   2711.9941721692799       -8.1124206177850086E-002 -0.41373361340991915       0.17775663969321476     
   2720.2624470844303       -6.9584180876508861E-002 -0.36789769362814401       0.14019067120516240     
   2728.5307219995807       -4.8483447832613477E-002 -0.32864924470815449       0.11036097076097816     
   2736.7989969147311       -2.2369115124004961E-002 -0.29401521806666775        8.6945325766221174E-002
   2745.0672718298815        5.3027572976898051E-003 -0.26203594356342236        6.8690954954131273E-002
   2753.3355467450319        3.1896744173333068E-002 -0.23126578686321075        5.4501266462319078E-002
   2761.6038216601823        5.5443600195345590E-002 -0.20097675718362434        4.3465649730666828E-002
   2769.8720965753328        7.4595564803035572E-002 -0.17114636052539564        3.4855575009372579E-002
   2778.1403714904832        8.8632412954674139E-002 -0.14229625640657395        2.8103929213493327E-002
   2786.4086464056336        9.7450960670480799E-002 -0.11524578797448383        2.2778281381459278E-002
   2794.6769213207840       0.10149295496122868       -9.0847756408102304E-002   1.8554134751147887E-002
   2802.9451962359344       0.10160375879106821       -6.9767973367987055E-002   1.5190893908349722E-002
   2811.2134711510848        9.8847760704845813E-002  -5.2350567707601783E-002   1.2511461735670658E-002
   2819.4817460662352        9.4324498888071318E-002  -3.8581682048861046E-002   1.0385657280205175E-002
   2827.7500209813857        8.9026714295329101E-002  -2.8134840334798933E-002   8.7173250988867839E-003
   2836.0182958965361        8.3763149880372090E-002  -2.0462833279928847E-002   7.4349928237238423E-003
   2844.2865708116865        7.9145506682280237E-002  -1.4897520979435638E-002   6.4859473593275908E-003
   2852.5548457268369        7.5620600435745505E-002  -1.0726972338037341E-002   5.8335431458036912E-003
   2860.8231206419873        7.3520265163959000E-002  -7.2320392209107888E-003   5.4575317810716352E-003
   2869.0913955571377        7.3100928676587171E-002  -3.6764042581274611E-003   5.3572617216486621E-003
   2877.3596704722881        7.4546886897937911E-002   7.4442590270882506E-004   5.5577925160985708E-003
   2885.6279453874386        7.7913280665756035E-002   6.9730117223693105E-003   6.1191021965811727E-003
   2893.8962203025890        8.2993568784108684E-002   1.6127229659257305E-002   7.1480199960050079E-003
   2902.1644952177394        8.9135491020279650E-002   2.9415568653003689E-002   8.8104114386059265E-003
   2910.4327701328898        9.5123670058365500E-002   4.7836335571671197E-002   1.1336827606298316E-002
   2918.7010450480402        9.9358641952028176E-002   7.1675610754104210E-002   1.5009532907525193E-002
   2926.9693199631906       0.10052776578806713       0.10005946545276814        2.0117728321034180E-002
   2935.2375948783410        9.8620202862224060E-002  0.13096734799461970        2.6878390653330045E-002
   2943.5058697934915        9.5679385225351424E-002  0.16182669744768560        3.5342424763925968E-002
   2951.7741447086419        9.5661718016912034E-002  0.19018957028824213        4.5323236940373379E-002
   2960.0424196237923       0.10332749829071115       0.21377719664581712        5.6377261708761277E-002
   2968.3106945389427       0.12260866378394504       0.22979465957790154        6.7838470005408130E-002
   2976.5789694540931       0.15493036908902449       0.23427645761986945        7.8888877860975842E-002
   2984.8472443692435       0.19788863358905179       0.22246407094912524        8.8650174166999413E-002
   2993.1155192843939       0.24488471309005092       0.19058992576684539        9.6293042509008192E-002
   3001.3837941995444       0.28639684730850912       0.13832904703087559       0.10115807940072367     
   3009.6520691146948       0.31291538755788179        7.0358587209271101E-002  0.10286637056458396     
   3017.9203440298452       0.31838375322854812       -4.2808017207797778E-003  0.10138653958326965     
   3026.1886189449956       0.30234568041252180       -7.4965893045869703E-002   9.7032795584275536E-002
   3034.4568938601460       0.26967334604963450      -0.13292255100929562        9.0392118136424712E-002
   3042.7251687752964       0.22825516175124058      -0.17350383262346294        8.2203998801115646E-002
   3050.9934436904468       0.18609764769339399      -0.19646133785021630        7.3229391746911426E-002
   3059.2617186055973       0.14922883466698153      -0.20462960092108951        6.4142518669189658E-002
   3067.5299935207477       0.12094330990158700      -0.20208259174023108        5.5464658094400217E-002
   3075.7982684358981       0.10211350583703921      -0.19265280940507665        4.7542273045999832E-002
   3084.0665433510485        9.1971507302448741E-002 -0.17916761145552279        4.0559791150161562E-002
   3092.3348182661989        8.8879809532428466E-002 -0.16331808102299988        3.4572416131555914E-002
   3100.6030931813493        9.0875783229036305E-002 -0.14590048242064038        2.9545358748066387E-002
   3108.8713680964997        9.5983359937968082E-002 -0.12718980446423669        2.5390051744632297E-002
   3117.1396430116502       0.10237616856159709      -0.10729266030906155        2.1992594845548212E-002
   3125.4079179268006       0.10847847745803813       -8.6404770782602960E-002   1.9233364485608244E-002
   3133.6761928419510       0.11305246282181478       -6.4946452068093352E-002   1.6998900986310961E-002
   3141.9444677571014       0.11527826638228156       -4.3577462354977135E-002   1.5188073925403715E-002
   3150.2127426722518       0.11480592818960345       -2.3113213112751347E-002   1.3714621767871844E-002
   3158.4810175874022       0.11175156738725082       -4.3809875670340155E-003   1.2507605865569768E-002
   3166.7492925025526       0.10662380595635033        1.1934309006023127E-002   1.1511063728068694E-002
   3175.0175674177030       0.10018988905488542        2.5408374869205941E-002   1.0683599382324346E-002
   3183.2858423328535        9.3311696904703353E-002   3.5930784466968603E-002   9.9980940516469774E-003
   3191.5541172480039        8.6791836772281056E-002   4.3689876027990453E-002   9.4416281976474527E-003
   3199.8223921631543        8.1263908952589003E-002   4.9109981400776631E-002   9.0156131714393024E-003
   3208.0906670783047        7.7143908870030545E-002   5.2774496613794256E-002   8.7363301685869574E-003
   3216.3589419934551        7.4639589790071889E-002   5.5366601575171918E-002   8.6365289340140337E-003
   3224.6272169086055        7.3798349032420010E-002   5.7647102782387633E-002   8.7693847791140509E-003
   3232.8954918237559        7.4563812991498071E-002   6.0474122297864391E-002   9.2168816755281557E-003
   3241.1637667389064        7.6804943196777761E-002   6.4857980903478149E-002   1.0105556986336195E-002
   3249.4320416540568        8.0277502441735371E-002   7.2034748308053440E-002   1.1633482362087437E-002
   3257.7003165692072        8.4480363744727435E-002   8.3522546942463749E-002   1.4112947706197518E-002
   3265.9685914843576        8.8396668700062006E-002  0.10108409844418256        1.8031965995541716E-002
   3274.2368663995080        9.0197743628323904E-002  0.12647232274066703        2.4130881375060285E-002
   3282.5051413146584        8.7156978256732062E-002  0.16086440285563289        3.3473694964943818E-002
   3290.7734162298088        7.6173187538379469E-002  0.20412113648321903        4.7467792858958059E-002
   3299.0416911449593        5.5151248308530472E-002  0.25441015482973012        6.7766187070476436E-002
   3307.3099660601097        2.4841430623448069E-002  0.30884810562853332        9.6004249025753260E-002
   3315.5782409752601       -9.9211184674350833E-003  0.36509657951145397       0.13339394096260832     
   3323.8465158904105       -4.0397543001878242E-002  0.42267035807089165       0.18028219307236437     
   3332.1147908055609       -5.5321420347102544E-002  0.48243615343083096       0.23580510168635710     
   3340.3830657207113       -4.2756154900041587E-002  0.54396317200291633       0.29772402127731068     
   3348.6513406358617        7.5976960997141416E-003  0.60201188360673996       0.36247603298975867     
   3356.9196155510122       0.10104761564126866       0.64439545217639027       0.42545611941240008     
   3365.1878904661626       0.23372445117409760       0.65338414042404780       0.48153795403430494     
   3373.4561653813130       0.38969928915254720       0.61148915651823543       0.52578452450538360     
   3381.7244402964634       0.54251679218322946       0.50979937917988571       0.55421987681297824     
   3389.9927152116138       0.66246345282754482       0.35443803299657572       0.56448414556667448     
   3398.2609901267642       0.72692275002788886       0.16671372668363621       0.55621015117285477     
   3406.5292650419146       0.72832644868093555       -2.3865751075467134E-002  0.53102898992257963     
   3414.7975399570651       0.67538379883277277      -0.18990344652289132       0.49220659472705991     
   3423.0658148722155       0.58764263362138747      -0.31414116459129998       0.44400853614025848     
   3431.3340897873659       0.48724023441119430      -0.39186025906691807       0.39095750866506773     
   3439.6023647025163       0.39220527386378290      -0.42818118169831509       0.33716410120713047     
   3447.8706396176667       0.31345303726108031      -0.43314543873739181       0.28586777766720384     
   3456.1389145328171       0.25507842602482461      -0.41734506473014077       0.23924190647790733     
   3464.4071894479675       0.21634002325235699      -0.38939698644964210       0.19843301871689312     
   3472.6754643631180       0.19387211191062850      -0.35519891003837045       0.16375266146913364     
   3480.9437392782684       0.18337027981676141      -0.31828514567749788       0.13493009347902343     
   3489.2120141934188       0.18060962515296888      -0.28059703742841624       0.11135453411149995     
   3497.4802891085692       0.18195280818180906      -0.24322990428378258        9.2267610743144240E-002
   3505.7485640237196       0.18455555293869641      -0.20696420691944514        7.6894935066302877E-002
   3514.0168389388700       0.18641571207317709      -0.17254694326710979        6.4523265338572861E-002
   3522.2851138540204       0.18633766727751844      -0.14076788721036912        5.4537324316098368E-002
   3530.5533887691709       0.18383687400465643      -0.11240344151874646        4.6430529909062178E-002
   3538.8216636843213       0.17899371044626775       -8.8103628349233992E-002   3.9800997707622285E-002
   3547.0899385994717       0.17227252719524222       -6.8283961989337158E-002   3.4340523091196708E-002
   3555.3582135146221       0.16433341883440106       -5.3060595823507736E-002   2.9820899374948327E-002
   3563.6264884297725       0.15586992999792243       -4.2242142737875701E-002   2.6079833700644303E-002
   3571.8947633449229       0.14750077928155997       -3.5370458243840212E-002   2.3007549205046714E-002
   3580.1630382600733       0.13972910726460497       -3.1791721610738899E-002   2.0534936979938204E-002
   3588.4313131752237       0.13296438431937768       -3.0737493862126559E-002   1.8624321026355438E-002
   3596.6995880903742       0.12758617606618325       -3.1398304721220800E-002   1.7264085862557749E-002
   3604.9678630055246       0.12402058698135844       -3.2974377049276714E-002   1.6468415536988561E-002
   3613.2361379206750       0.12280062226184622       -3.4686176516330949E-002   1.6283123669218712E-002
   3621.5044128358254       0.12458683195112828       -3.5725720526262779E-002   1.6798205802739313E-002
   3629.7726877509758       0.13012507167988882       -3.5137045148138646E-002   1.8167146221438536E-002
   3638.0409626661262       0.14010813398903302       -3.1643278056365652E-002   2.0631586256041303E-002
   3646.3092375812766       0.15490039846326498       -2.3499869201632075E-002   2.4546377296572077E-002
   3654.5775124964271       0.17412615110991159       -8.5413328458083717E-003   3.0392870867134651E-002
   3662.8457874115775       0.19627138030172797        1.5365274662029579E-002   3.8758546390985138E-002
   3671.1140623267279       0.21866924419193240        4.9387655243605964E-002   5.0255378845932244E-002
   3679.3823372418783       0.23827912435868343        9.2646679327129305E-002   6.5360348295484844E-002
   3687.6506121570287       0.25321801386497395       0.14169890288135878        8.4197941623502887E-002
   3695.9188870721791       0.26422863238358402       0.19109349968963843       0.10633349579493304     
   3704.1871619873295       0.27496663387686138       0.23465723075992712       0.13067066569348962     
   3712.4554369024800       0.29065058699166330       0.26653376476144902       0.15551801147650987     
   3720.7237118176304       0.31563321850759901       0.28141820475440676       0.17882053459265895     
   3728.9919867327808       0.35093503998880260       0.27446696866191822       0.19848751917840488     
   3737.2602616479312       0.39270251591438626       0.24188647178048092       0.21272433123589818     
   3745.5285365630816       0.43235828737613308       0.18264289557704411       0.22029211596758991     
   3753.7968114782320       0.45885959583364094       0.10051993844502463       0.22065638671360385     
   3762.0650863933824       0.46259623152402735        4.8951829211840011E-003  0.21401923623606336     
   3770.3333613085329       0.43928255885968176       -9.0989521483757774E-002  0.20124825953815301     
   3778.6016362236833       0.39177562428161383      -0.17387630778329055       0.18372111018959783     
   3786.8699111388337       0.32880940124911423      -0.23450759164939672       0.16310943289100122     
   3795.1381860539841       0.26150406929821562      -0.26972528029645715       0.14113610509052835     
   3803.4064609691345       0.19966515420645584      -0.28192886149778984       0.11935005674972776     
   3811.6747358842849       0.14954279695768669      -0.27676516068834028        9.8962002292770732E-002
   3819.9430107994353       0.11347611182959950      -0.26055800741226781        8.0767303182615185E-002
   3828.2112857145858        9.0812928638750776E-002 -0.23855523804343387        6.5155589605906242E-002
   3836.4795606297362        7.9215920608951135E-002 -0.21426235441643426        5.2183518597997337E-002
   3844.7478355448866        7.5749690498633615E-002 -0.18957537999312996        4.1676840310178397E-002
   3853.0161104600370        7.7551097089453333E-002 -0.16527943665337014        3.3331464840233208E-002
   3861.2843853751874        8.2147354540881332E-002 -0.14158574123054460        2.6794709977867995E-002
   3869.5526602903378        8.7566373442640413E-002 -0.11854244363390462        2.1720180700593415E-002
   3877.8209352054882        9.2356081377037838E-002  -9.6274264585206451E-002   1.7798379788744371E-002
   3886.0892101206387        9.5571992420744656E-002  -7.5068468767611543E-002   1.4769280738384745E-002
   3894.3574850357891        9.6746622933631080E-002  -5.5348813854614841E-002   1.2423400244174996E-002
   3902.6257599509395        9.5834475097643812E-002  -3.7586768742034884E-002   1.0597011801708122E-002
   3910.8940348660899        9.3125895958092481E-002  -2.2195678253576739E-002   9.1650806311337641E-003
   3919.1623097812403        8.9133870146593353E-002  -9.4445405558180699E-003   8.0340461536202584E-003
   3927.4305846963907        8.4470188889016140E-002   5.8686383473678520E-004   7.1355572201065873E-003
   3935.6988596115411        7.9732376253132245E-002   8.0079605658830259E-003   6.4213792553957840E-003
   3943.9671345266916        7.5420941261372124E-002   1.3083388458504319E-002   5.8594934343074679E-003
   3952.2354094418420        7.1897951929963649E-002   1.6184260220561741E-002   5.4312457706102201E-003
   3960.5036843569924        6.9387572051671634E-002   1.7743857122814729E-002   5.1294796208207856E-003
   3968.7719592721428        6.8010384077722572E-002   1.8230448997032890E-002   4.9577616130327571E-003
   3977.0402341872932        6.7837285616689502E-002   1.8142015123905005E-002   4.9310300325963062E-003
   3985.3085091024436        6.8945053347697474E-002   1.8022517171897748E-002   5.0782315063281997E-003
   3993.5767840175940        7.1452865557858722E-002   1.8498921677434714E-002   5.4477220996572966E-003
   4001.8450589327445        7.5515797279019817E-002   2.0339025849996886E-002   6.1163116112128582E-003
   4010.1133338478949        8.1248118743381045E-002   2.4522660503640499E-002   7.2026176775153560E-003
   4018.3816087630453        8.8552483765115264E-002   3.2291643655367207E-002   8.8842926309362202E-003
   4026.6498836781957        9.6861459490814428E-002   4.5095778652323414E-002   1.1415771586950032E-002
   4034.9181585933461       0.10488612080584732        6.4317753851154000E-002   1.5137871798156434E-002
   4043.1864335084965       0.11060393264785900        9.0725665591230339E-002   2.0464376314143891E-002
   4051.4547084236469       0.11177359812434803       0.12383840565909038        2.7829287953848689E-002
   4059.7229833387973       0.10702420944999311       0.16166499530497264        3.7589752115352815E-002
   4067.9912582539478        9.7049097021285641E-002  0.20121285326814511        4.9905139552955009E-002
   4076.2595331690982        8.5127791443335030E-002  0.23956484275577844        6.4638054760620789E-002
   4084.5278080842486        7.6562766548433692E-002  0.27470476432998192        8.1324564767140867E-002
   4092.7960829993990        7.7331116280984769E-002  0.30536955389435450        9.9230665990900260E-002
   4101.0643579145490        9.2545921797339503E-002  0.33000576320627356       0.11746855139067437     
   4109.3326328296989       0.12505528900427110       0.34566017018121231       0.13511977855764642     
   4117.6009077448489       0.17426604317857466       0.34778039541318367       0.15131985723886723     
   4125.8691826599988       0.23547375802796908       0.33142643786164155       0.16529137443347108     
   4134.1374575751488       0.30029627030645212       0.29354710252405308       0.17634775136023267     
   4142.4057324902988       0.35861506617202521       0.23516030009870389       0.18390513242807849     
   4150.6740074054487       0.40157242266318843       0.16207403925422745       0.18752840484376332     
   4158.9422823205987       0.42429892370313621        8.3537838022663458E-002  0.18700814703714058     
   4167.2105572357486       0.42702092309524853        9.4839110671972853E-003  0.18243681333024866     
   4175.4788321508986       0.41414829922214763       -5.2184599806145829E-002  0.17424204620552514     
   4183.7471070660486       0.39208363613983810       -9.7055197133753060E-002  0.16314928901930864     
   4192.0153819811985       0.36696329563819585      -0.12415519657097840       0.15007657318122422     
   4200.2836568963485       0.34319781362960722      -0.13493743021860014       0.13599284935414219     
   4208.5519318114984       0.32301745788214764      -0.13207014092894589       0.12178280022163665     
   4216.8202067266484       0.30675755703999086      -0.11854044623379063       0.10815203619444945     
   4225.0884816417984       0.29349182632622262       -9.7203363222142347E-002   9.5585945941997361E-002
   4233.3567565569483       0.28171465864767359       -7.0661363352503948E-002   8.4356177167809840E-002
   4241.6250314720983       0.26991305223867507       -4.1288202702431387E-002   7.4557771451194799E-002
   4249.8933063872482       0.25696675037841282       -1.1252979958242497E-002   6.6158540357982146E-002
   4258.1615813023982       0.24236367754254493        1.7518583254595994E-002   5.9047052951194910E-002
   4266.4298562175481       0.22624165460120341        4.3437449872067165E-002   5.3072098328078569E-002
   4274.6981311326981       0.20928565879658118        6.5352166151293939E-002   4.8071392598585325E-002
   4282.9664060478481       0.19252859121064589        8.2604989491170094E-002   4.3890842722392319E-002
   4291.2346809629980       0.17711448132528185        9.5011575980964449E-002   4.0396739065510195E-002
   4299.5029558781480       0.16408003769573867       0.10276568049522543        3.7483043857881780E-002
   4307.7712307932979       0.15419495292543961       0.10629925716594074        3.5075615581709338E-002
   4316.0395057084479       0.14787895950597010       0.10614294610562480        3.3134511672549917E-002
   4324.3077806235979       0.14519492587554908       0.10282832266572978        3.1655230442253629E-002
   4332.5760555387478       0.14590740283029724        9.6854770570398332E-002   3.0669816782927128E-002
   4340.8443304538978       0.14959390262823430        8.8718077232074921E-002   3.0249232931302057E-002
   4349.1126053690477       0.15579444173279641        7.8975234652563869E-002   3.0508995763261222E-002
   4357.3808802841977       0.16417696370054830        6.8310925252232063E-002   3.1620457918747187E-002
   4365.6491551993477       0.17468368590750863        5.7581141728839894E-002   3.3829978005029876E-002
   4373.9174301144976       0.18761392860835585        4.7832848947279183E-002   3.7486967646274474E-002
   4382.1857050296476       0.20360056920893879        4.0317434881533845E-002   4.3078687337630595E-002
   4390.4539799447975       0.22345158246831592        3.6506096935936316E-002   5.1263304821090573E-002
   4398.7222548599475       0.24785615842545849        3.8065858726610544E-002   6.2881684870020257E-002
   4406.9905297750975       0.27700961680861308        4.6686994806462129E-002   7.8914003288513279E-002
   4415.2588046902474       0.31030447117439042        6.3631302276091484E-002  0.10033780746016942     
   4423.5270796053974       0.34632328846608451        8.8979295132726538E-002  0.12785713509627963     
   4431.7953545205473       0.38331902344156593       0.12080070052162892       0.16152628297871208     
   4440.0636294356973       0.42006418748489383       0.15468642228130328       0.20038181084553369     
   4448.3319043508473       0.45652266023437704       0.18400428835921845       0.24227051744205486     
   4456.6001792659972       0.49365202810111852       0.20085819282951445       0.28403633847508591     
   4464.8684541811472       0.53207093356522661       0.19741777157938026       0.32207325488034017     
   4473.1367290962971       0.57011423331235278       0.16737559529401821       0.35304482892535882     
   4481.4050040114471       0.60241266755517775       0.10758026458256062       0.37447453535859887     
   4489.6732789265970       0.62017673741191726        1.9804993843450101E-002  0.38501142340802930     
   4497.9415538417470       0.61370329034121618       -8.8023753120184053E-002  0.38437990968899821     
   4506.2098287568970       0.57639122903340856      -0.20234403462757222       0.37316995725600738     
   4514.4781036720469       0.50833482000850294      -0.30695610591519329       0.35262634019169642     
   4522.7463785871969       0.41735892799697605      -0.38769915117548220       0.32449910660097447     
   4531.0146535023468       0.31669799630125545      -0.43660467479524312       0.29092126291428999     
   4539.2829284174968       0.22056876746489720      -0.45342988274922669       0.25424923975096136     
   4547.5512033326468       0.14001358477953266      -0.44411083629418935       0.21683823883673964     
   4555.8194782477967        8.0805022258852652E-002 -0.41743998173278091       0.18078558997131813     
   4564.0877531629467        4.3660190673103637E-002 -0.38184613947755414       0.14771268648352348     
   4572.3560280780966        2.5830210344124704E-002 -0.34348332595867237       0.11864799497805330     
   4580.6243029932466        2.2915069133948158E-002 -0.30578933488065813        9.4032217720168898E-002
   4588.8925779083966        3.0209761603798142E-002 -0.27001669781210519        7.3821646793512039E-002
   4597.1608528235465        4.3436855379432204E-002 -0.23612310496581843        5.7640881103952615E-002
   4605.4291277386965        5.9033651406584502E-002 -0.20359704548745361        4.4936728929614388E-002
   4613.6974026538464        7.4220249953429546E-002 -0.17202721532789944        3.5102008316621039E-002
   4621.9656775689964        8.6999248688309050E-002 -0.14138263583272362        2.7557918987338788E-002
   4630.2339524841464        9.6140691111071222E-002 -0.11204981184395076        2.1798192821579177E-002
   4638.5022273992963       0.10114324602179291       -8.4705119348457258E-002   1.7404913459661317E-002
   4646.7705023144463       0.10214585358830251       -6.0109313766984578E-002   1.4046905006820735E-002
   4655.0387772295962        9.9779026097030168E-002  -3.8903564127922563E-002   1.1469341350727210E-002
   4663.3070521447462        9.4971488281794386E-002  -2.1465477105235366E-002   9.4803502938143932E-003
   4671.5753270598962        8.8747975733145884E-002  -7.8524555396012261E-003   7.9378642547324636E-003
   4679.8436019750461        8.2057529990283012E-002   2.1724108542281171E-003   6.7381575970257637E-003
   4688.1118768901961        7.5660236858505162E-002   9.0596324291284478E-003   5.8065483812360184E-003
   4696.3801518053460        7.0081007426389647E-002   1.3374156329678462E-002   5.0902156594283595E-003
   4704.6484267204960        6.5621276247947544E-002   1.5708759106425593E-002   4.5529170090731538E-003
   4712.9167016356459        6.2409225004387225E-002   1.6627597121432910E-002   4.1713883516809160E-003
   4721.1849765507959        6.0467099316029289E-002   1.6643360243195789E-002   3.9332715398793395E-003
   4729.4532514659459        5.9777481271979842E-002   1.6222025331387200E-002   3.8365013730740686E-003
   4737.7215263810958        6.0334949514732686E-002   1.5806246924854012E-002   3.8901435747947990E-003
   4745.9898012962458        6.2172918746744105E-002   1.5850005038647724E-002   4.1166944852144022E-003
   4754.2580762113957        6.5357106529185846E-002   1.6858698296191146E-002   4.5557670821093450E-003
   4762.5263511265457        6.9938419972003604E-002   1.9424866979738484E-002   5.2687080453608873E-003
   4770.7946260416957        7.5864108424006371E-002   2.4237051203731892E-002   6.3427975980217162E-003
   4779.0629009568456        8.2865306679209785E-002   3.2022825313919985E-002   7.8921203921253243E-003
   4787.3311758719956        9.0377016610298899E-002   4.3385802419711031E-002   1.0050332982980446E-002
   4795.5994507871455        9.7586367438185648E-002   5.8538568951887929E-002   1.2949863164715518E-002
   4803.8677257022955       0.10369398090367092        7.7023812464265762E-002   1.6685109362181254E-002
   4812.1360006174455       0.10835928793915109        9.7591225082857821E-002   2.1265782495852873E-002
   4820.4042755325954       0.11212205791869574       0.11834991123579743        2.6578057361444495E-002
   4828.6725504477454       0.11650542696273945       0.13712549284836695        3.2376915300677753E-002
   4836.9408253628953       0.12363391221835318       0.15178322726409707        3.8323492329120003E-002
   4845.2091002780453       0.13546403706702909       0.16033340343110888        4.4057305594300149E-002
   4853.4773751931953       0.15291866739674814       0.16089393782282374        4.9270978066531954E-002
   4861.7456501083452       0.17524988345003684       0.15179295659307795        5.3753623320519542E-002
   4870.0139250234952       0.19989931656669480       0.13202439689131215        5.7390178138346376E-002
   4878.2821999386451       0.22301795343845685       0.10194571789083379        6.0129936952155169E-002
   4886.5504748537951       0.24058541330141653        6.3785541795055384E-002   6.1949936435502166E-002
   4894.8187497689451       0.24974247998902765        2.1506722179751039E-002   6.2833845409986877E-002
   4903.0870246840950       0.24974033276179386       -2.0071317749340421E-002   6.2773091604166512E-002
   4911.3552995992450       0.24205670042558261       -5.6503033872326337E-002   6.1784039057697505E-002
   4919.6235745143949       0.22968418154125883       -8.4696701435344815E-002   5.9928354484305883E-002
   4927.8918494295449       0.21601755048713281      -0.10325025841151389        5.7324197980505365E-002
   4936.1601243446949       0.20386226799518384      -0.11216918584749487        5.4141750565829996E-002
   4944.4283992598448       0.19487334090345249      -0.11228802403777892        5.0584219337182025E-002
   4952.6966741749948       0.18944731080513721      -0.10474248827556890        4.6861272421455949E-002
   4960.9649490901447       0.18692378646254365       -9.0680788842819951E-002   4.3163507410650719E-002
   4969.2332240052947       0.18593568226813723       -7.1220324394151643E-002   3.9644412547325869E-002
   4977.5014989204446       0.18480185931318593       -4.7546157349267440E-002   3.6412364284291870E-002
   4985.7697738355946       0.18190556978294778       -2.1021800543923410E-002   3.3531552416167384E-002
   4994.0380487507446       0.17601924152469037        6.7849597267735295E-003   3.1028809065421218E-002
   5002.3063236658945       0.16653377046320783        3.4199315409493544E-002   2.8903089879170417E-002
   5010.5745985810445       0.15355359891248524        5.9636526074067095E-002   2.7135222981159272E-002
   5018.8428734961944       0.13784039769764814        8.1831650006586348E-002   2.5696394180246246E-002
   5027.1111484113444       0.12062714263229236       0.10002151289213541        2.4555210580863018E-002
   5035.3794233264944       0.10335990373429711       0.11401867373886378        2.3683527661132631E-002
   5043.6476982416443        8.7440266723079307E-002  0.12415928344808230        2.3061327910944493E-002
   5051.9159731567943        7.4030987131320114E-002  0.13115148097003759        2.2681298016271816E-002
   5060.1842480719442        6.3955261454319803E-002  0.13587930290938813        2.2553460426831658E-002
   5068.4525229870942        5.7684745826755597E-002  0.13922197800146485        2.2710289059737761E-002
   5076.7207979022442        5.5387495483035419E-002  0.14193356165963777        2.3212910581273467E-002
   5084.9890728173941        5.7002057904640094E-002  0.14460343161553685        2.4159387040353184E-002
   5093.2573477325441        6.2313506089426852E-002  0.14769459279715924        2.5696665782675720E-002
   5101.5256226476940        7.1020976834248975E-002  0.15163927832522722        2.8038449881486655E-002
   5109.7938975628440        8.2793641174694413E-002  0.15696104129260943        3.1491555502624294E-002
   5118.0621724779940        9.7308863673513046E-002  0.16438900569043238        3.6492760141319358E-002
   5126.3304473931439       0.11425812354892910       0.17493042418478552        4.3655572102391342E-002
   5134.5987223082939       0.13330552363528872       0.18986641519081049        5.3819618249087750E-002
   5142.8669972234438       0.15400482464341569       0.21062888490288806        6.8082013168883279E-002
   5151.1352721385938       0.17573127960830071       0.23851202081809675        8.7769466707502977E-002
   5159.4035470537438       0.19775015772237969       0.27419646400183528       0.11428882575033579     
   5167.6718219688937       0.21957044015127092       0.31714833066140952       0.14879424182954160     
   5175.9400968840437       0.24162965854286417       0.36507870242269042       0.19166735085017650     
   5184.2083717991936       0.26607550931471247       0.41369895034537435       0.24194299817394815     
   5192.4766467143436       0.29707450737863794       0.45685626018501602       0.29697090540449944     
   5200.7449216294935       0.33999134479148124       0.48685832771212939       0.35262514579577109     
   5209.0131965446435       0.39916345071741033       0.49477125870861416       0.40413005883273689     
   5217.2814714597935       0.47473422024755302       0.47095341501786991       0.44716969899104619     
   5225.5497463749434       0.55977054518524250       0.40668395634724031       0.47873490360722770     
   5233.8180212900934       0.63940354740777805       0.29753419443002765       0.49736349329277618     
   5242.0862962052433       0.69358008192576015       0.14764231305159656       0.50285158264736973     
   5250.3545711203933       0.70357415406013657       -2.7782854726865047E-002  0.49578847727821090     
   5258.6228460355433       0.65982480251938402      -0.20460429401561364       0.47723168714937181     
   5266.8911209506932       0.56680345210414518      -0.35686750810505846       0.44862057165828995     
   5275.1593958658432       0.44173194110421737      -0.46551249119639754       0.41182898725157585     
   5283.4276707809931       0.30782563732312418      -0.52386043669565152       0.36918638012834626     
   5291.6959456961431       0.18612502654415489      -0.53731529957694257       0.32335025666552186     
   5299.9642206112931        9.0103406244236767E-002 -0.51856293040892343       0.27702613661110392     
   5308.2324955264430        2.4596883639053786E-002 -0.48168676037590985       0.23262714180619234     
   5316.5007704415930       -1.2123475530072841E-002 -0.43800424299920487       0.19199469554423479     
   5324.7690453567429       -2.5294122490450790E-002 -0.39449146988149103       0.15626331244182126     
   5333.0373202718929       -2.1174373864635252E-002 -0.35416743722565525       0.12588292769954779     
   5341.3055951870429       -5.6417925174179484E-003 -0.31736915631288776       0.10075501120156378     
   5349.5738701021928        1.6332077963531876E-002 -0.28310780341627495        8.0416765125795070E-002
   5357.8421450173428        4.0739184901959151E-002 -0.25011529256932680        6.4217340763515957E-002
   5366.1104199324927        6.4454246837944720E-002 -0.21748552165418983        5.1454302064641778E-002
   5374.3786948476427        8.5175646082621473E-002 -0.18495135817481312        4.1461895576300006E-002
   5382.6469697627927       0.10141112642361538      -0.15288252713961858        3.3657283667102716E-002
   5390.9152446779426       0.11246446601651176      -0.12210040117370229        2.7556764083158165E-002
   5399.1835195930926       0.11837059929125711       -9.3606886325313540E-002   2.2773847944091527E-002
   5407.4517945082425       0.11975397964518221       -6.8316933618809125E-002   1.9008219059935487E-002
   5415.7200694233925       0.11762407396467923       -4.6861897275899532E-002   1.6031460192345290E-002
   5423.9883443385424       0.11314929414925194       -2.9496876401173953E-002   1.3672828483900073E-002
   5432.2566192536924       0.10745770764667145       -1.6108558114114383E-002   1.1806644577193312E-002
   5440.5248941688424       0.10150012882751352       -6.2930007585495322E-003   1.0341878010548948E-002
   5448.7931690839923        9.5988328539940590E-002   5.3768061646568765E-004   9.2140483163368966E-003
   5457.0614439991423        9.1399316878198078E-002   5.0554837953445068E-003   8.3793930422062547E-003
   5465.3297189142922        8.8023157159746443E-002   7.9451563592409461E-003   7.8112017059422077E-003
   5473.5979938294422        8.6028130373301925E-002   9.8680740481238219E-003   7.4982181009450883E-003
   5481.8662687445922        8.5520197389279642E-002   1.1458045776482949E-002   7.4449909745173317E-003
   5490.1345436597421        8.6579558203583012E-002   1.3340973966009671E-002   7.6740014850893669E-003
   5498.4028185748921        8.9262822616442694E-002   1.6167694691188967E-002   8.2292458530820126E-003
   5506.6710934900420        9.3564442419345958E-002   2.0644277546338675E-002   9.1804910806533684E-003
   5514.9393684051920        9.9339380529782195E-002   2.7533889021239284E-002   1.0626427568674792E-002
   5523.2076433203420       0.10620734255554347        3.7592823510117002E-002   1.2693219992173359E-002
   5531.4759182354919       0.11349162109055677        5.1404730753009761E-002   1.5522794401551937E-002
   5539.7441931506419       0.12028070257992060        6.9113384840454983E-002   1.9244107377224151E-002
   5548.0124680657918       0.12569696638534786        9.0133717577900813E-002   2.3923814402892055E-002
   5556.2807429809418       0.12936197100489663       0.11300073694312500        2.9503686091961051E-002
   5564.5490178960918       0.13186906453767977       0.13549959427063737        3.5749590229550099E-002
   5572.8172928112417       0.13493803870156729       0.15504831774337369        4.2248255123675839E-002
   5581.0855677263917       0.14100403320578558       0.16909593132276102        4.8475571370210191E-002
   5589.3538426415416       0.15228645333995849       0.17529509764844148        5.3919535130439983E-002
   5597.6221175566916       0.16968014874618195       0.17148985326704586        5.8200122652079349E-002
   5605.8903924718416       0.19192402007888154       0.15586216141761974        6.1127842845011077E-002
   5614.1586673869915       0.21545167111188465       0.12753631868307810        6.2684935168135364E-002
   5622.4269423021415       0.23516971515507090        8.7495905594179565E-002   6.2960328421862777E-002
   5630.6952172172914       0.24606752857591990        3.9185481022718176E-002   6.2084730542442963E-002
   5638.9634921324414       0.24505979857283375       -1.1860123300008402E-002   6.0194967401249251E-002
   5647.2317670475913       0.23215737190703087       -5.9438172737009722E-002   5.7429941709094046E-002
   5655.5000419627413       0.21034712584733620       -9.8475582288313157E-002   5.3943353659257426E-002
   5663.7683168778913       0.18432229647144044      -0.12625571463331944        4.9915214454075776E-002
   5672.0365917930412       0.15883029045933067      -0.14256135421314536        4.5550800882481243E-002
   5680.3048667081912       0.13743222721429260      -0.14892249289583012        4.1065525967389521E-002
   5688.5731416233411       0.12201789238147782      -0.14755912436989016        3.6662061246026618E-002
   5696.8414165384911       0.11294495325880122      -0.14054248963073004        3.2508753858236657E-002
   5705.1096914536411       0.10947231752128379      -0.12939085523883326        2.8726181722917483E-002
   5713.3779663687910       0.11021756211739146      -0.11504909469381908        2.5384205188968396E-002
   5721.6462412839410       0.11351974266411854       -9.8086756361186675E-002   2.2507743747986489E-002
   5729.9145161990909       0.11770227967439785       -7.8953632902575330E-002   2.0087502789064796E-002
   5738.1827911142409       0.12127058324369031       -5.8183582771850678E-002   1.8091883664433619E-002
   5746.4510660293909       0.12306834106971466       -3.6492607858489352E-002   1.6477527001965097E-002
   5754.7193409445408       0.12239028082860480       -1.4762321822749598E-002   1.5197306986903176E-002
   5762.9876158596908       0.11903360571813651        6.0659701806229155E-003   1.4205795284492987E-002
   5771.2558907748407       0.11327204833860557        2.5139782264789471E-002   1.3462565587144421E-002
   5779.5241656899907       0.10575508113346735        4.1833090865362785E-002   1.2934144676895961E-002
   5787.7924406051407        9.7356620451583692E-002   5.5830750572747126E-002   1.2595384255270027E-002
   5796.0607155202906        8.9010238507011952E-002   6.7140555275958302E-002   1.2430676721839166E-002
   5804.3289904354406        8.1568258858688084E-002   7.6040191592005452E-002   1.2435491590586843E-002
   5812.5972653505905        7.5708546152945616E-002   8.2986496503207774E-002   1.2618542562469613E-002
   5820.8655402657405        7.1894586645418465E-002   8.8521501215623216E-002   1.3004887766383167E-002
   5829.1338151808905        7.0379362248896238E-002   9.3204759059397374E-002   1.3640381741881678E-002
   5837.4020900960404        7.1236286132828633E-002   9.7588942826684927E-002   1.4598210224028211E-002
   5845.6703650111904        7.4400151116275903E-002  0.10224101063341720        1.5988606741467220E-002
   5853.9386399263403        7.9703046746560369E-002  0.10779939650544451        1.7973285547622429E-002
   5862.2069148414903        8.6890184713107887E-002  0.11504992174748024        2.0786388693579336E-002
   5870.4751897566402        9.5597631430217711E-002  0.12499766233956437        2.4763322725423496E-002
   5878.7434646717902       0.10527306152456554       0.13890395353765445        3.0376725791145826E-002
   5887.0117395869402       0.11503306791148009       0.15824181978196242        3.8273080241034263E-002
   5895.2800145020901       0.12349287101807269       0.18450269766313585        4.9291734637260852E-002
   5903.5482894172401       0.12868920817510002       0.21878936498783444        6.4429698532514068E-002
   5911.8165643323900       0.12832250574967125       0.26121136809477769        8.4698044303819844E-002
   5920.0848392475400       0.12056419790089562       0.31030326743750369       0.11082384359787725     
   5928.3531141626900       0.10543244959257732       0.36291519602635186       0.14282344093393676     
   5936.6213890778399        8.6198368370416167E-002  0.41495209160153895       0.17961539703421395     
   5944.8896639929899        6.9851953710991829E-002  0.46268440982938996       0.21895615853641345     
   5953.1579389081398        6.5955653707470877E-002  0.50352668588099092       0.25788927165027387     
   5961.4262138232898        8.4165720563677063E-002  0.53523044991176583       0.29355550303075423     
   5969.6944887384398       0.13129312456991515       0.55377060352444507       0.32389976588715941     
   5977.9627636535897       0.20851892453380233       0.55172291196834233       0.34787831347956077     
   5986.2310385687397       0.30920063084938865       0.51918463716857743       0.36515771758952731     
   5994.4993134838896       0.41836056195220966       0.44788493114517197       0.37562647134388411     
   6002.7675883990396       0.51542757444717879       0.33674901204570301       0.37906548161425907     
   6011.0358633141896       0.58048434897168566       0.19537473774536696       0.37513336755015264     
   6019.3041382293395       0.60150637514222227        4.2494087956278535E-002  0.36361566684797175     
   6027.5724131444895       0.57853841127558359      -0.10027453095333416       0.34476167487918746     
   6035.8406880596394       0.52245346167687945      -0.21576687292338864       0.31951296306929233     
   6044.1089629747894       0.44953282091114216      -0.29566679095954007       0.28949860835264135     
   6052.3772378899394       0.37535049656457964      -0.34044956524402231       0.25679390174612032     
   6060.6455128050893       0.31084845336823613      -0.35626097245980776       0.22354864145943237     
   6068.9137877202393       0.26135158063697761      -0.35117971288064148       0.19163183944037637     
   6077.1820626353892       0.22760676258444673      -0.33256367960841238       0.16240343936885945     
   6085.4503375505392       0.20752790268195198      -0.30590852181832595       0.13664785411264294     
   6093.7186124656891       0.19775879139636268      -0.27482613120342098       0.11463794196679006     
   6101.9868873808391       0.19473680202246565      -0.24154910093430434        9.6268390224107728E-002
   6110.2551622959891       0.19529275518193706      -0.20751485421505203        8.1201674946446312E-002
   6118.5234372111390       0.19693347944363615      -0.17380553312095096        6.8991158669235039E-002
   6126.7917121262890       0.19793472535053688      -0.14138588345251893        5.9168123539241738E-002
   6135.0599870414389       0.19732026646137191      -0.11117049199267821        5.1294165846280944E-002
   6143.3282619565889       0.19476479811414535       -8.3985963592709850E-002   4.4986968665039782E-002
   6151.5965368717389       0.19044479856546143       -6.0494437602606081E-002   3.9928798281494780E-002
   6159.8648117868888       0.18486159090448576       -4.1128268712704842E-002   3.5865342279041909E-002
   6168.1330867020388       0.17866378566853286       -2.6062233729519449E-002   3.2599988336383549E-002
   6176.4013616171887       0.17249589684673441       -1.5226857114351407E-002   2.9986691606540116E-002
   6184.6696365323387       0.16689307452135357       -8.3504436339328254E-003   2.7923028232073568E-002
   6192.9379114474887       0.16223149190508840       -5.0110800906879209E-003   2.6344167889426048E-002
   6201.2061863626386       0.15873308915363873       -4.6826557605540850E-003   2.5218120857228875E-002
   6209.4744612777886       0.15651441104005293       -6.7668935205849419E-003   2.4542551711133575E-002
   6217.7427361929385       0.15566289334105077       -1.0611116023171219E-002   2.4343532146564550E-002
   6226.0110111080885       0.15632006864092851       -1.5514476858600405E-002   2.4676662852100649E-002
   6234.2792860232385       0.15874964895198726       -2.0722195610768778E-002   2.5630860433310153E-002
   6242.5475609383884       0.16336890194706513       -2.5401173379697446E-002   2.7334617732455230E-002
   6250.8158358535384       0.17072226400046644       -2.8588133498025799E-002   2.9963372802345904E-002
   6259.0841107686883       0.18137467354010284       -2.9112287797196105E-002   3.3744297502565655E-002
   6267.3523856838383       0.19570176438469947       -2.5526578276215493E-002   3.8950786781776180E-002
   6275.6206605989883       0.21357219099338393       -1.6135705500438267E-002   4.5873441757711339E-002
   6283.8889355141382       0.23398693635186971        7.3809055399342649E-004   5.4750431160999820E-002
   6292.1572104292882       0.25487864543544642        2.6130870762026633E-002   6.5645946305789737E-002
   6300.4254853444381       0.27340297185745394        5.9529588929577736E-002   7.8292956978612244E-002
   6308.6937602595881       0.28694901303647891        9.8120651637764136E-002   9.1967398360428818E-002
   6316.9620351747380       0.29457308974073376       0.13685315758951283       0.10550209194162243     
   6325.2303100898880       0.29791483333465885       0.16959071329651942       0.11751425795723980     
   6333.4985850050380       0.30066828732648593       0.19074629334639606       0.12678556742923169     
   6341.7668599201879       0.30665106903375189       0.19637090956748077       0.13259641226390256     
   6350.0351348353379       0.31756744247274393       0.18433246706490355       0.13482753893291327     
   6358.3034097504878       0.33171138852600790       0.15420153669139292       0.13381055919583917     
   6366.5716846656378       0.34423924971965075       0.10755703808034890       0.13006917748816568     
   6374.8399595807878       0.34893097310077020        4.8591863297026056E-002  0.12411399316772728     
   6383.1082344959377       0.34075426763131150       -1.5853569745292548E-002  0.11636480658262033     
   6391.3765094110877       0.31807081556885886       -7.7524216129637905E-002  0.10717904780315383     
   6399.6447843262376       0.28335648547336534      -0.12895720713271316        9.6920859131286993E-002
   6407.9130592413876       0.24210816553814518      -0.16551081559169029        8.6010193898072421E-002
   6416.1813341565376       0.20067863905537436      -0.18614440814209371        7.4921656855687579E-002
   6424.4496090716875       0.16425755703895156      -0.19276069544267627        6.4137230751948618E-002
   6432.7178839868375       0.13582480286199650      -0.18876262332224422        5.4079705035995670E-002
   6440.9861589019874       0.11614641092813746      -0.17767268177335135        4.5057570620022351E-002
   6449.2544338171374       0.10438416045194877      -0.16230962009482253        3.7240465728583805E-002
   6457.5227087322874        9.8836789516330806E-002 -0.14456295442969760        3.0667158755338306E-002
   6465.7909836474373        9.7532133188179174E-002 -0.12555131137920059        2.5275648793273701E-002
   6474.0592585625873        9.8601488301869461E-002 -0.10591941211883080        2.0941175358942420E-002
   6482.3275334777372       0.10047972607860788       -8.6108695129644197E-002   1.7510882729762083E-002
   6490.5958083928872       0.10199629831386339       -6.6529426867162039E-002   1.4829409509003674E-002
   6498.8640833080372       0.10240214078584951       -4.7626778175052342E-002   1.2754508436860585E-002
   6507.1323582231871       0.10135309291048554       -2.9866851634907265E-002   1.1164478269103077E-002
   6515.4006331383371        9.8857988676687658E-002  -1.3680061506724819E-002   9.9600460080278789E-003
   6523.6689080534870        9.5198673422812241E-002   6.0232596157971528E-004   9.0631502180272498E-003
   6531.9371829686370        9.0833645611737762E-002   1.2792358386144518E-002   8.4143956081983301E-003
   6540.2054578837869        8.6300548606092209E-002   2.2857737204216272E-002   7.9702608398094961E-003
   6548.4737327989369        8.2132081964205128E-002   3.0902711071380602E-002   7.7006564393361379E-003
   6556.7420077140869        7.8795190122531930E-002   3.7127544476109997E-002   7.5871365452714794E-003
   6565.0102826292368        7.6656443810064881E-002   4.1781170795585014E-002   7.6218766106554798E-003
   6573.2785575443868        7.5970678109718054E-002   4.5121296690119377E-002   7.8074753474481721E-003
   6581.5468324595367        7.6886893844353169E-002   4.7392513560548417E-002   8.1576447866195997E-003
   6589.8151073746867        7.9465512255434870E-002   4.8827774968007442E-002   8.6989192463450445E-003
   6598.0833822898367        8.3702688048765087E-002   4.9673585411830541E-002   9.4736050742553063E-003
   6606.3516572049866        8.9558276260031752E-002   5.0235415456125414E-002   1.0544281812717691E-002
   6614.6199321201366        9.6982104911438646E-002   5.0937676991860442E-002   1.2000175610380401E-002
   6622.8882070352865       0.10592719580290458        5.2391451723073905E-002   1.3965435024318068E-002
   6631.1564819504365       0.11632930426550302        5.5460547504667612E-002   1.6608379360413469E-002
   6639.4247568655865       0.12802305807766054        6.1305941600396215E-002   2.0148321875067238E-002
   6647.6930317807364       0.14056774817557255        7.1362861661166094E-002   2.4851949851621910E-002
   6655.9613066958864       0.15299451205275866        8.7163520546849727E-002   3.1004800032382807E-002
   6664.2295816110363       0.16359182056467877       0.10989603079227526        3.8839421339562773E-002
   6672.4978565261863       0.17000527071363639       0.13967888414549837        4.8411982746548343E-002
   6680.7661314413363       0.16998447411004511       0.17482211844048798        5.9457494534488606E-002
   6689.0344063564862       0.16277655603120167       0.21169998066468743        7.1313089006807967E-002
   6697.3026812716362       0.15042793381477104       0.24574538102551943        8.3019355567158865E-002
   6705.5709561867861       0.13784996791044762       0.27315869792383685        9.3618287904357389E-002
   6713.8392311019361       0.13125578662788392       0.29200760600652187       0.10249652348896471     
   6722.1075060170861       0.13589363084815570       0.30180081992314362       0.10955081381137657     
   6730.3757809322360       0.15433692748895181       0.30209957822765882       0.11508404235205932     
   6738.6440558473860       0.18578788850448760       0.29157985795392571       0.11953595307938741     
   6746.9123307625359       0.22621319769616138       0.26842436953408977       0.12322405297169617     
   6755.1806056776859       0.26921817157347333       0.23178667210862419       0.12620348527255498     
   6763.4488805928358       0.30768743614127664       0.18327740539553916       0.12826216568771301     
   6771.7171555079858       0.33583961974994730       0.12739836334253218       0.12901859317614506     
   6779.9854304231358       0.35085015162645816        7.0557976752791657E-002  0.12807425697975616     
   6788.2537053382857       0.35326695371045053        1.9237552054996346E-002  0.12516762399293030     
   6796.5219802534357       0.34613616992689894       -2.1671667530904552E-002  0.12027990930523312     
   6804.7902551685856       0.33346101087008662       -4.9644949352087638E-002  0.11366086676667136     
   6813.0585300837356       0.31879666251367828       -6.4365480881867401E-002  0.10577422715901412     
   6821.3268049988856       0.30446211153101815       -6.7047499243144126E-002   9.7192544512685553E-002
   6829.5950799140355       0.29140929840755581       -5.9707340247867925E-002   8.8484345677858581E-002
   6837.8633548291855       0.27952777551437968       -4.4639853213364139E-002   8.0128493778928139E-002
   6846.1316297443354       0.26812048820358025       -2.4133106114282241E-002   7.2471003005249418E-002
   6854.3999046594854       0.25636039414329620       -3.3745237989489410E-004   6.5720765559414876E-002
   6862.6681795746354       0.24362957290656306        2.4805996458895675E-002   5.9970706254953071E-002
   6870.9364544897853       0.22970926882520037        4.9630665875043008E-002   5.5229551179408330E-002
   6879.2047294049353       0.21483017339087071        7.2811019115866377E-002   5.1453447903842639E-002
   6887.4730043200852       0.19961495134982343        9.3411249681431927E-002   4.8571790369439191E-002
   6895.7412792352352       0.18495573035137686       0.11089164778008147        4.6505579737192868E-002
   6904.0095541503852       0.17186983911531653       0.12505951545160590        4.5179124002515239E-002
   6912.2778290655351       0.16136715745148825       0.13596836168376417        4.4526754882940306E-002
   6920.5461039806851       0.15434651762594664       0.14378295001065411        4.4496384217022913E-002
   6928.8143788958350       0.15152140169800271       0.14863633387387024        4.5051494919992122E-002
   6937.0826538109850       0.15336293106570983       0.15050798853002459        4.6172843236419681E-002
   6945.3509287261350       0.16004564168791149       0.14915187927451171        4.7860890514413869E-002
   6953.6192036412849       0.17139106589869346       0.14410036948277910        5.0139813954963738E-002
   6961.8874785564349       0.18682384081833905       0.13476152715241171        5.3063816698566288E-002
   6970.1557534715848       0.20537721607345732       0.12060869942287861        5.6726259258561854E-002
   6978.4240283867348       0.22579565822361425       0.10143077047059997        6.1271880470894755E-002
   6986.6923033018847       0.24676488085042150        7.7576283156394643E-002   6.6910986129483846E-002
   6994.9605782170347       0.26724863114616548        5.0108303205682526E-002   7.3932672899651830E-002
   7003.2288531321847       0.28683998249151887        2.0810588880453722E-002   8.2710256165286114E-002
   7011.4971280473346       0.30597632327692759       -7.9489559981226164E-003   9.3684696307526988E-002
   7019.7654029624846       0.32586145676322725       -3.3424481264908559E-002  0.10730288495168085     
   7028.0336778776345       0.34799925666866577       -5.2701313308027513E-002  0.12388091106633480     
   7036.3019527927845       0.37337587535038758       -6.2964412315294857E-002  0.14337406151187862     
   7044.5702277079345       0.40154406710482987       -6.2048389338868290E-002  0.16508764044663590     
   7052.8385026230844       0.43013866923506994       -4.9456659705900720E-002  0.18746523596058218     
   7061.1067775382344       0.45543372781241626       -2.7571593091813628E-002  0.20818007317473461     
   7069.3750524533843       0.47399961288939296       -2.1319064164576156E-003  0.22468017804426291     
   7077.6433273685343       0.48442970648285055        1.8895312941035219E-002  0.23502917337420040     
   7085.9116022836843       0.48764061333714476        2.7749271644739407E-002  0.23856338985264025     
   7094.1798771988342       0.48535732287105471        1.9206129495623364E-002  0.23594060627475988     
   7102.4481521139842       0.47805627323061112       -8.2738443350281465E-003  0.22860625687522099     
   7110.7164270291341       0.46404056515218833       -5.2484464547440046E-002  0.21808826512559382     
   7118.9847019442841       0.44030080183399084      -0.10795524115595440       0.20551913018869553     
   7127.2529768594341       0.40455052449052931      -0.16689574744804311       0.19151531738180336     
   7135.5212517745840       0.35715547677373877      -0.22081718596517358       0.17632026420705471     
   7143.7895266897340       0.30179636595290871      -0.26261736205009900       0.16004892535253479     
   7152.0578016048839       0.24450221181378293      -0.28830547981038401       0.14290138127052771     
   7160.3260765200339       0.19167829884141785      -0.29754044439361987       0.12527088629669270     
   7168.5943514351839       0.14823526923997671      -0.29284203008856752       0.10773014963304187     
   7176.8626263503338       0.11662704906522742      -0.27807593530951513        9.0928094371924617E-002
   7185.1309012654838        9.6911513687223200E-002 -0.25703004630074877        7.5456286186513913E-002
   7193.3991761806337        8.7437643392806547E-002 -0.23258781377868434        6.1742432600435555E-002
   7201.6674510957837        8.5673306678187192E-002 -0.20654959591327682        5.0002651049112654E-002
   7209.9357260109336        8.8874391547330012E-002 -0.17987196725635704        4.0252582077580104E-002
   7218.2040009260836        9.4515072000401740E-002 -0.15304745134467862        3.2356621198342893E-002
   7226.4722758412336       0.10052183025083269      -0.12643131687281234        2.6089516243170706E-002
   7234.7405507563835       0.10537915065970026      -0.10043153590834641        2.1191258798669281E-002
   7243.0088256715335       0.10815321953754982       -7.5558924469325245E-002   1.7406269963298644E-002
   7251.2771005866834       0.10845568950693711       -5.2377969610559148E-002   1.4506088286949806E-002
   7259.5453755018334       0.10635905901571215       -3.1412161576525953E-002   1.2298973329617512E-002
   7267.8136504169834       0.10227698668126992       -1.3051836512773925E-002   1.0630932440956841E-002
   7276.0819253321333        9.6829587378598189E-002   2.5034504437028387E-003   9.3822362560336582E-003
   7284.3502002472833        9.0715873180918685E-002   1.5256227043425153E-002   8.4621221105770587E-003
   7292.6184751624332        8.4611375772192299E-002   2.5380702541618460E-002   7.8032649715692477E-003
   7300.8867500775832        7.9100688292558299E-002   3.3165212800154505E-002   7.3568502284360017E-003
   7309.1550249927332        7.4644668890506360E-002   3.8945018055673276E-002   7.0885410251300459E-003
   7317.4232999078831        7.1574413232109904E-002   4.3040483036643394E-002   6.9753798095484173E-003
   7325.6915748230331        7.0100496115816660E-002   4.5710916066206614E-002   7.0035674032954132E-003
   7333.9598497381830        7.0326618377860653E-002   4.7129907414932261E-002   7.1670614254053348E-003
   7342.2281246533330        7.2260851197261874E-002   4.7385179158599480E-002   7.4669858196453930E-003
   7350.4963995684830        7.5823823483773936E-002   4.6504443405967530E-002   7.9119154641973440E-003
   7358.7646744836329        8.0859535810700184E-002   4.4506703785959445E-002   8.5191112134130435E-003
   7367.0329493987829        8.7158201022182233E-002   4.1474393364823413E-002   9.3166773104032367E-003
   7375.3012243139328        9.4498138589208178E-002   3.7635808246170729E-002   1.0346352259167729E-002
   7383.5694992290828       0.10270128089818766        3.3440949492532242E-002   1.1665850201090537E-002
   7391.8377741442328       0.11167599851975019        2.9611699450179104E-002   1.3348381389710983E-002
   7400.1060490593827       0.12140098230570955        2.7147650701586677E-002   1.5475193443406563E-002
   7408.3743239745327       0.13180300168902145        2.7260793200679964E-002   1.8115182100166431E-002
   7416.6425988896826       0.14252706321452499        3.1187504854914724E-002   2.1286624207632533E-002
   7424.9108738048326       0.15270786955644641        3.9810484358140288E-002   2.4904568089298387E-002
   7433.1791487199825       0.16098712050652456        5.3104775662720836E-002   2.8736970167170167E-002
   7441.4474236351325       0.16601268876455760        6.9660005779143760E-002   3.2412729235988216E-002
   7449.7156985502825       0.16730847646964747        8.6738087388274807E-002   3.5515622102370581E-002
   7457.9839734654324       0.16589075295803429       0.10108763120048041        3.7738451098707902E-002
   7466.2522483805824       0.16398794308350695       0.11005786713133726        3.9004779594258604E-002
   7474.5205232957323       0.16395154742196769       0.11222637045949389        3.9474868128569283E-002
   7482.7887982108823       0.16713083871641260       0.10728063257034341        3.9441851374744548E-002
   7491.0570731260323       0.17337342452147442        9.5603232456131171E-002   3.9198322386364441E-002
   7499.3253480411822       0.18124735900348804        7.8071168581574035E-002   3.8945712509431830E-002
   7507.5936229563322       0.18872041011302673        5.6129502849326163E-002   3.8765914283341515E-002
   7515.8618978714821       0.19396611354386989        3.1854852736602074E-002   3.8637584846184028E-002
   7524.1301727866321       0.19599340916140678        7.7586955820444633E-003   3.8473613791845447E-002
   7532.3984477017821       0.19487774743001521       -1.3656989279233827E-002   3.8163849799569910E-002
   7540.6667226169320       0.19154985492048324       -3.0368849513765162E-002   3.7613613940847890E-002
   7548.9349975320820       0.18730169031302318       -4.1102380158312975E-002   3.6771328848794124E-002
   7557.2032724472319       0.18326311529188422       -4.5338011963122232E-002   3.5640904755254665E-002
   7565.4715473623819       0.18004673180357789       -4.3145493031209604E-002   3.4278359202055658E-002
   7573.7398222775319       0.17763028962948341       -3.4988501105539235E-002   3.2776715003466475E-002
   7582.0080971926818       0.17544194464417145       -2.1591641509545283E-002   3.1246074923605240E-002
   7590.2763721078318       0.17257023964448820       -3.8821786547422895E-003   2.9795558922063422E-002
   7598.5446470229817       0.16802113335080376        1.7034024122098628E-002   2.8521259230280819E-002
   7606.8129219381317       0.16096038320661915        3.9912556238560472E-002   2.7501257107517937E-002
   7615.0811968532817       0.15089664464698785        6.3455781595176883E-002   2.6796433583574118E-002
   7623.3494717684316       0.13777822800219974        8.6440566515484304E-002   2.6454811650944002E-002
   7631.6177466835816       0.12199727110488047       0.10786103399973830        2.6517336812530407E-002
   7639.8860215987315       0.10431643389450529       0.12704976186622560        2.7023560370731323E-002
   7648.1542965138815        8.5750357631572252E-002  0.14374678686086317        2.8016262566764968E-002
   7656.4225714290314        6.7441343065813800E-002  0.15810190840853960        2.9544548196943035E-002
   7664.6908463441814        5.0564072659811901E-002  0.17061157417879624        3.1665034687713631E-002
   7672.9591212593314        3.6280193202818736E-002  0.18200228814810937        3.4441085309981287E-002
   7681.2273961744813        2.5743734847787022E-002  0.19307355929486494        3.7940139182700894E-002
   7689.4956710896313        2.0136900463416395E-002  0.20450970817395900        4.2229715497671412E-002
   7697.7639460047812        2.0695261093808034E-002  0.21666919482169367        4.7373833816421934E-002
   7706.0322209199312        2.8666793251692434E-002  0.22937094040582248        5.3432813337986648E-002
   7714.3004958350812        4.5151145623412083E-002  0.24172681213353872        6.0470477655349686E-002
   7722.5687707502311        7.0800488178657542E-002  0.25211108449740111        6.8572708052791947E-002
   7730.8370456653811       0.10544274586514563       0.25838101598644692        7.7878922077770224E-002
   7739.1053205805310       0.14779193019519699       0.25841779019823125        8.8622208921759038E-002
   7747.3735954956810       0.19546555722493922       0.25091559264959967       0.10116541869595583     
   7755.6418704108310       0.24543859440345858       0.23615643911052103       0.11600996735610668     
   7763.9101453259809       0.29480543865655096       0.21640715410580241       0.13374230300965395     
   7772.1784202411309       0.34144273152173865       0.19567892974066550       0.15487338245347843     
   7780.4466951562808       0.38412303673737158       0.17883809024973601       0.17953356987651287     
   7788.7149700714308       0.42197350409752882       0.17024102402361246       0.20704364442095538     
   7796.9832449865808       0.45376248780241163       0.17212373567312306       0.23552697571870490     
   7805.2515199017307       0.47787143005322763       0.18315209567656848       0.26190579381183576     
   7813.5197948168807       0.49338494237084379       0.19793247529990463       0.28260596613662819     
   7821.7880697320306       0.50147945759180990       0.20825077038975678       0.29485002975450308     
   7830.0563446471806       0.50545543231972800       0.20569810505185368       0.29779690448344659     
   7838.3246195623306       0.50874242891592192       0.18412140852069675       0.29271955205491718     
   7846.5928944774805       0.51219190571107287       0.14073787405245006       0.28214769746874385     
   7854.8611693926305       0.51268453566166050        7.6290170085893269E-002  0.26866562315834697     
   7863.1294443077804       0.50404548439252184       -4.8613049077932714E-003  0.25408548262189851     
   7871.3977192229304       0.47983994153649878       -9.4757917142461526E-002  0.23922543235492819     
   7879.6659941380804       0.43667570208143469      -0.18285705600941185       0.22412237172074309     
   7887.9342690532303       0.37631694537514182      -0.25846496374655836       0.20841858086098719     
   7896.2025439683803       0.30546258036306284      -0.31373518313875448       0.19173715314116843     
   7904.4708188835302       0.23337990153967730      -0.34565902463970211       0.17394633975753965     
   7912.7390937986802       0.16880322421401683      -0.35605576087637159       0.15527023335829954     
   7921.0073687138301       0.11766705507877354      -0.34986282607156349       0.13624953291769221     
   7929.2756436289801        8.2394609177239939E-002 -0.33288012767105513       0.11759805101976807     
   7937.5439185441301        6.2463934459853196E-002 -0.31003912745644668       0.10002600366215962     
   7945.8121934592800        5.5517762891808368E-002 -0.28462983563873206        8.4096365332242684E-002
   7954.0804683744300        5.8404501330456722E-002 -0.25833996668966974        7.0150624164878994E-002
   7962.3487432895799        6.7885182063308680E-002 -0.23172497452122726        5.8304861760631987E-002
   7970.6170182047299        8.1013921303813657E-002 -0.20476852309928517        4.8493403497282997E-002
   7978.8852931198799        9.5307845276929051E-002 -0.17733580936138360        4.0531574653188032E-002
   7987.1535680350298       0.10881390440712718      -0.14944937647591180        3.4175581921362233E-002
   7995.4218429501798       0.12013171335921269      -0.12139420924910548        2.9168182593835648E-002
   8003.6901178653297       0.12840944208304678       -9.3694764062330044E-002   2.5267693628775040E-002
   8011.9583927804797       0.13330932534586534       -6.7017033595906161E-002   2.2262659016164591E-002
   8020.2266676956297       0.13493950244495501       -4.2045729342723909E-002   1.9976512676053614E-002
   8028.4949426107796       0.13375692706778283       -1.9375376083555544E-002   1.8266320736995391E-002
   8036.7632175259296       0.13045347196412660        5.6121055641166742E-004   1.7018423304783793E-002
   8045.0314924410795       0.12584139491439336        1.7518618707374072E-002   1.6142958675414664E-002
   8053.2997673562295       0.12075216032883987        3.1422753640763912E-002   1.5568473670449992E-002
   8061.5680422713795       0.11595609086850733        4.2325247973140155E-002   1.5237241625493335E-002
   8069.8363171865294       0.11210341386624385        5.0344428979633371E-002   1.5101736929751704E-002
   8078.1045921016794       0.10968211984375210        5.5609756642423180E-002   1.5122612447248728E-002
   8086.3728670168293       0.10898730495674629        5.8225885956323123E-002   1.5268486437133560E-002
   8094.6411419319793       0.11010088435949474        5.8269973204799153E-002   1.5517594514030845E-002
   8102.9094168471293       0.11288918380878510        5.5830432041419124E-002   1.5861004962945187E-002
   8111.1776917622792       0.11703398604172600        5.1084364514240262E-002   1.6306566186638685E-002
   8119.4459666774292       0.12211217641041965        4.4394661159790683E-002   1.6882269567182074E-002
   8127.7142415925791       0.12772227206153661        3.6392809405935388E-002   1.7637415357017912E-002
   8135.9825165077291       0.13362289660685098        2.8012073372783372E-002   1.8639754752247384E-002
   8144.2507914228790       0.13981423609607790        2.0454820675760734E-002   1.9966420304007342E-002
   8152.5190663380290       0.14648364990808460        1.5102310106564182E-002   2.1685539460949126E-002
   8160.7873412531790       0.15377378141215714        1.3370918265116320E-002   2.3825157305046307E-002
   8169.0556161683289       0.16142699555998546        1.6468691007180354E-002   2.6329892679013547E-002
   8177.3238910834789       0.16850723136939688        2.4971858543776627E-002   2.9018280742909842E-002
   8185.5921659986288       0.17351992912230635        3.8262446618926790E-002   3.1573180623876443E-002
   8193.8604409137788       0.17512401066474656        5.4176258501941889E-002   3.3603486096575499E-002
   8202.1287158289288       0.17311150863408409        6.9363005102343847E-002   3.4778820898396345E-002
   8210.3969907440787       0.16883447056057027        8.0398505317080482E-002   3.4968998106688687E-002
   8218.6652656592287       0.16455729740103273        8.4923673946669845E-002   3.4291134524532224E-002
   8226.9335405743786       0.16218097544998977        8.2036302508634237E-002   3.3032623727198333E-002
   8235.2018154895286       0.16228094122850623        7.1964785862126887E-002   3.1514034290191673E-002
   8243.4700904046786       0.16396693491052036        5.5637293508824695E-002   2.9980664172937928E-002
   8251.7383653198285       0.16543665053691328        3.4532899473125239E-002   2.8561806486893746E-002
   8260.0066402349785       0.16483287911144606        1.0687073829216819E-002   2.7284091583199721E-002
   8268.2749151501284       0.16102020849272855       -1.3459239253614910E-002   2.6108658664327818E-002
   8276.5431900652784       0.15398674302814519       -3.5474730127513655E-002   2.4970373506035946E-002
   8284.8114649804284       0.14475268548584272       -5.3439339807609329E-002   2.3809102994436438E-002
   8293.0797398955783       0.13490348969924620       -6.6261477438382038E-002   2.2589534925351838E-002
   8301.3480148107283       0.12601851889477986       -7.3676747293291392E-002   2.1308930196153507E-002
   8309.6162897258782       0.11924137625957208       -7.5999066943063742E-002   1.9994363988493125E-002
   8317.8845646410282       0.11509324328732018       -7.3801062249349098E-002   1.8693051439526570E-002
   8326.1528395561782       0.11349366976802419       -6.7672451032141201E-002   1.7460373706110879E-002
   8334.4211144713281       0.11389681619273154       -5.8113335264823519E-002   1.6349644474442655E-002
   8342.6893893864781       0.11546386245782876       -4.5541212606714981E-002   1.5405905579370414E-002
   8350.9576643016280       0.11722875941315759       -3.0356277795170472E-002   1.4664085635125544E-002
   8359.2259392167780       0.11824232153564104       -1.3011386355110498E-002   1.4150542777019878E-002
   8367.4942141319279       0.11769108432015896        5.9483619661095215E-003   1.3886574338534624E-002
   8375.7624890470779       0.11498811048304389        2.5890101577027657E-002   1.3892562912129518E-002
   8384.0307639622279       0.10983242124452976        4.6138293970269723E-002   1.4191902926922861E-002
   8392.2990388773778       0.10223495554860974        6.6046580298829913E-002   1.4814136905195997E-002
   8400.5673137925278        9.2513408331195784E-002   8.5077746401427942E-002   1.5796953653800253E-002
   8408.8355887076777        8.1263434987664349E-002  0.10287339529290350        1.7186681325084330E-002
   8417.1038636228277        6.9316906144420057E-002  0.11929722731826270        1.9036661923259583E-002
   8425.3721385379777        5.7698893459629509E-002  0.13443918319280959        2.1403056284015492E-002
   8433.6404134531276        4.7590813563562200E-002  0.14856950693471724        2.4337783926466731E-002
   8441.9086883682776        4.0297324267057150E-002  0.16203547294201467        2.7879368834626723E-002
   8450.1769632834275        3.7199698624495681E-002  0.17510148646456830        3.2044348139854698E-002
   8458.4452381985775        3.9662041963420977E-002  0.18775193806284107        3.6823867819061072E-002
   8466.7135131137275        4.8850755033094016E-002  0.19951255740642307        4.2191656830154620E-002
   8474.9817880288774        6.5452868341557294E-002  0.20939039214068617        4.8128414294967559E-002
   8483.2500629440274        8.9349618361598951E-002  0.21605385040467109        5.4662620576047372E-002
   8491.5183378591773       0.11939685407642890       0.21832150405522616        6.1919887896284186E-002
   8499.7866127743273       0.15350225335417905       0.21587519608006830        7.0165042067418512E-002
   8508.0548876894773       0.18906972943888636       0.20992392242448563        7.9815415796175154E-002
   8516.3231626046272       0.22360533852395334       0.20346895731988671        9.1398964009253653E-002
   8524.5914375197772       0.25504161380518858       0.20094335335317451       0.10542445602917370     
   8532.8597124349271       0.28142759570347464       0.20719551999128907       0.12213147512789906     
   8541.1279873500771       0.30018301406404041       0.22587454934677692       0.14112915397518144     
   8549.3962622652271       0.30788287770898520       0.25742653354270284       0.16106028655817825     
   8557.6645371803770       0.30173962619599404       0.29758124437112221       0.17960139901836375     
   8565.9328120955270       0.28259705392580281       0.33798586319340473       0.19409553860613399     
   8574.2010870106769       0.25692415601999191       0.36967818548249815       0.20267198276821743     
   8582.4693619258269       0.23515615623896968       0.38707359716983347       0.20512438744308123     
   8590.7376368409768       0.22714968200415708       0.38893139062928439       0.20286460465141867     
   8599.0059117561268       0.23822244877108298       0.37590284048665634       0.19805288058442785     
   8607.2741866712768       0.26777539630384112       0.34771693473612608       0.19261072956796654     
   8615.5424615864267       0.30988597301356546       0.30271102215187473       0.18766327920279702     
   8623.8107365015767       0.35491900705980034       0.23979150887610129       0.18346746930139196     
   8632.0790114167266       0.39203906554604101       0.16102107306098298       0.17962241488392347     
   8640.3472863318766       0.41240842090649288        7.2773671063276826E-002  0.17537671283461301     
   8648.6155612470266       0.41194227180420573       -1.5508626757811495E-002  0.16993695280312321     
   8656.8838361621765       0.39222854200368484       -9.4245223680325674E-002  0.16272539134889100     
   8665.1521110773265       0.35920469495605134      -0.15657045956426513       0.15354232168663509     
   8673.4203859924764       0.32052179322729235      -0.19966958476639704       0.14260216301442458     
   8681.6886609076264       0.28304121123084491      -0.22435717690612761       0.13044847008431121     
   8689.9569358227764       0.25140629581568646      -0.23364305349782952       0.11779420202355408     
   8698.2252107379263       0.22778779869134513      -0.23122560992304347       0.10535256391693223     
   8706.4934856530763       0.21237314850210248      -0.22047436760042788        9.3711300973504677E-002
   8714.7617605682262       0.20409933462715479      -0.20399990268965673        8.3272498692636726E-002
   8723.0300354833762       0.20130957698076127      -0.18364373079182070        7.4250565643311756E-002
   8731.2983103985262       0.20221790126267009      -0.16066813391413837        6.6706328846530494E-002
   8739.5665853136761       0.20518889056699446      -0.13598468841103642        6.0594316294360691E-002
   8747.8348602288261       0.20888431795212617      -0.11033845321036168        5.5807232543180110E-002
   8756.1031351439760       0.21232609064855471       -8.4423740408783463E-002   5.2209736714707924E-002
   8764.3714100591260       0.21490894830819199       -5.8938847325310288E-002   4.9659643786969368E-002
   8772.6396849742760       0.21638166249615251       -3.4598545765714549E-002   4.8018083233701096E-002
   8780.9079598894259       0.21680465946446731       -1.2124729841825594E-002   4.7151269439240889E-002
   8789.1762348045759       0.21648660364576019        7.7687407315324359E-003   4.6926802890630240E-002
   8797.4445097197258       0.21589920363330545        2.4387296187063069E-002   4.7207206344811029E-002
   8805.7127846348758       0.21556960205403092        3.7061500153122581E-002   4.7843808123333158E-002
   8813.9810595500257       0.21595217680966045        4.5155015608875554E-002   4.8674318103468645E-002
   8822.2493344651757       0.21728949377961226        4.8092225598091967E-002   4.9527586269977927E-002
   8830.5176093803257       0.21948621126872214        4.5428144175154006E-002   5.0237913220296707E-002
   8838.7858842954756       0.22203897194452557        3.6976895404213478E-002   5.0668595855915953E-002
   8847.0541592106256       0.22407976565226476        2.2988671504625427E-002   5.0740220392321470E-002
   8855.3224341257755       0.22458039468637223        4.3199753070017662E-003   5.0455015864139828E-002
   8863.5907090409255       0.22271365261736678       -1.7498802133039060E-002   4.9907579138260376E-002
   8871.8589839560755       0.21827649739328728       -4.0387987026452639E-002   4.9275818810330656E-002
   8880.1272588712254       0.21200014432544750       -6.2038603425892687E-002   4.8792849509045756E-002
   8888.3955337863754       0.20557096171823847       -8.0292028906975912E-002   4.8706230207760118E-002
   8896.6638087015253       0.20128560364546721       -9.3355021650243369E-002   4.9231054302237530E-002
   8904.9320836166753       0.20139046892561244       -9.9700306621823068E-002   5.0498272114563605E-002
   8913.2003585318253       0.20721607615569373       -9.7762554527179982E-002   5.2496019285042106E-002
   8921.4686334469752       0.21825824731139232       -8.5865361571548629E-002   5.5009522837253667E-002
   8929.7369083621252       0.23158458933579193       -6.2924856308818403E-002   5.7590959559312836E-002
   8938.0051832772751       0.24232210190798587       -2.9965427854098056E-002   5.9617927939583440E-002
   8946.2734581924251       0.24577189808586944        8.6594480778474595E-003   6.0478811929743928E-002
   8954.5417331075751       0.24022730454238503        4.5994074974462430E-002   5.9824612780456275E-002
   8962.8100080227250       0.22816835144927067        7.5268432043475525E-002   5.7726133465361186E-002
   8971.0782829378750       0.21459142407156970        9.2546243348280210E-002   5.4614286442943361E-002
   8979.3465578530249       0.20397962843226139        9.7191717490159729E-002   5.1053918764050438E-002
   8987.6148327681749       0.19828266954001303        9.0556951366676366E-002   4.7516578480740604E-002
   8995.8831076833249       0.19671503402290930        7.4641877244957661E-002   4.4268214449285692E-002
   9004.1513825984748       0.19673508188436425        5.1664088241353767E-002   4.1373870457857898E-002
   9012.4196575136248       0.19538627580625631        2.4232442137755581E-002   3.8763008025398130E-002
   9020.6879324287747       0.19048603145198023       -4.5748621444787986E-003   3.6305857541965789E-002
   9028.9562073439247       0.18132622704134405       -3.1576099131542211E-002   3.3876250649414026E-002
   9037.2244822590746       0.16870803505895191       -5.4130217114331219E-002   3.1392481498297181E-002
   9045.4927571742246       0.15441038191497447       -7.0653599475166806E-002   2.8834497161925564E-002
   9053.7610320893746       0.14043398863169573       -8.0734102574286579E-002   2.6239700481482671E-002
   9062.0293070045245       0.12838311185827045       -8.4862121877030766E-002   2.3683803139885207E-002
   9070.2975819196745       0.11916766310955615       -8.3994407558934420E-002   2.1255992432169048E-002
   9078.5658568348244       0.11300214736660226       -7.9169372259166176E-002   1.9037274813373726E-002
   9086.8341317499744       0.10957315854376791       -7.1281627290292512E-002   1.7087347462409870E-002
   9095.1024066651244       0.10825070092250606       -6.1013206002075555E-002   1.5440825556865562E-002
   9103.3706815802743       0.10827134976719605       -4.8864541494664168E-002   1.4110428595894259E-002
   9111.6389564954243       0.10887120618511147       -3.5224395435679894E-002   1.3093697570010200E-002
   9119.9072314105742       0.10937386177230077       -2.0437264092513868E-002   1.2380323402573511E-002
   9128.1755063257242       0.10924686629470234       -4.8484579816084773E-003   1.1958385340011994E-002
   9136.4437812408742       0.10813761958609276        1.1177403215771499E-002   1.1818679112394453E-002
   9144.7120561560241       0.10589631877991836        2.7260452151447179E-002   1.1957162582639430E-002
   9152.9803310711741       0.10258857245710355        4.3024447404118669E-002   1.2375518273216160E-002
   9161.2486059863240        9.8497836270219769E-002   5.8120316587681374E-002   1.3079794950167332E-002
   9169.5168809014740        9.4117255258013427E-002   7.2243747506542944E-002   1.4077216791091186E-002
   9177.7851558166240        9.0127452017303766E-002   8.5135330304512313E-002   1.5370982073189805E-002
   9186.0534307317739        8.7355030540270731E-002   9.6553119336737700E-002   1.6953406214345941E-002
   9194.3217056469239        8.6702599263619090E-002  0.10621328154723880        1.8798601896100740E-002
   9202.5899805620738        8.9037521144974069E-002  0.11370793692604768        2.0857175091619742E-002
   9210.8582554772238        9.5028751268440875E-002  0.11843186117634666        2.3056569309332649E-002
   9219.1265303923738       0.10493898365296939       0.11957636825977731        2.5310698136316055E-002
   9227.3948053075237       0.11842138512496184       0.11626119649677567        2.7540290265776417E-002
   9235.6630802226737       0.13442671053120533       0.10784403320545206        2.9700876002259118E-002
   9243.9313551378236       0.15135321917961775        9.4354101589136360E-002   3.1810493442726476E-002
   9252.1996300529736       0.16750253696276493        7.6876051859736255E-002   3.3967027238503290E-002
   9260.4679049681235       0.18171862662804772        5.7667713244209495E-002   3.6347224414400192E-002
   9268.7361798832735       0.19388027684838879        3.9923674834969468E-002   3.9183461563136256E-002
   9277.0044547984235       0.20486228215724275        2.7331555742927106E-002   4.2715568590002473E-002
   9285.2727297135734       0.21576077525482540        2.3654151160131136E-002   4.7112231005669608E-002
   9293.5410046287234       0.22652966523606252        3.2293622022556388E-002   5.2358567255298291E-002
   9301.8092795438733       0.23466944138827589        5.5348130857339285E-002   5.8133162310886603E-002
   9310.0775544590233       0.23521606540242920        9.1820642612038469E-002   6.3757627833087555E-002
   9318.3458293741733       0.22323494670565350       0.13604196440782332        6.8341257510615427E-002
   9326.6141042893232       0.19798004510708889       0.17875486007910268        7.1149398262504535E-002
   9334.8823792044732       0.16503767859409565       0.21155720395142583        7.1993885899473198E-002
   9343.1506541196231       0.13379017690458692       0.23116960653584245        7.1339198422096878E-002
   9351.4189290347731       0.11253790951487816       0.23954173091207592        7.0045021926332288E-002
   9359.6872039499231       0.10558543726678178       0.24047310112048517        6.8975596925320598E-002
   9367.9554788650730       0.11333184274191209       0.23641454945035983        6.8735945771094126E-002
   9376.2237537802230       0.13353331240191929       0.22752459127845598        6.9598585157457010E-002
   9384.4920286953729       0.16230805402286586       0.21259976150078591        7.1542562990880590E-002
   9392.7603036105229       0.19486344869418656       0.19066166536710935        7.4323634277551467E-002
   9401.0285785256729       0.22636452802271412       0.16219055051514783        7.7546674223352846E-002
   9409.2968534408228       0.25295211208092255       0.12945857960865462        8.0744294840489977E-002
   9417.5651283559728       0.27250221374959688        9.5959409611951652E-002   8.3465664791505315E-002
   9425.8334032711227       0.28476116669445933        6.5383618637899862E-002   8.5363939643375977E-002
   9434.1016781862727       0.29086496902301129        4.0706321078877512E-002   8.6259434780533981E-002
   9442.3699531014227       0.29256953644863881        2.3724491249394700E-002   8.6159785142813999E-002
   9450.6382280165726       0.29156205538876995        1.5052125028232367E-002   8.5234998610389689E-002
   9458.9065029317226       0.28905956360278423        1.4384295236876250E-002   8.3762339259693688E-002
   9467.1747778468725       0.28570917611895730        2.0826220583379206E-002   8.2063464782360929E-002
   9475.4430527620225       0.28169525789081001        3.3166977532676827E-002   8.0452266716823054E-002
   9483.7113276771724       0.27693964348513844        5.0065026834453352E-002   7.9202073045610111E-002
   9491.9796025923224       0.27130984884962994        7.0161221487032882E-002   7.8531631083361531E-002
   9500.2478775074724       0.26478832080598669        9.2146372169082225E-002   7.8603808739177133E-002
   9508.5161524226223       0.25758529680359027       0.11480206788659574        7.9529699920432240E-002
   9516.7844273377723       0.25019455081790759       0.13702007112504877        8.1371813150087957E-002
   9525.0527022529222       0.24339769895654478       0.15779684508048389        8.4142284174695034E-002
   9533.3209771680722       0.23822143414303928       0.17619528970399168        8.7794231799039960E-002
   9541.5892520832222       0.23584628840408073       0.19126776028932871        9.2206827880076933E-002
   9549.8575269983721       0.23745727098397520       0.20194586502821929        9.7168087945152803E-002
   9558.1258019135221       0.24402053034752499       0.20692220645130677       0.10236281875376459     
   9566.3940768286720       0.25597584606848683       0.20458022162958520       0.10737670085248786     
   9574.6623517438220       0.27286505531993827       0.19306111698194386       0.11172793330506878     
   9582.9306266589720       0.29298327864502804       0.17056926885068502       0.11493307704184741     
   9591.1989015741219       0.31323220712187139       0.13596788541990953       0.11660168144400058     
   9599.4671764892719       0.32941560549107585        8.9569550276795848E-002  0.11653734547783959     
   9607.7354514044218       0.33714597617472264        3.3807433749588583E-002  0.11481035182753947     
   9616.0037263195718       0.33325303518547988       -2.6677370524742533E-002  0.11176926755844908     
   9624.2720012347218       0.31718587255213154       -8.5866037047541283E-002  0.10797985406490677     
   9632.5402761498717       0.29168184236417360      -0.13795134910089363       0.10410887188371523     
   9640.8085510650217       0.26223812218784948      -0.17894167790792265       0.10078895682111219     
   9649.0768259801716       0.23558425485220519      -0.20735787990874249        9.8497231494517237E-002
   9657.3451008953216       0.21787234272285408      -0.22359007392644756        9.7460878881979074E-002
   9665.6133758104716       0.21319380347713049      -0.22833431691981529        9.7588158124283980E-002
   9673.8816507256215       0.22249671621930689      -0.22119810217113328        9.8433389132485893E-002
   9682.1499256407715       0.24281735264704210      -0.20069789721786979        9.9239912694192634E-002
   9690.4182005559214       0.26740611774049561      -0.16618518826255971        9.9123548602906203E-002
   9698.6864754710714       0.28785816662901947      -0.12054510986942672        9.7393447608452505E-002
   9706.9547503862213       0.29802625807465483       -7.1011631406470252E-002   9.3862302296989150E-002
   9715.2230253013713       0.29701703426487336       -2.6630657151620590E-002   8.8928310543828118E-002
   9723.4913002165213       0.28866262706363660        5.6321271623566323E-003   8.3357833119653099E-002
   9731.7595751316712       0.27822405014422108        2.2878712839792925E-002   7.7932057579859756E-002
   9740.0278500468212       0.26930867611597259        2.5611625130248408E-002   7.3183118373150197E-002
   9748.2961249619711       0.26277787646250800        1.6106042100695390E-002   6.9311616950294488E-002
   9756.5643998771211       0.25735346213752830       -2.6552105189138150E-003   6.6237854617071962E-002
   9764.8326747922711       0.25091456034405901       -2.7309952257115581E-002   6.3703950084938371E-002
   9773.1009497074210       0.24173208219193601       -5.4248939798926220E-002   6.1377347030156432E-002
   9781.3692246225710       0.22923056127291372       -7.9954874268387807E-002   5.8939432140768758E-002
   9789.6374995377209       0.21411866050287734      -0.10152348141968999        5.6153818055120583E-002
   9797.9057744528709       0.19798309255012914      -0.11709130258027466        5.2907678075658437E-002
   9806.1740493680209       0.18263875894448556      -0.12594784996050346        4.9219777178455389E-002
   9814.4423242831708       0.16955532783301253      -0.12832438300994636        4.5216156471443766E-002
   9822.7105991983208       0.15954630444399143      -0.12501882498111150        4.1084729861392583E-002
   9830.9788741134707       0.15273296498437247      -0.11703999259352792        3.7025718459210613E-002
   9839.2471490286207       0.14868913328698308      -0.10537604377269529        3.3212568958819209E-002
   9847.5154239437707       0.14665555722642690       -9.0899080494220991E-002   2.9770495300088642E-002
   9855.7836988589206       0.14574651618981327       -7.4363307965443215E-002   2.6771948553030854E-002
   9864.0519737740706       0.14511284251854795       -5.6443104775137441E-002   2.4243561140470039E-002
   9872.3202486892205       0.14405405892777942       -3.7771483376131787E-002   2.2178256850001545E-002
   9880.5885236043705       0.14208525629303959       -1.8959763017601019E-002   2.0547692669542334E-002
   9888.8567985195205       0.13896726899260750       -5.9541972810834480E-004   1.9312256375916350E-002
   9897.1250734346704       0.13470799527903890        1.6775541632832191E-002   1.8427662789172454E-002
   9905.3933483498204       0.12954117481295488        3.2671289175507920E-002   1.7848329108310194E-002
   9913.6616232649703       0.12388744351814594        4.6691245966068794E-002   1.7528171111325735E-002
   9921.9298981801203       0.11830093312215807        5.8519227750776184E-002   1.7419610794120528E-002
   9930.1981730952702       0.11340352114765005        6.7907659804997314E-002   1.7471808868876761E-002
   9938.4664480104202       0.10980726295377698        7.4643291416969057E-002   1.7629255950958489E-002
   9946.7347229255702       0.10802393303557106        7.8503155438039735E-002   1.7831915522202570E-002
   9955.0029978407201       0.10836227458867005        7.9219283395580209E-002   1.8018077415739579E-002
   9963.2712727558701       0.11082145792420650        7.6480070988614174E-002   1.8130596794870134E-002
   9971.5395476710200       0.11500582398840849        6.9997988124072263E-002   1.8126057892670557E-002
   9979.8078225861700       0.12010768939540961        5.9657351008487916E-002   1.7984856581254125E-002
   9988.0760975013200       0.12501635367137978        4.5714784217430499E-002   1.7718930181333747E-002
   9996.3443724164699       0.12858705530954675        2.8969646068801466E-002   1.7373871186532060E-002
   10004.612647331620       0.13002863102766574        1.0791413062152533E-002   1.7023899482806831E-002
   10012.880922246770       0.12927055246437774       -7.0636492133660895E-003   1.6760770874654926E-002
   10021.149197161920       0.12712291792028074       -2.2785344971857684E-002   1.6679408206052994E-002
   10029.417472077070       0.12510575992089940       -3.4798924711388374E-002   1.6862416326454591E-002
   10037.685746992220       0.12495850922134003       -4.1813910644482727E-002   1.7363032150204506E-002
   10045.954021907370       0.12793416159102605       -4.2626092079938255E-002   1.8184133428006139E-002
   10054.222296822520       0.13401482341470430       -3.5974934238734470E-002   1.9254168788355647E-002
   10062.490571737670       0.14132843309012327       -2.0946297955399436E-002   2.0412473397745823E-002
   10070.758846652820       0.14637752303184573        1.9093339280585923E-003   2.1430024804987364E-002
   10079.027121567970       0.14564173087314114        2.9548846378143021E-002   2.2084648094003571E-002
   10087.295396483119       0.13792058180821964        5.6951792001745230E-002   2.2265593498527858E-002
   10095.563671398269       0.12542393240479452        7.9406768754481549E-002   2.2036597743910171E-002
   10103.831946313419       0.11246006150989307        9.4654711119427346E-002   2.1606779771911173E-002
   10112.100221228569       0.10303799996212420       0.10305352162287423        2.1236857755070913E-002
   10120.368496143719        9.9393131242412738E-002  0.10617380935860087        2.1151872331888005E-002
   10128.636771058869       0.10191083083155242       0.10543099124982883        2.1501511356698776E-002
   10136.905045974019       0.10970785110830089       0.10160853386890180        2.2360106749788881E-002
   10145.173320889169       0.12122908116785387        9.5101479710046066E-002   2.3740781563842406E-002
   10153.441595804319       0.13470891698707563        8.6379044598522206E-002   2.5607831661584323E-002
   10161.709870719469       0.14853863053075841        7.6299152777559137E-002   2.7885285474526466E-002
   10169.978145634619       0.16152906862801653        6.6141564450931195E-002   3.0466346559851157E-002
   10178.246420549769       0.17300799034318096        5.7413209671503082E-002   3.3228041367370169E-002
   10186.514695464919       0.18273467541493169        5.1568583388742442E-002   3.6051280391722118E-002
   10194.782970380069       0.19069550997825932        4.9773786804362646E-002   3.8842207378714542E-002
   10203.051245295219       0.19688604398911533        5.2771918700528768E-002   4.1548989721019072E-002
   10211.319520210369       0.20116631974604479        6.0842966003631323E-002   4.4169754712286971E-002
   10219.587795125519       0.20322568313628989        7.3825351857412916E-002   4.6750860863082520E-002
   10227.856070040669       0.20264612582446373        9.1172080571136488E-002   4.9377800587334188E-002
   10236.124344955819       0.19902686564303421       0.11202994268139917        5.2162401304887973E-002
   10244.392619870969       0.19212698394323291       0.13533910641717181        5.5229451684921826E-002
   10252.660894786119       0.18198998517242709       0.15994913704658587        5.8704081145007740E-002
   10260.929169701269       0.16902769916724936       0.18474144498412712        6.2699764580597422E-002
   10269.197444616419       0.15405459914058026       0.20874105230694243        6.7305646434574540E-002
   10277.465719531569       0.13827484553788161       0.23119533553003246        7.2571216079369311E-002
   10285.733994446718       0.12323070752146315       0.25159836619365017        7.8487545147554488E-002
   10294.002269361868       0.11072091831618411       0.26964235709906625        8.4966122494719479E-002
   10302.270544277018       0.10268895040672640       0.28508573252287400        9.1818895423738778E-002
   10310.538819192168       0.10106785537102314       0.29754379553047106        9.8747021647976815E-002
   10318.807094107318       0.10755340505637669       0.30623702369674366       0.10534884962186097     
   10327.075369022468       0.12327311881826901       0.30977594456354068       0.11115739765341690     
   10335.343643937618       0.14835049308903714       0.30611078874507819       0.11571168378589435     
   10343.611918852768       0.18144715604992612       0.29279719273537574       0.11865326651232302     
   10351.880193767918       0.21949075756803546       0.26767072550918297       0.11982380995240249     
   10360.148468683068       0.25788558918396354       0.22983689546741359       0.11932997562685882     
   10368.416743598218       0.29142226352935302       0.18061013524734501       0.11754695663463594     
   10376.685018513368       0.31577119869677706       0.12386120364151428       0.11505304769392412     
   10384.953293428518       0.32899351657144327        6.5398856090846696E-002  0.11251374432403580     
   10393.221568343668       0.33228763217743124        1.1551934384894371E-002  0.11054851768611673     
   10401.489843258818       0.32948935535937696       -3.2327314690140954E-002  0.10960829057021319     
   10409.758118173968       0.32549742738919768       -6.2665433271438239E-002  0.10987553176408310     
   10418.026393089118       0.32430182421274723       -7.7592103064265866E-002  0.11119220764565126     
   10426.294668004268       0.32737710751922189       -7.6573484675331205E-002  0.11303926908297536     
   10434.562942919418       0.33309644638777591       -6.0573617643557141E-002  0.11462240575059233     
   10442.831217834568       0.33768550980428547       -3.2857469783894387E-002  0.11511111685237971     
   10451.099492749718       0.33760896911630811        6.0372177771724996E-004  0.11398018050776117     
   10459.367767664868       0.33200126572995209        3.2317936125174557E-002  0.11126928944168112     
   10467.636042580018       0.32322572406732875        5.5675211896245157E-002  0.10757459791854074     
   10475.904317495168       0.31515611152105671        6.6731000755182124E-002  0.10377640109086085     
   10484.172592410318       0.31075366008429278        6.4254704991244069E-002  0.10069650436929597     
   10492.440867325467       0.31063934117679159        4.8733080003777671E-002   9.8871713373405723E-002
   10500.709142240617       0.31308430504224699        2.1583440889480651E-002   9.8487626984416474E-002
   10508.977417155767       0.31494169846846454       -1.4968967960665287E-002   9.9412343436008660E-002
   10517.245692070917       0.31294077494622624       -5.7733439892077285E-002  0.10126507870571672     
   10525.513966986067       0.30488349750719490      -0.10266659471514220       0.10349437672262299     
   10533.782241901217       0.29036203754820439      -0.14545854258473231       0.10546830046001925     
   10542.050516816367       0.27078146518501656      -0.18236517622938750       0.10657965938891989     
   10550.318791731517       0.24876649981836466      -0.21087579907297463       0.10635337406654599     
   10558.587066646667       0.22728402439807524      -0.22993722900921101       0.10452915703101921     
   10566.855341561817       0.20885868514599862      -0.23973343855041343       0.10109407192012024     
   10575.123616476967       0.19511066321718054      -0.24122318688061203        9.6256796789886717E-002
   10583.391891392117       0.18664397930303170      -0.23567196867091089        9.0377251827293337E-002
   10591.660166307267       0.18318307662874705      -0.22432692648223687        8.3878609508140328E-002
   10599.928441222417       0.18382512566388948      -0.20827084507544019        7.7168421733782772E-002
   10608.196716137567       0.18730822986175782      -0.18841603860585082        7.0584976577866582E-002
   10616.464991052717       0.19224452861527369      -0.16557315602254949        6.4372428777776297E-002
   10624.733265967867       0.19730337952089755      -0.14053723044437574        5.8679336711342900E-002
   10633.001540883017       0.20134709369858825      -0.11415278561026801        5.3571510603451888E-002
   10641.269815798167       0.20352545561690186       -8.7340078901514032E-002   4.9050900466590185E-002
   10649.538090713317       0.20333230165219962       -6.1079432254821243E-002   4.5074721939752399E-002
   10657.806365628467       0.20062336614362095       -3.6361496952025910E-002   4.1571893503389579E-002
   10666.074640543617       0.19559352001229235       -1.4117841375336887E-002   3.8456138515898179E-002
   10674.342915458767       0.18871340233956954        4.8509902181684906E-003   3.5636280328673012E-002
   10682.611190373917       0.18063040240143610        1.9934140535130825E-002   3.3024712230579074E-002
   10690.879465289067       0.17204552668434719        3.0745521551975640E-002   3.0544950347597421E-002
   10699.147740204216       0.16358415171389198        3.7133152920872228E-002   2.8138645737798510E-002
   10707.416015119366       0.15568306902589502        3.9170882321222088E-002   2.5771576003144621E-002
   10715.684290034516       0.14851777285899168        3.7146461374729149E-002   2.3437388447659288E-002
   10723.952564949666       0.14199183045494682        3.1557341629748527E-002   2.1157545726683023E-002
   10732.220839864816       0.13580219022954199        2.3113617617031779E-002   1.8976474190487071E-002
   10740.489114779966       0.12957733907742736        1.2730195474839756E-002   1.6952344679214214E-002
   10748.757389695116       0.12305844025412681        1.4801099789971000E-003   1.5145570443328423E-002
   10757.025664610266       0.11626595912297055       -9.5077470745218891E-003   1.3608170505217339E-002
   10765.293939525416       0.10958353681225430       -1.9187122572282909E-002   1.2376697212886501E-002
   10773.562214440566       0.10371240796585263       -2.6708394803045352E-002   1.1469601919030790E-002
   10781.830489355716        9.9495320328269257E-002  -3.1437367636106689E-002   1.0887626851112638E-002
   10790.098764270866        9.7645909168129180E-002  -3.2856781436742491E-002   1.0614291663652400E-002
   10798.367039186016        9.8427080337080045E-002  -3.0428224376002868E-002   1.0613766982358384E-002
   10806.635314101166       0.10133838724365052       -2.3593351758965351E-002   1.0826114976366343E-002
   10814.903589016316       0.10496895573047242       -1.2093961042733282E-002   1.1164745560849029E-002
   10823.171863931466       0.10730016506383748        3.4421053602036421E-003   1.1525173512037513E-002
   10831.440138846616       0.10660651782917675        2.1121495191670423E-002   1.1811067202794338E-002
   10839.708413761766       0.10252112200683654        3.8195957104806819E-002   1.1969511596692906E-002
   10847.976688676916        9.6386299720440508E-002   5.2182973009624836E-002   1.2013381445921824E-002
   10856.244963592066        9.0525764603417838E-002   6.1799830964827836E-002   1.2014133164314711E-002
   10864.513238507216        8.7079605414346742E-002   6.6995831881904555E-002   1.2071299168666744E-002
   10872.781513422366        8.7253092065244495E-002   6.8313574781433808E-002   1.2279846574364581E-002
   10881.049788337516        9.1200957974594335E-002   6.6279156952382817E-002   1.2710541381802318E-002
   10889.318063252666        9.8271370167100691E-002   6.1209478129558369E-002   1.3403862407412212E-002
   10897.586338167815       0.10734210698192817        5.3369110947423887E-002   1.4370589934638153E-002
   10905.854613082965       0.11715562590426480        4.3224764804877240E-002   1.5593820973456995E-002
   10914.122887998115       0.12662359501837464        3.1590992901482241E-002   1.7031525647878853E-002
   10922.391162913265       0.13504643874150049        1.9592025401178659E-002   1.8621388076082272E-002
   10930.659437828415       0.14218823754547541        8.4863126708873381E-003   2.0289512399036605E-002
   10938.927712743565       0.14819678626975760       -5.4158214204346464E-004   2.1962580771900796E-002
   10947.195987658715       0.15342155468911681       -6.5333920643569849E-003   2.3580858655092261E-002
   10955.464262573865       0.15821097030470826       -8.8221843498242081E-003   2.5108542061459564E-002
   10963.732537489015       0.16275566272116701       -7.0289568169761762E-003   2.6538811981741187E-002
   10972.000812404165       0.16700869039645186       -1.0295958220054361E-003   2.7892962735494603E-002
   10980.269087319315       0.17068250391888184        9.0765045085861550E-003   2.9214900078113500E-002
   10988.537362234465       0.17330598430362784        2.2983629503801985E-002   3.0563211420617336E-002
   10996.805637149615       0.17432100606531561        4.0186978126096326E-002   3.2002806366531147E-002
   11005.073912064765       0.17319969178740091        5.9992685444567338E-002   3.3597255542101474E-002
   11013.342186979915       0.16956557379055975        8.1544662361269254E-002   3.5402015774535167E-002
   11021.610461895065       0.16330233368249950       0.10387650221647024        3.7457979898878752E-002
   11029.878736810215       0.15463410674213729       0.12598812516891944        3.9784714651518019E-002
   11038.147011725365       0.14416276134880102       0.14693587994004059        4.2373054573465380E-002
   11046.415286640515       0.13285157950513318       0.16591546545591765        4.5177483854462526E-002
   11054.683561555665       0.12195197223209923       0.18231266915322333        4.8110192865071372E-002
   11062.951836470815       0.11287645201742479       0.19570043992468858        5.1039755606758649E-002
   11071.220111385965       0.10702735449793983       0.20577582688123106        5.3798545539482052E-002
   11079.488386301115       0.10559349592147742       0.21225542604945905        5.6202352268356445E-002
   11087.756661216265       0.10933072182632757       0.21477767564384700        5.8082656690039369E-002
   11096.024936131415       0.11835647918708611       0.21288185413261027        5.9326939984501108E-002
   11104.293211046564       0.13201455320961075       0.20612811353101421        5.9916641446987828E-002
   11112.561485961714       0.14889241985685212       0.19437304923638710        5.9949834960280092E-002
   11120.829760876864       0.16706466578632975       0.17812487543983285        5.9639073804754028E-002
   11129.098035792014       0.18455531439884240       0.15881642545383012        5.9283321066787548E-002
   11137.366310707164       0.19987138924037315       0.13882872366762347        5.9221986752058108E-002
   11145.634585622314       0.21234522672394787       0.12121003382093905        5.9782367611318013E-002
   11153.902860537464       0.22204595245444050       0.10919242522796062        6.1227390728563424E-002
   11162.171135452614       0.22921627386717625       0.10565666474650207        6.3703431010907072E-002
   11170.439410367764       0.23348658665282826       0.11256958112856129        6.7187896742248426E-002
   11178.707685282914       0.23339952642930381       0.13029392561796288        7.1451845990362528E-002
   11186.975960198064       0.22686571538863379       0.15687804381116466        7.6078773448814280E-002
   11195.244235113214       0.21272579413340703       0.18796784769321509        8.0584175256108379E-002
   11203.512510028364       0.19253030846794691       0.21807418612436005        8.4624270332564824E-002
   11211.780784943514       0.17096542782479082       0.24282191114676760        8.8191658044282459E-002
   11220.049059858664       0.15433193595971514       0.26048549638388124        9.1671040283430621E-002
   11228.317334773814       0.14829356630591276       0.27153694170864007        9.5723292520207531E-002
   11236.585609688964       0.15644361077671110       0.27678488518282002       0.10108447601852194     
   11244.853884604114       0.17995054727054829       0.27568248876403750       0.10838303407410349     
   11253.122159519264       0.21759301068071943       0.26582845563808144       0.11801148612402712     
   11261.390434434414       0.26574821368942303       0.24374482277366091       0.13003365170808262     
   11269.658709349564       0.31856506943544366       0.20646023468386920       0.14410953197012738     
   11277.926984264714       0.36877146559708435       0.15317614232495150       0.15945532441617535     
   11286.195259179864       0.40919780035015479        8.6250242276937700E-002  0.17488194410423560     
   11294.463534095014       0.43454028084010426        1.1012207657660327E-002  0.18894652439009213     
   11302.731809010163       0.44262150511525256       -6.5511142014193696E-002  0.20020550651849539     
   11311.000083925313       0.43463382134009998      -0.13636391086363292       0.20750167483872278     
   11319.268358840463       0.41437311605478333      -0.19617439854980359       0.21018947395532811     
   11327.536633755613       0.38690839830384122      -0.24192274064368871       0.20822472111859730     
   11335.804908670763       0.35725091615785787      -0.27290055882070358       0.20210293210028107     
   11344.073183585913       0.32941721030157473      -0.29012584911784334       0.19268870676922151     
   11352.341458501063       0.30600698771886026      -0.29557720260154324       0.18100615923052443     
   11360.609733416213       0.28820686476495355      -0.29153072436240240       0.16805336014491129     
   11368.878008331363       0.27604572597096033      -0.28013418306452958       0.15467640334806590     
   11377.146283246513       0.26874156335121924      -0.26322461499224808       0.14150922581027461     
   11385.414558161663       0.26503837129426322      -0.24232460674915354       0.12896655329444764     
   11393.682833076813       0.26348880240080685      -0.21873277121222029       0.11727037419278893     
   11401.951107991963       0.26267388496776722      -0.19363493029888657       0.10649205607591447     
   11410.219382907113       0.26136412837719158      -0.16818557534109441        9.6597595355184029E-002
   11418.487657822263       0.25862607551714145      -0.14353408623389952        8.7489480848398651E-002
   11426.755932737413       0.25387370200743681      -0.12079216499106152        7.9042603694188654E-002
   11435.024207652563       0.24686390241720624      -0.10095498442599812        7.1133695197105454E-002
   11443.292482567713       0.23764140412188153       -8.4799947835676362E-002   6.3664468105952846E-002
   11451.560757482863       0.22644946823201961       -7.2790281716148486E-002   5.6577786774880720E-002
   11459.829032398013       0.21363419258539143       -6.5007370392215769E-002   4.9865526446922846E-002
   11468.097307313163       0.19957383025950173       -6.1129138363369084E-002   4.3566485281496328E-002
   11476.365582228313       0.18465687929030269       -6.0464647874836248E-002   3.7754136711861355E-002
   11484.633857143463       0.16931270141739951       -6.2047569056170773E-002   3.2516691687037760E-002
   11492.902132058613       0.15407197861494260       -6.4779805134413018E-002   2.7934597747575850E-002
   11501.170406973763       0.13961503892942725       -6.7598683088899353E-002   2.4061941050618936E-002
   11509.438681888912       0.12676659111159155       -6.9619977142458267E-002   2.0916709839369853E-002
   11517.706956804062       0.11641896938213586       -7.0199018697326157E-002   1.8481278658066234E-002
   11525.975231719212       0.10939482085617656       -6.8869738144553355E-002   1.6710267662254311E-002
   11534.243506634362       0.10626856284249656       -6.5173006559891222E-002   1.5540528232665263E-002
   11542.511781549512       0.10714740192265165       -5.8461188687708623E-002   1.4898276321554126E-002
   11550.780056464662       0.11140846486824846       -4.7842678564518577E-002   1.4700767936527595E-002
   11559.048331379812       0.11747623262755146       -3.2456294231642667E-002   1.4854076267613547E-002
   11567.316606294962       0.12290670545302344       -1.2125315562816522E-002   1.5253081522814143E-002
   11575.584881210112       0.12509531888925876        1.1941421927949628E-002   1.5791436365666659E-002
   11583.853156125262       0.12251097536354806        3.7080341689871080E-002   1.6383890824365470E-002
   11592.121431040412       0.11566556338342894        6.0110732536536919E-002   1.6991822718885097E-002
   11600.389705955562       0.10697282943952363        7.8692200986319849E-002   1.7635648734368771E-002
   11608.657980870712        9.9588808353575017E-002   9.2014813540374010E-002   1.8384656660154888E-002
   11616.926255785862        9.6160355479290541E-002  0.10041588960174218        1.9330164850412793E-002
   11625.194530701012        9.8178138288349051E-002  0.10448189881383595        2.0555414017510844E-002
   11633.462805616162       0.10590052012561782       0.10438527312516084        2.2111205408290809E-002
   11641.731080531312       0.11850592363133770        9.9777038100343565E-002   2.3999111267793853E-002
   11649.999355446462       0.13430059097352656        9.0138433163989409E-002   2.6161585869097469E-002
   11658.267630361612       0.15102481225647305        7.5313629771311910E-002   2.8480636746433169E-002
   11666.535905276762       0.16631531894943985        5.5926667830655356E-002   3.0788577491894370E-002
   11674.804180191912       0.17824722509557114        3.3475003671787747E-002   3.2892649125097408E-002
   11683.072455107062       0.18576488137983724        1.0064554254078014E-002   3.4609886406398283E-002
   11691.340730022212       0.18883100032262035       -1.2070487934665208E-002   3.5802843361822344E-002
   11699.609004937362       0.18825918777581827       -3.1037739080933189E-002   3.6404863029266890E-002
   11707.877279852511       0.18533912808041195       -4.5571437946917738E-002   3.6427348354157119E-002
   11716.145554767661       0.18142430879147287       -5.5082125622619008E-002   3.5948820383569675E-002
   11724.413829682811       0.17761693445136964       -5.9532328708801138E-002   3.5091873565394886E-002
   11732.682104597961       0.17460486323783472       -5.9243708696327051E-002   3.3996675286398229E-002
   11740.950379513111       0.17263695067041193       -5.4724227720137450E-002   3.2798257836343700E-002
   11749.218654428261       0.17159115900785069       -4.6559187988794742E-002   3.1611283835833427E-002
   11757.486929343411       0.17108957998538823       -3.5368689947936224E-002   3.0522588608209802E-002
   11765.755204258561       0.17062826304694248       -2.1809863274303423E-002   2.9589674286460407E-002
   11774.023479173711       0.16970319181445917       -6.5950938692968036E-003   2.8842668575159960E-002
   11782.291754088861       0.16792073293607460        9.4982251722273026E-003   2.8287588831210821E-002
   11790.560029004011       0.16508230428704976        2.5640560845558050E-002   2.7909605549196852E-002
   11798.828303919161       0.16123230322968465        4.0988069537490145E-002   2.7675877449159111E-002
   11807.096578834311       0.15665961495341660        5.4736769089231974E-002   2.7538348847680649E-002
   11815.364853749461       0.15184840987509785        6.6178372097741953E-002   2.7437516515102903E-002
   11823.633128664611       0.14738228134709935        7.4744115842436468E-002   2.7308219708143108E-002
   11831.901403579761       0.14381699261137523        8.0030812835239135E-002   2.7088258366849437E-002
   11840.169678494911       0.14154771213471262        8.1816174109729675E-002   2.6729641156525069E-002
   11848.437953410061       0.14070436961401517        8.0080329592454508E-002   2.6210578816113540E-002
   11856.706228325211       0.14111251504407171        7.5048908752911231E-002   2.5545080607066162E-002
   11864.974503240361       0.14234970643420847        6.7255685386763867E-002   2.4786766138748695E-002
   11873.242778155511       0.14390141081291502        5.7596545970339731E-002   2.4024978141660793E-002
   11881.511053070661       0.14537475233091568        4.7331795411667210E-002   2.3374117472166993E-002
   11889.779327985811       0.14667887037941407        3.8012386802462390E-002   2.2959632566200972E-002
   11898.047602900961       0.14805896763376022        3.1353845753744877E-002   2.2904521540324484E-002
   11906.315877816111       0.14990149136973013        2.9114645057202109E-002   2.3318119671676140E-002
   11914.584152731260       0.15230642545753334        3.2993817676108227E-002   2.4285839240495429E-002
   11922.852427646410       0.15453895368902987        4.4439282159956434E-002   2.5857138006192340E-002
   11931.120702561560       0.15464362615429766        6.4171103019312711E-002   2.8032581572865423E-002
   11939.388977476710       0.14968399409995059        9.1402062292230926E-002   3.0759635080986905E-002
   11947.657252391860       0.13696129178959665       0.12327178705823159        3.3954328933205033E-002
   11955.925527307010       0.11581138795747124       0.15539287890997097        3.7559224396564811E-002
   11964.193802222160        8.8657094832849823E-002  0.18374551145776000        4.1622493445074737E-002
   11972.462077137310        6.0281948840622129E-002  0.20670233129224111        4.6359767117670786E-002
   11980.730352052460        3.5939950080328201E-002  0.22555676535931171        5.2167534411132088E-002
   11988.998626967610        1.9917606901924748E-002  0.24329248957267810        5.9587946547171283E-002
   11997.266901882760        1.5330754268693698E-002  0.26269297768715483        6.9242632552591096E-002
   12005.535176797910        2.4604705659203356E-002  0.28484573466209884        8.1742484095766857E-002
   12013.803451713060        4.9702076089753910E-002  0.30837171633395460        9.7563411802380651E-002
   12022.071726628210        9.1637181509371127E-002  0.32936872954476504       0.11688113303691401     
   12030.340001543360       0.14947051692203076       0.34212115702251611       0.13938832151136421     
   12038.608276458510       0.21942998071317404       0.34059955376247941       0.16415757245898405     
   12046.876551373660       0.29488374270305484       0.32043268244493928       0.18963352568942074     
   12055.144826288810       0.36750919098454465       0.28062060339874839       0.21381092850999214     
   12063.413101203960       0.42932634691344368       0.22419035909488882       0.23458242926513778     
   12071.681376119110       0.47472755768001451       0.15745081967100538       0.25015701463590295     
   12079.949651034260       0.50162614515519721        8.8208471889801243E-002  0.25940952401639689     
   12088.217925949410       0.51135542673572632        2.3767821987249901E-002  0.26204928181409437     
   12096.486200864560       0.50758597986000187       -3.0511768887836452E-002  0.25857449499110297     
   12104.754475779710       0.49488350005304066       -7.1764285192298383E-002  0.25005979125390942     
   12113.022750694859       0.47748328653085031       -9.9393634731812203E-002  0.23786938354150300     
   12121.291025610009       0.45857491347291590      -0.11444103101197939       0.22338770084577714     
   12129.559300525159       0.44010046214249920      -0.11889479095585111       0.20782438809447693     
   12137.827575440309       0.42290852361674675      -0.11514816953925205       0.19211072029593679     
   12146.095850355459       0.40707605673030500      -0.10565916817542240       0.17687477578261671     
   12154.364125270609       0.39225345421519286       -9.2773284258558852E-002  0.16246965461586976     
   12162.632400185759       0.37794761482988615       -7.8640207256241879E-002  0.14902868175290465     
   12170.900675100909       0.36370762278695279       -6.5166006148033487E-002  0.13652984323062189     
   12179.168950016059       0.34920710999611781       -5.3966906845025579E-002  0.12485803270626039     
   12187.437224931209       0.33423815347570418       -4.6311392444749799E-002  0.11385988830902002     
   12195.705499846359       0.31864865814199222       -4.3054000041309194E-002  0.10339061425524929     
   12203.973774761509       0.30226501758593877       -4.4569187831057441E-002   9.3350553360147956E-002
   12212.242049676659       0.28484827276537844       -5.0698451277222036E-002   8.3708871459328288E-002
   12220.510324591809       0.26612577615942218       -6.0731954087606267E-002   7.4511298983753999E-002
   12228.778599506959       0.24591509745031717       -7.3455343854323826E-002   6.5869922694755945E-002
   12237.046874422109       0.22431407468972886       -8.7294236186321428E-002   5.7937087775262526E-002
   12245.315149337259       0.20188361534210014      -0.10056614636201175        5.0870543937702614E-002
   12253.583424252409       0.17972722121350765      -0.11179619502821404        4.4800263267915585E-002
   12261.851699167559       0.15940104655758980      -0.11999017190142205        3.9806334996587728E-002
   12270.119974082709       0.14266734649499208      -0.12473393004443965        3.5912525060253296E-002
   12278.388248997859       0.13117844153297442      -0.12603786968242464        3.3093328117103846E-002
   12286.656523913009       0.12618189372520316      -0.12395897710430899        3.1287698308825065E-002
   12294.924798828159       0.12826009058536894      -0.11815917757991104        3.0412242083327996E-002
   12303.193073743309       0.13704479258209304      -0.10765018202287335        3.0369836863426668E-002
   12311.461348658459       0.15091515419009152       -9.0993190387934644E-002   3.1055144461194020E-002
   12319.729623573608       0.16692678132725774       -6.7071689659262773E-002   3.2363161878026583E-002
   12327.997898488758       0.18138496083248282       -3.6144047717433611E-002   3.4206896201601437E-002
   12336.266173403908       0.19116220472003070       -4.3083805011095679E-004   3.6543174134848352E-002
   12344.534448319058       0.19511801498794346        3.6392383440320468E-002   3.9395445345302635E-002
   12352.802723234208       0.19463233559203860        7.0546744635022293E-002   4.2858589236610983E-002
   12361.070998149358       0.19290285567999657        9.9325907027019822E-002   4.7077147536237769E-002
   12369.339273064508       0.19359722100406618       0.12132314458131664        5.2199189391596304E-002
   12377.607547979658       0.19966143246780907       0.13582945046279940        5.8314327228123561E-002
   12385.875822894808       0.21260334162436220       0.14207461592282314        6.5385377359462982E-002
   12394.144097809958       0.23214957063602079       0.13889877722247737        7.3186293460388213E-002
   12402.412372725108       0.25617324978033607       0.12506621201944929        8.1266291291912290E-002
   12410.680647640258       0.28098400860961670       0.10006279488409846        8.8964576014346319E-002
   12418.948922555408       0.30211682827972869        6.4944944829004356E-002   9.5492423788645503E-002
   12427.217197470558       0.31553108841359201        2.2721003545774578E-002  0.10007611175759312     
   12435.485472385708       0.31880695917009449       -2.2050495560117466E-002  0.10212410156972905     
   12443.753747300858       0.31180853395261116       -6.4329962549358438E-002  0.10136290592727853     
   12452.022022216008       0.29652228833956401       -9.9837898994002972E-002   9.7893073557668270E-002
   12460.290297131158       0.27621270129640740      -0.12591621697877206        9.2148350055703585E-002
   12468.558572046308       0.25434379151590497      -0.14173451974465737        8.4779438369934804E-002
   12476.826846961458       0.23371651433844690      -0.14793529927388324        7.6508261845766853E-002
   12485.095121876608       0.21604639692001290      -0.14602505968653889        6.7999363678577007E-002
   12493.363396791758       0.20195613367301349      -0.13780769268764861        5.9777240092045492E-002
   12501.631671706908       0.19122300674189222      -0.12501638604518950        5.2195335087209610E-002
   12509.899946622058       0.18311283377322379      -0.10915709162993092        4.5445580545565425E-002
   12518.168221537208       0.17668947462808871       -9.1496707434921720E-002   3.9590817915781659E-002
   12526.436496452357       0.17105119472698654       -7.3113933616955298E-002   3.4604158506474011E-002
   12534.704771367507       0.16548459722364323       -5.4952178766093637E-002   3.0404893869412142E-002
   12542.973046282657       0.15954327998282256       -3.7845265600302887E-002   2.6886322316034779E-002
   12551.241321197807       0.15306224851985523       -2.2512083688888043E-002   2.3934845833969425E-002
   12559.509596112957       0.14612005635552930       -9.5324564633873666E-003   2.1441938595569435E-002
   12567.777871028107       0.13896249691955354        6.7981136914688103E-004   1.9311037693614544E-002
   12576.046145943257       0.13190539755055050        7.8937040472917552E-003   1.7461344466555003E-002
   12584.314420858407       0.12523719678834896        1.2063126156609085E-002   1.5829874472073912E-002
   12592.582695773557       0.11914215681730991        1.3318762195956397E-002   1.4372242957512904E-002
   12600.850970688707       0.11366303119875482        1.1957359014898951E-002   1.3062263095900296E-002
   12609.119245603857       0.10871546188242910        8.4328438326284061E-003   1.1890164507415393E-002
   12617.387520519007       0.10415472304497563        3.3447889327656742E-003   1.0859393945580329E-002
   12625.655795434157        9.9878598668971419E-002  -2.5878305592247552E-003   9.9824313390807166E-003
   12633.924070349307        9.5931920462796777E-002  -8.5764207929386570E-003   9.2764883572979181E-003
   12642.192345264457        9.2568190151841090E-002  -1.3827111282031204E-002   8.7600588343930835E-003
   12650.460620179607        9.0230658812244027E-002  -1.7587973811136297E-002   8.4509086124728069E-003
   12658.728895094757        8.9436805374779563E-002  -1.9142160250167940E-002   8.3653644546893089E-003
   12666.997170009907        9.0571996225923532E-002  -1.7742376232523890E-002   8.5180784147251346E-003
   12675.265444925057        9.3615057367677876E-002  -1.2551229619269529E-002   8.9213123309092486E-003
   12683.533719840207        9.7857670037212394E-002  -2.7206716976195880E-003   9.5835256395981651E-003
   12691.801994755357       0.10177512643083718        1.2271207891577122E-002   1.0508758903131198E-002
   12700.070269670507       0.10329430242248344        3.2099438901023972E-002   1.1700086890708040E-002
   12708.338544585657       0.10057579905379621        5.5269781692146754E-002   1.3170240123607155E-002
   12716.606819500807        9.2987803431561461E-002   7.9448412040313332E-002   1.4958781762754118E-002
   12724.875094415956        8.1603752764287094E-002  0.10242574046462996        1.7150204774942630E-002
   12733.143369331106        6.8854556092363212E-002  0.12306290178624389        1.9885427690727101E-002
   12741.411644246256        5.7684248337274251E-002  0.14154395727649777        2.3362164347727355E-002
   12749.679919161406        5.0856401898513273E-002  0.15886127091661265        2.7823277011304503E-002
   12757.948194076556        5.0692571186684396E-002  0.17596152673613888        3.3532195664829983E-002
   12766.216468991706        5.9042909921027308E-002  0.19299412152217901        4.0732796154060141E-002
   12774.484743906856        7.7155190563181583E-002  0.20889900550393517        4.9591717931373999E-002
   12782.753018822006       0.10530186685941427       0.22144774583372323        6.0127587298915097E-002
   12791.021293737156       0.14231989713330731       0.22778813919829635        7.2142389479457614E-002
   12799.289568652306       0.18540945662311251       0.22539595177849209        8.5180001683410167E-002
   12807.557843567456       0.23048637950999429       0.21310614411479264        9.8538199799099890E-002
   12815.826118482606       0.27308508017303346       0.19176205840300972       0.11134814805607141     
   12824.094393397756       0.30945736311548111       0.16415709069049775       0.12271141001035503     
   12832.362668312906       0.33737529031495700       0.13430198560466539       0.13185910985245727     
   12840.630943228056       0.35632660962119855       0.10638042577184470       0.13828544771153700     
   12848.899218143206       0.36713483953133941        8.3834527258329988E-002  0.14181621835833003     
   12857.167493058356       0.37129214732083154        6.8850061733544105E-002  0.14259818966282692     
   12865.435767973506       0.37033351415485805        6.2262258344685739E-002  0.14102350052046683     
   12873.704042888656       0.36545584668818482        6.3742871031025897E-002  0.13762112948585603     
   12881.972317803806       0.35742178865808411        7.2102329784684949E-002  0.13294908096792363     
   12890.240592718956       0.34667552558066334        8.5597309462325522E-002  0.12751081942381828     
   12898.508867634106       0.33355695736668817       0.10220126723341440       0.12170534283183841     
   12906.777142549256       0.31850985464647630       0.11983350018307373       0.11580859527304620     
   12915.045417464406       0.30221254728661134       0.13654974301770856       0.10997825605566454     
   12923.313692379556       0.28559882717229940       0.15068776632627257       0.10427349300259427     
   12931.581967294705       0.26977038496815398       0.16095520095948318        9.8682637321773611E-002
   12939.850242209855       0.25582827778443495       0.16645101194133066        9.3154047090443004E-002
   12948.118517125005       0.24466704459979566       0.16662995302290681        8.7627503957614539E-002
   12956.386792040155       0.23677895489030706       0.16124176007934718        8.2063178672431819E-002
   12964.655066955305       0.23211554823184904       0.15028951793910497        7.6464566933340403E-002
   12972.923341870455       0.23005075358951202       0.13404536832318772        7.0891509996001439E-002
   12981.191616785605       0.22948194792149634       0.11312935682999802        6.5460215798613372E-002
   12989.459891700755       0.22908252153184647        8.8607716876565767E-002   6.0330129161466538E-002
   12997.728166615905       0.22767106340449356        6.2027103815270941E-002   5.5681474719443319E-002
   13005.996441531055       0.22459718470837778        3.5307499337506786E-002   5.1690514888397210E-002
   13014.264716446205       0.21999982582285293        1.0486075757991377E-002   4.8509881146887965E-002
   13022.532991361355       0.21481749756422933       -1.0594889301551672E-002   4.6258808939069807E-002
   13030.801266276505       0.21052541667903080       -2.6507003669637447E-002   4.5023572311421713E-002
   13039.069541191655       0.20868634980078382       -3.6261158502281586E-002   4.4864864209102698E-002
   13047.337816106805       0.21046030995227008       -3.9174924157033678E-002   4.5828216747914936E-002
   13055.606091021955       0.21621256277339407       -3.4747882992343805E-002   4.7955287673488486E-002
   13063.874365937105       0.22534481332211037       -2.2729622202955588E-002   5.1296920616665867E-002
   13072.142640852255       0.23647141216916531       -3.4248580976368168E-003   5.5930458426268218E-002
   13080.410915767405       0.24799109067269892        2.1948618888605227E-002   6.1981322924152010E-002
   13088.679190682555       0.25889378686108305        5.1151388631433009E-002   6.9642457434195795E-002
   13096.947465597705       0.26941674108465935        8.1200965420180835E-002   7.9178977161847783E-002
   13105.215740512855       0.28117162219533354       0.10883607372156623        9.0902772071081578E-002
   13113.484015428005       0.29664375606071902       0.13080155534414353       0.10510656489025841     
   13121.752290343155       0.31824511133090899       0.14378887867389420       0.12195519251631853     
   13130.020565258304       0.34718474881235828       0.14424301629495331       0.14134329755776648     
   13138.288840173454       0.38240938036542116       0.12848905106590131       0.16274637043528115     
   13146.557115088604       0.41995050651252924        9.3552249253341810E-002  0.18511045126048928     
   13154.825390003754       0.45315253555008422        3.8627703993134484E-002  0.20683931999125157     
   13163.093664918904       0.47414372308462738       -3.3439260179931270E-002  0.22593045426193295     
   13171.361939834054       0.47633401181267121      -0.11566800160365230       0.24027317740453652     
   13179.630214749204       0.45694074753367109      -0.19815132440535721       0.24805879412022727     
   13187.898489664354       0.41823227590711193      -0.27068514287785755       0.24818868318524875     
   13196.166764579504       0.36678142781677975      -0.32559569167353469       0.24054117022768307     
   13204.435039494654       0.31116359135641602      -0.35940862838413917       0.22599734274279090     
   13212.703314409804       0.25932511054730945      -0.37278406655977459       0.20621747324121673     
   13220.971589324954       0.21676062249144235      -0.36914839468984462       0.18325570476496689     
   13229.239864240104       0.18593412093492545      -0.35295599826163981       0.15914943403671417     
   13237.508139155254       0.16669214158897899      -0.32835445018294634       0.13560291502246521     
   13245.776414070404       0.15713685873100700      -0.29854910308191057       0.11382355932286171     
   13254.044688985554       0.15451699055882973      -0.26576037357351912        9.4504076533293901E-002
   13262.312963900704       0.15592086750397230      -0.23149942705519122        7.7903301650073087E-002
   13270.581238815854       0.15873527098402920      -0.19690858202809530        6.3969875930688314E-002
   13278.849513731004       0.16091200272167694      -0.16301209601606714        5.2465616067452460E-002
   13287.117788646154       0.16109088380755510      -0.13082320695864486        4.3064984324843639E-002
   13295.386063561304       0.15861075833945348      -0.10132362102454374        3.5423848838541876E-002
   13303.654338476454       0.15342790828855221       -7.5367921101326618E-002   2.9220446572936182E-002
   13311.922613391604       0.14596364467204276       -5.3573142223296691E-002   2.4175467133623930E-002
   13320.190888306754       0.13691252199369980       -3.6241933610140262E-002   2.0058516430477145E-002
   13328.459163221904       0.12704976633887477       -2.3343204853107251E-002   1.6686548339576807E-002
   13336.727438137053       0.11707451811921160       -1.4548784037697835E-002   1.3918109909821178E-002
   13344.995713052203       0.10751377378935328       -9.3070815733009935E-003   1.1645833321840307E-002
   13353.263987967353        9.8694644027801287E-002  -6.9290672048853558E-003   9.7886447321042305E-003
   13361.532262882503        9.0775610842606977E-002  -6.6673270525913443E-003   8.2846647738746421E-003
   13369.800537797653        8.3814656355714764E-002  -7.7792369556421879E-003   7.0854131476385859E-003
   13378.068812712803        7.7846367182241208E-002  -9.5732822528507948E-003   6.1517046165650690E-003
   13386.337087627953        7.2941314412339156E-002  -1.1438721241496126E-002   5.4512796918403704E-003
   13394.605362543103        6.9228743696955336E-002  -1.2854790779935498E-002   4.9578645998546479E-003
   13402.873637458253        6.6875314296197835E-002  -1.3373539607984790E-002   4.6511592238615805E-003
   13411.141912373403        6.6022550539155497E-002  -1.2577386570965441E-002   4.5171678326508440E-003
   13419.410187288553        6.6691604145689781E-002  -1.0030931266114316E-002   4.5483896455908966E-003
   13427.678462203703        6.8672051220042468E-002  -5.2691969994851859E-003   4.7436150557875201E-003
   13435.946737118853        7.1434484156429334E-002   2.1276659073600794E-003   5.1074124889084957E-003
   13444.215012034003        7.4142097187924083E-002   1.2358012164326930E-002   5.6497710400772328E-003
   13452.483286949153        7.5841701644824025E-002   2.5193007448773539E-002   6.3866513326964625E-003
   13460.751561864303        7.5829818888556055E-002   3.9897618298624524E-002   7.3419813785739509E-003
   13469.019836779453        7.4037934224953070E-002   5.5400012379234330E-002   8.5507770759177936E-003
   13477.288111694603        7.1211401510428637E-002   7.0645918090312371E-002   1.0061909447902603E-002
   13485.556386609753        6.8780164989805881E-002   8.4898043255834985E-002   1.1938388844694546E-002
   13493.824661524903        6.8522372080102228E-002   9.7765285821569389E-002   1.4253366587257130E-002
   13502.092936440053        7.2191679355123564E-002  0.10894528378232224        1.7080713426523699E-002
   13510.361211355203        8.1183376390226367E-002  0.11785269189205980        2.0479997588321940E-002
   13518.629486270353        9.6210277297470753E-002  0.12337142193655176        2.4476925208302899E-002
   13526.897761185503       0.11698191624898750       0.12392389146197193        2.9041899604363725E-002
   13535.166036100652       0.14200650617143964       0.11792251967274241        3.4071568440987451E-002
   13543.434311015802       0.16871904409872548       0.10446980414411622        3.9380055819497675E-002
   13551.702585930952       0.19404508047423369        8.3982851725884822E-002   4.4706612640263786E-002
   13559.970860846102       0.21525321580119716        5.8388898377723160E-002   4.9743210366520837E-002
   13568.239135761252       0.23072422790859803        3.0749042819577643E-002   5.4179172978338908E-002
   13576.507410676402       0.24027582069792244        4.4912558659580765E-003   5.7752641391313676E-002
   13584.775685591552       0.24493377995983734       -1.7373247638631607E-002   6.0294386298927236E-002
   13593.043960506702       0.24633158121177132       -3.2740370546879421E-002   6.1751179765838458E-002
   13601.312235421852       0.24605025956342039       -4.0527161162416218E-002   6.2183181023111003E-002
   13609.580510337002       0.24514593275303442       -4.0525952510134203E-002   6.1738881172208930E-002
   13617.848785252152       0.24396084533396120       -3.3177432541397989E-002   6.0617636086099956E-002
   13626.117060167302       0.24218853512410882       -1.9386825915132112E-002   5.9031135564625324E-002
   13634.385335082452       0.23910700064837107       -4.1457715471066318E-004   5.7172329633277327E-002
   13642.653609997602       0.23388711247125415        2.2194120974495572E-002   5.5195760385971633E-002
   13650.921884912752       0.22589517382402621        4.6695133652817085E-002   5.3209065063841467E-002
   13659.190159827902       0.21492394411327156        7.1280257377883793E-002   5.1273176845062038E-002
   13667.458434743052       0.20130598895036381        9.4256587232467381E-002   4.9408405423995730E-002
   13675.726709658202       0.18588979164476288       0.11423210070452197        4.7603987469101404E-002
   13683.994984573352       0.16989287594961824       0.13025412758269816        4.5829727050762187E-002
   13692.263259488502       0.15467601801335690       0.14185964747924604        4.4048830131404260E-002
   13700.531534403652       0.14149812481584428       0.14902791637183355        4.2231039184530458E-002
   13708.799809318802       0.13130818534839345       0.15206215228255412        4.0364737696290731E-002
   13717.068084233952       0.12461251278627286       0.15145247467335429        3.8466130427592039E-002
   13725.336359149102       0.12143395394837027       0.14777497579180665        3.6583648641803954E-002
   13733.604634064252       0.12136256203302126       0.14166051081128334        3.4796571786532657E-002
   13741.872908979401       0.12368517211611040       0.13383022176608581        3.3208550059351562E-002
   13750.141183894551       0.12756797656210098       0.12516048907390198        3.1938736669367085E-002
   13758.409458809701       0.13224691628190238       0.11672592674372108        3.1114188840253038E-002
   13766.677733724851       0.13716447566389575       0.10978456141369380        3.0866743308948556E-002
   13774.946008640001       0.14199622763840716       0.10570352270564537        3.1336163375921232E-002
   13783.214283555151       0.14654596093605812       0.10584771841614964        3.2679458160577178E-002
   13791.482558470301       0.15054759402387091       0.11144739935784187        3.5085100890002545E-002
   13799.750833385451       0.15347454129823807       0.12343528379519347        3.8790704112304536E-002
   13808.019108300601       0.15449800379459705       0.14224470142068293        4.4103188258774559E-002
   13816.287383215751       0.15272188002073339       0.16762043104069763        5.1420581539336555E-002
   13824.555658130901       0.14771841675329567       0.19857513437977900        6.1252814642047626E-002
   13832.823933046051       0.14021327682670778       0.23361185629841444        7.4234262401674023E-002
   13841.092207961201       0.13263882522656267       0.27114763730909247        9.1114099175785779E-002
   13849.360482876351       0.12931345420410337       0.30980987352520739       0.11270412717190173     
   13857.628757791501       0.13616278370078405       0.34817117532256842       0.13976347099064518     
   13865.897032706651       0.15994964276644574       0.38369800095599105       0.17280804415873730     
   13874.165307621801       0.20682888510092359       0.41118626095994032       0.21185232891430719     
   13882.433582536951       0.27995465847400725       0.42160063043024043       0.25612170238047421     
   13890.701857452101       0.37633762316809227       0.40271237646310182       0.30380726476836806     
   13898.970132367251       0.48431859534404653       0.34263926683533619       0.35196616897348698     
   13907.238407282401       0.58403194694566085       0.23576524440126581       0.39667856552072783     
   13915.506682197551       0.65250811338382531        8.8117523510171450E-002  0.43353153598128463     
   13923.774957112701       0.67209474921555956       -8.1748703239049647E-002  0.45839420240439210     
   13932.043232027851       0.63777099010778393      -0.24809345030407112       0.46830219590684163     
   13940.311506943000       0.55891121856840242      -0.38701559295120236       0.46216281942898729     
   13948.579781858150       0.45467192034424059      -0.48403076713148535       0.44101233867941370     
   13956.848056773300       0.34624441664356109      -0.53650433516653473       0.40772209770932533     
   13965.116331688450       0.25034389377277233      -0.55100232258215354       0.36627562464024072     
   13973.384606603600       0.17633482019693611      -0.53833080856603299       0.32089402826524460     
   13981.652881518750       0.12671377211847340      -0.50915450288086905       0.27529468784835731     
   13989.921156433900        9.9284793597277599E-002 -0.47158831432206388       0.23225300844477975     
   13998.189431349050        8.9480857364265254E-002 -0.43067421649429960       0.19348710458762283     
   14006.457706264200        9.2060795431782375E-002 -0.38897873265672184       0.15977964451476198     
   14014.725981179350       0.10208126005895889      -0.34755783380925231       0.13121703149740466     
   14022.994256094500       0.11535077385515878      -0.30682293921299542       0.10744611705628547     
   14031.262531009650       0.12860208099901219      -0.26711637086296675        8.7889650820278484E-002
   14039.530805924800       0.13953225861910862      -0.22897811015321354        7.1900226124687008E-002
   14047.799080839950       0.14677013741111530      -0.19316741093542744        5.8855121883173961E-002
   14056.067355755100       0.14978104980133614      -0.16053322944420312        4.8205280635375498E-002
   14064.335630670250       0.14870947230096346      -0.13182965589576262        3.9493565325626201E-002
   14072.603905585400       0.14417526750550033      -0.10755296828683496        3.2354148747591502E-002
   14080.872180500550       0.13705648968679807       -8.7847993328092996E-002   2.6501751297040056E-002
   14089.140455415700       0.12829816284414536       -7.2498107635337455E-002   2.1716394199887815E-002
   14097.408730330850       0.11877750495962557       -6.0985951147971097E-002   1.7827381921856594E-002
   14105.677005246000       0.10923645346168583       -5.2596397910037063E-002   1.4698983837998005E-002
   14113.945280161150       0.10027131531158440       -4.6529982738147263E-002   1.2219375967927461E-002
   14122.213555076300        9.2355498858715801E-002  -4.1999632295051943E-002   1.0293507282361825E-002
   14130.481829991450        8.5868691911252584E-002  -3.8291550155491308E-002   8.8396750638601220E-003
   14138.750104906600        8.1112413730097283E-002  -3.4780312085724581E-002   7.7888937699028731E-003
   14147.018379821749        7.8301214781598349E-002  -3.0899342227322546E-002   7.0858495863551935E-003
   14155.286654736899        7.7524903392539549E-002  -2.6082244790271013E-002   6.6903941393222097E-003
   14163.554929652049        7.8679921997880028E-002  -1.9707436170733523E-002   6.5789131660160217E-003
   14171.823204567199        8.1377108089797034E-002  -1.1094089016833859E-002   6.7453125321719435E-003
   14180.091479482349        8.4861410546695090E-002   4.0091603415982088E-004   7.2016197336411784E-003
   14188.359754397499        8.8023120507030511E-002   1.5170128013529247E-002   7.9782025277420794E-003
   14196.628029312649        8.9599681936926828E-002   3.3096576570354218E-002   9.1234863838757715E-003
   14204.896304227799        8.8598205364338531E-002   5.3413354153812542E-002   1.0702628395742108E-002
   14213.164579142949        8.4808932592261563E-002   7.4843483488335583E-002   1.2794102068107526E-002
   14221.432854058099        7.9152581219955942E-002   9.6008839679425376E-002   1.5482828410371326E-002
   14229.701128973249        7.3660896209672713E-002  0.11585533611289213        1.8848386536243385E-002
   14237.969403888399        7.1103314098634171E-002  0.13376057552923934        2.2947572841722368E-002
   14246.237678803549        7.4422749761411125E-002  0.14917554931282886        2.7792090194833856E-002
   14254.505953718699        8.6088488890894141E-002  0.16097402091521784        3.3323863329130593E-002
   14262.774228633849       0.10734840034940085       0.16693905473098614        3.9392327052050431E-002
   14271.042503548999       0.13742283565844438       0.16387562160048405        4.5740255115352846E-002
   14279.310778464149       0.17297824970819667       0.14861010251826248        5.2006437442599723E-002
   14287.579053379299       0.20844334342071705       0.11960192829590857        5.7753248668506639E-002
   14295.847328294449       0.23746529461332933        7.8310045149812713E-002   6.2522229317161004E-002
   14304.115603209599       0.25504564403093527        2.9363220952957021E-002   6.5910479283886728E-002
   14312.383878124749       0.25926528995535708       -2.0742766784546167E-002   6.7648752949513447E-002
   14320.652153039899       0.25166773994721220       -6.5722410056755776E-002   6.7656086513805988E-002
   14328.920427955049       0.23623545579923141      -0.10121395185902517        6.6051454627591683E-002
   14337.188702870199       0.21770135680154545      -0.12539975192004491        6.3118978534842607E-002
   14345.456977785348       0.20008789600751622      -0.13858428164088163        5.9240769246633823E-002
   14353.725252700498       0.18595028848194850      -0.14227985778495969        5.4821067717828229E-002
   14361.993527615648       0.17629869428564116      -0.13835509234341364        5.0223361184176481E-002
   14370.261802530798       0.17091959650655808      -0.12852534122268119        4.5732271806371252E-002
   14378.530077445948       0.16882176253941739      -0.11419347177692142        4.1540936503381982E-002
   14386.798352361098       0.16864947034827030       -9.6512652896476717E-002   3.7757336017867897E-002
   14395.066627276248       0.16901057794225555       -7.6526090649456369E-002   3.4420818006464050E-002
   14403.334902191398       0.16871740985195877       -5.5280345853504068E-002   3.1521481024836859E-002
   14411.603177106548       0.16694678561645421       -3.3862939035348372E-002   2.9017927867778043E-002
   14419.871452021698       0.16331919085679861       -1.3360891256399771E-002   2.6851671517284750E-002
   14428.139726936848       0.15789430129356513        5.2331752454238155E-003   2.4957996504132440E-002
   14436.408001851998       0.15108890771634706        2.1126328801194205E-002   2.3274179803535005E-002
   14444.676276767148       0.14353823215290853        3.3804667023914027E-002   2.1745979602179964E-002
   14452.944551682298       0.13593410606849080        4.3065614512654268E-002   2.0332728345992243E-002
   14461.212826597448       0.12887859711539665        4.9003226943929327E-002   1.9011009045350968E-002
   14469.481101512598       0.12278536227757972        5.1963459848604288E-002   1.7776446349074007E-002
   14477.749376427748       0.11784650651922610        5.2491689170044500E-002   1.6643176530710568E-002
   14486.017651342898       0.11406421637444361        5.1288150113551825E-002   1.5641119799186115E-002
   14494.285926258048       0.11132767927506136        4.9174580161816091E-002   1.4811991506861803E-002
   14502.554201173198       0.10950058631197057        4.7066890415148978E-002   1.4205670576016960E-002
   14510.822476088348       0.10847775467063725        4.5949696954894571E-002   1.3878797908629609E-002
   14519.090751003498       0.10817441487739307        4.6854932299519828E-002   1.3897088714858945E-002
   14527.359025918648       0.10842933025735457        5.0845891565699873E-002   1.4342224349169376E-002
   14535.627300833798       0.10882981123492978        5.8989830351577621E-002   1.5323727898338357E-002
   14543.895575748948       0.10850258995867011        7.2272528411795808E-002   1.6996130390773134E-002
   14552.163850664097       0.10596414708151039        9.1397119669446608E-002   1.9581833950583112E-002
   14560.432125579247        9.9178365271260852E-002  0.11646216679006573        2.3399784431316729E-002
   14568.700400494397        8.5974462129588688E-002  0.14665232713056009        2.8898513191280888E-002
   14576.968675409547        6.4849473105127009E-002  0.18023052076636545        3.6688494777727884E-002
   14585.236950324697        3.5914494291638864E-002  0.21511216074141137        4.7563092599062967E-002
   14593.505225239847        1.5423019136068833E-003  0.24997837646508597        6.2491567395312961E-002
   14601.773500154997       -3.3578634944063684E-002  0.28537206329718978        8.2564739235201981E-002
   14610.041775070147       -6.2807014810531497E-002  0.32393280615460296       0.10887718401260590     
   14618.310049985297       -7.7868023703102057E-002  0.36915332885925312       0.14233760932329476     
   14626.578324900447       -6.9092925594614191E-002  0.42264946802059511       0.18340640518531495     
   14634.846599815597       -2.6462415734338478E-002  0.48069781948400170       0.23177065310317085     
   14643.114874730747        5.7301307936909948E-002  0.53170832414382418       0.28599718185511463     
   14651.383149645897       0.18161861122739312       0.55702783311777859       0.34326532681205479     
   14659.651424561047       0.33356868757366470       0.53673118157548361       0.39934843060503189     
   14667.919699476197       0.48829024109511882       0.45890193291479364       0.44901834358166304     
   14676.187974391347       0.61633650268833218       0.32718951129119356       0.48692366084505462     
   14684.456249306497       0.69481467263391528       0.16121036049181955       0.50875620963727730     
   14692.724524221647       0.71567081957903667       -1.0961021364499220E-002  0.51230486598628311     
   14700.992799136797       0.68649141556821891      -0.16340419267679529       0.49797139383321232     
   14709.261074051947       0.62464800986555680      -0.27992639877569891       0.46854392496053238     
   14717.529348967097       0.54935578776140537      -0.35576358392913077       0.42835950919705390     
   14725.797623882247       0.47584657151727977      -0.39470875673227368       0.38222496226588687     
   14734.065898797397       0.41313445248074004      -0.40472512554464679       0.33448250307369098     
   14742.334173712547       0.36455863728761223      -0.39439147044509870       0.28844763198084800     
   14750.602448627697       0.32955956204763953      -0.37099238931859585       0.24624485786935257     
   14758.870723542846       0.30551901317260721      -0.33998490754258204       0.20893160476670181     
   14767.138998457996       0.28914036273535365      -0.30522225591294461       0.17676277486731895     
   14775.407273373146       0.27729514880695738      -0.26941464921787711       0.14947685276506439     
   14783.675548288296       0.26745064826955589      -0.23453788183098773       0.12653786727357205     
   14791.943823203446       0.25781744968282516      -0.20208761904459061       0.10730924313206766     
   14800.212098118596       0.24732525573283570      -0.17318697851736276        9.1163511651286055E-002
   14808.480373033746       0.23550059848695809      -0.14860197935595970        7.7543080156224520E-002
   14816.748647948896       0.22230065575354521      -0.12872132018510438        6.5986759818652374E-002
   14825.016922864046       0.20794725862131139      -0.11354470903602837        5.6134463318194903E-002
   14833.285197779196       0.19279566948969337      -0.10270442359991418        4.7718368800969690E-002
   14841.553472694346       0.17725837117779450       -9.5528401505589958E-002   4.0546205646817962E-002
   14849.821747609496       0.16178451497689289       -9.1141362902217027E-002   3.4480977317982102E-002
   14858.090022524646       0.14687591967941246       -8.8591316265698272E-002   2.9420957099362197E-002
   14866.358297439796       0.13310877513394753       -8.6979485728917991E-002   2.5283376955326859E-002
   14874.626572354946       0.12113306354952824       -8.5562874060372857E-002   2.1994224502365274E-002
   14882.894847270096       0.11163848031342199       -8.3796228397755135E-002   1.9484958180379056E-002
   14891.163122185246       0.10529566664845473       -8.1290691113869495E-002   1.7695353876713043E-002
   14899.431397100396       0.10268876890322999       -7.7689651608573787E-002   1.6580665225922546E-002
   14907.699672015546       0.10424139083459207       -7.2490904048501767E-002   1.6121198732899265E-002
   14915.967946930696       0.11011223097063447       -6.4871540839584588E-002   1.6333020220232246E-002
   14924.236221845846       0.12002644991206217       -5.3598302373470755E-002   1.7279126695810769E-002
   14932.504496760996       0.13304833261984511       -3.7128286385317240E-002   1.9080368462831072E-002
   14940.772771676146       0.14740557232157492       -1.3991135775342854E-002   2.1924154631735134E-002
   14949.041046591296       0.16059862755206128        1.6567599017370423E-002   2.6066404508806068E-002
   14957.309321506445       0.17003203397648653        5.3927945840722358E-002   3.1819115920780953E-002
   14965.577596421595       0.17414383719200638        9.5857253105732232E-002   3.9514689004932435E-002
   14973.845871336745       0.17356078871329067       0.13899033557823787        4.9441660762930703E-002
   14982.114146251895       0.17156800687443302       0.17977998601273862        6.1756424353605996E-002
   14990.382421167045       0.17348047800894761       0.21515576263740283        7.6387478446295384E-002
   14998.650696082195       0.18508961872236249       0.24227192458840108        9.2953852402557421E-002
   15006.918970997345       0.21066007648867427       0.25756222627599573       0.11071596823046131     
   15015.187245912495       0.25091063546059794       0.25615641432386593       0.12857225558650115     
   15023.455520827645       0.30153699359532421       0.23279381996321113       0.14511752111957055     
   15031.723795742795       0.35323206229887588       0.18442399739027027       0.15878510064932333     
   15039.992070657945       0.39405097733195282       0.11316608826842596       0.16808273627024439     
   15048.260345573095       0.41368844356056056        2.7421226077251729E-002  0.17189005197513885     
   15056.528620488245       0.40756741597168866       -6.0173347106035058E-002  0.16973203026378289     
   15064.796895403395       0.37834442282019998      -0.13702266565913698       0.16191971318348591     
   15073.065170318545       0.33411411746529202      -0.19456505409389194       0.14948780376417004     
   15081.333445233695       0.28474438118214834      -0.22992518526005648       0.13394495343167589     
   15089.601720148845       0.23853631211224985      -0.24501698426060409       0.11693289477227378     
   15097.869995063995       0.20054091607790128      -0.24433453210248723        9.9916022599105203E-002
   15106.138269979145       0.17253868518233068      -0.23284596369135827        8.3986840691804746E-002
   15114.406544894295       0.15394448818513604      -0.21473072125821574        6.9808188094657025E-002
   15122.674819809445       0.14289319980525636      -0.19298275344434468        5.7660809677545652E-002
   15130.943094724595       0.13709852458317712      -0.16955294345299626        4.7544206076458970E-002
   15139.211369639745       0.13438951936359061      -0.14568762024326523        3.9285425606922761E-002
   15147.479644554895       0.13298527771259649      -0.12224558820157512        3.2629067923045499E-002
   15155.747919470045       0.13159960126439427       -9.9905134337505225E-002   2.7299490919942528E-002
   15164.016194385194       0.12944476206843170       -7.9255513586780776E-002   2.3037382860857287E-002
   15172.284469300344       0.12617434880084782       -6.0804887375154146E-002   1.9617200624023189E-002
   15180.552744215494       0.12178827114501985       -4.4946849644836584E-002   1.6852602281488421E-002
   15188.821019130644       0.11651802372179176       -3.1921053948110005E-002   1.4595403537190178E-002
   15197.089294045794       0.11071018852567971       -2.1789554529971313E-002   1.2731530530006138E-002
   15205.357568960944       0.10472624026541792       -1.4436765808809942E-002   1.1176005607148466E-002
   15213.625843876094        9.8873250288014997E-002  -9.5898938936500103E-003   9.8678856874079238E-003
   15221.894118791244        9.3373109457717360E-002  -6.8515033508560631E-003   8.7654806679696579E-003
   15230.162393706394        8.8368906993158483E-002  -5.7362135249804554E-003   7.8419678687696621E-003
   15238.430668621544        8.3958219006799673E-002  -5.7066699886625357E-003   7.0815486211532391E-003
   15246.698943536694        8.0236407161751344E-002  -6.2060255522344860E-003   6.4763957873813296E-003
   15254.967218451844        7.7330702507764679E-002  -6.6829247654178817E-003   6.0246990337646383E-003
   15263.235493366994        7.5409053788781100E-002  -6.6015980675824138E-003   5.7301064903651890E-003
   15271.503768282144        7.4654538947978397E-002  -5.4286718500836653E-003   5.6027706635911143E-003
   15279.772043197294        7.5202530063709930E-002  -2.5946255595950076E-003   5.6621526097776998E-003
   15288.040318112444        7.7040526599360934E-002   2.5566969842721280E-003   5.9417794381762265E-003
   15296.308593027594        7.9873211154877485E-002   1.0795119384749646E-002   6.4962644627226430E-003
   15304.576867942744        8.2970757495207659E-002   2.2951951627121926E-002   7.4109386828223028E-003
   15312.845142857894        8.5061310243875671E-002   3.9732686166237874E-002   8.8141128503896188E-003
   15321.113417773044        8.4391990073382370E-002   6.1391158349349183E-002   1.0890882312020733E-002
   15329.381692688194        7.9108543600061434E-002   8.7390414877687034E-002   1.3895246283017085E-002
   15337.649967603344        6.7992303926689021E-002  0.11632621235020250        1.8154741073003657E-002
   15345.918242518494        5.1320096934782095E-002  0.14638012901868233        2.4060894520921514E-002
   15354.186517433644        3.1386159872399753E-002  0.17622922504542826        3.2041830791648032E-002
   15362.454792348793        1.2369722918730905E-002  0.20583305924643586        4.2520258323832952E-002
   15370.723067263943       -2.9628780165191163E-004  0.23635537127511744        5.5863949317060013E-002
   15378.991342179093       -6.6185421393866054E-004  0.26893948130275952        7.2328882654397852E-002
   15387.259617094243        1.6934737444890980E-002  0.30281306811487374        9.1982539553470563E-002
   15395.527892009393        5.6568204913479074E-002  0.33375580420825207       0.11459289864983045     
   15403.796166924543       0.11875882581744600       0.35410253978742734       0.13949226739344503     
   15412.064441839693       0.19867286709504325       0.35496008060256917       0.16546756694114712     
   15420.332716754843       0.28607499433075267       0.33003373816174808       0.19076117070635745     
   15428.600991669993       0.36794747690191615       0.27905040771434125       0.21325447580402621     
   15436.869266585143       0.43280373405437594       0.20860723313478888       0.23083604992756313     
   15445.137541500293       0.47432750672005231       0.12988028959978792       0.24185547325778603     
   15453.405816415443       0.49245029020935605        5.4683482927834634E-002  0.24549757163239777     
   15461.674091330593       0.49180269982484104       -7.9005275654707701E-003  0.24193231389081549     
   15469.942366245743       0.47894272802368620       -5.3003718466492537E-002  0.23219553089804587     
   15478.210641160893       0.45991945133712853       -7.9663263898476805E-002  0.21787213733320371     
   15486.478916076043       0.43896376014448424       -8.9598948290211963E-002  0.20071715425489636     
   15494.747190991193       0.41827679004771884       -8.5923615319928051E-002  0.18233834076227043     
   15503.015465906343       0.39848546377788385       -7.2211080953038118E-002  0.16400510505468141     
   15511.283740821493       0.37932220514913012       -5.1967120848460724E-002  0.14658591696847728     
   15519.552015736643       0.36024049358697086       -2.8374835344712836E-002  0.13057834450062394     
   15527.820290651793       0.34083693138912274       -4.1746560926465420E-003  0.11618724155224543     
   15536.088565566943       0.32105519854615799        1.8403320437279755E-002  0.10341512271663013     
   15544.356840482093       0.30120371779090876        3.7680287907873915E-002   9.2143483707885679E-002
   15552.625115397243       0.28184484247074726        5.2537026766819019E-002   8.2196654408857803E-002
   15560.893390312393       0.26362066846303850        6.2381043514272629E-002   7.3387251430828832E-002
   15569.161665227542       0.24707582327310357        6.7076887095793195E-002   6.5545771228543687E-002
   15577.429940142692       0.23252405422902281        6.6857712919216647E-002   5.8537389571889926E-002
   15585.698215057842       0.21998801349253755        6.2241115208857549E-002   5.2268682502835166E-002
   15593.966489972992       0.20922317633975721        5.3964523840984817E-002   4.6686507351081361E-002
   15602.234764888142       0.19981878383352955        4.2939040043455667E-002   4.1771307532564299E-002
   15610.503039803292       0.19135098363297917        3.0205077223751545E-002   3.7527545627401460E-002
   15618.771314718442       0.18354777125097638        1.6869603965703799E-002   3.3974367869160436E-002
   15627.039589633592       0.17641819291158323        4.0186905597828036E-003   3.1139528664003883E-002
   15635.307864548742       0.17030725929263657       -7.3754175677269518E-003   2.9058959352067683E-002
   15643.576139463892       0.16586330933532445       -1.6512524251748605E-002   2.7783300840830114E-002
   15651.844414379042       0.16393405693290705       -2.2747648212672375E-002   2.7391830521689108E-002
   15660.112689294192       0.16542205466058527       -2.5483814568917379E-002   2.8013880973112623E-002
   15668.380964209342       0.17111893399122677       -2.4000528679053737E-002   2.9857714947167904E-002
   15676.649239124492       0.18151317920645427       -1.7290619937647602E-002   3.3245999763462555E-002
   15684.917514039642       0.19656446068615396       -4.0233269465401499E-003   3.8653774364557317E-002
   15693.185788954792       0.21550084091972038        1.7223518594009623E-002   4.6737262029864821E-002
   15701.454063869942       0.23682464514143028        4.7372382016096781E-002   5.8330055124243385E-002
   15709.722338785092       0.25879794841650866        8.6004555808255084E-002   7.4373161724369141E-002
   15717.990613700242       0.28050078979873538       0.13065277098078304        9.5750839642671282E-002
   15726.258888615392       0.30303444196975593       0.17666236660454052       0.12303946479423844     
   15734.527163530542       0.32994500261683268       0.21763946522134697       0.15623064157365563     
   15742.795438445692       0.36606694340314982       0.24599574451333700       0.19451891337119587     
   15751.063713360842       0.41480247220212391       0.25328465763842389       0.23621420874000737     
   15759.331988275992       0.47481251556349763       0.23093251129987774       0.27877674971100486     
   15767.600263191141       0.53778593327984769       0.17245433313241407       0.31895420704982247     
   15775.868538106291       0.58913927203943506        7.7208499246671614E-002  0.35304623421507880     
   15784.136813021441       0.61254629541894756       -4.6329491519862279E-002  0.37735938581596556     
   15792.405087936591       0.59680368269889894      -0.18079210390643219       0.38886042051788222     
   15800.673362851741       0.54125032064971923      -0.30485798831398442       0.38589030264227331     
   15808.941637766891       0.45628984714504811      -0.40058878331501929       0.36867179792545884     
   15817.209912682041       0.35881449838748580      -0.45892129265680132       0.33935659710685251     
   15825.478187597191       0.26563541086211095      -0.48060367890768657       0.30154206768348518     
   15833.746462512341       0.18857723369686316      -0.47315062531693508       0.25943288730656805     
   15842.014737427491       0.13288952431010201      -0.44643889498337974       0.21696731262534635     
   15850.283012342641        9.8337940623275444E-002 -0.40929434715533269       0.17719221317933687     
   15858.551287257791        8.1387337634231352E-002 -0.36794772655938995       0.14200942820741197     
   15866.819562172941        7.7215966458532639E-002 -0.32601394006653317       0.11224739459383032     
   15875.087837088091        8.1047277113473565E-002 -0.28522354878070599        8.7921133906567944E-002
   15883.356112003241        8.8825816501112945E-002 -0.24627456036380499        6.8541184759474821E-002
   15891.624386918391        9.7460408671668317E-002 -0.20947869050943871        5.3379853035997807E-002
   15899.892661833541       0.10483911623098337      -0.17511902197755391        4.1657912150468650E-002
   15908.160936748691       0.10973692198426803      -0.14356558053041849        3.2653267959617406E-002
   15916.429211663841       0.11167016387128643      -0.11523883085990783        2.5750213636998410E-002
   15924.697486578991       0.11072055006224898       -9.0509659024986130E-002   2.0451038582906235E-002
   15932.965761494141       0.10734591072535714       -6.9602210331759437E-002   1.6367612232522824E-002
   15941.234036409291       0.10219815113299305       -5.2536397647988224E-002   1.3204535172829631E-002
   15949.502311324441        9.5969588232521760E-002  -3.9120605346779171E-002   1.0740583628218225E-002
   15957.770586239591        8.9283452362408006E-002  -2.8985761011886556E-002   8.8117092071885832E-003
   15966.038861154741        8.2634311880775108E-002  -2.1642567364750741E-002   7.2968302221469838E-003
   15974.307136069890        7.6373616030528932E-002  -1.6543309744062894E-002   6.1066103228666719E-003
   15982.575410985040        7.0727948683177874E-002  -1.3134921640388465E-002   5.1749688914293880E-003
   15990.843685900190        6.5834506183893138E-002  -1.0896764453199020E-002   4.4529216800255657E-003
   15999.111960815340        6.1779405584701991E-002  -9.3616858041218037E-003   3.9043361154942036E-003
   16007.380235730490        5.8628389250258255E-002  -8.1212842298426929E-003   3.5032432836216896E-003
   16015.648510645640        5.6444305527271831E-002  -6.8165848352039517E-003   3.2324254552715420E-003
   16023.916785560790        5.5289563785468232E-002  -5.1152267590868971E-003   3.0831014083842387E-003
   16032.185060475940        5.5213217266007655E-002  -2.6774002044915486E-003   3.0556678327183771E-003
   16040.453335391090        5.6221051490346195E-002   8.8373254552536883E-004   3.1615876138921788E-003
   16048.721610306240        5.8225412333886818E-002   6.0344437282760554E-003   3.4266131525608695E-003
   16056.989885221390        6.0975290019544312E-002   1.3322366237231768E-002   3.8954714351264732E-003
   16065.258160136540        6.3985302366314528E-002   2.3314835320705052E-002   4.6377004649402909E-003
   16073.526435051690        6.6519512237267556E-002   3.6447273297639769E-002   5.7532492391168324E-003
   16081.794709966840        6.7724124020918666E-002   5.2803117710638559E-002   7.3747262143643248E-003
   16090.062984881990        6.6984210272094294E-002   7.1936360710396122E-002   9.6617244180323657E-003
   16098.331259797140        6.4445209014756241E-002   9.2899807950532584E-002   1.2783559282201457E-002
   16106.599534712290        6.1445839491565915E-002  0.11452693264018224        1.6892009490792122E-002
   16114.867809627440        6.0555067628001065E-002  0.13574219989917741        2.2092861048900021E-002
   16123.136084542590        6.5098526975483462E-002  0.15552746933571870        2.8426611932350670E-002
   16131.404359457740        7.8298755195451264E-002  0.17242217221917258        3.5860100537935216E-002
   16139.672634372890       0.10221474514895289       0.18393284462699053        4.4279145458442026E-002
   16147.940909288040       0.13668411054305465       0.18651614190655041        5.3470817266650442E-002
   16156.209184203190       0.17866927229424140       0.17656213556055950        6.3096896575859165E-002
   16164.477459118340       0.22257961268660972       0.15210429943293791        7.2677401889706034E-002
   16172.745734033489       0.26181744795574069       0.11428772963977923        8.1610061200272255E-002
   16181.014008948639       0.29098800360337446        6.7579014183099695E-002   8.9240941399037058E-002
   16189.282283863789       0.30762833218793700        1.8483887299236897E-002   9.4976844854422607E-002
   16197.550558778939       0.31257685379459393       -2.6475223223783061E-002   9.8405226972876098E-002
   16205.818833694089       0.30900042558225216       -6.2423055260186204E-002   9.9377900838029221E-002
   16214.087108609239       0.30082287631266796       -8.6798537021691421E-002   9.8028388942132658E-002
   16222.355383524389       0.29137469641425234       -9.9105631482915055E-002   9.4721139902125079E-002
   16230.623658439539       0.28268445546398735      -0.10023250187165768        8.9957055792422913E-002
   16238.891933354689       0.27539858957452057       -9.1793427173839634E-002   8.4270416411954235E-002
   16247.160208269839       0.26909988901318166       -7.5704868173243497E-002   7.8145977332034863E-002
   16255.428483184989       0.26278337880455482       -5.3988032013364190E-002   7.1969811776614198E-002
   16263.696758100139       0.25532303701023989       -2.8691590472198613E-002   6.6013060591956677E-002
   16271.965033015289       0.24583736816031046       -1.8313584797843316E-003   6.0439365457869508E-002
   16280.233307930439       0.23391238097718536        2.4704631935931393E-002   5.5325320813505746E-002
   16288.501582845589       0.21967269805820028        4.9283631693252380E-002   5.0684970625045379E-002
   16296.769857760739       0.20371805550174624        7.0652975600319759E-002   4.6492889098591936E-002
   16305.038132675889       0.18696517837244922        8.8020242297881315E-002   4.2703540978019490E-002
   16313.306407591039       0.17044746118087975       0.10106364684753702        3.9266197737131192E-002
   16321.574682506189       0.15512448963641104       0.10987305531876497        3.6135695570037388E-002
   16329.842957421339       0.14174020686545402       0.11484456300517433        3.3279559894111153E-002
   16338.111232336489       0.13074854918598813       0.11656254812112211        3.0682010738729667E-002
   16346.379507251639       0.12230636814654330       0.11570023733539504        2.8345392608664526E-002
   16354.647782166789       0.11632052687662248       0.11295704326998049        2.6289758597151297E-002
   16362.916057081939       0.11253008007972203       0.10903512155968879        2.4551676656284764E-002
   16371.184331997089       0.11060316442646152       0.10464550090464110        2.3183740840730126E-002
   16379.452606912238       0.11022882266045528       0.10053003296106347        2.2256680872262607E-002
   16387.720881827390       0.11118520490961070        9.7489523813726095E-002   2.1866357044219187E-002
   16395.989156742540       0.11336755551316223        9.6416816178865661E-002   2.2148405085099090E-002
   16404.257431657690       0.11676236968052252        9.8339079029442902E-002   2.3304025437770021E-002
   16412.525706572840       0.12135844684617224       0.10446821426847588        2.5641480413359403E-002
   16420.793981487990       0.12699471410112737       0.11623540762607970        2.9638327395627988E-002
   16429.062256403140       0.13317341020934714       0.13524659435744479        3.6026798472074267E-002
   16437.330531318290       0.13893961759753412       0.16306349766733141        4.5893921609652812E-002
   16445.598806233440       0.14304627583126317       0.20074955717638171        6.0762621735707179E-002
   16453.867081148590       0.14469312152916231       0.24828513364257337        8.2581607005763447E-002
   16462.135356063740       0.14493366139057584       0.30417136485331331       0.11352598540080554     
   16470.403630978890       0.14827760067835566       0.36546282940015423       0.15554932653609616     
   16478.671905894040       0.16343002711522944       0.42784408201143909       0.20975993227509565     
   16486.940180809190       0.20208679404957081       0.48476536513458435       0.27583653156330057     
   16495.208455724340       0.27524765259952083       0.52529335104625585       0.35169437491495148     
   16503.476730639490       0.38724674668596359       0.53243253475184982       0.43344444688114259     
   16511.745005554640       0.52908498621463707       0.48540776408754166       0.51555162007420918     
   16520.013280469790       0.67502690691128553       0.36810892407011708       0.59116550503427656     
   16528.281555384940       0.78745212059146208       0.18079256592770387       0.65276679411871363     
