   0.0000000000000000        8.5836783897691601E-002   0.0000000000000000     
   8.2682749151502009        8.5359579666366259E-002   0.0000000000000000     
   16.536549830300402        8.4571841849216581E-002   0.0000000000000000     
   24.804824745450603        8.3482833931800185E-002   0.0000000000000000     
   33.073099660600803        8.2102482495670231E-002   0.0000000000000000     
   41.341374575751004        8.0440342870179621E-002   0.0000000000000000     
   49.609649490901205        7.8504979408974107E-002   0.0000000000000000     
   57.877924406051406        7.6303680940968191E-002   0.0000000000000000     
   66.146199321201607        7.3842385818438744E-002   0.0000000000000000     
   74.414474236351808        7.1125773379335885E-002   0.0000000000000000     
   82.682749151502009        6.8157463637255861E-002   0.0000000000000000     
   90.951024066652209        6.4940261539592078E-002   0.0000000000000000     
   99.219298981802410        6.1476453654100892E-002   0.0000000000000000     
   107.48757389695261        5.7768129220047149E-002   0.0000000000000000     
   115.75584881210281        5.3817599159543879E-002   0.0000000000000000     
   124.02412372725301        4.9627815472413808E-002   0.0000000000000000     
   132.29239864240321        4.5202812898381364E-002   0.0000000000000000     
   140.56067355755340        4.0548306049985217E-002   0.0000000000000000     
   148.82894847270359        3.5672327404079607E-002   0.0000000000000000     
   157.09722338785377        3.0585953840850898E-002   0.0000000000000000     
   165.36549830300396        2.5304168888287262E-002   0.0000000000000000     
   173.63377321815415        1.9846843087254217E-002   0.0000000000000000     
   181.90204813330433        1.4239816408569391E-002   0.0000000000000000     
   190.17032304845452        8.5160198496195706E-003   0.0000000000000000     
   198.43859796360471        2.7165072739448221E-003   0.0000000000000000     
   206.70687287875489       -3.1088045053373425E-003   0.0000000000000000     
   214.97514779390508       -8.9009904578401747E-003   0.0000000000000000     
   223.24342270905527       -1.4592927825541632E-002   0.0000000000000000     
   231.51169762420545       -2.0111457159751232E-002   0.0000000000000000     
   239.77997253935564       -2.5381337869161965E-002   0.0000000000000000     
   248.04824745450583       -3.0331330299240098E-002   0.0000000000000000     
   256.31652236965601       -3.4902287415051560E-002   0.0000000000000000     
   264.58479728480620       -3.9056381597607104E-002   0.0000000000000000     
   272.85307219995639       -4.2785594890253624E-002   0.0000000000000000     
   281.12134711510657       -4.6116738045591660E-002   0.0000000000000000     
   289.38962203025676       -4.9110312014350933E-002   0.0000000000000000     
   297.65789694540695       -5.1851803280560889E-002   0.0000000000000000     
   305.92617186055713       -5.4436472610050309E-002   0.0000000000000000     
   314.19444677570732       -5.6951072027507793E-002   0.0000000000000000     
   322.46272169085751       -5.9457700057318812E-002   0.0000000000000000     
   330.73099660600769       -6.1984270348530969E-002   0.0000000000000000     
   338.99927152115788       -6.4523214384919966E-002   0.0000000000000000     
   347.26754643630807       -6.7037411191990998E-002   0.0000000000000000     
   355.53582135145825       -6.9470351594198551E-002   0.0000000000000000     
   363.80409626660844       -7.1757163383810982E-002   0.0000000000000000     
   372.07237118175863       -7.3833933822770481E-002   0.0000000000000000     
   380.34064609690881       -7.5644166044351049E-002   0.0000000000000000     
   388.60892101205900       -7.7142380854766837E-002   0.0000000000000000     
   396.87719592720919       -7.8295389605649621E-002   0.0000000000000000     
   405.14547084235937       -7.9081894459043831E-002   0.0000000000000000     
   413.41374575750956       -7.9491087890236609E-002   0.0000000000000000     
   421.68202067265975       -7.9520834008434696E-002   0.0000000000000000     
   429.95029558780993       -7.9175777781640463E-002   0.0000000000000000     
   438.21857050296012       -7.8465574009142766E-002   0.0000000000000000     
   446.48684541811031       -7.7403365074325062E-002   0.0000000000000000     
   454.75512033326049       -7.6004566134760740E-002   0.0000000000000000     
   463.02339524841068       -7.4285963585875428E-002   0.0000000000000000     
   471.29167016356087       -7.2265085811052454E-002   0.0000000000000000     
   479.55994507871105       -6.9959800882791995E-002   0.0000000000000000     
   487.82821999386124       -6.7388089415897232E-002   0.0000000000000000     
   496.09649490901143       -6.4568040533642873E-002   0.0000000000000000     
   504.36476982416161       -6.1517878029682976E-002   0.0000000000000000     
   512.63304473931180       -5.8256122787678853E-002   0.0000000000000000     
   520.90131965446199       -5.4801801648382033E-002   0.0000000000000000     
   529.16959456961217       -5.1174742868269757E-002   0.0000000000000000     
   537.43786948476236       -4.7395992628734888E-002   0.0000000000000000     
   545.70614439991255       -4.3488098093819857E-002   0.0000000000000000     
   553.97441931506273       -3.9475451429157260E-002   0.0000000000000000     
   562.24269423021292       -3.5384611051911721E-002   0.0000000000000000     
   570.51096914536311       -3.1244528357742406E-002   0.0000000000000000     
   578.77924406051329       -2.7086616118426741E-002   0.0000000000000000     
   587.04751897566348       -2.2944621389837109E-002   0.0000000000000000     
   595.31579389081367       -1.8854183451693676E-002   0.0000000000000000     
   603.58406880596385       -1.4851952515800682E-002   0.0000000000000000     
   611.85234372111404       -1.0974085011081991E-002   0.0000000000000000     
   620.12061863626423       -7.2539568579218757E-003   0.0000000000000000     
   628.38889355141441       -3.7190850491243105E-003   0.0000000000000000     
   636.65716846656460       -3.8749666763267758E-004   0.0000000000000000     
   644.92544338171479        2.7358948235476420E-003   0.0000000000000000     
   653.19371829686497        5.6620683545606596E-003   0.0000000000000000     
   661.46199321201516        8.4187358381007174E-003   0.0000000000000000     
   669.73026812716535        1.1048352428430715E-002   0.0000000000000000     
   677.99854304231553        1.3603115217427259E-002   0.0000000000000000     
   686.26681795746572        1.6137825001892120E-002   0.0000000000000000     
   694.53509287261591        1.8702353355568076E-002   0.0000000000000000     
   702.80336778776609        2.1335614463673224E-002   0.0000000000000000     
   711.07164270291628        2.4062295748515393E-002   0.0000000000000000     
   719.33991761806647        2.6892485097481170E-002   0.0000000000000000     
   727.60819253321665        2.9823471051126642E-002   0.0000000000000000     
   735.87646744836684        3.2842600993017328E-002   0.0000000000000000     
   744.14474236351703        3.5930273113499840E-002   0.0000000000000000     
   752.41301727866721        3.9062517098389600E-002   0.0000000000000000     
   760.68129219381740        4.2212915811164438E-002   0.0000000000000000     
   768.94956710896759        4.5353861551107440E-002   0.0000000000000000     
   777.21784202411777        4.8457303701841647E-002   0.0000000000000000     
   785.48611693926796        5.1495192283441765E-002   0.0000000000000000     
   793.75439185441815        5.4439781820455460E-002   0.0000000000000000     
   802.02266676956833        5.7263876288196194E-002   0.0000000000000000     
   810.29094168471852        5.9941054764061599E-002   0.0000000000000000     
   818.55921659986871        6.2445880294591395E-002   0.0000000000000000     
   826.82749151501889        6.4754088930452772E-002   0.0000000000000000     
   835.09576643016908        6.6842735266804343E-002   0.0000000000000000     
   843.36404134531927        6.8690316645852706E-002   0.0000000000000000     
   851.63231626046945        7.0276882718814007E-002   0.0000000000000000     
   859.90059117561964        7.1584094468929174E-002   0.0000000000000000     
   868.16886609076982        7.2595281319433033E-002   0.0000000000000000     
   876.43714100592001        7.3295467652307711E-002   0.0000000000000000     
   884.70541592107020        7.3671486227374530E-002   0.0000000000000000     
   892.97369083622038        7.3712164575064562E-002   0.0000000000000000     
   901.24196575137057        7.3408514165362412E-002   0.0000000000000000     
   909.51024066652076        7.2754112217775960E-002   0.0000000000000000     
   917.77851558167094        7.1745639946035722E-002   0.0000000000000000     
   926.04679049682113        7.0383584819117398E-002   0.0000000000000000     
   934.31506541197132        6.8673182132057975E-002   0.0000000000000000     
   942.58334032712150        6.6625543256050135E-002   0.0000000000000000     
   950.85161524227169        6.4258915317163753E-002   0.0000000000000000     
   959.11989015742188        6.1599958559681839E-002   0.0000000000000000     
   967.38816507257206        5.8684833047866786E-002   0.0000000000000000     
   975.65643998772225        5.5559732651698029E-002   0.0000000000000000     
   983.92471490287244        5.2280403954199986E-002   0.0000000000000000     
   992.19298981802262        4.8910146029778785E-002   0.0000000000000000     
   1000.4612647331728        4.5515772047019988E-002   0.0000000000000000     
   1008.7295396483230        4.2161149188307698E-002   0.0000000000000000     
   1016.9978145634732        3.8898512210360267E-002   0.0000000000000000     
   1025.2660894786234        3.5758811004555704E-002   0.0000000000000000     
   1033.5343643937736        3.2743460058881915E-002   0.0000000000000000     
   1041.8026393089237        2.9820413122174826E-002   0.0000000000000000     
   1050.0709142240739        2.6926949167636341E-002   0.0000000000000000     
   1058.3391891392241        2.3979854125055971E-002   0.0000000000000000     
   1066.6074640543743        2.0891028849092726E-002   0.0000000000000000     
   1074.8757389695245        1.7584269998012693E-002   0.0000000000000000     
   1083.1440138846747        1.4008654046183067E-002   0.0000000000000000     
   1091.4122887998249        1.0145309883517332E-002   0.0000000000000000     
   1099.6805637149751        6.0069149418728205E-003   0.0000000000000000     
   1107.9488386301252        1.6316111644181564E-003   0.0000000000000000     
   1116.2171135452754       -2.9259259770637418E-003   0.0000000000000000     
   1124.4853884604256       -7.6035735703882008E-003   0.0000000000000000     
   1132.7536633755758       -1.2339205257521715E-002   0.0000000000000000     
   1141.0219382907260       -1.7075750689472358E-002   0.0000000000000000     
   1149.2902132058762       -2.1763942721486500E-002   0.0000000000000000     
   1157.5584881210264       -2.6363236786474127E-002   0.0000000000000000     
   1165.8267630361765       -3.0841488910314022E-002   0.0000000000000000     
   1174.0950379513267       -3.5173879212786044E-002   0.0000000000000000     
   1182.3633128664769       -3.9341497478555289E-002   0.0000000000000000     
   1190.6315877816271       -4.3329905704852865E-002   0.0000000000000000     
   1198.8998626967773       -4.7127855513251937E-002   0.0000000000000000     
   1207.1681376119275       -5.0726240129754331E-002   0.0000000000000000     
   1215.4364125270777       -5.4117305815301948E-002   0.0000000000000000     
   1223.7046874422279       -5.7294097309674885E-002   0.0000000000000000     
   1231.9729623573780       -6.0250094108877397E-002   0.0000000000000000     
   1240.2412372725282       -6.2978964155739295E-002   0.0000000000000000     
   1248.5095121876784       -6.5474436164663571E-002   0.0000000000000000     
   1256.7777871028286       -6.7730279465715068E-002   0.0000000000000000     
   1265.0460620179788       -6.9740256195186104E-002   0.0000000000000000     
   1273.3143369331290       -7.1498164420667115E-002   0.0000000000000000     
   1281.5826118482792       -7.2997967873463243E-002   0.0000000000000000     
   1289.8508867634293       -7.4233812926130488E-002   0.0000000000000000     
   1298.1191616785795       -7.5200202025122162E-002   0.0000000000000000     
   1306.3874365937297       -7.5892254671825587E-002   0.0000000000000000     
   1314.6557115088799       -7.6305969899425508E-002   0.0000000000000000     
   1322.9239864240301       -7.6438630215661288E-002   0.0000000000000000     
   1331.1922613391803       -7.6289342482690953E-002   0.0000000000000000     
   1339.4605362543305       -7.5859794777287951E-002   0.0000000000000000     
   1347.7288111694807       -7.5155213196819934E-002   0.0000000000000000     
   1355.9970860846308       -7.4185476376080930E-002   0.0000000000000000     
   1364.2653609997810       -7.2966297583723541E-002   0.0000000000000000     
   1372.5336359149312       -7.1520237310426490E-002   0.0000000000000000     
   1380.8019108300814       -6.9877157445940127E-002   0.0000000000000000     
   1389.0701857452316       -6.8073588141038116E-002   0.0000000000000000     
   1397.3384606603818       -6.6150495081588045E-002   0.0000000000000000     
   1405.6067355755320       -6.4149137344933466E-002   0.0000000000000000     
   1413.8750104906821       -6.2105173982316041E-002   0.0000000000000000     
   1422.1432854058323       -6.0041919632110606E-002   0.0000000000000000     
   1430.4115603209825       -5.7964445954209715E-002   0.0000000000000000     
   1438.6798352361327       -5.5856565463341432E-002   0.0000000000000000     
   1446.9481101512829       -5.3682068218925683E-002   0.0000000000000000     
   1455.2163850664331       -5.1390289101321131E-002   0.0000000000000000     
   1463.4846599815833       -4.8924497147397598E-002   0.0000000000000000     
   1471.7529348967334       -4.6230577166428630E-002   0.0000000000000000     
   1480.0212098118836       -4.3263984247530279E-002   0.0000000000000000     
   1488.2894847270338       -3.9993916024550658E-002   0.0000000000000000     
   1496.5577596421840       -3.6404583574517688E-002   0.0000000000000000     
   1504.8260345573342       -3.2494299614183451E-002   0.0000000000000000     
   1513.0943094724844       -2.8273306357810415E-002   0.0000000000000000     
   1521.3625843876346       -2.3761163075674944E-002   0.0000000000000000     
   1529.6308593027848       -1.8984255883561549E-002   0.0000000000000000     
   1537.8991342179349       -1.3973685629892462E-002   0.0000000000000000     
   1546.1674091330851       -8.7635919789617479E-003   0.0000000000000000     
   1554.4356840482353       -3.3898605217961265E-003   0.0000000000000000     
   1562.7039589633855        2.1108491128748585E-003   0.0000000000000000     
   1570.9722338785357        7.7018070718549506E-003   0.0000000000000000     
   1579.2405087936859        1.3346696299029135E-002   0.0000000000000000     
   1587.5087837088361        1.9009956364323823E-002   0.0000000000000000     
   1595.7770586239862        2.4656973154011150E-002   0.0000000000000000     
   1604.0453335391364        3.0254189492997113E-002   0.0000000000000000     
   1612.3136084542866        3.5769149267846675E-002   0.0000000000000000     
   1620.5818833694368        4.1170429725575219E-002   0.0000000000000000     
   1628.8501582845870        4.6427567507098082E-002   0.0000000000000000     
   1637.1184331997372        5.1510907043369823E-002   0.0000000000000000     
   1645.3867081148874        5.6391542883053869E-002   0.0000000000000000     
   1653.6549830300376        6.1041247565711276E-002   0.0000000000000000     
   1661.9232579451877        6.5432480470334911E-002   0.0000000000000000     
   1670.1915328603379        6.9538588721772696E-002   0.0000000000000000     
   1678.4598077754881        7.3334105708119074E-002   0.0000000000000000     
   1686.7280826906383        7.6795346779315196E-002   0.0000000000000000     
   1694.9963576057885        7.9901289750858917E-002   0.0000000000000000     
   1703.2646325209387        8.2634755331093532E-002   0.0000000000000000     
   1711.5329074360889        8.4983856379495570E-002   0.0000000000000000     
   1719.8011823512390        8.6943603858520652E-002   0.0000000000000000     
   1728.0694572663892        8.8517484340215141E-002   0.0000000000000000     
   1736.3377321815394        8.9718707084454036E-002   0.0000000000000000     
   1744.6060070966896        9.0570646007774439E-002   0.0000000000000000     
   1752.8742820118398        9.1105858471190709E-002   0.0000000000000000     
   1761.1425569269900        9.1363136113428806E-002   0.0000000000000000     
   1769.4108318421402        9.1382389882318768E-002   0.0000000000000000     
   1777.6791067572904        9.1197736333425775E-002   0.0000000000000000     
   1785.9473816724405        9.0830011762019339E-002   0.0000000000000000     
   1794.2156565875907        9.0280797086408252E-002   0.0000000000000000     
   1802.4839315027409        8.9530179218377234E-002   0.0000000000000000     
   1810.7522064178911        8.8539561713943393E-002   0.0000000000000000     
   1819.0204813330413        8.7259009463242540E-002   0.0000000000000000     
   1827.2887562481915        8.5637260754804892E-002   0.0000000000000000     
   1835.5570311633417        8.3631159190358115E-002   0.0000000000000000     
   1843.8253060784918        8.1212189548208913E-002   0.0000000000000000     
   1852.0935809936420        7.8369038752235373E-002   0.0000000000000000     
   1860.3618559087922        7.5106213958438320E-002   0.0000000000000000     
   1868.6301308239424        7.1440438158458658E-002   0.0000000000000000     
   1876.8984057390926        6.7396264461006258E-002   0.0000000000000000     
   1885.1666806542428        6.3002182962771547E-002   0.0000000000000000     
   1893.4349555693930        5.8287831170226061E-002   0.0000000000000000     
   1901.7032304845432        5.3282399149616029E-002   0.0000000000000000     
   1909.9715053996933        4.8013993768819027E-002   0.0000000000000000     
   1918.2397803148435        4.2509610045761641E-002   0.0000000000000000     
   1926.5080552299937        3.6795401019978607E-002   0.0000000000000000     
   1934.7763301451439        3.0897035774533774E-002   0.0000000000000000     
   1943.0446050602941        2.4839986863998322E-002   0.0000000000000000     
   1951.3128799754443        1.8649700248293589E-002   0.0000000000000000     
   1959.5811548905945        1.2351651702867179E-002   0.0000000000000000     
   1967.8494298057446        5.9713256436539066E-003   0.0000000000000000     
   1976.1177047208948       -4.6583917822126816E-004   0.0000000000000000     
   1984.3859796360450       -6.9344859553382553E-003   0.0000000000000000     
   1992.6542545511952       -1.3409327620409372E-002   0.0000000000000000     
   2000.9225294663454       -1.9865065839021711E-002   0.0000000000000000     
   2009.1908043814956       -2.6276238037804028E-002   0.0000000000000000     
   2017.4590792966458       -3.2616983763671260E-002   0.0000000000000000     
   2025.7273542117960       -3.8860765994319861E-002   0.0000000000000000     
   2033.9956291269461       -4.4980008584919379E-002   0.0000000000000000     
   2042.2639040420963       -5.0945764682369013E-002   0.0000000000000000     
   2050.5321789572467       -5.6727408413028875E-002   0.0000000000000000     
   2058.8004538723972       -6.2292318258412874E-002   0.0000000000000000     
   2067.0687287875476       -6.7605744598170592E-002   0.0000000000000000     
   2075.3370037026980       -7.2630894334734977E-002   0.0000000000000000     
   2083.6052786178484       -7.7329354681889478E-002   0.0000000000000000     
   2091.8735535329988       -8.1662009878733566E-002   0.0000000000000000     
   2100.1418284481492       -8.5590577187498532E-002   0.0000000000000000     
   2108.4101033632996       -8.9079865244993922E-002   0.0000000000000000     
   2116.6783782784501       -9.2100745444564494E-002   0.0000000000000000     
   2124.9466531936005       -9.4633674333132675E-002   0.0000000000000000     
   2133.2149281087509       -9.6672358136403833E-002   0.0000000000000000     
   2141.4832030239013       -9.8226827937300212E-002   0.0000000000000000     
   2149.7514779390517       -9.9324840401952025E-002   0.0000000000000000     
   2158.0197528542021      -0.10001044998026870        0.0000000000000000     
   2166.2880277693525      -0.10033905197929416        0.0000000000000000     
   2174.5563026845030      -0.10036916844984853        0.0000000000000000     
   2182.8245775996534      -0.10015242737046197        0.0000000000000000     
   2191.0928525148038       -9.9724244797371783E-002   0.0000000000000000     
   2199.3611274299542       -9.9097903862727210E-002   0.0000000000000000     
   2207.6294023451046       -9.8263771685465906E-002   0.0000000000000000     
   2215.8976772602550       -9.7193464457937181E-002   0.0000000000000000     
   2224.1659521754054       -9.5847233532729170E-002   0.0000000000000000     
   2232.4342270905559       -9.4182226564729521E-002   0.0000000000000000     
   2240.7025020057063       -9.2159512495839924E-002   0.0000000000000000     
   2248.9707769208567       -8.9748795009577817E-002   0.0000000000000000     
   2257.2390518360071       -8.6930621426588667E-002   0.0000000000000000     
   2265.5073267511575       -8.3696591827123246E-002   0.0000000000000000     
   2273.7756016663079       -8.0048330484197988E-002   0.0000000000000000     
   2282.0438765814583       -7.5995891908325217E-002   0.0000000000000000     
   2290.3121514966087       -7.1556044305191677E-002   0.0000000000000000     
   2298.5804264117592       -6.6750679710543145E-002   0.0000000000000000     
   2306.8487013269096       -6.1605462997989968E-002   0.0000000000000000     
   2315.1169762420600       -5.6148725146683891E-002   0.0000000000000000     
   2323.3852511572104       -5.0410595712655104E-002   0.0000000000000000     
   2331.6535260723608       -4.4422358373970558E-002   0.0000000000000000     
   2339.9218009875112       -3.8215985742437682E-002   0.0000000000000000     
   2348.1900759026616       -3.1823826628945909E-002   0.0000000000000000     
   2356.4583508178121       -2.5278426220874541E-002   0.0000000000000000     
   2364.7266257329625       -1.8612458715994026E-002   0.0000000000000000     
   2372.9949006481129       -1.1858761587086972E-002   0.0000000000000000     
   2381.2631755632633       -5.0504651355168708E-003   0.0000000000000000     
   2389.5314504784137        1.7788121028606619E-003   0.0000000000000000     
   2397.7997253935641        8.5947231496673673E-003   0.0000000000000000     
   2406.0680003087145        1.5361946173840723E-002   0.0000000000000000     
   2414.3362752238650        2.2043964151211220E-002   0.0000000000000000     
   2422.6045501390154        2.8602926237357527E-002   0.0000000000000000     
   2430.8728250541658        3.4999660067912421E-002   0.0000000000000000     
   2439.1410999693162        4.1193900471001348E-002   0.0000000000000000     
   2447.4093748844666        4.7144832443453785E-002   0.0000000000000000     
   2455.6776497996170        5.2812038810361749E-002   0.0000000000000000     
   2463.9459247147674        5.8156880435275622E-002   0.0000000000000000     
   2472.2141996299179        6.3144360075814698E-002   0.0000000000000000     
   2480.4824745450683        6.7745423400799504E-002   0.0000000000000000     
   2488.7507494602187        7.1939529784163167E-002   0.0000000000000000     
   2497.0190243753691        7.5717153053715805E-002   0.0000000000000000     
   2505.2872992905195        7.9081658484281184E-002   0.0000000000000000     
   2513.5555742056699        8.2049876038651173E-002   0.0000000000000000     
   2521.8238491208203        8.4650723402588973E-002   0.0000000000000000     
   2530.0921240359708        8.6921589856054374E-002   0.0000000000000000     
   2538.3603989511212        8.8902824998147875E-002   0.0000000000000000     
   2546.6286738662716        9.0631405188106043E-002   0.0000000000000000     
   2554.8969487814220        9.2135322073120876E-002   0.0000000000000000     
   2563.1652236965724        9.3430143913243668E-002   0.0000000000000000     
   2571.4334986117228        9.4518306134602700E-002   0.0000000000000000     
   2579.7017735268732        9.5391070350268642E-002   0.0000000000000000     
   2587.9700484420237        9.6031739325609586E-002   0.0000000000000000     
   2596.2383233571741        9.6419005481556394E-002   0.0000000000000000     
   2604.5065982723245        9.6529765106620202E-002   0.0000000000000000     
   2612.7748731874749        9.6340887719038967E-002   0.0000000000000000     
   2621.0431481026253        9.5830417512093424E-002   0.0000000000000000     
   2629.3114230177757        9.4978398316187124E-002   0.0000000000000000     
   2637.5796979329261        9.3767616286687658E-002   0.0000000000000000     
   2645.8479728480766        9.2184359962975193E-002   0.0000000000000000     
   2654.1162477632270        9.0219114859034680E-002   0.0000000000000000     
   2662.3845226783774        8.7867048415113058E-002   0.0000000000000000     
   2670.6527975935278        8.5128184652245989E-002   0.0000000000000000     
   2678.9210725086782        8.2007246736179332E-002   0.0000000000000000     
   2687.1893474238286        7.8513231703318836E-002   0.0000000000000000     
   2695.4576223389790        7.4658799242268009E-002   0.0000000000000000     
   2703.7258972541294        7.0459561992157332E-002   0.0000000000000000     
   2711.9941721692799        6.5933380276343642E-002   0.0000000000000000     
   2720.2624470844303        6.1099727597450033E-002   0.0000000000000000     
   2728.5307219995807        5.5979183391633498E-002   0.0000000000000000     
   2736.7989969147311        5.0593081343609438E-002   0.0000000000000000     
   2745.0672718298815        4.4963336886312495E-002   0.0000000000000000     
   2753.3355467450319        3.9112455521131649E-002   0.0000000000000000     
   2761.6038216601823        3.3063647819113265E-002   0.0000000000000000     
   2769.8720965753328        2.6841169458437890E-002   0.0000000000000000     
   2778.1403714904832        2.0470801565014869E-002   0.0000000000000000     
   2786.4086464056336        1.3980371211580236E-002   0.0000000000000000     
   2794.6769213207840        7.4004183154848351E-003   0.0000000000000000     
   2802.9451962359344        7.6490793259228627E-004   0.0000000000000000     
   2811.2134711510848       -5.8880592352006699E-003   0.0000000000000000     
   2819.4817460662352       -1.2515636400262646E-002   0.0000000000000000     
   2827.7500209813857       -1.9069852937280442E-002   0.0000000000000000     
   2836.0182958965361       -2.5497650084090571E-002   0.0000000000000000     
   2844.2865708116865       -3.1741529406835105E-002   0.0000000000000000     
   2852.5548457268369       -3.7741029303850052E-002   0.0000000000000000     
   2860.8231206419873       -4.3435221938114173E-002   0.0000000000000000     
   2869.0913955571377       -4.8766374589150882E-002   0.0000000000000000     
   2877.3596704722881       -5.3684713196203881E-002   0.0000000000000000     
   2885.6279453874386       -5.8153842584979985E-002   0.0000000000000000     
   2893.8962203025890       -6.2155947395703244E-002   0.0000000000000000     
   2902.1644952177394       -6.5695471054519408E-002   0.0000000000000000     
   2910.4327701328898       -6.8799821901252195E-002   0.0000000000000000     
   2918.7010450480402       -7.1516084080075246E-002   0.0000000000000000     
   2926.9693199631906       -7.3903753048272958E-002   0.0000000000000000     
   2935.2375948783410       -7.6024822305500117E-002   0.0000000000000000     
   2943.5058697934915       -7.7933531329861361E-002   0.0000000000000000     
   2951.7741447086419       -7.9668389095403802E-002   0.0000000000000000     
   2960.0424196237923       -8.1248302268777148E-002   0.0000000000000000     
   2968.3106945389427       -8.2672970519832453E-002   0.0000000000000000     
   2976.5789694540931       -8.3926611676336305E-002   0.0000000000000000     
   2984.8472443692435       -8.4983370282957951E-002   0.0000000000000000     
   2993.1155192843939       -8.5812681154017370E-002   0.0000000000000000     
   3001.3837941995444       -8.6383618096342069E-002   0.0000000000000000     
   3009.6520691146948       -8.6667910228837797E-002   0.0000000000000000     
   3017.9203440298452       -8.6641748251826356E-002   0.0000000000000000     
   3026.1886189449956       -8.6286631557197860E-002   0.0000000000000000     
   3034.4568938601460       -8.5589570721630578E-002   0.0000000000000000     
   3042.7251687752964       -8.4542913948927739E-002   0.0000000000000000     
   3050.9934436904468       -8.3143982299671168E-002   0.0000000000000000     
   3059.2617186055973       -8.1394569481862411E-002   0.0000000000000000     
   3067.5299935207477       -7.9300355003565720E-002   0.0000000000000000     
   3075.7982684358981       -7.6870293754747784E-002   0.0000000000000000     
   3084.0665433510485       -7.4116042796111808E-002   0.0000000000000000     
   3092.3348182661989       -7.1051460976750608E-002   0.0000000000000000     
   3100.6030931813493       -6.7692210731442021E-002   0.0000000000000000     
   3108.8713680964997       -6.4055459763972838E-002   0.0000000000000000     
   3117.1396430116502       -6.0159695137906387E-002   0.0000000000000000     
   3125.4079179268006       -5.6024653257125856E-002   0.0000000000000000     
   3133.6761928419510       -5.1671369703442986E-002   0.0000000000000000     
   3141.9444677571014       -4.7122325013138733E-002   0.0000000000000000     
   3150.2127426722518       -4.2401644240384763E-002   0.0000000000000000     
   3158.4810175874022       -3.7535454792358876E-002   0.0000000000000000     
   3166.7492925025526       -3.2552275757019675E-002   0.0000000000000000     
   3175.0175674177030       -2.7483343198691994E-002   0.0000000000000000     
   3183.2858423328535       -2.2362954075145554E-002   0.0000000000000000     
   3191.5541172480039       -1.7228692580414654E-002   0.0000000000000000     
   3199.8223921631543       -1.2121448421572891E-002   0.0000000000000000     
   3208.0906670783047       -7.0851614858501027E-003   0.0000000000000000     
   3216.3589419934551       -2.1661526731675033E-003   0.0000000000000000     
   3224.6272169086055        2.5880877775706947E-003   0.0000000000000000     
   3232.8954918237559        7.1307803889591450E-003   0.0000000000000000     
   3241.1637667389064        1.1418488298944035E-002   0.0000000000000000     
   3249.4320416540568        1.5414445090110281E-002   0.0000000000000000     
   3257.7003165692072        1.9092329489728749E-002   0.0000000000000000     
   3265.9685914843576        2.2439977327037744E-002   0.0000000000000000     
   3274.2368663995080        2.5462325449051252E-002   0.0000000000000000     
   3282.5051413146584        2.8182801172542956E-002   0.0000000000000000     
   3290.7734162298088        3.0642410158411824E-002   0.0000000000000000     
   3299.0416911449593        3.2896322243961280E-002   0.0000000000000000     
   3307.3099660601097        3.5008258361479777E-002   0.0000000000000000     
   3315.5782409752601        3.7043592766187752E-002   0.0000000000000000     
   3323.8465158904105        3.9062447960231061E-002   0.0000000000000000     
   3332.1147908055609        4.1113946475530051E-002   0.0000000000000000     
   3340.3830657207113        4.3232334226563168E-002   0.0000000000000000     
   3348.6513406358617        4.5435124567973065E-002   0.0000000000000000     
   3356.9196155510122        4.7723179449291442E-002   0.0000000000000000     
   3365.1878904661626        5.0082385034119874E-002   0.0000000000000000     
   3373.4561653813130        5.2486438979390468E-002   0.0000000000000000     
   3381.7244402964634        5.4900262210101844E-002   0.0000000000000000     
   3389.9927152116138        5.7283545128264592E-002   0.0000000000000000     
   3398.2609901267642        5.9594024781804547E-002   0.0000000000000000     
   3406.5292650419146        6.1790210089747818E-002   0.0000000000000000     
   3414.7975399570651        6.3833411699367834E-002   0.0000000000000000     
   3423.0658148722155        6.5689067329585446E-002   0.0000000000000000     
   3431.3340897873659        6.7327428590586658E-002   0.0000000000000000     
   3439.6023647025163        6.8723719921645332E-002   0.0000000000000000     
   3447.8706396176667        6.9857921699215897E-002   0.0000000000000000     
   3456.1389145328171        7.0714308532205089E-002   0.0000000000000000     
   3464.4071894479675        7.1280881545095542E-002   0.0000000000000000     
   3472.6754643631180        7.1548783843540437E-002   0.0000000000000000     
   3480.9437392782684        7.1511757828085221E-002   0.0000000000000000     
   3489.2120141934188        7.1165688501708554E-002   0.0000000000000000     
   3497.4802891085692        7.0508274883810576E-002   0.0000000000000000     
   3505.7485640237196        6.9538763955030433E-002   0.0000000000000000     
   3514.0168389388700        6.8257926724458684E-002   0.0000000000000000     
   3522.2851138540204        6.6668179582756074E-002   0.0000000000000000     
   3530.5533887691709        6.4773778400120968E-002   0.0000000000000000     
   3538.8216636843213        6.2581246470373525E-002   0.0000000000000000     
   3547.0899385994717        6.0099943463645354E-002   0.0000000000000000     
   3555.3582135146221        5.7342788380898978E-002   0.0000000000000000     
   3563.6264884297725        5.4327090463249239E-002   0.0000000000000000     
   3571.8947633449229        5.1075428507068726E-002   0.0000000000000000     
   3580.1630382600733        4.7616477504029503E-002   0.0000000000000000     
   3588.4313131752237        4.3985601997143187E-002   0.0000000000000000     
   3596.6995880903742        4.0224997647933178E-002   0.0000000000000000     
   3604.9678630055246        3.6383139504088870E-002   0.0000000000000000     
   3613.2361379206750        3.2513270364733872E-002   0.0000000000000000     
   3621.5044128358254        2.8670687347577370E-002   0.0000000000000000     
   3629.7726877509758        2.4908725453844913E-002   0.0000000000000000     
   3638.0409626661262        2.1273643462060333E-002   0.0000000000000000     
   3646.3092375812766        1.7799072866010554E-002   0.0000000000000000     
   3654.5775124964271        1.4501095175422245E-002   0.0000000000000000     
   3662.8457874115775        1.1375206099476679E-002   0.0000000000000000     
   3671.1140623267279        8.3962300251567683E-003   0.0000000000000000     
   3679.3823372418783        5.5215766166682280E-003   0.0000000000000000     
   3687.6506121570287        2.6973200869994849E-003   0.0000000000000000     
   3695.9188870721791       -1.3419800692556004E-004   0.0000000000000000     
   3704.1871619873295       -3.0269353146191837E-003   0.0000000000000000     
   3712.4554369024800       -6.0251781280881598E-003   0.0000000000000000     
   3720.7237118176304       -9.1597079675646165E-003   0.0000000000000000     
   3728.9919867327808       -1.2446174439399067E-002   0.0000000000000000     
   3737.2602616479312       -1.5885221634758147E-002   0.0000000000000000     
   3745.5285365630816       -1.9463865439576643E-002   0.0000000000000000     
   3753.7968114782320       -2.3157685110169402E-002   0.0000000000000000     
   3762.0650863933824       -2.6933493963759211E-002   0.0000000000000000     
   3770.3333613085329       -3.0752216717244624E-002   0.0000000000000000     
   3778.6016362236833       -3.4571728869489414E-002   0.0000000000000000     
   3786.8699111388337       -3.8349427457769938E-002   0.0000000000000000     
   3795.1381860539841       -4.2044332472294769E-002   0.0000000000000000     
   3803.4064609691345       -4.5618596951849819E-002   0.0000000000000000     
   3811.6747358842849       -4.9038432159383860E-002   0.0000000000000000     
   3819.9430107994353       -5.2274536778568199E-002   0.0000000000000000     
   3828.2112857145858       -5.5302139764523493E-002   0.0000000000000000     
   3836.4795606297362       -5.8100769110089656E-002   0.0000000000000000     
   3844.7478355448866       -6.0653841433682062E-002   0.0000000000000000     
   3853.0161104600370       -6.2948164401555678E-002   0.0000000000000000     
   3861.2843853751874       -6.4973419999530310E-002   0.0000000000000000     
   3869.5526602903378       -6.6721685942946585E-002   0.0000000000000000     
   3877.8209352054882       -6.8187048252730434E-002   0.0000000000000000     
   3886.0892101206387       -6.9365247756682263E-002   0.0000000000000000     
   3894.3574850357891       -7.0253530368979855E-002   0.0000000000000000     
   3902.6257599509395       -7.0850545070569176E-002   0.0000000000000000     
   3910.8940348660899       -7.1156378219208616E-002   0.0000000000000000     
   3919.1623097812403       -7.1172782461312437E-002   0.0000000000000000     
   3927.4305846963907       -7.0903434959396411E-002   0.0000000000000000     
   3935.6988596115411       -7.0354376062500862E-002   0.0000000000000000     
   3943.9671345266916       -6.9534544242542629E-002   0.0000000000000000     
   3952.2354094418420       -6.8456426476533383E-002   0.0000000000000000     
   3960.5036843569924       -6.7136739354641595E-002   0.0000000000000000     
   3968.7719592721428       -6.5597092769930573E-002   0.0000000000000000     
   3977.0402341872932       -6.3864495244340624E-002   0.0000000000000000     
   3985.3085091024436       -6.1971482660208660E-002   0.0000000000000000     
   3993.5767840175940       -5.9955670074561464E-002   0.0000000000000000     
   4001.8450589327445       -5.7858437258689693E-002   0.0000000000000000     
   4010.1133338478949       -5.5722523366714800E-002   0.0000000000000000     
   4018.3816087630453       -5.3588465477718256E-002   0.0000000000000000     
   4026.6498836781957       -5.1490084664074412E-002   0.0000000000000000     
   4034.9181585933461       -4.9449575297473382E-002   0.0000000000000000     
   4043.1864335084965       -4.7473091872459003E-002   0.0000000000000000     
   4051.4547084236469       -4.5547908333536488E-002   0.0000000000000000     
   4059.7229833387973       -4.3642087779628976E-002   0.0000000000000000     
   4067.9912582539478       -4.1707056470814331E-002   0.0000000000000000     
   4076.2595331690982       -3.9682713712917657E-002   0.0000000000000000     
   4084.5278080842486       -3.7504204946478742E-002   0.0000000000000000     
   4092.7960829993990       -3.5109045943343881E-002   0.0000000000000000     
   4101.0643579145490       -3.2443382614399018E-002   0.0000000000000000     
   4109.3326328296989       -2.9466661196057016E-002   0.0000000000000000     
   4117.6009077448489       -2.6154292360872012E-002   0.0000000000000000     
   4125.8691826599988       -2.2498332134783073E-002   0.0000000000000000     
   4134.1374575751488       -1.8506495494923024E-002   0.0000000000000000     
   4142.4057324902988       -1.4199978920338072E-002   0.0000000000000000     
   4150.6740074054487       -9.6106156809445866E-003   0.0000000000000000     
   4158.9422823205987       -4.7778201324450553E-003   0.0000000000000000     
   4167.2105572357486        2.5431869391885582E-004   0.0000000000000000     
   4175.4788321508986        5.4395515994522222E-003   0.0000000000000000     
   4183.7471070660486        1.0731464499420636E-002   0.0000000000000000     
   4192.0153819811985        1.6084931477571087E-002   0.0000000000000000     
   4200.2836568963485        2.1457069132920035E-002   0.0000000000000000     
   4208.5519318114984        2.6807765002001698E-002   0.0000000000000000     
   4216.8202067266484        3.2099828258775824E-002   0.0000000000000000     
   4225.0884816417984        3.7298923637817318E-002   0.0000000000000000     
   4233.3567565569483        4.2373347660084736E-002   0.0000000000000000     
   4241.6250314720983        4.7293695387121186E-002   0.0000000000000000     
   4249.8933063872482        5.2032501528999915E-002   0.0000000000000000     
   4258.1615813023982        5.6563855657229704E-002   0.0000000000000000     
   4266.4298562175481        6.0863103625850255E-002   0.0000000000000000     
   4274.6981311326981        6.4906708145767086E-002   0.0000000000000000     
   4282.9664060478481        6.8672158416915430E-002   0.0000000000000000     
   4291.2346809629980        7.2138036633582411E-002   0.0000000000000000     
   4299.5029558781480        7.5284323520572377E-002   0.0000000000000000     
   4307.7712307932979        7.8092915193358509E-002   0.0000000000000000     
   4316.0395057084479        8.0548377211178412E-002   0.0000000000000000     
   4324.3077806235979        8.2638899223585457E-002   0.0000000000000000     
   4332.5760555387478        8.4357411791306222E-002   0.0000000000000000     
   4340.8443304538978        8.5702770053644961E-002   0.0000000000000000     
   4349.1126053690477        8.6680846584880802E-002   0.0000000000000000     
   4357.3808802841977        8.7305292792223335E-002   0.0000000000000000     
   4365.6491551993477        8.7597686127387053E-002   0.0000000000000000     
   4373.9174301144976        8.7586764169816783E-002   0.0000000000000000     
   4382.1857050296476        8.7306537328632278E-002   0.0000000000000000     
   4390.4539799447975        8.6793220485271452E-002   0.0000000000000000     
   4398.7222548599475        8.6081171116787272E-002   0.0000000000000000     
   4406.9905297750975        8.5198330131504962E-002   0.0000000000000000     
   4415.2588046902474        8.4161943599167940E-002   0.0000000000000000     
   4423.5270796053974        8.2975368410441896E-002   0.0000000000000000     
   4431.7953545205473        8.1626590397578747E-002   0.0000000000000000     
   4440.0636294356973        8.0088716588644970E-002   0.0000000000000000     
   4448.3319043508473        7.8322526091162026E-002   0.0000000000000000     
   4456.6001792659972        7.6280577531623761E-002   0.0000000000000000     
   4464.8684541811472        7.3912589023397104E-002   0.0000000000000000     
   4473.1367290962971        7.1171343442089183E-002   0.0000000000000000     
   4481.4050040114471        6.8018103915959985E-002   0.0000000000000000     
   4489.6732789265970        6.4427026323091427E-002   0.0000000000000000     
   4497.9415538417470        6.0387831651907163E-002   0.0000000000000000     
   4506.2098287568970        5.5906489735265963E-002   0.0000000000000000     
   4514.4781036720469        5.1004044631232918E-002   0.0000000000000000     
   4522.7463785871969        4.5714061250583631E-002   0.0000000000000000     
   4531.0146535023468        4.0079315942979594E-002   0.0000000000000000     
   4539.2829284174968        3.4148333995689964E-002   0.0000000000000000     
   4547.5512033326468        2.7972241570840356E-002   0.0000000000000000     
   4555.8194782477967        2.1602213826476532E-002   0.0000000000000000     
   4564.0877531629467        1.5087614432634081E-002   0.0000000000000000     
   4572.3560280780966        8.4748101561094580E-003   0.0000000000000000     
   4580.6243029932466        1.8065591936146251E-003   0.0000000000000000     
   4588.8925779083966       -4.8781547835091508E-003   0.0000000000000000     
   4597.1608528235465       -1.1543943467820309E-002   0.0000000000000000     
   4605.4291277386965       -1.8158609930703628E-002   0.0000000000000000     
   4613.6974026538464       -2.4692601089550417E-002   0.0000000000000000     
   4621.9656775689964       -3.1118397140562620E-002   0.0000000000000000     
   4630.2339524841464       -3.7409888842274683E-002   0.0000000000000000     
   4638.5022273992963       -4.3541778147241736E-002   0.0000000000000000     
   4646.7705023144463       -4.9489019440269968E-002   0.0000000000000000     
   4655.0387772295962       -5.5226372414248256E-002   0.0000000000000000     
   4663.3070521447462       -6.0728062032510459E-002   0.0000000000000000     
   4671.5753270598962       -6.5967553078064164E-002   0.0000000000000000     
   4679.8436019750461       -7.0917537190197472E-002   0.0000000000000000     
   4688.1118768901961       -7.5550147967171022E-002   0.0000000000000000     
   4696.3801518053460       -7.9837468885406909E-002   0.0000000000000000     
   4704.6484267204960       -8.3752381209935348E-002   0.0000000000000000     
   4712.9167016356459       -8.7269785848227768E-002   0.0000000000000000     
   4721.1849765507959       -9.0368190295429252E-002   0.0000000000000000     
   4729.4532514659459       -9.3031565928830093E-002   0.0000000000000000     
   4737.7215263810958       -9.5251297376347674E-002   0.0000000000000000     
   4745.9898012962458       -9.7027949417378523E-002   0.0000000000000000     
   4754.2580762113957       -9.8372436876360464E-002   0.0000000000000000     
   4762.5263511265457       -9.9306146691574129E-002   0.0000000000000000     
   4770.7946260416957       -9.9859630616543932E-002   0.0000000000000000     
   4779.0629009568456      -0.10006971314438531        0.0000000000000000     
   4787.3311758719956       -9.9975224605970497E-002   0.0000000000000000     
   4795.5994507871455       -9.9611970517323858E-002   0.0000000000000000     
   4803.8677257022955       -9.9007844240731988E-002   0.0000000000000000     
   4812.1360006174455       -9.8179011239946531E-002   0.0000000000000000     
   4820.4042755325954       -9.7127902776031075E-002   0.0000000000000000     
   4828.6725504477454       -9.5843269081600083E-002   0.0000000000000000     
   4836.9408253628953       -9.4302195869121336E-002   0.0000000000000000     
   4845.2091002780453       -9.2473520680520352E-002   0.0000000000000000     
   4853.4773751931953       -9.0322059098771862E-002   0.0000000000000000     
   4861.7456501083452       -8.7813140325883027E-002   0.0000000000000000     
   4870.0139250234952       -8.4916754075839457E-002   0.0000000000000000     
   4878.2821999386451       -8.1610816924571492E-002   0.0000000000000000     
   4886.5504748537951       -7.7883257328854386E-002   0.0000000000000000     
   4894.8187497689451       -7.3732822927583860E-002   0.0000000000000000     
   4903.0870246840950       -6.9168741476556592E-002   0.0000000000000000     
   4911.3552995992450       -6.4209518577738489E-002   0.0000000000000000     
   4919.6235745143949       -5.8881221702831360E-002   0.0000000000000000     
   4927.8918494295449       -5.3215586897093117E-002   0.0000000000000000     
   4936.1601243446949       -4.7248202167664864E-002   0.0000000000000000     
   4944.4283992598448       -4.1016916150897212E-002   0.0000000000000000     
   4952.6966741749948       -3.4560575947537656E-002   0.0000000000000000     
   4960.9649490901447       -2.7918132112709989E-002   0.0000000000000000     
   4969.2332240052947       -2.1128061982984538E-002   0.0000000000000000     
   4977.5014989204446       -1.4228103516909259E-002   0.0000000000000000     
   4985.7697738355946       -7.2552098712839568E-003   0.0000000000000000     
   4994.0380487507446       -2.4567575861497915E-004   0.0000000000000000     
   5002.3063236658945        6.7646073921569447E-003   0.0000000000000000     
   5010.5745985810445        1.3739828569773425E-002   0.0000000000000000     
   5018.8428734961944        2.0643921668212380E-002   0.0000000000000000     
   5027.1111484113444        2.7440305713642605E-002   0.0000000000000000     
   5035.3794233264944        3.4091697410349120E-002   0.0000000000000000     
   5043.6476982416443        4.0560055046600652E-002   0.0000000000000000     
   5051.9159731567943        4.6806758052637155E-002   0.0000000000000000     
   5060.1842480719442        5.2793058936921614E-002   0.0000000000000000     
   5068.4525229870942        5.8480840261259229E-002   0.0000000000000000     
   5076.7207979022442        6.3833739756278679E-002   0.0000000000000000     
   5084.9890728173941        6.8818630880597226E-002   0.0000000000000000     
   5093.2573477325441        7.3407415133071918E-002   0.0000000000000000     
   5101.5256226476940        7.7579021990866290E-002   0.0000000000000000     
   5109.7938975628440        8.1321402289031411E-002   0.0000000000000000     
   5118.0621724779940        8.4633208054847378E-002   0.0000000000000000     
   5126.3304473931439        8.7524797109976765E-002   0.0000000000000000     
   5134.5987223082939        9.0018201136643827E-002   0.0000000000000000     
   5142.8669972234438        9.2145766336386506E-002   0.0000000000000000     
   5151.1352721385938        9.3947338993283877E-002   0.0000000000000000     
   5159.4035470537438        9.5466075493873120E-002   0.0000000000000000     
   5167.6718219688937        9.6743223021610855E-002   0.0000000000000000     
   5175.9400968840437        9.7812504474321244E-002   0.0000000000000000     
   5184.2083717991936        9.8694906485001857E-002   0.0000000000000000     
   5192.4766467143436        9.9394925492315725E-002   0.0000000000000000     
   5200.7449216294935        9.9898918090421063E-002   0.0000000000000000     
   5209.0131965446435       0.10017639335408735        0.0000000000000000     
   5217.2814714597935       0.10018412283966241        0.0000000000000000     
   5225.5497463749434        9.9872032387699664E-002   0.0000000000000000     
   5233.8180212900934        9.9189953065081798E-002   0.0000000000000000     
   5242.0862962052433        9.8093765600990146E-002   0.0000000000000000     
   5250.3545711203933        9.6549933633657714E-002   0.0000000000000000     
   5258.6228460355433        9.4537944772327076E-002   0.0000000000000000     
   5266.8911209506932        9.2050704026614999E-002   0.0000000000000000     
   5275.1593958658432        8.9093333680849318E-002   0.0000000000000000     
   5283.4276707809931        8.5681010122041240E-002   0.0000000000000000     
   5291.6959456961431        8.1836438072568976E-002   0.0000000000000000     
   5299.9642206112931        7.7587386457468252E-002   0.0000000000000000     
   5308.2324955264430        7.2964542507026900E-002   0.0000000000000000     
   5316.5007704415930        6.7999803314274590E-002   0.0000000000000000     
   5324.7690453567429        6.2725052915699228E-002   0.0000000000000000     
   5333.0373202718929        5.7171376594441846E-002   0.0000000000000000     
   5341.3055951870429        5.1368661368341166E-002   0.0000000000000000     
   5349.5738701021928        4.5345496577064798E-002   0.0000000000000000     
   5357.8421450173428        3.9129312472673504E-002   0.0000000000000000     
   5366.1104199324927        3.2746701596041185E-002   0.0000000000000000     
   5374.3786948476427        2.6223801136068613E-002   0.0000000000000000     
   5382.6469697627927        1.9586855661369522E-002   0.0000000000000000     
   5390.9152446779426        1.2862825347279444E-002   0.0000000000000000     
   5399.1835195930926        6.0799394618398124E-003   0.0000000000000000     
   5407.4517945082425       -7.3167534553232887E-004   0.0000000000000000     
   5415.7200694233925       -7.5394296948617283E-003   0.0000000000000000     
   5423.9883443385424       -1.4307794919471735E-002   0.0000000000000000     
   5432.2566192536924       -2.0997988087398247E-002   0.0000000000000000     
   5440.5248941688424       -2.7567896954240570E-002   0.0000000000000000     
   5448.7931690839923       -3.3972330744127047E-002   0.0000000000000000     
   5457.0614439991423       -4.0163688311082253E-002   0.0000000000000000     
   5465.3297189142922       -4.6093140327550332E-002   0.0000000000000000     
   5473.5979938294422       -5.1712370512719971E-002   0.0000000000000000     
   5481.8662687445922       -5.6975847930577396E-002   0.0000000000000000     
   5490.1345436597421       -6.1843502876841594E-002   0.0000000000000000     
   5498.4028185748921       -6.6283517445519829E-002   0.0000000000000000     
   5506.6710934900420       -7.0274870886485832E-002   0.0000000000000000     
   5514.9393684051920       -7.3809223287975997E-002   0.0000000000000000     
   5523.2076433203420       -7.6891764668212001E-002   0.0000000000000000     
   5531.4759182354919       -7.9540808555713910E-002   0.0000000000000000     
   5539.7441931506419       -8.1786088910903984E-002   0.0000000000000000     
   5548.0124680657918       -8.3665887714100232E-002   0.0000000000000000     
   5556.2807429809418       -8.5223222357376366E-002   0.0000000000000000     
   5564.5490178960918       -8.6501273461345923E-002   0.0000000000000000     
   5572.8172928112417       -8.7538689128056318E-002   0.0000000000000000     
   5581.0855677263917       -8.8365230229971947E-002   0.0000000000000000     
   5589.3538426415416       -8.8998324657439454E-002   0.0000000000000000     
   5597.6221175566916       -8.9441433435461265E-002   0.0000000000000000     
   5605.8903924718416       -8.9684552462108588E-002   0.0000000000000000     
   5614.1586673869915       -8.9706772955692377E-002   0.0000000000000000     
   5622.4269423021415       -8.9480263851295247E-002   0.0000000000000000     
   5630.6952172172914       -8.8974742627080050E-002   0.0000000000000000     
   5638.9634921324414       -8.8161541495086843E-002   0.0000000000000000     
   5647.2317670475913       -8.7016701816464107E-002   0.0000000000000000     
   5655.5000419627413       -8.5522882524135743E-002   0.0000000000000000     
   5663.7683168778913       -8.3670128827657536E-002   0.0000000000000000     
   5672.0365917930412       -8.1455738431087957E-002   0.0000000000000000     
   5680.3048667081912       -7.8883523670745373E-002   0.0000000000000000     
   5688.5731416233411       -7.5962787698523548E-002   0.0000000000000000     
   5696.8414165384911       -7.2707231413604481E-002   0.0000000000000000     
   5705.1096914536411       -6.9133923127218319E-002   0.0000000000000000     
   5713.3779663687910       -6.5262428696262906E-002   0.0000000000000000     
   5721.6462412839410       -6.1114152067981042E-002   0.0000000000000000     
   5729.9145161990909       -5.6711913914782711E-002   0.0000000000000000     
   5738.1827911142409       -5.2079736570295840E-002   0.0000000000000000     
   5746.4510660293909       -4.7242803250761127E-002   0.0000000000000000     
   5754.7193409445408       -4.2227596220765398E-002   0.0000000000000000     
   5762.9876158596908       -3.7062069287901539E-002   0.0000000000000000     
   5771.2558907748407       -3.1775967190416837E-002   0.0000000000000000     
   5779.5241656899907       -2.6401180432609878E-002   0.0000000000000000     
   5787.7924406051407       -2.0971980327219673E-002   0.0000000000000000     
   5796.0607155202906       -1.5525224272804353E-002   0.0000000000000000     
   5804.3289904354406       -1.0100424875903785E-002   0.0000000000000000     
   5812.5972653505905       -4.7395516179236374E-003   0.0000000000000000     
   5820.8655402657405        5.1348313985150951E-004   0.0000000000000000     
   5829.1338151808905        5.6137106091127230E-003   0.0000000000000000     
   5837.4020900960404        1.0516500748907729E-002   0.0000000000000000     
   5845.6703650111904        1.5179459068782649E-002   0.0000000000000000     
   5853.9386399263403        1.9564814345765551E-002   0.0000000000000000     
   5862.2069148414903        2.3642173663207370E-002   0.0000000000000000     
   5870.4751897566402        2.7391419184827098E-002   0.0000000000000000     
   5878.7434646717902        3.0805410549785205E-002   0.0000000000000000     
   5887.0117395869402        3.3892067763996801E-002   0.0000000000000000     
   5895.2800145020901        3.6675365409087203E-002   0.0000000000000000     
   5903.5482894172401        3.9194771533742456E-002   0.0000000000000000     
   5911.8165643323900        4.1502784222633260E-002   0.0000000000000000     
   5920.0848392475400        4.3660482018159516E-002   0.0000000000000000     
   5928.3531141626900        4.5731387242164696E-002   0.0000000000000000     
   5936.6213890778399        4.7774320543423489E-002   0.0000000000000000     
   5944.8896639929899        4.9836404083609107E-002   0.0000000000000000     
   5953.1579389081398        5.1947600937317734E-002   0.0000000000000000     
   5961.4262138232898        5.4117824321417436E-002   0.0000000000000000     
   5969.6944887384398        5.6337135499034324E-002   0.0000000000000000     
   5977.9627636535897        5.8578831161220986E-002   0.0000000000000000     
   5986.2310385687397        6.0804320104193052E-002   0.0000000000000000     
   5994.4993134838896        6.2968598307718268E-002   0.0000000000000000     
   6002.7675883990396        6.5025300495105395E-002   0.0000000000000000     
   6011.0358633141896        6.6930586893885424E-002   0.0000000000000000     
   6019.3041382293395        6.8645673203262883E-002   0.0000000000000000     
   6027.5724131444895        7.0138101880473466E-002   0.0000000000000000     
   6035.8406880596394        7.1382007078003795E-002   0.0000000000000000     
   6044.1089629747894        7.2357696144164721E-002   0.0000000000000000     
   6052.3772378899394        7.3050870319957745E-002   0.0000000000000000     
   6060.6455128050893        7.3451724250459413E-002   0.0000000000000000     
   6068.9137877202393        7.3554068242630818E-002   0.0000000000000000     
   6077.1820626353892        7.3354547564438863E-002   0.0000000000000000     
   6085.4503375505392        7.2851995239351333E-002   0.0000000000000000     
   6093.7186124656891        7.2046946329560282E-002   0.0000000000000000     
   6101.9868873808391        7.0941284158099083E-002   0.0000000000000000     
   6110.2551622959891        6.9538012447954684E-002   0.0000000000000000     
   6118.5234372111390        6.7841218001662304E-002   0.0000000000000000     
   6126.7917121262890        6.5856116510800269E-002   0.0000000000000000     
   6135.0599870414389        6.3589172646482936E-002   0.0000000000000000     
   6143.3282619565889        6.1048389674005207E-002   0.0000000000000000     
   6151.5965368717389        5.8243677983151713E-002   0.0000000000000000     
   6159.8648117868888        5.5187280965685349E-002   0.0000000000000000     
   6168.1330867020388        5.1894279338159793E-002   0.0000000000000000     
   6176.4013616171887        4.8383106627242267E-002   0.0000000000000000     
   6184.6696365323387        4.4676038399662485E-002   0.0000000000000000     
   6192.9379114474887        4.0799590924912039E-002   0.0000000000000000     
   6201.2061863626386        3.6784761039929843E-002   0.0000000000000000     
   6209.4744612777886        3.2667032073893140E-002   0.0000000000000000     
   6217.7427361929385        2.8486047567652596E-002   0.0000000000000000     
   6226.0110111080885        2.4284866956608243E-002   0.0000000000000000     
   6234.2792860232385        2.0108724598143123E-002   0.0000000000000000     
   6242.5475609383884        1.6003291584021067E-002   0.0000000000000000     
   6250.8158358535384        1.2012484356876411E-002   0.0000000000000000     
   6259.0841107686883        8.1758457170642024E-003   0.0000000000000000     
   6267.3523856838383        4.5255205658682645E-003   0.0000000000000000     
   6275.6206605989883        1.0829033988794296E-003   0.0000000000000000     
   6283.8889355141382       -2.1447985717827325E-003   0.0000000000000000     
   6292.1572104292882       -5.1675604594234393E-003   0.0000000000000000     
   6300.4254853444381       -8.0142120983117977E-003   0.0000000000000000     
   6308.6937602595881       -1.0731707273128215E-002   0.0000000000000000     
   6316.9620351747380       -1.3381200880939005E-002   0.0000000000000000     
   6325.2303100898880       -1.6030844198989098E-002   0.0000000000000000     
   6333.4985850050380       -1.8746332512577291E-002   0.0000000000000000     
   6341.7668599201879       -2.1581237270598495E-002   0.0000000000000000     
   6350.0351348353379       -2.4569379560882242E-002   0.0000000000000000     
   6358.3034097504878       -2.7720909820147150E-002   0.0000000000000000     
   6366.5716846656378       -3.1022575634438523E-002   0.0000000000000000     
   6374.8399595807878       -3.4441485340036729E-002   0.0000000000000000     
   6383.1082344959377       -3.7930936511002100E-002   0.0000000000000000     
   6391.3765094110877       -4.1436765054527043E-002   0.0000000000000000     
   6399.6447843262376       -4.4902997393349249E-002   0.0000000000000000     
   6407.9130592413876       -4.8276139423634110E-002   0.0000000000000000     
   6416.1813341565376       -5.1507968318277197E-002   0.0000000000000000     
   6424.4496090716875       -5.4557010009837509E-002   0.0000000000000000     
   6432.7178839868375       -5.7389006092251671E-002   0.0000000000000000     
   6440.9861589019874       -5.9976674937071331E-002   0.0000000000000000     
   6449.2544338171374       -6.2299038775627036E-002   0.0000000000000000     
   6457.5227087322874       -6.4340548458450469E-002   0.0000000000000000     
   6465.7909836474373       -6.6090182220343172E-002   0.0000000000000000     
   6474.0592585625873       -6.7540607991696811E-002   0.0000000000000000     
   6482.3275334777372       -6.8687492050927126E-002   0.0000000000000000     
   6490.5958083928872       -6.9528970789994315E-002   0.0000000000000000     
   6498.8640833080372       -7.0065261949100482E-002   0.0000000000000000     
   6507.1323582231871       -7.0298450813406327E-002   0.0000000000000000     
   6515.4006331383371       -7.0232462380379584E-002   0.0000000000000000     
   6523.6689080534870       -6.9873171717176510E-002   0.0000000000000000     
   6531.9371829686370       -6.9228606956439870E-002   0.0000000000000000     
   6540.2054578837869       -6.8309239618537146E-002   0.0000000000000000     
   6548.4737327989369       -6.7128361605633333E-002   0.0000000000000000     
   6556.7420077140869       -6.5702463748764095E-002   0.0000000000000000     
   6565.0102826292368       -6.4051567375634222E-002   0.0000000000000000     
   6573.2785575443868       -6.2199417650378452E-002   0.0000000000000000     
   6581.5468324595367       -6.0173453750515353E-002   0.0000000000000000     
   6589.8151073746867       -5.8004447440800244E-002   0.0000000000000000     
   6598.0833822898367       -5.5725715149981717E-002   0.0000000000000000     
   6606.3516572049866       -5.3371856584347864E-002   0.0000000000000000     
   6614.6199321201366       -5.0977018290895362E-002   0.0000000000000000     
   6622.8882070352865       -4.8572753750528379E-002   0.0000000000000000     
   6631.1564819504365       -4.6185629586796666E-002   0.0000000000000000     
   6639.4247568655865       -4.3834795576812233E-002   0.0000000000000000     
   6647.6930317807364       -4.1529805777960345E-002   0.0000000000000000     
   6655.9613066958864       -3.9268981661534273E-002   0.0000000000000000     
   6664.2295816110363       -3.7038569396290424E-002   0.0000000000000000     
   6672.4978565261863       -3.4812864973041563E-002   0.0000000000000000     
   6680.7661314413363       -3.2555420324947446E-002   0.0000000000000000     
   6689.0344063564862       -3.0221445466222425E-002   0.0000000000000000     
   6697.3026812716362       -2.7761437391053429E-002   0.0000000000000000     
   6705.5709561867861       -2.5125850041178160E-002   0.0000000000000000     
   6713.8392311019361       -2.2270221439783990E-002   0.0000000000000000     
   6722.1075060170861       -1.9159915511858687E-002   0.0000000000000000     
   6730.3757809322360       -1.5773589085257788E-002   0.0000000000000000     
   6738.6440558473860       -1.2104877005220402E-002   0.0000000000000000     
   6746.9123307625359       -8.1621436908011977E-003   0.0000000000000000     
   6755.1806056776859       -3.9666105641326041E-003   0.0000000000000000     
   6763.4488805928358        4.5045935336146721E-004   0.0000000000000000     
   6771.7171555079858        5.0509233968675958E-003   0.0000000000000000     
   6779.9854304231358        9.7927446055838564E-003   0.0000000000000000     
   6788.2537053382857        1.4632492547045264E-002   0.0000000000000000     
   6796.5219802534357        1.9527217697354573E-002   0.0000000000000000     
   6804.7902551685856        2.4435725153013812E-002   0.0000000000000000     
   6813.0585300837356        2.9319332996721872E-002   0.0000000000000000     
   6821.3268049988856        3.4142233644955888E-002   0.0000000000000000     
   6829.5950799140355        3.8871564842642835E-002   0.0000000000000000     
   6837.8633548291855        4.3477290637133049E-002   0.0000000000000000     
   6846.1316297443354        4.7931946803782648E-002   0.0000000000000000     
   6854.3999046594854        5.2210340886241512E-002   0.0000000000000000     
   6862.6681795746354        5.6289211090824069E-002   0.0000000000000000     
   6870.9364544897853        6.0146957332570139E-002   0.0000000000000000     
   6879.2047294049353        6.3763440610462463E-002   0.0000000000000000     
   6887.4730043200852        6.7119794719489603E-002   0.0000000000000000     
   6895.7412792352352        7.0198368826190433E-002   0.0000000000000000     
   6904.0095541503852        7.2982768449526392E-002   0.0000000000000000     
   6912.2778290655351        7.5458005091994657E-002   0.0000000000000000     
   6920.5461039806851        7.7610754957489272E-002   0.0000000000000000     
   6928.8143788958350        7.9429733046673917E-002   0.0000000000000000     
   6937.0826538109850        8.0906181945140834E-002   0.0000000000000000     
   6945.3509287261350        8.2034472000470524E-002   0.0000000000000000     
   6953.6192036412849        8.2812799498291984E-002   0.0000000000000000     
   6961.8874785564349        8.3243952297411397E-002   0.0000000000000000     
   6970.1557534715848        8.3336079979098768E-002   0.0000000000000000     
   6978.4240283867348        8.3103421860679302E-002   0.0000000000000000     
   6986.6923033018847        8.2566922615700339E-002   0.0000000000000000     
   6994.9605782170347        8.1754563839797970E-002   0.0000000000000000     
   7003.2288531321847        8.0701088799676191E-002   0.0000000000000000     
   7011.4971280473346        7.9446702577275916E-002   0.0000000000000000     
   7019.7654029624846        7.8034321334465473E-002   0.0000000000000000     
   7028.0336778776345        7.6505043866050365E-002   0.0000000000000000     
   7036.3019527927845        7.4891828094188650E-002   0.0000000000000000     
   7044.5702277079345        7.3212097455830363E-002   0.0000000000000000     
   7052.8385026230844        7.1460923766470313E-002   0.0000000000000000     
   7061.1067775382344        6.9607084974222341E-002   0.0000000000000000     
   7069.3750524533843        6.7593956292749821E-002   0.0000000000000000     
   7077.6433273685343        6.5346142190853052E-002   0.0000000000000000     
   7085.9116022836843        6.2780883130353626E-002   0.0000000000000000     
   7094.1798771988342        5.9821392368726911E-002   0.0000000000000000     
   7102.4481521139842        5.6408810026370201E-002   0.0000000000000000     
   7110.7164270291341        5.2510082979931358E-002   0.0000000000000000     
   7118.9847019442841        4.8120589800570726E-002   0.0000000000000000     
   7127.2529768594341        4.3261984409435392E-002   0.0000000000000000     
   7135.5212517745840        3.7976858205901735E-002   0.0000000000000000     
   7143.7895266897340        3.2322075012140988E-002   0.0000000000000000     
   7152.0578016048839        2.6362288598678889E-002   0.0000000000000000     
   7160.3260765200339        2.0164541264398136E-002   0.0000000000000000     
   7168.5943514351839        1.3794304510323891E-002   0.0000000000000000     
   7176.8626263503338        7.3129194636969898E-003   0.0000000000000000     
   7185.1309012654838        7.7618337919184270E-004   0.0000000000000000     
   7193.3991761806337       -5.7661675751560035E-003   0.0000000000000000     
   7201.6674510957837       -1.2270336492682526E-002   0.0000000000000000     
   7209.9357260109336       -1.8697939310583618E-002   0.0000000000000000     
   7218.2040009260836       -2.5015280260628211E-002   0.0000000000000000     
   7226.4722758412336       -3.1192563857248241E-002   0.0000000000000000     
   7234.7405507563835       -3.7203141020259400E-002   0.0000000000000000     
   7243.0088256715335       -4.3022843342518137E-002   0.0000000000000000     
   7251.2771005866834       -4.8629426259740545E-002   0.0000000000000000     
   7259.5453755018334       -5.4002122854279161E-002   0.0000000000000000     
   7267.8136504169834       -5.9121389569589587E-002   0.0000000000000000     
   7276.0819253321333       -6.3968771507559016E-002   0.0000000000000000     
   7284.3502002472833       -6.8526864932423881E-002   0.0000000000000000     
   7292.6184751624332       -7.2779444299421278E-002   0.0000000000000000     
   7300.8867500775832       -7.6711683265134570E-002   0.0000000000000000     
   7309.1550249927332       -8.0310440197636848E-002   0.0000000000000000     
   7317.4232999078831       -8.3564555898472920E-002   0.0000000000000000     
   7325.6915748230331       -8.6465102558492227E-002   0.0000000000000000     
   7333.9598497381830       -8.9005522973863133E-002   0.0000000000000000     
   7342.2281246533330       -9.1181603932885338E-002   0.0000000000000000     
   7350.4963995684830       -9.2991286901204021E-002   0.0000000000000000     
   7358.7646744836329       -9.4434332840985472E-002   0.0000000000000000     
   7367.0329493987829       -9.5511930834239409E-002   0.0000000000000000     
   7375.3012243139328       -9.6226445173147351E-002   0.0000000000000000     
   7383.5694992290828       -9.6581509487029496E-002   0.0000000000000000     
   7391.8377741442328       -9.6582621184561582E-002   0.0000000000000000     
   7400.1060490593827       -9.6238189290082696E-002   0.0000000000000000     
   7408.3743239745327       -9.5560661567759428E-002   0.0000000000000000     
   7416.6425988896826       -9.4567113174568382E-002   0.0000000000000000     
   7424.9108738048326       -9.3278627394409244E-002   0.0000000000000000     
   7433.1791487199825       -9.1717837859844942E-002   0.0000000000000000     
   7441.4474236351325       -8.9904955311963283E-002   0.0000000000000000     
   7449.7156985502825       -8.7852954584105636E-002   0.0000000000000000     
   7457.9839734654324       -8.5563705678477972E-002   0.0000000000000000     
   7466.2522483805824       -8.3026707573079617E-002   0.0000000000000000     
   7474.5205232957323       -8.0220883688034358E-002   0.0000000000000000     
   7482.7887982108823       -7.7119222950289085E-002   0.0000000000000000     
   7491.0570731260323       -7.3694679584485751E-002   0.0000000000000000     
   7499.3253480411822       -6.9925671898704037E-002   0.0000000000000000     
   7507.5936229563322       -6.5799931894530261E-002   0.0000000000000000     
   7515.8618978714821       -6.1316279458733511E-002   0.0000000000000000     
   7524.1301727866321       -5.6484531823891591E-002   0.0000000000000000     
   7532.3984477017821       -5.1324103595789282E-002   0.0000000000000000     
   7540.6667226169320       -4.5861968712713426E-002   0.0000000000000000     
   7548.9349975320820       -4.0130489752702239E-002   0.0000000000000000     
   7557.2032724472319       -3.4165424224442215E-002   0.0000000000000000     
   7565.4715473623819       -2.8004286206422140E-002   0.0000000000000000     
   7573.7398222775319       -2.1685105451631718E-002   0.0000000000000000     
   7582.0080971926818       -1.5245591451670848E-002   0.0000000000000000     
   7590.2763721078318       -8.7226214150133100E-003   0.0000000000000000     
   7598.5446470229817       -2.1519944400057562E-003   0.0000000000000000     
   7606.8129219381317        4.4316179067323547E-003   0.0000000000000000     
   7615.0811968532817        1.0994597096887460E-002   0.0000000000000000     
   7623.3494717684316        1.7504256031983342E-002   0.0000000000000000     
   7631.6177466835816        2.3928696056611621E-002   0.0000000000000000     
   7639.8860215987315        3.0236668814013132E-002   0.0000000000000000     
   7648.1542965138815        3.6397491403377634E-002   0.0000000000000000     
   7656.4225714290314        4.2381028702180142E-002   0.0000000000000000     
   7664.6908463441814        4.8157730364364208E-002   0.0000000000000000     
   7672.9591212593314        5.3698781679751825E-002   0.0000000000000000     
   7681.2273961744813        5.8976366408445592E-002   0.0000000000000000     
   7689.4956710896313        6.3964021109387911E-002   0.0000000000000000     
   7697.7639460047812        6.8637154569839778E-002   0.0000000000000000     
   7706.0322209199312        7.2973731884475965E-002   0.0000000000000000     
   7714.3004958350812        7.6955190375510810E-002   0.0000000000000000     
   7722.5687707502311        8.0567612548172782E-002   0.0000000000000000     
   7730.8370456653811        8.3803134413906730E-002   0.0000000000000000     
   7739.1053205805310        8.6661516731742869E-002   0.0000000000000000     
   7747.3735954956810        8.9151688716718927E-002   0.0000000000000000     
   7755.6418704108310        9.1292925523487709E-002   0.0000000000000000     
   7763.9101453259809        9.3115096438140213E-002   0.0000000000000000     
   7772.1784202411309        9.4657222742335331E-002   0.0000000000000000     
   7780.4466951562808        9.5963618486360897E-002   0.0000000000000000     
   7788.7149700714308        9.7077336189025684E-002   0.0000000000000000     
   7796.9832449865808        9.8031518688010411E-002   0.0000000000000000     
   7805.2515199017307        9.8840322549011636E-002   0.0000000000000000     
   7813.5197948168807        9.9492057186658531E-002   0.0000000000000000     
   7821.7880697320306        9.9947196136384558E-002   0.0000000000000000     
   7830.0563446471806       0.10014260853933109        0.0000000000000000     
   7838.3246195623306       0.10000128981079312        0.0000000000000000     
   7846.5928944774805        9.9444876716964489E-002   0.0000000000000000     
   7854.8611693926305        9.8405504149785078E-002   0.0000000000000000     
   7863.1294443077804        9.6834369282375127E-002   0.0000000000000000     
   7871.3977192229304        9.4705748701242445E-002   0.0000000000000000     
   7879.6659941380804        9.2016683189225512E-002   0.0000000000000000     
   7887.9342690532303        8.8783637331050089E-002   0.0000000000000000     
   7896.2025439683803        8.5037701793021184E-002   0.0000000000000000     
   7904.4708188835302        8.0819623172998012E-002   0.0000000000000000     
   7912.7390937986802        7.6175433344944657E-002   0.0000000000000000     
   7921.0073687138301        7.1153004073163426E-002   0.0000000000000000     
   7929.2756436289801        6.5799584222984750E-002   0.0000000000000000     
   7937.5439185441301        6.0160232419905958E-002   0.0000000000000000     
   7945.8121934592800        5.4276987021167684E-002   0.0000000000000000     
   7954.0804683744300        4.8188578490090651E-002   0.0000000000000000     
   7962.3487432895799        4.1930494838438949E-002   0.0000000000000000     
   7970.6170182047299        3.5535275459434787E-002   0.0000000000000000     
   7978.8852931198799        2.9032894638550050E-002   0.0000000000000000     
   7987.1535680350298        2.2451207021444451E-002   0.0000000000000000     
   7995.4218429501798        1.5816359826509755E-002   0.0000000000000000     
   8003.6901178653297        9.1531531566743825E-003   0.0000000000000000     
   8011.9583927804797        2.4854093049447973E-003   0.0000000000000000     
   8020.2266676956297       -4.1637743384227172E-003   0.0000000000000000     
   8028.4949426107796       -1.0771767020959539E-002   0.0000000000000000     
   8036.7632175259296       -1.7316163006382373E-002   0.0000000000000000     
   8045.0314924410795       -2.3774600665696075E-002   0.0000000000000000     
   8053.2997673562295       -3.0124504271822353E-002   0.0000000000000000     
   8061.5680422713795       -3.6342763965564948E-002   0.0000000000000000     
   8069.8363171865294       -4.2405288484901292E-002   0.0000000000000000     
   8078.1045921016794       -4.8286410465225402E-002   0.0000000000000000     
   8086.3728670168293       -5.3958152961609926E-002   0.0000000000000000     
   8094.6411419319793       -5.9389433806180322E-002   0.0000000000000000     
   8102.9094168471293       -6.4545372576294668E-002   0.0000000000000000     
   8111.1776917622792       -6.9386959133494158E-002   0.0000000000000000     
   8119.4459666774292       -7.3871400550977698E-002   0.0000000000000000     
   8127.7142415925791       -7.7953530066036725E-002   0.0000000000000000     
   8135.9825165077291       -8.1588660389091766E-002   0.0000000000000000     
   8144.2507914228790       -8.4737069323844852E-002   0.0000000000000000     
   8152.5190663380290       -8.7369882938282253E-002   0.0000000000000000     
   8160.7873412531790       -8.9475479153040133E-002   0.0000000000000000     
   8169.0556161683289       -9.1064804165422369E-002   0.0000000000000000     
   8177.3238910834789       -9.2173566400736553E-002   0.0000000000000000     
   8185.5921659986288       -9.2859487729425316E-002   0.0000000000000000     
   8193.8604409137788       -9.3194292286811267E-002   0.0000000000000000     
   8202.1287158289288       -9.3251695431669418E-002   0.0000000000000000     
   8210.3969907440787       -9.3094458567722305E-002   0.0000000000000000     
   8218.6652656592287       -9.2764184754341186E-002   0.0000000000000000     
   8226.9335405743786       -9.2276532171272962E-002   0.0000000000000000     
   8235.2018154895286       -9.1622686727273042E-002   0.0000000000000000     
   8243.4700904046786       -9.0775584435843618E-002   0.0000000000000000     
   8251.7383653198285       -8.9698313150456871E-002   0.0000000000000000     
   8260.0066402349785       -8.8352199782775309E-002   0.0000000000000000     
   8268.2749151501284       -8.6703036276487080E-002   0.0000000000000000     
   8276.5431900652784       -8.4724914444370331E-002   0.0000000000000000     
   8284.8114649804284       -8.2401839232277313E-002   0.0000000000000000     
   8293.0797398955783       -7.9727692845477816E-002   0.0000000000000000     
   8301.3480148107283       -7.6705227942305998E-002   0.0000000000000000     
   8309.6162897258782       -7.3344604102371327E-002   0.0000000000000000     
   8317.8845646410282       -6.9661798386717169E-002   0.0000000000000000     
   8326.1528395561782       -6.5677119013536289E-002   0.0000000000000000     
   8334.4211144713281       -6.1413944708093790E-002   0.0000000000000000     
   8342.6893893864781       -5.6897764452472764E-002   0.0000000000000000     
   8350.9576643016280       -5.2155481814684754E-002   0.0000000000000000     
   8359.2259392167780       -4.7214949605259529E-002   0.0000000000000000     
   8367.4942141319279       -4.2104660891946442E-002   0.0000000000000000     
   8375.7624890470779       -3.6853571955841838E-002   0.0000000000000000     
   8384.0307639622279       -3.1491006719608430E-002   0.0000000000000000     
   8392.2990388773778       -2.6046616045245521E-002   0.0000000000000000     
   8400.5673137925278       -2.0550334254513688E-002   0.0000000000000000     
   8408.8355887076777       -1.5032304668006735E-002   0.0000000000000000     
   8417.1038636228277       -9.5227978416203476E-003   0.0000000000000000     
   8425.3721385379777       -4.0520868917888571E-003   0.0000000000000000     
   8433.6404134531276        1.3496814996799310E-003   0.0000000000000000     
   8441.9086883682776        6.6527142259733421E-003   0.0000000000000000     
   8450.1769632834275        1.1827872047695137E-002   0.0000000000000000     
   8458.4452381985775        1.6847070522416286E-002   0.0000000000000000     
   8466.7135131137275        2.1683871450352481E-002   0.0000000000000000     
   8474.9817880288774        2.6314293440859799E-002   0.0000000000000000     
   8483.2500629440274        3.0717909486454378E-002   0.0000000000000000     
   8491.5183378591773        3.4879266054911387E-002   0.0000000000000000     
   8499.7866127743273        3.8789606182402014E-002   0.0000000000000000     
   8508.0548876894773        4.2448761081234347E-002   0.0000000000000000     
   8516.3231626046272        4.5866882432469024E-002   0.0000000000000000     
   8524.5914375197772        4.9065403984774617E-002   0.0000000000000000     
   8532.8597124349271        5.2076431548350774E-002   0.0000000000000000     
   8541.1279873500771        5.4939831792313348E-002   0.0000000000000000     
   8549.3962622652271        5.7697704860132405E-002   0.0000000000000000     
   8557.6645371803770        6.0386848563508830E-002   0.0000000000000000     
   8565.9328120955270        6.3030825434837359E-002   0.0000000000000000     
   8574.2010870106769        6.5634032546560389E-002   0.0000000000000000     
   8582.4693619258269        6.8179758988313299E-002   0.0000000000000000     
   8590.7376368409768        7.0632938549889293E-002   0.0000000000000000     
   8599.0059117561268        7.2946565436752597E-002   0.0000000000000000     
   8607.2741866712768        7.5069574072083797E-002   0.0000000000000000     
   8615.5424615864267        7.6953986849365830E-002   0.0000000000000000     
   8623.8107365015767        7.8559819605601863E-002   0.0000000000000000     
   8632.0790114167266        7.9857456129664814E-002   0.0000000000000000     
   8640.3472863318766        8.0827895173993011E-002   0.0000000000000000     
   8648.6155612470266        8.1461530739579097E-002   0.0000000000000000     
   8656.8838361621765        8.1756206398059375E-002   0.0000000000000000     
   8665.1521110773265        8.1715136620608517E-002   0.0000000000000000     
   8673.4203859924764        8.1345081681281850E-002   0.0000000000000000     
   8681.6886609076264        8.0654894707223632E-002   0.0000000000000000     
   8689.9569358227764        7.9654442761040611E-002   0.0000000000000000     
   8698.2252107379263        7.8353874623805150E-002   0.0000000000000000     
   8706.4934856530763        7.6763178581436567E-002   0.0000000000000000     
   8714.7617605682262        7.4891907856390993E-002   0.0000000000000000     
   8723.0300354833762        7.2749051416969621E-002   0.0000000000000000     
   8731.2983103985262        7.0342957528004207E-002   0.0000000000000000     
   8739.5665853136761        6.7681394267074702E-002   0.0000000000000000     
   8747.8348602288261        6.4771555379529971E-002   0.0000000000000000     
   8756.1031351439760        6.1620130459692134E-002   0.0000000000000000     
   8764.3714100591260        5.8233474273999900E-002   0.0000000000000000     
   8772.6396849742760        5.4617762603242102E-002   0.0000000000000000     
   8780.9079598894259        5.0779278641042466E-002   0.0000000000000000     
   8789.1762348045759        4.6724788941440484E-002   0.0000000000000000     
   8797.4445097197258        4.2462064580261076E-002   0.0000000000000000     
   8805.7127846348758        3.8000551952662748E-002   0.0000000000000000     
   8813.9810595500257        3.3352265978868909E-002   0.0000000000000000     
   8822.2493344651757        2.8532911995464597E-002   0.0000000000000000     
   8830.5176093803257        2.3563235499023952E-002   0.0000000000000000     
   8838.7858842954756        1.8470538769514988E-002   0.0000000000000000     
   8847.0541592106256        1.3290228537215478E-002   0.0000000000000000     
   8855.3224341257755        8.0671587855180305E-003   0.0000000000000000     
   8863.5907090409255        2.8564005635710031E-003   0.0000000000000000     
   8871.8589839560755       -2.2770067773416900E-003   0.0000000000000000     
   8880.1272588712254       -7.2598426376546347E-003   0.0000000000000000     
   8888.3955337863754       -1.2014642208047290E-002   0.0000000000000000     
   8896.6638087015253       -1.6466259884761542E-002   0.0000000000000000     
   8904.9320836166753       -2.0551029083096296E-002   0.0000000000000000     
   8913.2003585318253       -2.4227584352237781E-002   0.0000000000000000     
   8921.4686334469752       -2.7487247365364890E-002   0.0000000000000000     
   8929.7369083621252       -3.0360850115859515E-002   0.0000000000000000     
   8938.0051832772751       -3.2918815477422390E-002   0.0000000000000000     
   8946.2734581924251       -3.5262646098084577E-002   0.0000000000000000     
   8954.5417331075751       -3.7508629749264145E-002   0.0000000000000000     
   8962.8100080227250       -3.9767508670524650E-002   0.0000000000000000     
   8971.0782829378750       -4.2125622583697973E-002   0.0000000000000000     
   8979.3465578530249       -4.4632558283804268E-002   0.0000000000000000     
   8987.6148327681749       -4.7297611306994752E-002   0.0000000000000000     
   8995.8831076833249       -5.0094257380828497E-002   0.0000000000000000     
   9004.1513825984748       -5.2969813405188935E-002   0.0000000000000000     
   9012.4196575136248       -5.5856802909713940E-002   0.0000000000000000     
   9020.6879324287747       -5.8683253182013888E-002   0.0000000000000000     
   9028.9562073439247       -6.1380409088466460E-002   0.0000000000000000     
   9037.2244822590746       -6.3887591411241479E-002   0.0000000000000000     
   9045.4927571742246       -6.6154657637677347E-002   0.0000000000000000     
   9053.7610320893746       -6.8142677739740656E-002   0.0000000000000000     
   9062.0293070045245       -6.9823415707973555E-002   0.0000000000000000     
   9070.2975819196745       -7.1178145856726965E-002   0.0000000000000000     
   9078.5658568348244       -7.2196211530309598E-002   0.0000000000000000     
   9086.8341317499744       -7.2873571825915931E-002   0.0000000000000000     
   9095.1024066651244       -7.3211467687246679E-002   0.0000000000000000     
   9103.3706815802743       -7.3215286341187152E-002   0.0000000000000000     
   9111.6389564954243       -7.2893643948212156E-002   0.0000000000000000     
   9119.9072314105742       -7.2257677273245960E-002   0.0000000000000000     
   9128.1755063257242       -7.1320430430635504E-002   0.0000000000000000     
   9136.4437812408742       -7.0096516824459609E-002   0.0000000000000000     
   9144.7120561560241       -6.8601734492785407E-002   0.0000000000000000     
   9152.9803310711741       -6.6852780104622436E-002   0.0000000000000000     
   9161.2486059863240       -6.4867173018788651E-002   0.0000000000000000     
   9169.5168809014740       -6.2663009394886782E-002   0.0000000000000000     
   9177.7851558166240       -6.0258814649655469E-002   0.0000000000000000     
   9186.0534307317739       -5.7673438941307643E-002   0.0000000000000000     
   9194.3217056469239       -5.4925943311248775E-002   0.0000000000000000     
   9202.5899805620738       -5.2035516736674288E-002   0.0000000000000000     
   9210.8582554772238       -4.9021389829221031E-002   0.0000000000000000     
   9219.1265303923738       -4.5902738508844659E-002   0.0000000000000000     
   9227.3948053075237       -4.2698617132803693E-002   0.0000000000000000     
   9235.6630802226737       -3.9427893405453551E-002   0.0000000000000000     
   9243.9313551378236       -3.6109171800447509E-002   0.0000000000000000     
   9252.1996300529736       -3.2760660167005136E-002   0.0000000000000000     
   9260.4679049681235       -2.9399860500563958E-002   0.0000000000000000     
   9268.7361798832735       -2.6042955046386970E-002   0.0000000000000000     
   9277.0044547984235       -2.2703818950671091E-002   0.0000000000000000     
   9285.2727297135734       -1.9392681771789488E-002   0.0000000000000000     
   9293.5410046287234       -1.6114605035023967E-002   0.0000000000000000     
   9301.8092795438733       -1.2868068609198801E-002   0.0000000000000000     
   9310.0775544590233       -9.6441551720993918E-003   0.0000000000000000     
   9318.3458293741733       -6.4268966669309788E-003   0.0000000000000000     
   9326.6141042893232       -3.1951449681810202E-003   0.0000000000000000     
   9334.8823792044732        7.4239026501701202E-005   0.0000000000000000     
   9343.1506541196231        3.4024690891769831E-003   0.0000000000000000     
   9351.4189290347731        6.8052345282528237E-003   0.0000000000000000     
   9359.6872039499231        1.0290405025556667E-002   0.0000000000000000     
   9367.9554788650730        1.3857286467018807E-002   0.0000000000000000     
   9376.2237537802230        1.7497260298292554E-002   0.0000000000000000     
   9384.4920286953729        2.1195301756512779E-002   0.0000000000000000     
   9392.7603036105229        2.4931858225203305E-002   0.0000000000000000     
   9401.0285785256729        2.8684660159271611E-002   0.0000000000000000     
   9409.2968534408228        3.2430207508274231E-002   0.0000000000000000     
   9417.5651283559728        3.6144818433908946E-002   0.0000000000000000     
   9425.8334032711227        3.9805267527273203E-002   0.0000000000000000     
   9434.1016781862727        4.3389127633531969E-002   0.0000000000000000     
   9442.3699531014227        4.6874927144086559E-002   0.0000000000000000     
   9450.6382280165726        5.0242192873846910E-002   0.0000000000000000     
   9458.9065029317226        5.3471413521311711E-002   0.0000000000000000     
   9467.1747778468725        5.6543926100479168E-002   0.0000000000000000     
   9475.4430527620225        5.9441777690636868E-002   0.0000000000000000     
   9483.7113276771724        6.2147588648877032E-002   0.0000000000000000     
   9491.9796025923224        6.4644402255496045E-002   0.0000000000000000     
   9500.2478775074724        6.6915565139015976E-002   0.0000000000000000     
   9508.5161524226223        6.8944594472445553E-002   0.0000000000000000     
   9516.7844273377723        7.0715269368686079E-002   0.0000000000000000     
   9525.0527022529222        7.2211677086581577E-002   0.0000000000000000     
   9533.3209771680722        7.3418281559664067E-002   0.0000000000000000     
   9541.5892520832222        7.4320267781689542E-002   0.0000000000000000     
   9549.8575269983721        7.4903936202370375E-002   0.0000000000000000     
   9558.1258019135221        7.5157286617626565E-002   0.0000000000000000     
   9566.3940768286720        7.5070818044074741E-002   0.0000000000000000     
   9574.6623517438220        7.4638564158976947E-002   0.0000000000000000     
   9582.9306266589720        7.3859397896387638E-002   0.0000000000000000     
   9591.1989015741219        7.2738570800750663E-002   0.0000000000000000     
   9599.4671764892719        7.1289416185968749E-002   0.0000000000000000     
   9607.7354514044218        6.9535075242539546E-002   0.0000000000000000     
   9616.0037263195718        6.7510003835330318E-002   0.0000000000000000     
   9624.2720012347218        6.5260844627413814E-002   0.0000000000000000     
   9632.5402761498717        6.2846065876277016E-002   0.0000000000000000     
   9640.8085510650217        6.0333716251996100E-002   0.0000000000000000     
   9649.0768259801716        5.7796621542008826E-002   0.0000000000000000     
   9657.3451008953216        5.5304491416260058E-002   0.0000000000000000     
   9665.6133758104716        5.2913117733650573E-002   0.0000000000000000     
   9673.8816507256215        5.0652180915568744E-002   0.0000000000000000     
   9682.1499256407715        4.8514588496859794E-002   0.0000000000000000     
   9690.4182005559214        4.6451046272328794E-002   0.0000000000000000     
   9698.6864754710714        4.4372998458522515E-002   0.0000000000000000     
   9706.9547503862213        4.2165051212761068E-002   0.0000000000000000     
   9715.2230253013713        3.9704326355843603E-002   0.0000000000000000     
   9723.4913002165213        3.6881852630444467E-002   0.0000000000000000     
   9731.7595751316712        3.3620102605213149E-002   0.0000000000000000     
   9740.0278500468212        2.9882458565986501E-002   0.0000000000000000     
   9748.2961249619711        2.5673922392897012E-002   0.0000000000000000     
   9756.5643998771211        2.1034676866874786E-002   0.0000000000000000     
   9764.8326747922711        1.6029772830306592E-002   0.0000000000000000     
   9773.1009497074210        1.0738117792699961E-002   0.0000000000000000     
   9781.3692246225710        5.2429385156408737E-003   0.0000000000000000     
   9789.6374995377209       -3.7530471855444448E-004   0.0000000000000000     
   9797.9057744528709       -6.0434340388705902E-003   0.0000000000000000     
   9806.1740493680209       -1.1697928265762891E-002   0.0000000000000000     
   9814.4423242831708       -1.7285710749058887E-002   0.0000000000000000     
   9822.7105991983208       -2.2763833601945130E-002   0.0000000000000000     
   9830.9788741134707       -2.8098477570182932E-002   0.0000000000000000     
   9839.2471490286207       -3.3263620871574175E-002   0.0000000000000000     
   9847.5154239437707       -3.8239625914375241E-002   0.0000000000000000     
   9855.7836988589206       -4.3011891659237821E-002   0.0000000000000000     
   9864.0519737740706       -4.7569647535880395E-002   0.0000000000000000     
   9872.3202486892205       -5.1904915398075534E-002   0.0000000000000000     
   9880.5885236043705       -5.6011633250455738E-002   0.0000000000000000     
   9888.8567985195205       -5.9884887664247800E-002   0.0000000000000000     
   9897.1250734346704       -6.3520389316942344E-002   0.0000000000000000     
   9905.3933483498204       -6.6913948363538825E-002   0.0000000000000000     
   9913.6616232649703       -7.0060924195920485E-002   0.0000000000000000     
   9921.9298981801203       -7.2955952391929285E-002   0.0000000000000000     
   9930.1981730952702       -7.5592709789636808E-002   0.0000000000000000     
   9938.4664480104202       -7.7963644918384103E-002   0.0000000000000000     
   9946.7347229255702       -8.0059779399333009E-002   0.0000000000000000     
   9955.0029978407201       -8.1870579190482295E-002   0.0000000000000000     
   9963.2712727558701       -8.3383938108508346E-002   0.0000000000000000     
   9971.5395476710200       -8.4586288434343598E-002   0.0000000000000000     
   9979.8078225861700       -8.5462915451973057E-002   0.0000000000000000     
   9988.0760975013200       -8.5998631824280219E-002   0.0000000000000000     
   9996.3443724164699       -8.6178885006326145E-002   0.0000000000000000     
   10004.612647331620       -8.5991371983738393E-002   0.0000000000000000     
   10012.880922246770       -8.5428206868366274E-002   0.0000000000000000     
   10021.149197161920       -8.4488563453035001E-002   0.0000000000000000     
   10029.417472077070       -8.3181466776040533E-002   0.0000000000000000     
   10037.685746992220       -8.1528091699226909E-002   0.0000000000000000     
   10045.954021907370       -7.9562686631067289E-002   0.0000000000000000     
   10054.222296822520       -7.7331222441389985E-002   0.0000000000000000     
   10062.490571737670       -7.4887093351910586E-002   0.0000000000000000     
   10070.758846652820       -7.2283948427194142E-002   0.0000000000000000     
   10079.027121567970       -6.9566936363100851E-002   0.0000000000000000     
   10087.295396483119       -6.6764733808848412E-002   0.0000000000000000     
   10095.563671398269       -6.3885126507421841E-002   0.0000000000000000     
   10103.831946313419       -6.0915565874258046E-002   0.0000000000000000     
   10112.100221228569       -5.7828280499674020E-002   0.0000000000000000     
   10120.368496143719       -5.4588082945440160E-002   0.0000000000000000     
   10128.636771058869       -5.1160284554636927E-002   0.0000000000000000     
   10136.905045974019       -4.7516783708187391E-002   0.0000000000000000     
   10145.173320889169       -4.3639494876355538E-002   0.0000000000000000     
   10153.441595804319       -3.9521253532588757E-002   0.0000000000000000     
   10161.709870719469       -3.5164936557143700E-002   0.0000000000000000     
   10169.978145634619       -3.0581644283360337E-002   0.0000000000000000     
   10178.246420549769       -2.5788627377595224E-002   0.0000000000000000     
   10186.514695464919       -2.0807364470461432E-002   0.0000000000000000     
   10194.782970380069       -1.5661980631043133E-002   0.0000000000000000     
   10203.051245295219       -1.0378057892783923E-002   0.0000000000000000     
   10211.319520210369       -4.9818251531831975E-003   0.0000000000000000     
   10219.587795125519        5.0031209143082053E-004   0.0000000000000000     
   10227.856070040669        6.0419930226670469E-003   0.0000000000000000     
   10236.124344955819        1.1616966006355036E-002   0.0000000000000000     
   10244.392619870969        1.7199035926162714E-002   0.0000000000000000     
   10252.660894786119        2.2761983625319518E-002   0.0000000000000000     
   10260.929169701269        2.8279433829086559E-002   0.0000000000000000     
   10269.197444616419        3.3724789505198798E-002   0.0000000000000000     
   10277.465719531569        3.9071152174138556E-002   0.0000000000000000     
   10285.733994446718        4.4291276304753789E-002   0.0000000000000000     
   10294.002269361868        4.9357619612359051E-002   0.0000000000000000     
   10302.270544277018        5.4242474706753314E-002   0.0000000000000000     
   10310.538819192168        5.8918217858739942E-002   0.0000000000000000     
   10318.807094107318        6.3357659791593815E-002   0.0000000000000000     
   10327.075369022468        6.7534625757181291E-002   0.0000000000000000     
   10335.343643937618        7.1424764342188793E-002   0.0000000000000000     
   10343.611918852768        7.5006651389429732E-002   0.0000000000000000     
   10351.880193767918        7.8263208847733440E-002   0.0000000000000000     
   10360.148468683068        8.1183369362943542E-002   0.0000000000000000     
   10368.416743598218        8.3763860515348287E-002   0.0000000000000000     
   10376.685018513368        8.6010867676047917E-002   0.0000000000000000     
   10384.953293428518        8.7941219716523869E-002   0.0000000000000000     
   10393.221568343668        8.9582526443326010E-002   0.0000000000000000     
   10401.489843258818        9.0971498549742652E-002   0.0000000000000000     
   10409.758118173968        9.2149764478752019E-002   0.0000000000000000     
   10418.026393089118        9.3156932274722409E-002   0.0000000000000000     
   10426.294668004268        9.4021418952374425E-002   0.0000000000000000     
   10434.562942919418        9.4750766543659423E-002   0.0000000000000000     
   10442.831217834568        9.5324313426140214E-002   0.0000000000000000     
   10451.099492749718        9.5691291843501280E-002   0.0000000000000000     
   10459.367767664868        9.5776076654594589E-002   0.0000000000000000     
   10467.636042580018        9.5490005099925584E-002   0.0000000000000000     
   10475.904317495168        9.4746396611319894E-002   0.0000000000000000     
   10484.172592410318        9.3474795434685398E-002   0.0000000000000000     
   10492.440867325467        9.1630827391543032E-002   0.0000000000000000     
   10500.709142240617        8.9199683100091978E-002   0.0000000000000000     
   10508.977417155767        8.6194006089615388E-002   0.0000000000000000     
   10517.245692070917        8.2647985786111697E-002   0.0000000000000000     
   10525.513966986067        7.8609910148531553E-002   0.0000000000000000     
   10533.782241901217        7.4135037680929813E-002   0.0000000000000000     
   10542.050516816367        6.9279828275936969E-002   0.0000000000000000     
   10550.318791731517        6.4097920359476132E-002   0.0000000000000000     
   10558.587066646667        5.8637765750040260E-002   0.0000000000000000     
   10566.855341561817        5.2941608156187939E-002   0.0000000000000000     
   10575.123616476967        4.7045459504662872E-002   0.0000000000000000     
   10583.391891392117        4.0979731929640231E-002   0.0000000000000000     
   10591.660166307267        3.4770211690150606E-002   0.0000000000000000     
   10599.928441222417        2.8439142637221543E-002   0.0000000000000000     
   10608.196716137567        2.2006261833921736E-002   0.0000000000000000     
   10616.464991052717        1.5489712698223976E-002   0.0000000000000000     
   10624.733265967867        8.9068138048452369E-003   0.0000000000000000     
   10633.001540883017        2.2746841621759041E-003   0.0000000000000000     
   10641.269815798167       -4.3892075582756271E-003   0.0000000000000000     
   10649.538090713317       -1.1066576472075360E-002   0.0000000000000000     
   10657.806365628467       -1.7737926595562007E-002   0.0000000000000000     
   10666.074640543617       -2.4382138884197917E-002   0.0000000000000000     
   10674.342915458767       -3.0976019996417553E-002   0.0000000000000000     
   10682.611190373917       -3.7493843632072255E-002   0.0000000000000000     
   10690.879465289067       -4.3906913817050676E-002   0.0000000000000000     
   10699.147740204216       -5.0183069270817796E-002   0.0000000000000000     
   10707.416015119366       -5.6286167750518375E-002   0.0000000000000000     
   10715.684290034516       -6.2175671679879203E-002   0.0000000000000000     
   10723.952564949666       -6.7806406396441962E-002   0.0000000000000000     
   10732.220839864816       -7.3128653366297799E-002   0.0000000000000000     
   10740.489114779966       -7.8088814077380372E-002   0.0000000000000000     
   10748.757389695116       -8.2630867389284476E-002   0.0000000000000000     
   10757.025664610266       -8.6698835586152920E-002   0.0000000000000000     
   10765.293939525416       -9.0240457357020520E-002   0.0000000000000000     
   10773.562214440566       -9.3212131688979891E-002   0.0000000000000000     
   10781.830489355716       -9.5584890555194299E-002   0.0000000000000000     
   10790.098764270866       -9.7350666973519628E-002   0.0000000000000000     
   10798.367039186016       -9.8527492287191862E-002   0.0000000000000000     
   10806.635314101166       -9.9161705651656815E-002   0.0000000000000000     
   10814.903589016316       -9.9325329967821410E-002   0.0000000000000000     
   10823.171863931466       -9.9107785316221816E-002   0.0000000000000000     
   10831.440138846616       -9.8602785000842158E-002   0.0000000000000000     
   10839.708413761766       -9.7893214790537600E-002   0.0000000000000000     
   10847.976688676916       -9.7038264484951897E-002   0.0000000000000000     
   10856.244963592066       -9.6066252756917561E-002   0.0000000000000000     
   10864.513238507216       -9.4974613539822075E-002   0.0000000000000000     
   10872.781513422366       -9.3736264679065082E-002   0.0000000000000000     
   10881.049788337516       -9.2309406792758161E-002   0.0000000000000000     
   10889.318063252666       -9.0647574186090554E-002   0.0000000000000000     
   10897.586338167815       -8.8707720594750336E-002   0.0000000000000000     
   10905.854613082965       -8.6455359965161960E-002   0.0000000000000000     
   10914.122887998115       -8.3866854029420998E-002   0.0000000000000000     
   10922.391162913265       -8.0929527704118834E-002   0.0000000000000000     
   10930.659437828415       -7.7640496270539816E-002   0.0000000000000000     
   10938.927712743565       -7.4004922800507786E-002   0.0000000000000000     
   10947.195987658715       -7.0034171209258131E-002   0.0000000000000000     
   10955.464262573865       -6.5744130660939898E-002   0.0000000000000000     
   10963.732537489015       -6.1153856787037317E-002   0.0000000000000000     
   10972.000812404165       -5.6284559547684521E-002   0.0000000000000000     
   10980.269087319315       -5.1158931092290923E-002   0.0000000000000000     
   10988.537362234465       -4.5800721026082646E-002   0.0000000000000000     
   10996.805637149615       -4.0234494655180503E-002   0.0000000000000000     
   11005.073912064765       -3.4485522017513252E-002   0.0000000000000000     
   11013.342186979915       -2.8579745627572931E-002   0.0000000000000000     
   11021.610461895065       -2.2543849788240974E-002   0.0000000000000000     
   11029.878736810215       -1.6405319900737677E-002   0.0000000000000000     
   11038.147011725365       -1.0192541788612720E-002   0.0000000000000000     
   11046.415286640515       -3.9349461058480568E-003   0.0000000000000000     
   11054.683561555665        2.3369193411307341E-003   0.0000000000000000     
   11062.951836470815        8.5913015493251001E-003   0.0000000000000000     
   11071.220111385965        1.4795220317871505E-002   0.0000000000000000     
   11079.488386301115        2.0914580589682749E-002   0.0000000000000000     
   11087.756661216265        2.6914447873922998E-002   0.0000000000000000     
   11096.024936131415        3.2759554293349188E-002   0.0000000000000000     
   11104.293211046564        3.8415123604760237E-002   0.0000000000000000     
   11112.561485961714        4.3848058925626085E-002   0.0000000000000000     
   11120.829760876864        4.9028482234948476E-002   0.0000000000000000     
   11129.098035792014        5.3931598136202741E-002   0.0000000000000000     
   11137.366310707164        5.8539732508585539E-002   0.0000000000000000     
   11145.634585622314        6.2844232796863506E-002   0.0000000000000000     
   11153.902860537464        6.6846718040827036E-002   0.0000000000000000     
   11162.171135452614        7.0558976905721063E-002   0.0000000000000000     
   11170.439410367764        7.4000884829791752E-002   0.0000000000000000     
   11178.707685282914        7.7196090011289673E-002   0.0000000000000000     
   11186.975960198064        8.0165937695183626E-002   0.0000000000000000     
   11195.244235113214        8.2923024607616594E-002   0.0000000000000000     
   11203.512510028364        8.5466391071929174E-002   0.0000000000000000     
   11211.780784943514        8.7780126861584623E-002   0.0000000000000000     
   11220.049059858664        8.9835956939743195E-002   0.0000000000000000     
   11228.317334773814        9.1599021880095319E-002   0.0000000000000000     
   11236.585609688964        9.3034790719943014E-002   0.0000000000000000     
   11244.853884604114        9.4114857643887731E-002   0.0000000000000000     
   11253.122159519264        9.4820228933365280E-002   0.0000000000000000     
   11261.390434434414        9.5141878536869035E-002   0.0000000000000000     
   11269.658709349564        9.5079257304996403E-002   0.0000000000000000     
   11277.926984264714        9.4637651191394126E-002   0.0000000000000000     
   11286.195259179864        9.3825403797839185E-002   0.0000000000000000     
   11294.463534095014        9.2651675705179043E-002   0.0000000000000000     
   11302.731809010163        9.1125026310593854E-002   0.0000000000000000     
   11311.000083925313        8.9252798178323323E-002   0.0000000000000000     
   11319.268358840463        8.7041120532474717E-002   0.0000000000000000     
   11327.536633755613        8.4495309287839923E-002   0.0000000000000000     
   11335.804908670763        8.1620444137526407E-002   0.0000000000000000     
   11344.073183585913        7.8421935085474931E-002   0.0000000000000000     
   11352.341458501063        7.4905996655875551E-002   0.0000000000000000     
   11360.609733416213        7.1079982497830416E-002   0.0000000000000000     
   11368.878008331363        6.6952581820982765E-002   0.0000000000000000     
   11377.146283246513        6.2533913491627457E-002   0.0000000000000000     
   11385.414558161663        5.7835575238750783E-002   0.0000000000000000     
   11393.682833076813        5.2870688804373456E-002   0.0000000000000000     
   11401.951107991963        4.7653996664495449E-002   0.0000000000000000     
   11410.219382907113        4.2202008708174969E-002   0.0000000000000000     
   11418.487657822263        3.6533280113205550E-002   0.0000000000000000     
   11426.755932737413        3.0668818751644279E-002   0.0000000000000000     
   11435.024207652563        2.4632594455004486E-002   0.0000000000000000     
   11443.292482567713        1.8452196504931059E-002   0.0000000000000000     
   11451.560757482863        1.2159603802424385E-002   0.0000000000000000     
   11459.829032398013        5.7920470809635942E-003   0.0000000000000000     
   11468.097307313163       -6.0712289594349667E-004   0.0000000000000000     
   11476.365582228313       -6.9876934656325444E-003   0.0000000000000000     
   11484.633857143463       -1.3292190270620124E-002   0.0000000000000000     
   11492.902132058613       -1.9456090845718969E-002   0.0000000000000000     
   11501.170406973763       -2.5408939503892718E-002   0.0000000000000000     
   11509.438681888912       -3.1076709488388692E-002   0.0000000000000000     
   11517.706956804062       -3.6385772138422617E-002   0.0000000000000000     
   11525.975231719212       -4.1268699708649527E-002   0.0000000000000000     
   11534.243506634362       -4.5671725734189948E-002   0.0000000000000000     
   11542.511781549512       -4.9563065507778135E-002   0.0000000000000000     
   11550.780056464662       -5.2940514612525545E-002   0.0000000000000000     
   11559.048331379812       -5.5836029550376004E-002   0.0000000000000000     
   11567.316606294962       -5.8314944208594191E-002   0.0000000000000000     
   11575.584881210112       -6.0468518079182021E-002   0.0000000000000000     
   11583.853156125262       -6.2400418631232503E-002   0.0000000000000000     
   11592.121431040412       -6.4209960482645892E-002   0.0000000000000000     
   11600.389705955562       -6.5976366087036428E-002   0.0000000000000000     
   11608.657980870712       -6.7748191713261768E-002   0.0000000000000000     
   11616.926255785862       -6.9539950562664946E-002   0.0000000000000000     
   11625.194530701012       -7.1335584554237733E-002   0.0000000000000000     
   11633.462805616162       -7.3096586557424223E-002   0.0000000000000000     
   11641.731080531312       -7.4771736096841762E-002   0.0000000000000000     
   11649.999355446462       -7.6305974158234618E-002   0.0000000000000000     
   11658.267630361612       -7.7646992843659696E-002   0.0000000000000000     
   11666.535905276762       -7.8749256453910774E-002   0.0000000000000000     
   11674.804180191912       -7.9575877571968059E-002   0.0000000000000000     
   11683.072455107062       -8.0098947951270011E-002   0.0000000000000000     
   11691.340730022212       -8.0298907669727665E-002   0.0000000000000000     
   11699.609004937362       -8.0163469630321740E-002   0.0000000000000000     
   11707.877279852511       -7.9686446033514352E-002   0.0000000000000000     
   11716.145554767661       -7.8866641464938464E-002   0.0000000000000000     
   11724.413829682811       -7.7706870589903554E-002   0.0000000000000000     
   11732.682104597961       -7.6213129527440915E-002   0.0000000000000000     
   11740.950379513111       -7.4393940834108552E-002   0.0000000000000000     
   11749.218654428261       -7.2259846766394534E-002   0.0000000000000000     
   11757.486929343411       -6.9823037441791358E-002   0.0000000000000000     
   11765.755204258561       -6.7097093373135852E-002   0.0000000000000000     
   11774.023479173711       -6.4096822423564959E-002   0.0000000000000000     
   11782.291754088861       -6.0838195412351762E-002   0.0000000000000000     
   11790.560029004011       -5.7338314140596341E-002   0.0000000000000000     
   11798.828303919161       -5.3615510646871908E-002   0.0000000000000000     
   11807.096578834311       -4.9689537424987627E-002   0.0000000000000000     
   11815.364853749461       -4.5581692753525624E-002   0.0000000000000000     
   11823.633128664611       -4.1315065204687529E-002   0.0000000000000000     
   11831.901403579761       -3.6914798571740758E-002   0.0000000000000000     
   11840.169678494911       -3.2408283851596047E-002   0.0000000000000000     
   11848.437953410061       -2.7825306200126586E-002   0.0000000000000000     
   11856.706228325211       -2.3198058112108028E-002   0.0000000000000000     
   11864.974503240361       -1.8560997051416041E-002   0.0000000000000000     
   11873.242778155511       -1.3950453840076085E-002   0.0000000000000000     
   11881.511053070661       -9.4039065393994401E-003   0.0000000000000000     
   11889.779327985811       -4.9588192650257233E-003   0.0000000000000000     
   11898.047602900961       -6.5098118006587868E-004   0.0000000000000000     
   11906.315877816111        3.4876038500232503E-003   0.0000000000000000     
   11914.584152731260        7.4310898360927134E-003   0.0000000000000000     
   11922.852427646410        1.1162099874398030E-002   0.0000000000000000     
   11931.120702561560        1.4673518217911933E-002   0.0000000000000000     
   11939.388977476710        1.7969301493606257E-002   0.0000000000000000     
   11947.657252391860        2.1064000418953125E-002   0.0000000000000000     
   11955.925527307010        2.3980939864634839E-002   0.0000000000000000     
   11964.193802222160        2.6749404600356765E-002   0.0000000000000000     
   11972.462077137310        2.9401409281628616E-002   0.0000000000000000     
   11980.730352052460        3.1968681770018451E-002   0.0000000000000000     
   11988.998626967610        3.4480188645192617E-002   0.0000000000000000     
   11997.266901882760        3.6960275417624047E-002   0.0000000000000000     
   12005.535176797910        3.9427315053192490E-002   0.0000000000000000     
   12013.803451713060        4.1892736464766850E-002   0.0000000000000000     
   12022.071726628210        4.4360481744608188E-002   0.0000000000000000     
   12030.340001543360        4.6826914522991696E-002   0.0000000000000000     
   12038.608276458510        4.9281226026223333E-002   0.0000000000000000     
   12046.876551373660        5.1706334433932875E-002   0.0000000000000000     
   12055.144826288810        5.4080164971648623E-002   0.0000000000000000     
   12063.413101203960        5.6377151164720252E-002   0.0000000000000000     
   12071.681376119110        5.8569804824264680E-002   0.0000000000000000     
   12079.949651034260        6.0630174724359338E-002   0.0000000000000000     
   12088.217925949410        6.2531103203928129E-002   0.0000000000000000     
   12096.486200864560        6.4247126438693264E-002   0.0000000000000000     
   12104.754475779710        6.5755064645252881E-002   0.0000000000000000     
   12113.022750694859        6.7034380388198825E-002   0.0000000000000000     
   12121.291025610009        6.8067260553408407E-002   0.0000000000000000     
   12129.559300525159        6.8838557471856146E-002   0.0000000000000000     
   12137.827575440309        6.9335644789036671E-002   0.0000000000000000     
   12146.095850355459        6.9548253966081885E-002   0.0000000000000000     
   12154.364125270609        6.9468350120194172E-002   0.0000000000000000     
   12162.632400185759        6.9089977865254962E-002   0.0000000000000000     
   12170.900675100909        6.8409372468923091E-002   0.0000000000000000     
   12179.168950016059        6.7425164752818151E-002   0.0000000000000000     
   12187.437224931209        6.6138621532604303E-002   0.0000000000000000     
   12195.705499846359        6.4554181505257283E-002   0.0000000000000000     
   12203.973774761509        6.2680124764004780E-002   0.0000000000000000     
   12212.242049676659        6.0529426194632655E-002   0.0000000000000000     
   12220.510324591809        5.8120717404133299E-002   0.0000000000000000     
   12228.778599506959        5.5479283415867338E-002   0.0000000000000000     
   12237.046874422109        5.2637928501263712E-002   0.0000000000000000     
   12245.315149337259        4.9637462801720177E-002   0.0000000000000000     
   12253.583424252409        4.6526507090593847E-002   0.0000000000000000     
   12261.851699167559        4.3360265223914278E-002   0.0000000000000000     
   12270.119974082709        4.0197885634125255E-002   0.0000000000000000     
   12278.388248997859        3.7098050709599865E-002   0.0000000000000000     
   12286.656523913009        3.4112738638790538E-002   0.0000000000000000     
   12294.924798828159        3.1279689006034943E-002   0.0000000000000000     
   12303.193073743309        2.8614839799447608E-002   0.0000000000000000     
   12311.461348658459        2.6106666106274868E-002   0.0000000000000000     
   12319.729623573608        2.3714474176788909E-002   0.0000000000000000     
   12327.997898488758        2.1372075988642283E-002   0.0000000000000000     
   12336.266173403908        1.8996826878010756E-002   0.0000000000000000     
   12344.534448319058        1.6502228956059503E-002   0.0000000000000000     
   12352.802723234208        1.3811011885206217E-002   0.0000000000000000     
   12361.070998149358        1.0865435950630158E-002   0.0000000000000000     
   12369.339273064508        7.6328860936426849E-003   0.0000000000000000     
   12377.607547979658        4.1064060720504419E-003   0.0000000000000000     
   12385.875822894808        3.0125996317249262E-004   0.0000000000000000     
   12394.144097809958       -3.7505056302108443E-003   0.0000000000000000     
   12402.412372725108       -8.0058402356853776E-003   0.0000000000000000     
   12410.680647640258       -1.2415711774886757E-002   0.0000000000000000     
   12418.948922555408       -1.6928943605308971E-002   0.0000000000000000     
   12427.217197470558       -2.1494898169755902E-002   0.0000000000000000     
   12435.485472385708       -2.6065244577219732E-002   0.0000000000000000     
   12443.753747300858       -3.0595091350415139E-002   0.0000000000000000     
   12452.022022216008       -3.5043653417845551E-002   0.0000000000000000     
   12460.290297131158       -3.9374552252244413E-002   0.0000000000000000     
   12468.558572046308       -4.3555855663859847E-002   0.0000000000000000     
   12476.826846961458       -4.7559918864804956E-002   0.0000000000000000     
   12485.095121876608       -5.1363092369816725E-002   0.0000000000000000     
   12493.363396791758       -5.4945336451588431E-002   0.0000000000000000     
   12501.631671706908       -5.8289780974340906E-002   0.0000000000000000     
   12509.899946622058       -6.1382255906131535E-002   0.0000000000000000     
   12518.168221537208       -6.4210824362133267E-002   0.0000000000000000     
   12526.436496452357       -6.6765345568454718E-002   0.0000000000000000     
   12534.704771367507       -6.9037103998346450E-002   0.0000000000000000     
   12542.973046282657       -7.1018440141301667E-002   0.0000000000000000     
   12551.241321197807       -7.2702547779034177E-002   0.0000000000000000     
   12559.509596112957       -7.4083294594890770E-002   0.0000000000000000     
   12567.777871028107       -7.5155159991941625E-002   0.0000000000000000     
   12576.046145943257       -7.5913340236583166E-002   0.0000000000000000     
   12584.314420858407       -7.6353887284748470E-002   0.0000000000000000     
   12592.582695773557       -7.6474050351835771E-002   0.0000000000000000     
   12600.850970688707       -7.6272775268107287E-002   0.0000000000000000     
   12609.119245603857       -7.5751431303442862E-002   0.0000000000000000     
   12617.387520519007       -7.4914750417935327E-002   0.0000000000000000     
   12625.655795434157       -7.3771959323267605E-002   0.0000000000000000     
   12633.924070349307       -7.2338039625456083E-002   0.0000000000000000     
   12642.192345264457       -7.0634974930118208E-002   0.0000000000000000     
   12650.460620179607       -6.8692734800212193E-002   0.0000000000000000     
   12658.728895094757       -6.6549613084995532E-002   0.0000000000000000     
   12666.997170009907       -6.4251443068928826E-002   0.0000000000000000     
   12675.265444925057       -6.1849278853936672E-002   0.0000000000000000     
   12683.533719840207       -5.9395333367573133E-002   0.0000000000000000     
   12691.801994755357       -5.6937350391169178E-002   0.0000000000000000     
   12700.070269670507       -5.4512208398492419E-002   0.0000000000000000     
   12708.338544585657       -5.2140006744047417E-002   0.0000000000000000     
   12716.606819500807       -4.9820204759641003E-002   0.0000000000000000     
   12724.875094415956       -4.7530933984975723E-002   0.0000000000000000     
   12733.143369331106       -4.5231810816548056E-002   0.0000000000000000     
   12741.411644246256       -4.2869522861511071E-002   0.0000000000000000     
   12749.679919161406       -4.0384819695081300E-002   0.0000000000000000     
   12757.948194076556       -3.7719580759235746E-002   0.0000000000000000     
   12766.216468991706       -3.4822794207891160E-002   0.0000000000000000     
   12774.484743906856       -3.1654828682053812E-002   0.0000000000000000     
   12782.753018822006       -2.8189852521577626E-002   0.0000000000000000     
   12791.021293737156       -2.4416554424197889E-002   0.0000000000000000     
   12799.289568652306       -2.0337496533432330E-002   0.0000000000000000     
   12807.557843567456       -1.5967490927236240E-002   0.0000000000000000     
   12815.826118482606       -1.1331384714831664E-002   0.0000000000000000     
   12824.094393397756       -6.4616085630961797E-003   0.0000000000000000     
   12832.362668312906       -1.3957528384223360E-003   0.0000000000000000     
   12840.630943228056        3.8256078708190549E-003   0.0000000000000000     
   12848.899218143206        9.1607242004680903E-003   0.0000000000000000     
   12857.167493058356        1.4568052927997852E-002   0.0000000000000000     
   12865.435767973506        2.0007221167504207E-002   0.0000000000000000     
   12873.704042888656        2.5439643086902400E-002   0.0000000000000000     
   12881.972317803806        3.0828810350475865E-002   0.0000000000000000     
   12890.240592718956        3.6140358428928487E-002   0.0000000000000000     
   12898.508867634106        4.1342003655940679E-002   0.0000000000000000     
   12906.777142549256        4.6403367228039137E-002   0.0000000000000000     
   12915.045417464406        5.1295754150162756E-002   0.0000000000000000     
   12923.313692379556        5.5991954324553492E-002   0.0000000000000000     
   12931.581967294705        6.0466169628831959E-002   0.0000000000000000     
   12939.850242209855        6.4694010861182621E-002   0.0000000000000000     
   12948.118517125005        6.8652614085300934E-002   0.0000000000000000     
   12956.386792040155        7.2321009701742101E-002   0.0000000000000000     
   12964.655066955305        7.5680696625972238E-002   0.0000000000000000     
   12972.923341870455        7.8716425347200469E-002   0.0000000000000000     
   12981.191616785605        8.1417156089277118E-002   0.0000000000000000     
   12989.459891700755        8.3777111255122286E-002   0.0000000000000000     
   12997.728166615905        8.5796792653730247E-002   0.0000000000000000     
   13005.996441531055        8.7483747851962640E-002   0.0000000000000000     
   13014.264716446205        8.8852760276036946E-002   0.0000000000000000     
   13022.532991361355        8.9925081907193755E-002   0.0000000000000000     
   13030.801266276505        9.0726409670214878E-002   0.0000000000000000     
   13039.069541191655        9.1283515108002158E-002   0.0000000000000000     
   13047.337816106805        9.1619708714768863E-002   0.0000000000000000     
   13055.606091021955        9.1749779669409615E-002   0.0000000000000000     
   13063.874365937105        9.1675530128525667E-002   0.0000000000000000     
   13072.142640852255        9.1383204772419499E-002   0.0000000000000000     
   13080.410915767405        9.0843789858830973E-002   0.0000000000000000     
   13088.679190682555        9.0016358994543924E-002   0.0000000000000000     
   13096.947465597705        8.8853551273829864E-002   0.0000000000000000     
   13105.215740512855        8.7308009025460195E-002   0.0000000000000000     
   13113.484015428005        8.5338031652112775E-002   0.0000000000000000     
   13121.752290343155        8.2911589414287404E-002   0.0000000000000000     
   13130.020565258304        8.0008578314294421E-002   0.0000000000000000     
   13138.288840173454        7.6621343234322709E-002   0.0000000000000000     
   13146.557115088604        7.2754240746646284E-002   0.0000000000000000     
   13154.825390003754        6.8422577366691037E-002   0.0000000000000000     
   13163.093664918904        6.3651197750315081E-002   0.0000000000000000     
   13171.361939834054        5.8472825382808298E-002   0.0000000000000000     
   13179.630214749204        5.2926228663293495E-002   0.0000000000000000     
   13187.898489664354        4.7054312434519026E-002   0.0000000000000000     
   13196.166764579504        4.0902260826611733E-002   0.0000000000000000     
   13204.435039494654        3.4515851959731822E-002   0.0000000000000000     
   13212.703314409804        2.7940079746908340E-002   0.0000000000000000     
   13220.971589324954        2.1218143613249547E-002   0.0000000000000000     
   13229.239864240104        1.4390802414691725E-002   0.0000000000000000     
   13237.508139155254        7.4960628595828974E-003   0.0000000000000000     
   13245.776414070404        5.6914736667970124E-004   0.0000000000000000     
   13254.044688985554       -6.3573131306371711E-003   0.0000000000000000     
   13262.312963900704       -1.3252917429053478E-002   0.0000000000000000     
   13270.581238815854       -2.0089013245811315E-002   0.0000000000000000     
   13278.849513731004       -2.6838149017264300E-002   0.0000000000000000     
   13287.117788646154       -3.3473477377692150E-002   0.0000000000000000     
   13295.386063561304       -3.9968161641327493E-002   0.0000000000000000     
   13303.654338476454       -4.6294781981884754E-002   0.0000000000000000     
   13311.922613391604       -5.2424812451205248E-002   0.0000000000000000     
   13320.190888306754       -5.8328186043295441E-002   0.0000000000000000     
   13328.459163221904       -6.3972948601440802E-002   0.0000000000000000     
   13336.727438137053       -6.9325136140830010E-002   0.0000000000000000     
   13344.995713052203       -7.4348922960405794E-002   0.0000000000000000     
   13353.263987967353       -7.9007149722626402E-002   0.0000000000000000     
   13361.532262882503       -8.3262341495723854E-002   0.0000000000000000     
   13369.800537797653       -8.7078293972524159E-002   0.0000000000000000     
   13378.068812712803       -9.0422292975080462E-002   0.0000000000000000     
   13386.337087627953       -9.3267968113914537E-002   0.0000000000000000     
   13394.605362543103       -9.5598608291860385E-002   0.0000000000000000     
   13402.873637458253       -9.7410576625671277E-002   0.0000000000000000     
   13411.141912373403       -9.8716223238811157E-002   0.0000000000000000     
   13419.410187288553       -9.9545476825934232E-002   0.0000000000000000     
   13427.678462203703       -9.9945223963115531E-002   0.0000000000000000     
   13435.946737118853       -9.9975809327353282E-002   0.0000000000000000     
   13444.215012034003       -9.9704643414049415E-002   0.0000000000000000     
   13452.483286949153       -9.9197699866635458E-002   0.0000000000000000     
   13460.751561864303       -9.8510488622606737E-002   0.0000000000000000     
   13469.019836779453       -9.7680429088159881E-002   0.0000000000000000     
   13477.288111694603       -9.6722417886881101E-002   0.0000000000000000     
   13485.556386609753       -9.5628345012430560E-002   0.0000000000000000     
   13493.824661524903       -9.4370136899513568E-002   0.0000000000000000     
   13502.092936440053       -9.2905409567919581E-002   0.0000000000000000     
   13510.361211355203       -9.1184316635665605E-002   0.0000000000000000     
   13518.629486270353       -8.9156274639498476E-002   0.0000000000000000     
   13526.897761185503       -8.6775666140701813E-002   0.0000000000000000     
   13535.166036100652       -8.4005995166002087E-002   0.0000000000000000     
   13543.434311015802       -8.0822357092303010E-002   0.0000000000000000     
   13551.702585930952       -7.7212354371244532E-002   0.0000000000000000     
   13559.970860846102       -7.3175744488524957E-002   0.0000000000000000     
   13568.239135761252       -6.8723177006498978E-002   0.0000000000000000     
   13576.507410676402       -6.3874376970321375E-002   0.0000000000000000     
   13584.775685591552       -5.8656110769344405E-002   0.0000000000000000     
   13593.043960506702       -5.3100197925438311E-002   0.0000000000000000     
   13601.312235421852       -4.7241749237634523E-002   0.0000000000000000     
   13609.580510337002       -4.1117732486514000E-002   0.0000000000000000     
   13617.848785252152       -3.4765880336633838E-002   0.0000000000000000     
   13626.117060167302       -2.8223943863751617E-002   0.0000000000000000     
   13634.385335082452       -2.1529271215883147E-002   0.0000000000000000     
   13642.653609997602       -1.4718620833957042E-002   0.0000000000000000     
   13650.921884912752       -7.8281680386140008E-003   0.0000000000000000     
   13659.190159827902       -8.9367209188082172E-004   0.0000000000000000     
   13667.458434743052        6.0492787952699549E-003   0.0000000000000000     
   13675.726709658202        1.2964954948411453E-002   0.0000000000000000     
   13683.994984573352        1.9817238326752518E-002   0.0000000000000000     
   13692.263259488502        2.6569441362899023E-002   0.0000000000000000     
   13700.531534403652        3.3184201286174837E-002   0.0000000000000000     
   13708.799809318802        3.9623601892498007E-002   0.0000000000000000     
   13717.068084233952        4.5849532594260820E-002   0.0000000000000000     
   13725.336359149102        5.1824323382678159E-002   0.0000000000000000     
   13733.604634064252        5.7511689468949183E-002   0.0000000000000000     
   13741.872908979401        6.2878000407226728E-002   0.0000000000000000     
   13750.141183894551        6.7893794999175056E-002   0.0000000000000000     
   13758.409458809701        7.2535417799175134E-002   0.0000000000000000     
   13766.677733724851        7.6786582512540211E-002   0.0000000000000000     
   13774.946008640001        8.0639546350983443E-002   0.0000000000000000     
   13783.214283555151        8.4095556640966782E-002   0.0000000000000000     
   13791.482558470301        8.7164303390833073E-002   0.0000000000000000     
   13799.750833385451        8.9862276990475956E-002   0.0000000000000000     
   13808.019108300601        9.2210188461275489E-002   0.0000000000000000     
   13816.287383215751        9.4229858263285338E-002   0.0000000000000000     
   13824.555658130901        9.5941120723649354E-002   0.0000000000000000     
   13832.823933046051        9.7359244571844333E-002   0.0000000000000000     
   13841.092207961201        9.8493099207786788E-002   0.0000000000000000     
   13849.360482876351        9.9344280371706492E-002   0.0000000000000000     
   13857.628757791501        9.9906893315746828E-002   0.0000000000000000     
   13865.897032706651       0.10016820150020932        0.0000000000000000     
   13874.165307621801       0.10011013469554904        0.0000000000000000     
   13882.433582536951        9.9711267586507002E-002   0.0000000000000000     
   13890.701857452101        9.8949393141647732E-002   0.0000000000000000     
   13898.970132367251        9.7804195853375533E-002   0.0000000000000000     
   13907.238407282401        9.6259617930740823E-002   0.0000000000000000     
   13915.506682197551        9.4305563255079689E-002   0.0000000000000000     
   13923.774957112701        9.1938744080749604E-002   0.0000000000000000     
   13932.043232027851        8.9162683947412669E-002   0.0000000000000000     
   13940.311506943000        8.5987059936729934E-002   0.0000000000000000     
   13948.579781858150        8.2426639969561552E-002   0.0000000000000000     
   13956.848056773300        7.8500059600486810E-002   0.0000000000000000     
   13965.116331688450        7.4228607306204342E-002   0.0000000000000000     
   13973.384606603600        6.9635166080698918E-002   0.0000000000000000     
   13981.652881518750        6.4743381446101950E-002   0.0000000000000000     
   13989.921156433900        5.9577080938046027E-002   0.0000000000000000     
   13998.189431349050        5.4159943566382311E-002   0.0000000000000000     
   14006.457706264200        4.8515389376515103E-002   0.0000000000000000     
   14014.725981179350        4.2666661657705239E-002   0.0000000000000000     
   14022.994256094500        3.6637077682455915E-002   0.0000000000000000     
   14031.262531009650        3.0450349880630556E-002   0.0000000000000000     
   14039.530805924800        2.4131105654066388E-002   0.0000000000000000     
   14047.799080839950        1.7705489113890967E-002   0.0000000000000000     
   14056.067355755100        1.1201735622138772E-002   0.0000000000000000     
   14064.335630670250        4.6508565303840840E-003   0.0000000000000000     
   14072.603905585400       -1.9127121743421095E-003   0.0000000000000000     
   14080.872180500550       -8.4505368480938849E-003   0.0000000000000000     
   14089.140455415700       -1.4919799056684628E-002   0.0000000000000000     
   14097.408730330850       -2.1273211791270973E-002   0.0000000000000000     
   14105.677005246000       -2.7459385193986535E-002   0.0000000000000000     
   14113.945280161150       -3.3423801263703055E-002   0.0000000000000000     
   14122.213555076300       -3.9110554616272407E-002   0.0000000000000000     
   14130.481829991450       -4.4464988429555305E-002   0.0000000000000000     
   14138.750104906600       -4.9437238255074074E-002   0.0000000000000000     
   14147.018379821749       -5.3986522289634048E-002   0.0000000000000000     
   14155.286654736899       -5.8085713199207203E-002   0.0000000000000000     
   14163.554929652049       -6.1725445425856507E-002   0.0000000000000000     
   14171.823204567199       -6.4916800184530166E-002   0.0000000000000000     
   14180.091479482349       -6.7691593959896962E-002   0.0000000000000000     
   14188.359754397499       -7.0099682239254030E-002   0.0000000000000000     
   14196.628029312649       -7.2203243416344279E-002   0.0000000000000000     
   14204.896304227799       -7.4068897033975262E-002   0.0000000000000000     
   14213.164579142949       -7.5759105013803271E-002   0.0000000000000000     
   14221.432854058099       -7.7324369133686108E-002   0.0000000000000000     
   14229.701128973249       -7.8797647240284804E-002   0.0000000000000000     
   14237.969403888399       -8.0191738525671977E-002   0.0000000000000000     
   14246.237678803549       -8.1499578755454369E-002   0.0000000000000000     
   14254.505953718699       -8.2697005119375860E-002   0.0000000000000000     
   14262.774228633849       -8.3747257287300786E-002   0.0000000000000000     
   14271.042503548999       -8.4606243372760986E-002   0.0000000000000000     
   14279.310778464149       -8.5227755118243556E-002   0.0000000000000000     
   14287.579053379299       -8.5567995629799345E-002   0.0000000000000000     
   14295.847328294449       -8.5589005471954013E-002   0.0000000000000000     
   14304.115603209599       -8.5260819509815802E-002   0.0000000000000000     
   14312.383878124749       -8.4562398177298451E-002   0.0000000000000000     
   14320.652153039899       -8.3481554069605959E-002   0.0000000000000000     
   14328.920427955049       -8.2014196609785983E-002   0.0000000000000000     
   14337.188702870199       -8.0163183674704486E-002   0.0000000000000000     
   14345.456977785348       -7.7937020642357996E-002   0.0000000000000000     
   14353.725252700498       -7.5348580613939453E-002   0.0000000000000000     
   14361.993527615648       -7.2413961298925494E-002   0.0000000000000000     
   14370.261802530798       -6.9151546736585509E-002   0.0000000000000000     
   14378.530077445948       -6.5581307673732450E-002   0.0000000000000000     
   14386.798352361098       -6.1724337025321471E-002   0.0000000000000000     
   14395.066627276248       -5.7602606145421391E-002   0.0000000000000000     
   14403.334902191398       -5.3238906921686827E-002   0.0000000000000000     
   14411.603177106548       -4.8656981793092850E-002   0.0000000000000000     
   14419.871452021698       -4.3881683022497051E-002   0.0000000000000000     
   14428.139726936848       -3.8939329366102150E-002   0.0000000000000000     
   14436.408001851998       -3.3858139802717402E-002   0.0000000000000000     
   14444.676276767148       -2.8668555333514870E-002   0.0000000000000000     
   14452.944551682298       -2.3403645551415563E-002   0.0000000000000000     
   14461.212826597448       -1.8099408447914370E-002   0.0000000000000000     
   14469.481101512598       -1.2794919373596893E-002   0.0000000000000000     
   14477.749376427748       -7.5322648395452479E-003   0.0000000000000000     
   14486.017651342898       -2.3561777058895184E-003   0.0000000000000000     
   14494.285926258048        2.6867192192401726E-003   0.0000000000000000     
   14502.554201173198        7.5491845350736352E-003   0.0000000000000000     
   14510.822476088348        1.2185168749038492E-002   0.0000000000000000     
   14519.090751003498        1.6552171227646417E-002   0.0000000000000000     
   14527.359025918648        2.0614038873090441E-002   0.0000000000000000     
   14535.627300833798        2.4344015248357498E-002   0.0000000000000000     
   14543.895575748948        2.7727715343351795E-002   0.0000000000000000     
   14552.163850664097        3.0765605990100160E-002   0.0000000000000000     
   14560.432125579247        3.3474488999903539E-002   0.0000000000000000     
   14568.700400494397        3.5887502526058095E-002   0.0000000000000000     
   14576.968675409547        3.8052278064924512E-002   0.0000000000000000     
   14585.236950324697        4.0027144935820103E-002   0.0000000000000000     
   14593.505225239847        4.1875570226578313E-002   0.0000000000000000     
   14601.773500154997        4.3659553466643394E-002   0.0000000000000000     
   14610.041775070147        4.5433024530264515E-002   0.0000000000000000     
   14618.310049985297        4.7236308746064104E-002   0.0000000000000000     
   14626.578324900447        4.9092700806442451E-002   0.0000000000000000     
   14634.846599815597        5.1007641752569090E-002   0.0000000000000000     
   14643.114874730747        5.2970297674685848E-002   0.0000000000000000     
   14651.383149645897        5.4956867666176849E-002   0.0000000000000000     
   14659.651424561047        5.6934723072200641E-002   0.0000000000000000     
   14667.919699476197        5.8866547549178729E-002   0.0000000000000000     
   14676.187974391347        6.0713904508192230E-002   0.0000000000000000     
   14684.456249306497        6.2439933270481758E-002   0.0000000000000000     
   14692.724524221647        6.4011118323560004E-002   0.0000000000000000     
   14700.992799136797        6.5398229789465995E-002   0.0000000000000000     
   14709.261074051947        6.6576627795685656E-002   0.0000000000000000     
   14717.529348967097        6.7526142728505545E-002   0.0000000000000000     
   14725.797623882247        6.8230714952802432E-002   0.0000000000000000     
   14734.065898797397        6.8677913356696971E-002   0.0000000000000000     
   14742.334173712547        6.8858431993710084E-002   0.0000000000000000     
   14750.602448627697        6.8765622286234659E-002   0.0000000000000000     
   14758.870723542846        6.8395117161285324E-002   0.0000000000000000     
   14767.138998457996        6.7744584478989345E-002   0.0000000000000000     
   14775.407273373146        6.6813486011160050E-002   0.0000000000000000     
   14783.675548288296        6.5603119588423048E-002   0.0000000000000000     
   14791.943823203446        6.4116764690897582E-002   0.0000000000000000     
   14800.212098118596        6.2359820655077267E-002   0.0000000000000000     
   14808.480373033746        6.0340190949481308E-002   0.0000000000000000     
   14816.748647948896        5.8068727798299080E-002   0.0000000000000000     
   14825.016922864046        5.5559758939959736E-002   0.0000000000000000     
   14833.285197779196        5.2831630221116206E-002   0.0000000000000000     
   14841.553472694346        4.9907185347380340E-002   0.0000000000000000     
   14849.821747609496        4.6814082182582539E-002   0.0000000000000000     
   14858.090022524646        4.3584810567885567E-002   0.0000000000000000     
   14866.358297439796        4.0256275851325095E-002   0.0000000000000000     
   14874.626572354946        3.6868790361002567E-002   0.0000000000000000     
   14882.894847270096        3.3464327230226833E-002   0.0000000000000000     
   14891.163122185246        3.0083974122355642E-002   0.0000000000000000     
   14899.431397100396        2.6764689511891215E-002   0.0000000000000000     
   14907.699672015546        2.3535661112930407E-002   0.0000000000000000     
   14915.967946930696        2.0414791305434686E-002   0.0000000000000000     
   14924.236221845846        1.7405922261218863E-002   0.0000000000000000     
   14932.504496760996        1.4497385761718906E-002   0.0000000000000000     
   14940.772771676146        1.1662276099447231E-002   0.0000000000000000     
   14949.041046591296        8.8605723774171901E-003   0.0000000000000000     
   14957.309321506445        6.0429516083673309E-003   0.0000000000000000     
   14965.577596421595        3.1559216465753977E-003   0.0000000000000000     
   14973.845871336745        1.4768974518091163E-004   0.0000000000000000     
   14982.114146251895       -3.0258518384162097E-003   0.0000000000000000     
   14990.382421167045       -6.3958179682484188E-003   0.0000000000000000     
   14998.650696082195       -9.9765180393137001E-003   0.0000000000000000     
   15006.918970997345       -1.3763723438855957E-002   0.0000000000000000     
   15015.187245912495       -1.7735340818330034E-002   0.0000000000000000     
   15023.455520827645       -2.1854163337461974E-002   0.0000000000000000     
   15031.723795742795       -2.6072031546460941E-002   0.0000000000000000     
   15039.992070657945       -3.0334573389654153E-002   0.0000000000000000     
   15048.260345573095       -3.4585664794728438E-002   0.0000000000000000     
   15056.528620488245       -3.8771069247668002E-002   0.0000000000000000     
   15064.796895403395       -4.2841026720624231E-002   0.0000000000000000     
   15073.065170318545       -4.6751793267878754E-002   0.0000000000000000     
   15081.333445233695       -5.0466274337809737E-002   0.0000000000000000     
   15089.601720148845       -5.3953966840961091E-002   0.0000000000000000     
   15097.869995063995       -5.7190431004382002E-002   0.0000000000000000     
   15106.138269979145       -6.0156509433667869E-002   0.0000000000000000     
   15114.406544894295       -6.2837456867507663E-002   0.0000000000000000     
   15122.674819809445       -6.5222078601908193E-002   0.0000000000000000     
   15130.943094724595       -6.7301958192462027E-002   0.0000000000000000     
   15139.211369639745       -6.9070804801463742E-002   0.0000000000000000     
   15147.479644554895       -7.0523955753613088E-002   0.0000000000000000     
   15155.747919470045       -7.1658035245987239E-002   0.0000000000000000     
   15164.016194385194       -7.2470699044342390E-002   0.0000000000000000     
   15172.284469300344       -7.2960648696534861E-002   0.0000000000000000     
   15180.552744215494       -7.3127810226936693E-002   0.0000000000000000     
   15188.821019130644       -7.2973557105887141E-002   0.0000000000000000     
   15197.089294045794       -7.2501161197873157E-002   0.0000000000000000     
   15205.357568960944       -7.1716406666673282E-002   0.0000000000000000     
   15213.625843876094       -7.0628348143892961E-002   0.0000000000000000     
   15221.894118791244       -6.9250192892759230E-002   0.0000000000000000     
   15230.162393706394       -6.7600247898624316E-002   0.0000000000000000     
   15238.430668621544       -6.5702837927301069E-002   0.0000000000000000     
   15246.698943536694       -6.3589044351130386E-002   0.0000000000000000     
   15254.967218451844       -6.1297091533597289E-002   0.0000000000000000     
   15263.235493366994       -5.8872131090325845E-002   0.0000000000000000     
   15271.503768282144       -5.6365158137790056E-002   0.0000000000000000     
   15279.772043197294       -5.3830824299647036E-002   0.0000000000000000     
   15288.040318112444       -5.1324011727514406E-002   0.0000000000000000     
   15296.308593027594       -4.8895240007700437E-002   0.0000000000000000     
   15304.576867942744       -4.6585261579828528E-002   0.0000000000000000     
   15312.845142857894       -4.4419505498788314E-002   0.0000000000000000     
   15321.113417773044       -4.2403253773173853E-002   0.0000000000000000     
   15329.381692688194       -4.0518541405511740E-002   0.0000000000000000     
   15337.649967603344       -3.8723690259732609E-002   0.0000000000000000     
   15345.918242518494       -3.6956012587142810E-002   0.0000000000000000     
   15354.186517433644       -3.5137737270693734E-002   0.0000000000000000     
   15362.454792348793       -3.3184372093377185E-002   0.0000000000000000     
   15370.723067263943       -3.1014110734691527E-002   0.0000000000000000     
   15378.991342179093       -2.8556628627794477E-002   0.0000000000000000     
   15387.259617094243       -2.5759722208645579E-002   0.0000000000000000     
   15395.527892009393       -2.2592890897493011E-002   0.0000000000000000     
   15403.796166924543       -1.9047769453093801E-002   0.0000000000000000     
   15412.064441839693       -1.5135975402265087E-002   0.0000000000000000     
   15420.332716754843       -1.0885319546325031E-002   0.0000000000000000     
   15428.600991669993       -6.3353436127074596E-003   0.0000000000000000     
   15436.869266585143       -1.5329665829976213E-003   0.0000000000000000     
   15445.137541500293        3.4712617798389814E-003   0.0000000000000000     
   15453.405816415443        8.6260767131950949E-003   0.0000000000000000     
   15461.674091330593        1.3881575023167175E-002   0.0000000000000000     
   15469.942366245743        1.9190539498292761E-002   0.0000000000000000     
   15478.210641160893        2.4509161304102429E-002   0.0000000000000000     
   15486.478916076043        2.9797306608322725E-002   0.0000000000000000     
   15494.747190991193        3.5018470024855593E-002   0.0000000000000000     
   15503.015465906343        4.0139505351854954E-002   0.0000000000000000     
   15511.283740821493        4.5130260889647819E-002   0.0000000000000000     
   15519.552015736643        4.9963145352062983E-002   0.0000000000000000     
   15527.820290651793        5.4612751598788145E-002   0.0000000000000000     
   15536.088565566943        5.9055513051783096E-002   0.0000000000000000     
   15544.356840482093        6.3269426714293503E-002   0.0000000000000000     
   15552.625115397243        6.7233909418258866E-002   0.0000000000000000     
   15560.893390312393        7.0929733277109816E-002   0.0000000000000000     
   15569.161665227542        7.4339108489767311E-002   0.0000000000000000     
   15577.429940142692        7.7445866442038880E-002   0.0000000000000000     
   15585.698215057842        8.0235753458791942E-002   0.0000000000000000     
   15593.966489972992        8.2696808349762674E-002   0.0000000000000000     
   15602.234764888142        8.4819785287492289E-002   0.0000000000000000     
   15610.503039803292        8.6598570105376527E-002   0.0000000000000000     
   15618.771314718442        8.8030510181417596E-002   0.0000000000000000     
   15627.039589633592        8.9116582335990721E-002   0.0000000000000000     
   15635.307864548742        8.9861353870401534E-002   0.0000000000000000     
   15643.576139463892        9.0272701999598665E-002   0.0000000000000000     
   15651.844414379042        9.0361299282038482E-002   0.0000000000000000     
   15660.112689294192        9.0139862341262700E-002   0.0000000000000000     
   15668.380964209342        8.9622118015523847E-002   0.0000000000000000     
   15676.649239124492        8.8821389204976967E-002   0.0000000000000000     
   15684.917514039642        8.7748718850980775E-002   0.0000000000000000     
   15693.185788954792        8.6410549414368917E-002   0.0000000000000000     
   15701.454063869942        8.4806196765366382E-002   0.0000000000000000     
   15709.722338785092        8.2925645784254015E-002   0.0000000000000000     
   15717.990613700242        8.0748694669802654E-002   0.0000000000000000     
   15726.258888615392        7.8246073975453162E-002   0.0000000000000000     
   15734.527163530542        7.5383164760554802E-002   0.0000000000000000     
   15742.795438445692        7.2125744216636672E-002   0.0000000000000000     
   15751.063713360842        6.8446222904662846E-002   0.0000000000000000     
   15759.331988275992        6.4329138339007802E-002   0.0000000000000000     
   15767.600263191141        5.9774492265869790E-002   0.0000000000000000     
   15775.868538106291        5.4798455175611660E-002   0.0000000000000000     
   15784.136813021441        4.9431724472333592E-002   0.0000000000000000     
   15792.405087936591        4.3716330670034935E-002   0.0000000000000000     
   15800.673362851741        3.7701805381155334E-002   0.0000000000000000     
   15808.941637766891        3.1441472278107958E-002   0.0000000000000000     
   15817.209912682041        2.4989324162020991E-002   0.0000000000000000     
   15825.478187597191        1.8397691428714693E-002   0.0000000000000000     
   15833.746462512341        1.1715719474602751E-002   0.0000000000000000     
   15842.014737427491        4.9885800806810689E-003   0.0000000000000000     
   15850.283012342641       -1.7427345865744983E-003   0.0000000000000000     
   15858.551287257791       -8.4412091303156730E-003   0.0000000000000000     
   15866.819562172941       -1.5073345757818796E-002   0.0000000000000000     
   15875.087837088091       -2.1608560252989864E-002   0.0000000000000000     
   15883.356112003241       -2.8018528612312941E-002   0.0000000000000000     
   15891.624386918391       -3.4276546076723632E-002   0.0000000000000000     
   15899.892661833541       -4.0356930713431070E-002   0.0000000000000000     
   15908.160936748691       -4.6234482240249446E-002   0.0000000000000000     
   15916.429211663841       -5.1884115393764974E-002   0.0000000000000000     
   15924.697486578991       -5.7280622066596502E-002   0.0000000000000000     
   15932.965761494141       -6.2398551900470216E-002   0.0000000000000000     
   15941.234036409291       -6.7212334721560643E-002   0.0000000000000000     
   15949.502311324441       -7.1696635667505906E-002   0.0000000000000000     
   15957.770586239591       -7.5826974105520251E-002   0.0000000000000000     
   15966.038861154741       -7.9580618982148563E-002   0.0000000000000000     
   15974.307136069890       -8.2937761347416469E-002   0.0000000000000000     
   15982.575410985040       -8.5882924732159666E-002   0.0000000000000000     
   15990.843685900190       -8.8406524579757284E-002   0.0000000000000000     
   15999.111960815340       -9.0506432522592370E-002   0.0000000000000000     
   16007.380235730490       -9.2189328848669705E-002   0.0000000000000000     
   16015.648510645640       -9.3471570224370096E-002   0.0000000000000000     
   16023.916785560790       -9.4379307022395290E-002   0.0000000000000000     
   16032.185060475940       -9.4947612041408225E-002   0.0000000000000000     
   16040.453335391090       -9.5218508229347354E-002   0.0000000000000000     
   16048.721610306240       -9.5237936585368610E-002   0.0000000000000000     
   16056.989885221390       -9.5051843492726107E-002   0.0000000000000000     
   16065.258160136540       -9.4701676242953489E-002   0.0000000000000000     
   16073.526435051690       -9.4219662243696697E-002   0.0000000000000000     
   16081.794709966840       -9.3624345785402893E-002   0.0000000000000000     
   16090.062984881990       -9.2916979526579069E-002   0.0000000000000000     
   16098.331259797140       -9.2079599561301698E-002   0.0000000000000000     
   16106.599534712290       -9.1075551201943564E-002   0.0000000000000000     
   16114.867809627440       -8.9852809731827007E-002   0.0000000000000000     
   16123.136084542590       -8.8349938755512072E-002   0.0000000000000000     
   16131.404359457740       -8.6503686128962892E-002   0.0000000000000000     
   16139.672634372890       -8.4256674615079935E-002   0.0000000000000000     
   16147.940909288040       -8.1563688373989224E-002   0.0000000000000000     
   16156.209184203190       -7.8395571448850773E-002   0.0000000000000000     
   16164.477459118340       -7.4740534187454050E-002   0.0000000000000000     
   16172.745734033489       -7.0603222851391548E-002   0.0000000000000000     
   16181.014008948639       -6.6002278887902957E-002   0.0000000000000000     
   16189.282283863789       -6.0967182169159757E-002   0.0000000000000000     
   16197.550558778939       -5.5535005006139240E-002   0.0000000000000000     
   16205.818833694089       -4.9747506420033484E-002   0.0000000000000000     
   16214.087108609239       -4.3648759270833754E-002   0.0000000000000000     
   16222.355383524389       -3.7283373324360242E-002   0.0000000000000000     
   16230.623658439539       -3.0695274485454560E-002   0.0000000000000000     
   16238.891933354689       -2.3926972824168016E-002   0.0000000000000000     
   16247.160208269839       -1.7019236583305369E-002   0.0000000000000000     
   16255.428483184989       -1.0011057573111966E-002   0.0000000000000000     
   16263.696758100139       -2.9398173264377644E-003   0.0000000000000000     
   16271.965033015289        4.1584202421571688E-003   0.0000000000000000     
   16280.233307930439        1.1248544722315009E-002   0.0000000000000000     
   16288.501582845589        1.8295981181288955E-002   0.0000000000000000     
   16296.769857760739        2.5266357856926314E-002   0.0000000000000000     
   16305.038132675889        3.2125203040794789E-002   0.0000000000000000     
   16313.306407591039        3.8837688026514189E-002   0.0000000000000000     
   16321.574682506189        4.5368499479851020E-002   0.0000000000000000     
   16329.842957421339        5.1681824100393438E-002   0.0000000000000000     
   16338.111232336489        5.7741472612719461E-002   0.0000000000000000     
   16346.379507251639        6.3511164311640722E-002   0.0000000000000000     
   16354.647782166789        6.8954992088043815E-002   0.0000000000000000     
   16362.916057081939        7.4038100288730369E-002   0.0000000000000000     
   16371.184331997089        7.8727599757687519E-002   0.0000000000000000     
   16379.452606912238        8.2993753187035002E-002   0.0000000000000000     
   16387.720881827390        8.6811460049907460E-002   0.0000000000000000     
   16395.989156742540        9.0162044532614297E-002   0.0000000000000000     
   16404.257431657690        9.3035269322010714E-002   0.0000000000000000     
   16412.525706572840        9.5431333209367294E-002   0.0000000000000000     
   16420.793981487990        9.7362372250265602E-002   0.0000000000000000     
   16429.062256403140        9.8852777882608489E-002   0.0000000000000000     
   16437.330531318290        9.9937595699520584E-002   0.0000000000000000     
   16445.598806233440       0.10065855145680828        0.0000000000000000     
   16453.867081148590       0.10105789735573330        0.0000000000000000     
   16462.135356063740       0.10117112598685066        0.0000000000000000     
   16470.403630978890       0.10102049088941265        0.0000000000000000     
   16478.671905894040       0.10061122617210355        0.0000000000000000     
   16486.940180809190        9.9931635424667514E-002   0.0000000000000000     
   16495.208455724340        9.8957009512298813E-002   0.0000000000000000     
   16503.476730639490        9.7655958035830284E-002   0.0000000000000000     
   16511.745005554640        9.5997260208453269E-002   0.0000000000000000     
   16520.013280469790        9.3955584030553443E-002   0.0000000000000000     
   16528.281555384940        9.1515091363059339E-002   0.0000000000000000     
   16536.549830300090        8.8670759569484600E-002   0.0000000000000000     
   16544.818105215239        8.5427895580545934E-002   0.0000000000000000     
   16553.086380130389        8.1800519591785512E-002   0.0000000000000000     
   16561.354655045539        7.7809261471902327E-002   0.0000000000000000     
   16569.622929960689        7.3479237526992550E-002   0.0000000000000000     
   16577.891204875839        6.8838192494760406E-002   0.0000000000000000     
   16586.159479790989        6.3915054140960853E-002   0.0000000000000000     
   16594.427754706139        5.8738942852583811E-002   0.0000000000000000     
   16602.696029621289        5.3338570825117143E-002   0.0000000000000000     
   16610.964304536439        4.7741962289557412E-002   0.0000000000000000     
   16619.232579451589        4.1976403401816416E-002   0.0000000000000000     
   16627.500854366739        3.6068562357491174E-002   0.0000000000000000     
   16635.769129281889        3.0044699529983177E-002   0.0000000000000000     
   16644.037404197039        2.3930973234796198E-002   0.0000000000000000     
   16652.305679112189        1.7753749015040697E-002   0.0000000000000000     
   16660.573954027339        1.1539871946473249E-002   0.0000000000000000     
   16668.842228942489        5.3169173619522928E-003   0.0000000000000000     
   16677.110503857639       -8.8665013884437328E-004   0.0000000000000000     
   16685.378778772789       -7.0414325990645751E-003   0.0000000000000000     
   16693.647053687939       -1.3117204256488537E-002   0.0000000000000000     
   16701.915328603089       -1.9083189080945147E-002   0.0000000000000000     
   16710.183603518239       -2.4908525690958912E-002   0.0000000000000000     
   16718.451878433389       -3.0562908446071728E-002   0.0000000000000000     
   16726.720153348539       -3.6017378825666434E-002   0.0000000000000000     
   16734.988428263689       -4.1245203949698293E-002   0.0000000000000000     
   16743.256703178839       -4.6222755615033598E-002   0.0000000000000000     
   16751.524978093988       -5.0930288059654397E-002   0.0000000000000000     
   16759.793253009138       -5.5352513508462708E-002   0.0000000000000000     
   16768.061527924288       -5.9478947407188794E-002   0.0000000000000000     
   16776.329802839438       -6.3304033567444518E-002   0.0000000000000000     
   16784.598077754588       -6.6827148460859506E-002   0.0000000000000000     
   16792.866352669738       -7.0052652160631765E-002   0.0000000000000000     
   16801.134627584888       -7.2990096036698052E-002   0.0000000000000000     
   16809.402902500038       -7.5654515767546546E-002   0.0000000000000000     
   16817.671177415188       -7.8066388349045973E-002   0.0000000000000000     
   16825.939452330338       -8.0250592055146550E-002   0.0000000000000000     
   16834.207727245488       -8.2233640449901099E-002   0.0000000000000000     
   16842.476002160638       -8.4039287217921393E-002   0.0000000000000000     
   16850.744277075788       -8.5682988035513080E-002   0.0000000000000000     
   16859.012551990938       -8.7166815691368277E-002   0.0000000000000000     
   16867.280826906088       -8.8476682410559157E-002   0.0000000000000000     
   16875.549101821238       -8.9582749629216266E-002   0.0000000000000000     
   16883.817376736388       -9.0443207207945395E-002   0.0000000000000000     
   16892.085651651538       -9.1010195380486755E-002   0.0000000000000000     
   16900.353926566688       -9.1236238086445293E-002   0.0000000000000000     
   16908.622201481838       -9.1079724892435793E-002   0.0000000000000000     
   16916.890476396988       -9.0508578268530440E-002   0.0000000000000000     
   16925.158751312138       -8.9501910341211285E-002   0.0000000000000000     
   16933.427026227288       -8.8050000251994984E-002   0.0000000000000000     
   16941.695301142438       -8.6153160281632155E-002   0.0000000000000000     
   16949.963576057587       -8.3820027769797634E-002   0.0000000000000000     
   16958.231850972737       -8.1065682434885350E-002   0.0000000000000000     
   16966.500125887887       -7.7909856635121996E-002   0.0000000000000000     
   16974.768400803037       -7.4375408478947039E-002   0.0000000000000000     
   16983.036675718187       -7.0487133180645450E-002   0.0000000000000000     
   16991.304950633337       -6.6270923273587509E-002   0.0000000000000000     
   16999.573225548487       -6.1753262046270761E-002   0.0000000000000000     
   17007.841500463637       -5.6960989314755836E-002   0.0000000000000000     
   17016.109775378787       -5.1921246751392210E-002   0.0000000000000000     
   17024.378050293937       -4.6661660318824266E-002   0.0000000000000000     
   17032.646325209087       -4.1210553449216564E-002   0.0000000000000000     
   17040.914600124237       -3.5597303980837929E-002   0.0000000000000000     
   17049.182875039387       -2.9852794637459726E-002   0.0000000000000000     
   17057.451149954537       -2.4009757647291276E-002   0.0000000000000000     
   17065.719424869687       -1.8103175859320888E-002   0.0000000000000000     
   17073.987699784837       -1.2170621678865838E-002   0.0000000000000000     
   17082.255974699987       -6.2525053250240652E-003   0.0000000000000000     
   17090.524249615137       -3.9218104081405105E-004   0.0000000000000000     
   17098.792524530287        5.3641330233994188E-003   0.0000000000000000     
   17107.060799445437        1.0967684176301486E-002   0.0000000000000000     
   17115.329074360587        1.6367822949673937E-002   0.0000000000000000     
   17123.597349275737        2.1513077821544165E-002   0.0000000000000000     
   17131.865624190887        2.6352744314819567E-002   0.0000000000000000     
   17140.133899106037        3.0839086154794370E-002   0.0000000000000000     
   17148.402174021187        3.4930261357489924E-002   0.0000000000000000     
   17156.670448936336        3.8593981947572784E-002   0.0000000000000000     
   17164.938723851486        4.1811748830579018E-002   0.0000000000000000     
   17173.206998766636        4.4583193778650214E-002   0.0000000000000000     
   17181.475273681786        4.6929652943556228E-002   0.0000000000000000     
   17189.743548596936        4.8895733740926678E-002   0.0000000000000000     
   17198.011823512086        5.0547640675276270E-002   0.0000000000000000     
   17206.280098427236        5.1967494376340906E-002   0.0000000000000000     
   17214.548373342386        5.3243971001548672E-002   0.0000000000000000     
   17222.816648257536        5.4460788592580328E-002   0.0000000000000000     
   17231.084923172686        5.5685854876140209E-002   0.0000000000000000     
   17239.353198087836        5.6963676609389599E-002   0.0000000000000000     
   17247.621473002986        5.8312561668679798E-002   0.0000000000000000     
   17255.889747918136        5.9726651574391380E-002   0.0000000000000000     
   17264.158022833286        6.1181315148646727E-002   0.0000000000000000     
   17272.426297748436        6.2639975593658248E-002   0.0000000000000000     
   17280.694572663586        6.4060579166844850E-002   0.0000000000000000     
   17288.962847578736        6.5400756370113805E-002   0.0000000000000000     
   17297.231122493886        6.6621344282807124E-002   0.0000000000000000     
   17305.499397409036        6.7688357409961014E-002   0.0000000000000000     
   17313.767672324186        6.8573736690789547E-002   0.0000000000000000     
   17322.035947239336        6.9255297576607866E-002   0.0000000000000000     
   17330.304222154486        6.9716235432776025E-002   0.0000000000000000     
   17338.572497069636        6.9944446021612733E-002   0.0000000000000000     
   17346.840771984786        6.9931810812605799E-002   0.0000000000000000     
   17355.109046899935        6.9673530497098332E-002   0.0000000000000000     
   17363.377321815085        6.9167552267362611E-002   0.0000000000000000     
   17371.645596730235        6.8414072386964384E-002   0.0000000000000000     
   17379.913871645385        6.7415099900567446E-002   0.0000000000000000     
   17388.182146560535        6.6174188186745322E-002   0.0000000000000000     
   17396.450421475685        6.4696185637429682E-002   0.0000000000000000     
   17404.718696390835        6.2986929728074639E-002   0.0000000000000000     
   17412.986971305985        6.1053122087975573E-002   0.0000000000000000     
   17421.255246221135        5.8902180217844657E-002   0.0000000000000000     
   17429.523521136285        5.6542022627714607E-002   0.0000000000000000     
   17437.791796051435        5.3980919168720561E-002   0.0000000000000000     
   17446.060070966585        5.1227335066595360E-002   0.0000000000000000     
   17454.328345881735        4.8289799309118552E-002   0.0000000000000000     
   17462.596620796885        4.5176836604991680E-002   0.0000000000000000     
   17470.864895712035        4.1897016347566131E-002   0.0000000000000000     
   17479.133170627185        3.8459172815438446E-002   0.0000000000000000     
   17487.401445542335        3.4872867239947654E-002   0.0000000000000000     
   17495.669720457485        3.1149107606730807E-002   0.0000000000000000     
   17503.937995372635        2.7301308439472316E-002   0.0000000000000000     
   17512.206270287785        2.3346389661961616E-002   0.0000000000000000     
   17520.474545202935        1.9305741439418881E-002   0.0000000000000000     
   17528.742820118085        1.5205677681781457E-002   0.0000000000000000     
   17537.011095033235        1.1076919904468711E-002   0.0000000000000000     
   17545.279369948385        6.9526461902209308E-003   0.0000000000000000     
   17553.547644863535        2.8648441916771608E-003   0.0000000000000000     
   17561.815919778684       -1.1608082864371350E-003   0.0000000000000000     
   17570.084194693834       -5.1105466946808906E-003   0.0000000000000000     
   17578.352469608984       -8.9868657328390274E-003   0.0000000000000000     
   17586.620744524134       -1.2809616916119150E-002   0.0000000000000000     
   17594.889019439284       -1.6612568656950315E-002   0.0000000000000000     
   17603.157294354434       -2.0435574106528232E-002   0.0000000000000000     
   17611.425569269584       -2.4314234149858498E-002   0.0000000000000000     
   17619.693844184734       -2.8270175857304489E-002   0.0000000000000000     
   17627.962119099884       -3.2304745541020023E-002   0.0000000000000000     
   17636.230394015034       -3.6397534547377562E-002   0.0000000000000000     
   17644.498668930184       -4.0509443707724122E-002   0.0000000000000000     
   17652.766943845334       -4.4588607277121127E-002   0.0000000000000000     
   17661.035218760484       -4.8577153636221858E-002   0.0000000000000000     
   17669.303493675634       -5.2417201741473463E-002   0.0000000000000000     
   17677.571768590784       -5.6055287249052219E-002   0.0000000000000000     
   17685.840043505934       -5.9445052641639080E-002   0.0000000000000000     
   17694.108318421084       -6.2548404166244853E-002   0.0000000000000000     
   17702.376593336234       -6.5335538560890097E-002   0.0000000000000000     
   17710.644868251384       -6.7784275122279886E-002   0.0000000000000000     
   17718.913143166534       -6.9879043888589953E-002   0.0000000000000000     
   17727.181418081684       -7.1609757527775250E-002   0.0000000000000000     
   17735.449692996834       -7.2970727590538964E-002   0.0000000000000000     
   17743.717967911984       -7.3959742383013144E-002   0.0000000000000000     
   17751.986242827134       -7.4577356935055364E-002   0.0000000000000000     
   17760.254517742283       -7.4826406169388390E-002   0.0000000000000000     
   17768.522792657433       -7.4711736123464920E-002   0.0000000000000000     
   17776.791067572583       -7.4240125727345313E-002   0.0000000000000000     
   17785.059342487733       -7.3420260573798662E-002   0.0000000000000000     
   17793.327617402883       -7.2262987675719523E-002   0.0000000000000000     
   17801.595892318033       -7.0781648094876484E-002   0.0000000000000000     
   17809.864167233183       -6.8992406750958135E-002   0.0000000000000000     
   17818.132442148333       -6.6914636150861406E-002   0.0000000000000000     
   17826.400717063483       -6.4571252902509257E-002   0.0000000000000000     
   17834.668991978633       -6.1989088329466674E-002   0.0000000000000000     
   17842.937266893783       -5.9199121215415582E-002   0.0000000000000000     
   17851.205541808933       -5.6236585631663630E-002   0.0000000000000000     
   17859.473816724083       -5.3140913271889550E-002   0.0000000000000000     
   17867.742091639233       -4.9955457197858127E-002   0.0000000000000000     
   17876.010366554383       -4.6726994709759370E-002   0.0000000000000000     
   17884.278641469533       -4.3504954791534461E-002   0.0000000000000000     
   17892.546916384683       -4.0340329735939991E-002   0.0000000000000000     
   17900.815191299833       -3.7284150321064850E-002   0.0000000000000000     
   17909.083466214983       -3.4385344525849848E-002   0.0000000000000000     
   17917.351741130133       -3.1687748436113543E-002   0.0000000000000000     
   17925.620016045283       -2.9226114171675831E-002   0.0000000000000000     
   17933.888290960433       -2.7021153327518907E-002   0.0000000000000000     
   17942.156565875583       -2.5074033724054163E-002   0.0000000000000000     
   17950.424840790733       -2.3361375973987797E-002   0.0000000000000000     
   17958.693115705883       -2.1832355473191584E-002   0.0000000000000000     
   17966.961390621032       -2.0409668437327642E-002   0.0000000000000000     
   17975.229665536182       -1.8995517015995118E-002   0.0000000000000000     
   17983.497940451332       -1.7482312675601033E-002   0.0000000000000000     
   17991.766215366482       -1.5766006840849327E-002   0.0000000000000000     
   18000.034490281632       -1.3758827005684442E-002   0.0000000000000000     
   18008.302765196782       -1.1398437325474959E-002   0.0000000000000000     
   18016.571040111932       -8.6519485921822629E-003   0.0000000000000000     
   18024.839315027082       -5.5149143107952213E-003   0.0000000000000000     
   18033.107589942232       -2.0067422809129758E-003   0.0000000000000000     
   18041.375864857382        1.8356292010520373E-003   0.0000000000000000     
   18049.644139772532        5.9641868877491561E-003   0.0000000000000000     
   18057.912414687682        1.0325387682748641E-002   0.0000000000000000     
   18066.180689602832        1.4864376159968674E-002   0.0000000000000000     
   18074.448964517982        1.9527875537161326E-002   0.0000000000000000     
   18082.717239433132        2.4265955949919843E-002   0.0000000000000000     
   18090.985514348282        2.9032942803940906E-002   0.0000000000000000     
   18099.253789263432        3.3787716229291775E-002   0.0000000000000000     
   18107.522064178582        3.8493605354196880E-002   0.0000000000000000     
   18115.790339093732        4.3118010347401876E-002   0.0000000000000000     
   18124.058614008882        4.7631886919523705E-002   0.0000000000000000     
   18132.326888924032        5.2009150332673726E-002   0.0000000000000000     
   18140.595163839182        5.6226096857701892E-002   0.0000000000000000     
   18148.863438754332        6.0260797040408917E-002   0.0000000000000000     
   18157.131713669482        6.4092493437336223E-002   0.0000000000000000     
   18165.399988584632        6.7701098267817450E-002   0.0000000000000000     
   18173.668263499781        7.1066689756855220E-002   0.0000000000000000     
   18181.936538414931        7.4169090143895708E-002   0.0000000000000000     
   18190.204813330081        7.6987545815563899E-002   0.0000000000000000     
   18198.473088245231        7.9500518269943213E-002   0.0000000000000000     
   18206.741363160381        8.1685643487735188E-002   0.0000000000000000     
   18215.009638075531        8.3519911148002876E-002   0.0000000000000000     
   18223.277912990681        8.4980136364577533E-002   0.0000000000000000     
   18231.546187905831        8.6043787978893574E-002   0.0000000000000000     
   18239.814462820981        8.6690235871076007E-002   0.0000000000000000     
   18248.082737736131        8.6902442841364461E-002   0.0000000000000000     
   18256.351012651281        8.6669046015816403E-002   0.0000000000000000     
   18264.619287566431        8.5986671799643657E-002   0.0000000000000000     
   18272.887562481581        8.4862202367206291E-002   0.0000000000000000     
   18281.155837396731        8.3314598976400714E-002   0.0000000000000000     
   18289.424112311881        8.1375682683516498E-002   0.0000000000000000     
   18297.692387227031        7.9089106016759725E-002   0.0000000000000000     
   18305.960662142181        7.6506831904064668E-002   0.0000000000000000     
   18314.228937057331        7.3682911074827717E-002   0.0000000000000000     
   18322.497211972481        7.0665116522788576E-002   0.0000000000000000     
   18330.765486887631        6.7486063336410121E-002   0.0000000000000000     
   18339.033761802781        6.4156382510804758E-002   0.0000000000000000     
   18347.302036717931        6.0662591047931279E-002   0.0000000000000000     
   18355.570311633081        5.6971123543754540E-002   0.0000000000000000     
   18363.838586548231        5.3038010083330825E-002   0.0000000000000000     
   18372.106861463380        4.8821082409521994E-002   0.0000000000000000     
   18380.375136378530        4.4291066848388093E-002   0.0000000000000000     
   18388.643411293680        3.9438849142312625E-002   0.0000000000000000     
   18396.911686208830        3.4277549749831562E-002   0.0000000000000000     
   18405.179961123980        2.8840148824493567E-002   0.0000000000000000     
   18413.448236039130        2.3174399201831966E-002   0.0000000000000000     
   18421.716510954280        1.7336873410797028E-002   0.0000000000000000     
   18429.984785869430        1.1387506265143335E-002   0.0000000000000000     
   18438.253060784580        5.3853045396194650E-003   0.0000000000000000     
   18446.521335699730       -6.1459398081944885E-004   0.0000000000000000     
   18454.789610614880       -6.5626138265200487E-003   0.0000000000000000     
   18463.057885530030       -1.2415436676127803E-002   0.0000000000000000     
   18471.326160445180       -1.8135994940399230E-002   0.0000000000000000     
   18479.594435360330       -2.3693050309784514E-002   0.0000000000000000     
   18487.862710275480       -2.9060571214920613E-002   0.0000000000000000     
   18496.130985190630       -3.4217059191570968E-002   0.0000000000000000     
   18504.399260105780       -3.9144915541714259E-002   0.0000000000000000     
   18512.667535020930       -4.3829896984656370E-002   0.0000000000000000     
   18520.935809936080       -4.8260671371437379E-002   0.0000000000000000     
   18529.204084851230       -5.2428462622086607E-002   0.0000000000000000     
   18537.472359766380       -5.6326803373737848E-002   0.0000000000000000     
   18545.740634681530       -5.9951304252345038E-002   0.0000000000000000     
   18554.008909596680       -6.3299565230501037E-002   0.0000000000000000     
   18562.277184511830       -6.6371018472182741E-002   0.0000000000000000     
   18570.545459426980       -6.9166728834153354E-002   0.0000000000000000     
   18578.813734342129       -7.1689303544083843E-002   0.0000000000000000     
   18587.082009257279       -7.3942687834408174E-002   0.0000000000000000     
   18595.350284172429       -7.5931947456199106E-002   0.0000000000000000     
   18603.618559087579       -7.7663037335919241E-002   0.0000000000000000     
   18611.886834002729       -7.9142577873068540E-002   0.0000000000000000     
   18620.155108917879       -8.0377686562786987E-002   0.0000000000000000     
   18628.423383833029       -8.1375957178860800E-002   0.0000000000000000     
   18636.691658748179       -8.2145668027029606E-002   0.0000000000000000     
   18644.959933663329       -8.2696295641890641E-002   0.0000000000000000     
   18653.228208578479       -8.3039326325592563E-002   0.0000000000000000     
   18661.496483493629       -8.3189260703836268E-002   0.0000000000000000     
   18669.764758408779       -8.3164553104119215E-002   0.0000000000000000     
   18678.033033323929       -8.2988035449056335E-002   0.0000000000000000     
   18686.301308239079       -8.2686199623685744E-002   0.0000000000000000     
   18694.569583154229       -8.2286702136794523E-002   0.0000000000000000     
   18702.837858069379       -8.1813688997819045E-002   0.0000000000000000     
   18711.106132984529       -8.1281200831001529E-002   0.0000000000000000     
   18719.374407899679       -8.0685920690981822E-002   0.0000000000000000     
   18727.642682814829       -8.0001437786037022E-002   0.0000000000000000     
   18735.910957729979       -7.9176799010500357E-002   0.0000000000000000     
   18744.179232645129       -7.8140700014091208E-002   0.0000000000000000     
   18752.447507560279       -7.6810606218526284E-002   0.0000000000000000     
   18760.715782475429       -7.5104653411237912E-002   0.0000000000000000     
   18768.984057390579       -7.2952947992419942E-002   0.0000000000000000     
   18777.252332305728       -7.0305579094182502E-002   0.0000000000000000     
   18785.520607220878       -6.7136219171089431E-002   0.0000000000000000     
   18793.788882136028       -6.3441616526160746E-002   0.0000000000000000     
   18802.057157051178       -5.9238260369045649E-002   0.0000000000000000     
   18810.325431966328       -5.4557703791792658E-002   0.0000000000000000     
   18818.593706881478       -4.9441748482931563E-002   0.0000000000000000     
   18826.861981796628       -4.3938200140509788E-002   0.0000000000000000     
   18835.130256711778       -3.8097494635210921E-002   0.0000000000000000     
   18843.398531626928       -3.1970233461559326E-002   0.0000000000000000     
   18851.666806542078       -2.5605548236673367E-002   0.0000000000000000     
   18859.935081457228       -1.9050160275311499E-002   0.0000000000000000     
   18868.203356372378       -1.2347965373689868E-002   0.0000000000000000     
   18876.471631287528       -5.5399920252225303E-003   0.0000000000000000     
   18884.739906202678        1.3353634239314219E-003   0.0000000000000000     
   18893.008181117828        8.2419409175452096E-003   0.0000000000000000     
   18901.276456032978        1.5145318568860663E-002   0.0000000000000000     
   18909.544730948128        2.2012243520732437E-002   0.0000000000000000     
   18917.813005863278        2.8810057713801310E-002   0.0000000000000000     
   18926.081280778428        3.5506141243595232E-002   0.0000000000000000     
   18934.349555693578        4.2067349899502261E-002   0.0000000000000000     
   18942.617830608728        4.8459510223586438E-002   0.0000000000000000     
   18950.886105523878        5.4647051996118419E-002   0.0000000000000000     
   18959.154380439028        6.0592742113017899E-002   0.0000000000000000     
   18967.422655354178        6.6257574917951992E-002   0.0000000000000000     
   18975.690930269328        7.1600938959440460E-002   0.0000000000000000     
   18983.959205184477        7.6581090189100087E-002   0.0000000000000000     
   18992.227480099627        8.1156052447979868E-002   0.0000000000000000     
   19000.495755014777        8.5285032798829208E-002   0.0000000000000000     
   19008.764029929927        8.8930411714884847E-002   0.0000000000000000     
   19017.032304845077        9.2060332495630004E-002   0.0000000000000000     
   19025.300579760227        9.4651800878118850E-002   0.0000000000000000     
   19033.568854675377        9.6694039002156729E-002   0.0000000000000000     
   19041.837129590527        9.8191598402665975E-002   0.0000000000000000     
   19050.105404505677        9.9166465534611128E-002   0.0000000000000000     
   19058.373679420827        9.9658125270205775E-002   0.0000000000000000     
   19066.641954335977        9.9720556014592676E-002   0.0000000000000000     
   19074.910229251127        9.9415697965676994E-002   0.0000000000000000     
   19083.178504166277        9.8804061645584348E-002   0.0000000000000000     
   19091.446779081427        9.7934495965383200E-002   0.0000000000000000     
   19099.715053996577        9.6835970372612074E-002   0.0000000000000000     
   19107.983328911727        9.5514255445310101E-002   0.0000000000000000     
   19116.251603826877        9.3954458740344818E-002   0.0000000000000000     
   19124.519878742027        9.2128597403771620E-002   0.0000000000000000     
   19132.788153657177        9.0005421160538654E-002   0.0000000000000000     
   19141.056428572327        8.7559119523154011E-002   0.0000000000000000     
   19149.324703487477        8.4775126751171215E-002   0.0000000000000000     
   19157.592978402627        8.1652298933937453E-002   0.0000000000000000     
   19165.861253317777        7.8202074159992474E-002   0.0000000000000000     
   19174.129528232927        7.4445789926992231E-002   0.0000000000000000     
   19182.397803148076        7.0411293581744736E-002   0.0000000000000000     
   19190.666078063226        6.6129656253833727E-002   0.0000000000000000     
   19198.934352978376        6.1632456979166729E-002   0.0000000000000000     
   19207.202627893526        5.6949824501095543E-002   0.0000000000000000     
   19215.470902808676        5.2109218884613950E-002   0.0000000000000000     
   19223.739177723826        4.7134835887427291E-002   0.0000000000000000     
   19232.007452638976        4.2047466207790887E-002   0.0000000000000000     
   19240.275727554126        3.6864653557510410E-002   0.0000000000000000     
   19248.544002469276        3.1601036891149334E-002   0.0000000000000000     
   19256.812277384426        2.6268787314611033E-002   0.0000000000000000     
   19265.080552299576        2.0878078928307758E-002   0.0000000000000000     
   19273.348827214726        1.5437564523994281E-002   0.0000000000000000     
   19281.617102129876        9.9548654611543996E-003   0.0000000000000000     
   19289.885377045026        4.4370375097821154E-003   0.0000000000000000     
   19298.153651960176       -1.1089759142505424E-003   0.0000000000000000     
   19306.421926875326       -6.6758771501879421E-003   0.0000000000000000     
   19314.690201790476       -1.2255559604263711E-002   0.0000000000000000     
   19322.958476705626       -1.7838618807724738E-002   0.0000000000000000     
   19331.226751620776       -2.3413863161566555E-002   0.0000000000000000     
   19339.495026535926       -2.8967823289701704E-002   0.0000000000000000     
   19347.763301451076       -3.4484237422408019E-002   0.0000000000000000     
   19356.031576366226       -3.9943559060669993E-002   0.0000000000000000     
   19364.299851281376       -4.5322522519758275E-002   0.0000000000000000     
   19372.568126196526       -5.0593847285043854E-002   0.0000000000000000     
   19380.836401111676       -5.5726198405394917E-002   0.0000000000000000     
   19389.104676026825       -6.0684565434056620E-002   0.0000000000000000     
   19397.372950941975       -6.5431239658181109E-002   0.0000000000000000     
   19405.641225857125       -6.9927565179566206E-002   0.0000000000000000     
   19413.909500772275       -7.4136567647293941E-002   0.0000000000000000     
   19422.177775687425       -7.8026384956067230E-002   0.0000000000000000     
   19430.446050602575       -8.1574169315780806E-002   0.0000000000000000     
   19438.714325517725       -8.4769760999078861E-002   0.0000000000000000     
   19446.982600432875       -8.7618035878043246E-002   0.0000000000000000     
   19455.250875348025       -9.0138590751492081E-002   0.0000000000000000     
   19463.519150263175       -9.2361706751391451E-002   0.0000000000000000     
   19471.787425178325       -9.4320516403438318E-002   0.0000000000000000     
   19480.055700093475       -9.6040798258101884E-002   0.0000000000000000     
   19488.323975008625       -9.7531429412156478E-002   0.0000000000000000     
   19496.592249923775       -9.8778518453387087E-002   0.0000000000000000     
   19504.860524838925       -9.9745501250565638E-002   0.0000000000000000     
   19513.128799754075      -0.10037900865116305        0.0000000000000000     
   19521.397074669225      -0.10061813931902862        0.0000000000000000     
   19529.665349584375      -0.10040445661677538        0.0000000000000000     
   19537.933624499525       -9.9690065320007112E-002   0.0000000000000000     
   19546.201899414675       -9.8442469525995002E-002   0.0000000000000000     
   19554.470174329825       -9.6646139337899728E-002   0.0000000000000000     
   19562.738449244975       -9.4301571887973473E-002   0.0000000000000000     
   19571.006724160125       -9.1422867227944016E-002   0.0000000000000000     
   19579.274999075275       -8.8034668502114069E-002   0.0000000000000000     
   19587.543273990424       -8.4169062691554497E-002   0.0000000000000000     
   19595.811548905574       -7.9862816312494367E-002   0.0000000000000000     
   19604.079823820724       -7.5155124156513639E-002   0.0000000000000000     
   19612.348098735874       -7.0085914431264718E-002   0.0000000000000000     
   19620.616373651024       -6.4694678764677008E-002   0.0000000000000000     
   19628.884648566174       -5.9019758738243472E-002   0.0000000000000000     
   19637.152923481324       -5.3097995577371049E-002   0.0000000000000000     
   19645.421198396474       -4.6964658061433684E-002   0.0000000000000000     
   19653.689473311624       -4.0653599648336869E-002   0.0000000000000000     
   19661.957748226774       -3.4197555788550806E-002   0.0000000000000000     
   19670.226023141924       -2.7628590086637591E-002   0.0000000000000000     
   19678.494298057074       -2.0978599070570186E-002   0.0000000000000000     
   19686.762572972224       -1.4279876567358529E-002   0.0000000000000000     
   19695.030847887374       -7.5657152900739065E-003   0.0000000000000000     
   19703.299122802524       -8.7100640576585908E-004   0.0000000000000000     
   19711.567397717674        5.7671660189951932E-003   0.0000000000000000     
   19719.835672632824        1.2309018349057753E-002   0.0000000000000000     
   19728.103947547974        1.8711661827519870E-002   0.0000000000000000     
   19736.372222463124        2.4928895886848847E-002   0.0000000000000000     
   19744.640497378274        3.0911303897003074E-002   0.0000000000000000     
   19752.908772293424        3.6606804004235195E-002   0.0000000000000000     
   19761.177047208574        4.1961830183528080E-002   0.0000000000000000     
   19769.445322123724        4.6923310650621164E-002   0.0000000000000000     
   19777.713597038874        5.1441613998603870E-002   0.0000000000000000     
   19785.981871954024        5.5474543694060428E-002   0.0000000000000000     
   19794.250146869173        5.8992288350350169E-002   0.0000000000000000     
   19802.518421784323        6.1982892848835965E-002   0.0000000000000000     
   19810.786696699473        6.4457287919695030E-002   0.0000000000000000     
   19819.054971614623        6.6452400870415845E-002   0.0000000000000000     
   19827.323246529773        6.8030687579743565E-002   0.0000000000000000     
   19835.591521444923        6.9274955403599264E-002   0.0000000000000000     
   19843.859796360073        7.0278586501851453E-002   0.0000000000000000     
   19852.128071275223        7.1132964288051201E-002   0.0000000000000000     
   19860.396346190373        7.1915168576295860E-002   0.0000000000000000     
   19868.664621105523        7.2679285761873866E-002   0.0000000000000000     
   19876.932896020673        7.3453283083789872E-002   0.0000000000000000     
   19885.201170935823        7.4241266141676712E-002   0.0000000000000000     
   19893.469445850973        7.5029276481913723E-002   0.0000000000000000     
   19901.737720766123        7.5792174082087826E-002   0.0000000000000000     
   19910.005995681273        7.6499706890536243E-002   0.0000000000000000     
   19918.274270596423        7.7120809031905033E-002   0.0000000000000000     
   19926.542545511573        7.7626085236723430E-002   0.0000000000000000     
   19934.810820426723        7.7988829360172263E-002   0.0000000000000000     
   19943.079095341873        7.8185104112464862E-002   0.0000000000000000     
   19951.347370257023        7.8193381437269532E-002   0.0000000000000000     
   19959.615645172173        7.7994106556040041E-002   0.0000000000000000     
   19967.883920087323        7.7569378963841182E-002   0.0000000000000000     
   19976.152195002473        7.6902809457392640E-002   0.0000000000000000     
   19984.420469917623        7.5979530631231529E-002   0.0000000000000000     
   19992.688744832772        7.4786308554116887E-002   0.0000000000000000     
   20000.957019747922        7.3311699766808000E-002   0.0000000000000000     
   20009.225294663072        7.1546189385039413E-002   0.0000000000000000     
   20017.493569578222        6.9482306202423391E-002   0.0000000000000000     
   20025.761844493372        6.7114702890853292E-002   0.0000000000000000     
   20034.030119408522        6.4440169515585788E-002   0.0000000000000000     
   20042.298394323672        6.1457705545149316E-002   0.0000000000000000     
   20050.566669238822        5.8168506238260281E-002   0.0000000000000000     
   20058.834944153972        5.4575881947766761E-002   0.0000000000000000     
   20067.103219069122        5.0685476589273123E-002   0.0000000000000000     
   20075.371493984272        4.6505409760966780E-002   0.0000000000000000     
   20083.639768899422        4.2046448741302464E-002   0.0000000000000000     
   20091.908043814572        3.7322420614528735E-002   0.0000000000000000     
   20100.176318729722        3.2350664269871661E-002   0.0000000000000000     
   20108.444593644872        2.7152639739426606E-002   0.0000000000000000     
   20116.712868560022        2.1754627326333979E-002   0.0000000000000000     
   20124.981143475172        1.6188447558094097E-002   0.0000000000000000     
   20133.249418390322        1.0492085738208380E-002   0.0000000000000000     
   20141.517693305472        4.7100273638749166E-003   0.0000000000000000     
   20149.785968220622       -1.1069298739120386E-003   0.0000000000000000     
   20158.054243135772       -6.9027027066829380E-003   0.0000000000000000     
   20166.322518050922       -1.2618083980460068E-002   0.0000000000000000     
   20174.590792966072       -1.8194246703163990E-002   0.0000000000000000     
   20182.859067881222       -2.3577587135984349E-002   0.0000000000000000     
   20191.127342796372       -2.8725483955779542E-002   0.0000000000000000     
   20199.395617711521       -3.3611950003798609E-002   0.0000000000000000     
   20207.663892626671       -3.8231525845526408E-002   0.0000000000000000     
   20215.932167541821       -4.2599578843211375E-002   0.0000000000000000     
   20224.200442456971       -4.6747707119999801E-002   0.0000000000000000     
   20232.468717372121       -5.0714576263254443E-002   0.0000000000000000     
   20240.736992287271       -5.4534327890045725E-002   0.0000000000000000     
   20249.005267202421       -5.8225991001094310E-002   0.0000000000000000     
   20257.273542117571       -6.1787161795517451E-002   0.0000000000000000     
   20265.541817032721       -6.5193509134169700E-002   0.0000000000000000     
   20273.810091947871       -6.8403529971234264E-002   0.0000000000000000     
   20282.078366863021       -7.1366345081070204E-002   0.0000000000000000     
   20290.346641778171       -7.4029973890965287E-002   0.0000000000000000     
   20298.614916693321       -7.6348120019908899E-002   0.0000000000000000     
   20306.883191608471       -7.8284538917422250E-002   0.0000000000000000     
   20315.151466523621       -7.9814908805946438E-002   0.0000000000000000     
   20323.419741438771       -8.0926698908083905E-002   0.0000000000000000     
   20331.688016353921       -8.1617759829103798E-002   0.0000000000000000     
   20339.956291269071       -8.1894277230500662E-002   0.0000000000000000     
   20348.224566184221       -8.1768539719422786E-002   0.0000000000000000     
   20356.492841099371       -8.1256835096716204E-002   0.0000000000000000     
   20364.761116014521       -8.0377686266305010E-002   0.0000000000000000     
   20373.029390929671       -7.9150509615417544E-002   0.0000000000000000     
   20381.297665844821       -7.7594702582918951E-002   0.0000000000000000     
   20389.565940759971       -7.5729100473558519E-002   0.0000000000000000     
   20397.834215675121       -7.3571741103352128E-002   0.0000000000000000     
   20406.102490590270       -7.1139859128805744E-002   0.0000000000000000     
   20414.370765505420       -6.8450052118622332E-002   0.0000000000000000     
   20422.639040420570       -6.5518574027726428E-002   0.0000000000000000     
   20430.907315335720       -6.2361767038518770E-002   0.0000000000000000     
   20439.175590250870       -5.8996457418408553E-002   0.0000000000000000     
   20447.443865166020       -5.5440498891090061E-002   0.0000000000000000     
   20455.712140081170       -5.1713412495109530E-002   0.0000000000000000     
   20463.980414996320       -4.7836879311198469E-002   0.0000000000000000     
   20472.248689911470       -4.3835403902676123E-002   0.0000000000000000     
   20480.516964826620       -3.9737003855221831E-002   0.0000000000000000     
   20488.785239741770       -3.5573810023918614E-002   0.0000000000000000     
   20497.053514656920       -3.1382620493002826E-002   0.0000000000000000     
   20505.321789572070       -2.7205276804317856E-002   0.0000000000000000     
   20513.590064487220       -2.3088767855416945E-002   0.0000000000000000     
   20521.858339402370       -1.9084849810334165E-002   0.0000000000000000     
   20530.126614317520       -1.5248928304102747E-002   0.0000000000000000     
   20538.394889232670       -1.1637915710248100E-002   0.0000000000000000     
   20546.663164147820       -8.3067764838511918E-003   0.0000000000000000     
   20554.931439062970       -5.3035377289700706E-003   0.0000000000000000     
   20563.199713978120       -2.6628274036404049E-003   0.0000000000000000     
   20571.467988893270       -3.9855760235363937E-004   0.0000000000000000     
   20579.736263808420        1.5028640818733183E-003   0.0000000000000000     
   20588.004538723570        3.0868630363418107E-003   0.0000000000000000     
   20596.272813638720        4.4305474396122433E-003   0.0000000000000000     
   20604.541088553869        5.6368379814512029E-003   0.0000000000000000     
   20612.809363469019        6.8231782153353694E-003   0.0000000000000000     
   20621.077638384169        8.1070995655779104E-003   0.0000000000000000     
   20629.345913299319        9.5921143791220069E-003   0.0000000000000000     
   20637.614188214469        1.1357117418167143E-002   0.0000000000000000     
   20645.882463129619        1.3451102651147032E-002   0.0000000000000000     
   20654.150738044769        1.5893091443172712E-002   0.0000000000000000     
   20662.419012959919        1.8675855213580797E-002   0.0000000000000000     
