   0.0000000000000000        7.3954290710389614E-003   0.0000000000000000     
   8.2682749151502009        7.3954291305218644E-003  -0.0000000000000000     
   16.536549830300402        7.3954291305218644E-003  -0.0000000000000000     
   24.804824745450603        7.3954291305218644E-003  -0.0000000000000000     
   33.073099660600803        7.3954291305218644E-003  -0.0000000000000000     
   41.341374575751004        7.3954291305218644E-003  -0.0000000000000000     
   49.609649490901205        7.3954291305218644E-003  -0.0000000000000000     
   57.877924406051406        7.3954291305218644E-003  -0.0000000000000000     
   66.146199321201607        7.3954291305218644E-003  -0.0000000000000000     
   74.414474236351808        7.3954291305218644E-003  -0.0000000000000000     
   82.682749151502009        7.3954291305218644E-003  -0.0000000000000000     
   90.951024066652209        7.3954291305218644E-003  -0.0000000000000000     
   99.219298981802410        7.3954291305218644E-003  -0.0000000000000000     
   107.48757389695261        7.3954291305218644E-003  -0.0000000000000000     
   115.75584881210281        7.3954291305218644E-003  -0.0000000000000000     
   124.02412372725301        7.3954291305218644E-003  -0.0000000000000000     
   132.29239864240321        7.3954291305218644E-003  -0.0000000000000000     
   140.56067355755340        7.3954291305218644E-003  -0.0000000000000000     
   148.82894847270359        7.3954291305218644E-003  -0.0000000000000000     
   157.09722338785377        7.3954291305218644E-003  -0.0000000000000000     
   165.36549830300396        7.3954291305218644E-003  -0.0000000000000000     
   173.63377321815415        7.3954291305218644E-003  -0.0000000000000000     
   181.90204813330433        7.3954291305218644E-003  -0.0000000000000000     
   190.17032304845452        7.3954291305218644E-003  -0.0000000000000000     
   198.43859796360471        7.3954291305218644E-003  -0.0000000000000000     
   206.70687287875489        7.3954291305218644E-003  -0.0000000000000000     
   214.97514779390508        7.3954291305218644E-003  -0.0000000000000000     
   223.24342270905527        7.3954291305218644E-003  -0.0000000000000000     
   231.51169762420545        7.3954291305218644E-003  -0.0000000000000000     
   239.77997253935564        7.3954291305218644E-003  -0.0000000000000000     
   248.04824745450583        7.3954291305218644E-003  -0.0000000000000000     
   256.31652236965601        7.3954291305218644E-003  -0.0000000000000000     
   264.58479728480620        7.3954291305218644E-003  -0.0000000000000000     
   272.85307219995639        7.3954291305218644E-003  -0.0000000000000000     
   281.12134711510657        7.3954291305218644E-003  -0.0000000000000000     
   289.38962203025676        7.3954291305218644E-003  -0.0000000000000000     
   297.65789694540695        7.3954291305218644E-003  -0.0000000000000000     
   305.92617186055713        7.3954291305218644E-003  -0.0000000000000000     
   314.19444677570732        7.3954291305218644E-003  -0.0000000000000000     
   322.46272169085751        7.3954291305218644E-003  -0.0000000000000000     
   330.73099660600769        7.3954291305218644E-003  -0.0000000000000000     
   338.99927152115788        7.3954291305218644E-003  -0.0000000000000000     
   347.26754643630807        7.3954291305218644E-003  -0.0000000000000000     
   355.53582135145825        7.3954291305218644E-003  -0.0000000000000000     
   363.80409626660844        7.3954291305218644E-003  -0.0000000000000000     
   372.07237118175863        7.3954291305218644E-003  -0.0000000000000000     
   380.34064609690881        7.3954291305218644E-003  -0.0000000000000000     
   388.60892101205900        7.3954291305218644E-003  -0.0000000000000000     
   396.87719592720919        7.3954291305218644E-003  -0.0000000000000000     
   405.14547084235937        7.3954291305218644E-003  -0.0000000000000000     
   413.41374575750956        7.3954291305218644E-003  -0.0000000000000000     
   421.68202067265975        7.3954291305218644E-003  -0.0000000000000000     
   429.95029558780993        7.3954291305218644E-003  -0.0000000000000000     
   438.21857050296012        7.3954291305218644E-003  -0.0000000000000000     
   446.48684541811031        7.3954291305218644E-003  -0.0000000000000000     
   454.75512033326049        7.3954291305218644E-003  -0.0000000000000000     
   463.02339524841068        7.3954291305218644E-003  -0.0000000000000000     
   471.29167016356087        7.3954291305218644E-003  -0.0000000000000000     
   479.55994507871105        7.3954291305218644E-003  -0.0000000000000000     
   487.82821999386124        7.3954291305218644E-003  -0.0000000000000000     
   496.09649490901143        7.3954291305218644E-003  -0.0000000000000000     
   504.36476982416161        7.3954291305218644E-003  -0.0000000000000000     
   512.63304473931180        7.3954291305218644E-003  -0.0000000000000000     
   520.90131965446199        7.3954291305218644E-003  -0.0000000000000000     
   529.16959456961217        7.3954291305218644E-003  -0.0000000000000000     
   537.43786948476236        7.3954291305218644E-003  -0.0000000000000000     
   545.70614439991255        7.3954291305218644E-003  -0.0000000000000000     
   553.97441931506273        7.3954291305218644E-003  -0.0000000000000000     
   562.24269423021292        7.3954291305218644E-003  -0.0000000000000000     
   570.51096914536311        7.3954291305218644E-003  -0.0000000000000000     
   578.77924406051329        7.3954291305218644E-003  -0.0000000000000000     
   587.04751897566348        7.3954291305218644E-003  -0.0000000000000000     
   595.31579389081367        7.3954291305218644E-003  -0.0000000000000000     
   603.58406880596385        7.3954291305218644E-003  -0.0000000000000000     
   611.85234372111404        7.3954291305218644E-003  -0.0000000000000000     
   620.12061863626423        7.3954291305218644E-003  -0.0000000000000000     
   628.38889355141441        7.3954291305218644E-003  -0.0000000000000000     
   636.65716846656460        7.3954291305218644E-003  -0.0000000000000000     
   644.92544338171479        7.3954291305218644E-003  -0.0000000000000000     
   653.19371829686497        7.3954291305218644E-003  -0.0000000000000000     
   661.46199321201516        7.3954291305218644E-003  -0.0000000000000000     
   669.73026812716535        7.3954291305218644E-003  -0.0000000000000000     
   677.99854304231553        7.3954291305218644E-003  -0.0000000000000000     
   686.26681795746572        7.3954291305218644E-003  -0.0000000000000000     
   694.53509287261591        7.3954291305218644E-003  -0.0000000000000000     
   702.80336778776609        7.3954291305218644E-003  -0.0000000000000000     
   711.07164270291628        7.3954291305218644E-003  -0.0000000000000000     
   719.33991761806647        7.3954291305218644E-003  -0.0000000000000000     
   727.60819253321665        7.3954291305218644E-003  -0.0000000000000000     
   735.87646744836684        7.3954291305218644E-003  -0.0000000000000000     
   744.14474236351703        7.3954291305218644E-003  -0.0000000000000000     
   752.41301727866721        7.3954291305218644E-003  -0.0000000000000000     
   760.68129219381740        7.3954291305218644E-003  -0.0000000000000000     
   768.94956710896759        7.3954291305218644E-003  -0.0000000000000000     
   777.21784202411777        7.3954291305218644E-003  -0.0000000000000000     
   785.48611693926796        7.3954291305218644E-003  -0.0000000000000000     
   793.75439185441815        7.3954291305218644E-003  -0.0000000000000000     
   802.02266676956833        7.3954291305218644E-003  -0.0000000000000000     
   810.29094168471852        7.3954291305218644E-003  -0.0000000000000000     
   818.55921659986871        7.3954291305218644E-003  -0.0000000000000000     
   826.82749151501889        7.3954291305218644E-003  -0.0000000000000000     
   835.09576643016908        7.3954291305218644E-003  -0.0000000000000000     
   843.36404134531927        7.3954291305218644E-003  -0.0000000000000000     
   851.63231626046945        7.3954291305218644E-003  -0.0000000000000000     
   859.90059117561964        7.3954291305218644E-003  -0.0000000000000000     
   868.16886609076982        7.3954291305218644E-003  -0.0000000000000000     
   876.43714100592001        7.3954291305218644E-003  -0.0000000000000000     
   884.70541592107020        7.3954291305218644E-003  -0.0000000000000000     
   892.97369083622038        7.3954291305218644E-003  -0.0000000000000000     
   901.24196575137057        7.3954291305218644E-003  -0.0000000000000000     
   909.51024066652076        7.3954291305218644E-003  -0.0000000000000000     
   917.77851558167094        7.3954291305218644E-003  -0.0000000000000000     
   926.04679049682113        7.3954291305218644E-003  -0.0000000000000000     
   934.31506541197132        7.3954291305218644E-003  -0.0000000000000000     
   942.58334032712150        7.3954291305218644E-003  -0.0000000000000000     
   950.85161524227169        7.3954291305218644E-003  -0.0000000000000000     
   959.11989015742188        7.3954291305218644E-003  -0.0000000000000000     
   967.38816507257206        7.3954291305218644E-003  -0.0000000000000000     
   975.65643998772225        7.3954291305218644E-003  -0.0000000000000000     
   983.92471490287244        7.3954291305218644E-003  -0.0000000000000000     
   992.19298981802262        7.3954291305218644E-003  -0.0000000000000000     
   1000.4612647331728        7.3954291305218644E-003  -0.0000000000000000     
   1008.7295396483230        7.3954291305218644E-003  -0.0000000000000000     
   1016.9978145634732        7.3954291305218644E-003  -0.0000000000000000     
   1025.2660894786234        7.3954291305218644E-003  -0.0000000000000000     
   1033.5343643937736        7.3954291305218644E-003  -0.0000000000000000     
   1041.8026393089237        7.3954291305218644E-003  -0.0000000000000000     
   1050.0709142240739        7.3954291305218644E-003  -0.0000000000000000     
   1058.3391891392241        7.3954291305218644E-003  -0.0000000000000000     
   1066.6074640543743        7.3954291305218644E-003  -0.0000000000000000     
   1074.8757389695245        7.3954291305218644E-003  -0.0000000000000000     
   1083.1440138846747        7.3954291305218644E-003  -0.0000000000000000     
   1091.4122887998249        7.3954291305218644E-003  -0.0000000000000000     
   1099.6805637149751        7.3954291305218644E-003  -0.0000000000000000     
   1107.9488386301252        7.3954291305218644E-003  -0.0000000000000000     
   1116.2171135452754        7.3954291305218644E-003  -0.0000000000000000     
   1124.4853884604256        7.3954291305218644E-003  -0.0000000000000000     
   1132.7536633755758        7.3954291305218644E-003  -0.0000000000000000     
   1141.0219382907260        7.3954291305218644E-003  -0.0000000000000000     
   1149.2902132058762        7.3954291305218644E-003  -0.0000000000000000     
   1157.5584881210264        7.3954291305218644E-003  -0.0000000000000000     
   1165.8267630361765        7.3954291305218644E-003  -0.0000000000000000     
   1174.0950379513267        7.3954291305218644E-003  -0.0000000000000000     
   1182.3633128664769        7.3954291305218644E-003  -0.0000000000000000     
   1190.6315877816271        7.3954291305218644E-003  -0.0000000000000000     
   1198.8998626967773        7.3954291305218644E-003  -0.0000000000000000     
   1207.1681376119275        7.3954291305218644E-003  -0.0000000000000000     
   1215.4364125270777        7.3954291305218644E-003  -0.0000000000000000     
   1223.7046874422279        7.3954291305218644E-003  -0.0000000000000000     
   1231.9729623573780        7.3954291305218644E-003  -0.0000000000000000     
   1240.2412372725282        7.3954291305218644E-003  -0.0000000000000000     
   1248.5095121876784        7.3954291305218644E-003  -0.0000000000000000     
   1256.7777871028286        7.3954291305218644E-003  -0.0000000000000000     
   1265.0460620179788        7.3954291305218644E-003  -0.0000000000000000     
   1273.3143369331290        7.3954291305218644E-003  -0.0000000000000000     
   1281.5826118482792        7.3954291305218644E-003  -0.0000000000000000     
   1289.8508867634293        7.3954291305218644E-003  -0.0000000000000000     
   1298.1191616785795        7.3954291305218644E-003  -0.0000000000000000     
   1306.3874365937297        7.3954291305218644E-003  -0.0000000000000000     
   1314.6557115088799        7.3954291305218644E-003  -0.0000000000000000     
   1322.9239864240301        7.3954291305218644E-003  -0.0000000000000000     
   1331.1922613391803        7.3954291305218644E-003  -0.0000000000000000     
   1339.4605362543305        7.3954291305218644E-003  -0.0000000000000000     
   1347.7288111694807        7.3954291305218644E-003  -0.0000000000000000     
   1355.9970860846308        7.3954291305218644E-003  -0.0000000000000000     
   1364.2653609997810        7.3954291305218644E-003  -0.0000000000000000     
   1372.5336359149312        7.3954291305218644E-003  -0.0000000000000000     
   1380.8019108300814        7.3954291305218644E-003  -0.0000000000000000     
   1389.0701857452316        7.3954291305218644E-003  -0.0000000000000000     
   1397.3384606603818        7.3954291305218644E-003  -0.0000000000000000     
   1405.6067355755320        7.3954291305218644E-003  -0.0000000000000000     
   1413.8750104906821        7.3954291305218644E-003  -0.0000000000000000     
   1422.1432854058323        7.3954291305218644E-003  -0.0000000000000000     
   1430.4115603209825        7.3954291305218644E-003  -0.0000000000000000     
   1438.6798352361327        7.3954291305218644E-003  -0.0000000000000000     
   1446.9481101512829        7.3954291305218644E-003  -0.0000000000000000     
   1455.2163850664331        7.3954291305218644E-003  -0.0000000000000000     
   1463.4846599815833        7.3954291305218644E-003  -0.0000000000000000     
   1471.7529348967334        7.3954291305218644E-003  -0.0000000000000000     
   1480.0212098118836        7.3954291305218644E-003  -0.0000000000000000     
   1488.2894847270338        7.3954291305218644E-003  -0.0000000000000000     
   1496.5577596421840        7.3954291305218644E-003  -0.0000000000000000     
   1504.8260345573342        7.3954291305218644E-003  -0.0000000000000000     
   1513.0943094724844        7.3954291305218644E-003  -0.0000000000000000     
   1521.3625843876346        7.3954291305218644E-003  -0.0000000000000000     
   1529.6308593027848        7.3954291305218644E-003  -0.0000000000000000     
   1537.8991342179349        7.3954291305218644E-003  -0.0000000000000000     
   1546.1674091330851        7.3954291305218644E-003  -0.0000000000000000     
   1554.4356840482353        7.3954291305218644E-003  -0.0000000000000000     
   1562.7039589633855        7.3954291305218644E-003  -0.0000000000000000     
   1570.9722338785357        7.3954291305218644E-003  -0.0000000000000000     
   1579.2405087936859        7.3954291305218644E-003  -0.0000000000000000     
   1587.5087837088361        7.3954291305218644E-003  -0.0000000000000000     
   1595.7770586239862        7.3954291305218644E-003  -0.0000000000000000     
   1604.0453335391364        7.3954291305218644E-003  -0.0000000000000000     
   1612.3136084542866        7.3954291305218644E-003  -0.0000000000000000     
   1620.5818833694368        7.3954291305218644E-003  -0.0000000000000000     
   1628.8501582845870        7.3954291305218644E-003  -0.0000000000000000     
   1637.1184331997372        7.3954291305218644E-003  -0.0000000000000000     
   1645.3867081148874        7.3954291305218644E-003  -0.0000000000000000     
   1653.6549830300376        7.3954291305218644E-003  -0.0000000000000000     
   1661.9232579451877        7.3954291305218644E-003  -0.0000000000000000     
   1670.1915328603379        7.3954291305218644E-003  -0.0000000000000000     
   1678.4598077754881        7.3954291305218644E-003  -0.0000000000000000     
   1686.7280826906383        7.3954291305218644E-003  -0.0000000000000000     
   1694.9963576057885        7.3954291305218644E-003  -0.0000000000000000     
   1703.2646325209387        7.3954291305218644E-003  -0.0000000000000000     
   1711.5329074360889        7.3954291305218644E-003  -0.0000000000000000     
   1719.8011823512390        7.3954291305218644E-003  -0.0000000000000000     
   1728.0694572663892        7.3954291305218644E-003  -0.0000000000000000     
   1736.3377321815394        7.3954291305218644E-003  -0.0000000000000000     
   1744.6060070966896        7.3954291305218644E-003  -0.0000000000000000     
   1752.8742820118398        7.3954291305218644E-003  -0.0000000000000000     
   1761.1425569269900        7.3954291305218644E-003  -0.0000000000000000     
   1769.4108318421402        7.3954291305218644E-003  -0.0000000000000000     
   1777.6791067572904        7.3954291305218644E-003  -0.0000000000000000     
   1785.9473816724405        7.3954291305218644E-003  -0.0000000000000000     
   1794.2156565875907        7.3954291305218644E-003  -0.0000000000000000     
   1802.4839315027409        7.3954291305218644E-003  -0.0000000000000000     
   1810.7522064178911        7.3954291305218644E-003  -0.0000000000000000     
   1819.0204813330413        7.3954291305218644E-003  -0.0000000000000000     
   1827.2887562481915        7.3954291305218644E-003  -0.0000000000000000     
   1835.5570311633417        7.3954291305218644E-003  -0.0000000000000000     
   1843.8253060784918        7.3954291305218644E-003  -0.0000000000000000     
   1852.0935809936420        7.3954291305218644E-003  -0.0000000000000000     
   1860.3618559087922        7.3954291305218644E-003  -0.0000000000000000     
   1868.6301308239424        7.3954291305218644E-003  -0.0000000000000000     
   1876.8984057390926        7.3954291305218644E-003  -0.0000000000000000     
   1885.1666806542428        7.3954291305218644E-003  -0.0000000000000000     
   1893.4349555693930        7.3954291305218644E-003  -0.0000000000000000     
   1901.7032304845432        7.3954291305218644E-003  -0.0000000000000000     
   1909.9715053996933        7.3954291305218644E-003  -0.0000000000000000     
   1918.2397803148435        7.3954291305218644E-003  -0.0000000000000000     
   1926.5080552299937        7.3954291305218644E-003  -0.0000000000000000     
   1934.7763301451439        7.3954291305218644E-003  -0.0000000000000000     
   1943.0446050602941        7.3954291305218644E-003  -0.0000000000000000     
   1951.3128799754443        7.3954291305218644E-003  -0.0000000000000000     
   1959.5811548905945        7.3954291305218644E-003  -0.0000000000000000     
   1967.8494298057446        7.3954291305218644E-003  -0.0000000000000000     
   1976.1177047208948        7.3954291305218644E-003  -0.0000000000000000     
   1984.3859796360450        7.3954291305218644E-003  -0.0000000000000000     
   1992.6542545511952        7.3954291305218644E-003  -0.0000000000000000     
   2000.9225294663454        7.3954291305218644E-003  -0.0000000000000000     
   2009.1908043814956        7.3954291305218644E-003  -0.0000000000000000     
   2017.4590792966458        7.3954291305218644E-003  -0.0000000000000000     
   2025.7273542117960        7.3954291305218644E-003  -0.0000000000000000     
   2033.9956291269461        7.3954291305218644E-003  -0.0000000000000000     
   2042.2639040420963        7.3954291305218644E-003  -0.0000000000000000     
   2050.5321789572467        7.3954291305218644E-003  -0.0000000000000000     
   2058.8004538723972        7.3954291305218644E-003  -0.0000000000000000     
   2067.0687287875476        7.3954291305218644E-003  -0.0000000000000000     
   2075.3370037026980        7.3954291305218644E-003  -0.0000000000000000     
   2083.6052786178484        7.3954291305218644E-003  -0.0000000000000000     
   2091.8735535329988        7.3954291305218644E-003  -0.0000000000000000     
   2100.1418284481492        7.3954291305218644E-003  -0.0000000000000000     
   2108.4101033632996        7.3954291305218644E-003  -0.0000000000000000     
   2116.6783782784501        7.3954291305218644E-003  -0.0000000000000000     
   2124.9466531936005        7.3954291305218644E-003  -0.0000000000000000     
   2133.2149281087509        7.3954291305218644E-003  -0.0000000000000000     
   2141.4832030239013        7.3954291305218644E-003  -0.0000000000000000     
   2149.7514779390517        7.3954291305218644E-003  -0.0000000000000000     
   2158.0197528542021        7.3954291305218644E-003  -0.0000000000000000     
   2166.2880277693525        7.3954291305218644E-003  -0.0000000000000000     
   2174.5563026845030        7.3954291305218644E-003  -0.0000000000000000     
   2182.8245775996534        7.3954291305218644E-003  -0.0000000000000000     
   2191.0928525148038        7.3954291305218644E-003  -0.0000000000000000     
   2199.3611274299542        7.3954291305218644E-003  -0.0000000000000000     
   2207.6294023451046        7.3954291305218644E-003  -0.0000000000000000     
   2215.8976772602550        7.3954291305218644E-003  -0.0000000000000000     
   2224.1659521754054        7.3954291305218644E-003  -0.0000000000000000     
   2232.4342270905559        7.3954291305218644E-003  -0.0000000000000000     
   2240.7025020057063        7.3954291305218644E-003  -0.0000000000000000     
   2248.9707769208567        7.3954291305218644E-003  -0.0000000000000000     
   2257.2390518360071        7.3954291305218644E-003  -0.0000000000000000     
   2265.5073267511575        7.3954291305218644E-003  -0.0000000000000000     
   2273.7756016663079        7.3954291305218644E-003  -0.0000000000000000     
   2282.0438765814583        7.3954291305218644E-003  -0.0000000000000000     
   2290.3121514966087        7.3954291305218644E-003  -0.0000000000000000     
   2298.5804264117592        7.3954291305218644E-003  -0.0000000000000000     
   2306.8487013269096        7.3954291305218644E-003  -0.0000000000000000     
   2315.1169762420600        7.3954291305218644E-003  -0.0000000000000000     
   2323.3852511572104        7.3954291305218644E-003  -0.0000000000000000     
   2331.6535260723608        7.3954291305218644E-003  -0.0000000000000000     
   2339.9218009875112        7.3954291305218644E-003  -0.0000000000000000     
   2348.1900759026616        7.3954291305218644E-003  -0.0000000000000000     
   2356.4583508178121        7.3954291305218644E-003  -0.0000000000000000     
   2364.7266257329625        7.3954291305218644E-003  -0.0000000000000000     
   2372.9949006481129        7.3954291305218644E-003  -0.0000000000000000     
   2381.2631755632633        7.3954291305218644E-003  -0.0000000000000000     
   2389.5314504784137        7.3954291305218644E-003  -0.0000000000000000     
   2397.7997253935641        7.3954291305218644E-003  -0.0000000000000000     
   2406.0680003087145        7.3954291305218644E-003  -0.0000000000000000     
   2414.3362752238650        7.3954291305218644E-003  -0.0000000000000000     
   2422.6045501390154        7.3954291305218644E-003  -0.0000000000000000     
   2430.8728250541658        7.3954291305218644E-003  -0.0000000000000000     
   2439.1410999693162        7.3954291305218644E-003  -0.0000000000000000     
   2447.4093748844666        7.3954291305218644E-003  -0.0000000000000000     
   2455.6776497996170        7.3954291305218644E-003  -0.0000000000000000     
   2463.9459247147674        7.3954291305218644E-003  -0.0000000000000000     
   2472.2141996299179        7.3954291305218644E-003  -0.0000000000000000     
   2480.4824745450683        7.3954291305218644E-003  -0.0000000000000000     
   2488.7507494602187        7.3954291305218644E-003  -0.0000000000000000     
   2497.0190243753691        7.3954291305218644E-003  -0.0000000000000000     
   2505.2872992905195        7.3954291305218644E-003  -0.0000000000000000     
   2513.5555742056699        7.3954291305218644E-003  -0.0000000000000000     
   2521.8238491208203        7.3954291305218644E-003  -0.0000000000000000     
   2530.0921240359708        7.3954291305218644E-003  -0.0000000000000000     
   2538.3603989511212        7.3954291305218644E-003  -0.0000000000000000     
   2546.6286738662716        7.3954291305218644E-003  -0.0000000000000000     
   2554.8969487814220        7.3954291305218644E-003  -0.0000000000000000     
   2563.1652236965724        7.3954291305218644E-003  -0.0000000000000000     
   2571.4334986117228        7.3954291305218644E-003  -0.0000000000000000     
   2579.7017735268732        7.3954291305218644E-003  -0.0000000000000000     
   2587.9700484420237        7.3954291305218644E-003  -0.0000000000000000     
   2596.2383233571741        7.3954291305218644E-003  -0.0000000000000000     
   2604.5065982723245        7.3954291305218644E-003  -0.0000000000000000     
   2612.7748731874749        7.3954291305218644E-003  -0.0000000000000000     
   2621.0431481026253        7.3954291305218644E-003  -0.0000000000000000     
   2629.3114230177757        7.3954291305218644E-003  -0.0000000000000000     
   2637.5796979329261        7.3954291305218644E-003  -0.0000000000000000     
   2645.8479728480766        7.3954291305218644E-003  -0.0000000000000000     
   2654.1162477632270        7.3954291305218644E-003  -0.0000000000000000     
   2662.3845226783774        7.3954291305218644E-003  -0.0000000000000000     
   2670.6527975935278        7.3954291305218644E-003  -0.0000000000000000     
   2678.9210725086782        7.3954291305218644E-003  -0.0000000000000000     
   2687.1893474238286        7.3954291305218644E-003  -0.0000000000000000     
   2695.4576223389790        7.3954291305218644E-003  -0.0000000000000000     
   2703.7258972541294        7.3954291305218644E-003  -0.0000000000000000     
   2711.9941721692799        7.3954291305218644E-003  -0.0000000000000000     
   2720.2624470844303        7.3954291305218644E-003  -0.0000000000000000     
   2728.5307219995807        7.3954291305218644E-003  -0.0000000000000000     
   2736.7989969147311        7.3954291305218644E-003  -0.0000000000000000     
   2745.0672718298815        7.3954291305218644E-003  -0.0000000000000000     
   2753.3355467450319        7.3954291305218644E-003  -0.0000000000000000     
   2761.6038216601823        7.3954291305218644E-003  -0.0000000000000000     
   2769.8720965753328        7.3954291305218644E-003  -0.0000000000000000     
   2778.1403714904832        7.3954291305218644E-003  -0.0000000000000000     
   2786.4086464056336        7.3954291305218644E-003  -0.0000000000000000     
   2794.6769213207840        7.3954291305218644E-003  -0.0000000000000000     
   2802.9451962359344        7.3954291305218644E-003  -0.0000000000000000     
   2811.2134711510848        7.3954291305218644E-003  -0.0000000000000000     
   2819.4817460662352        7.3954291305218644E-003  -0.0000000000000000     
   2827.7500209813857        7.3954291305218644E-003  -0.0000000000000000     
   2836.0182958965361        7.3954291305218644E-003  -0.0000000000000000     
   2844.2865708116865        7.3954291305218644E-003  -0.0000000000000000     
   2852.5548457268369        7.3954291305218644E-003  -0.0000000000000000     
   2860.8231206419873        7.3954291305218644E-003  -0.0000000000000000     
   2869.0913955571377        7.3954291305218644E-003  -0.0000000000000000     
   2877.3596704722881        7.3954291305218644E-003  -0.0000000000000000     
   2885.6279453874386        7.3954291305218644E-003  -0.0000000000000000     
   2893.8962203025890        7.3954291305218644E-003  -0.0000000000000000     
   2902.1644952177394        7.3954291305218644E-003  -0.0000000000000000     
   2910.4327701328898        7.3954291305218644E-003  -0.0000000000000000     
   2918.7010450480402        7.3954291305218644E-003  -0.0000000000000000     
   2926.9693199631906        7.3954291305218644E-003  -0.0000000000000000     
   2935.2375948783410        7.3954291305218644E-003  -0.0000000000000000     
   2943.5058697934915        7.3954291305218644E-003  -0.0000000000000000     
   2951.7741447086419        7.3954291305218644E-003  -0.0000000000000000     
   2960.0424196237923        7.3954291305218644E-003  -0.0000000000000000     
   2968.3106945389427        7.3954291305218644E-003  -0.0000000000000000     
   2976.5789694540931        7.3954291305218644E-003  -0.0000000000000000     
   2984.8472443692435        7.3954291305218644E-003  -0.0000000000000000     
   2993.1155192843939        7.3954291305218644E-003  -0.0000000000000000     
   3001.3837941995444        7.3954291305218644E-003  -0.0000000000000000     
   3009.6520691146948        7.3954291305218644E-003  -0.0000000000000000     
   3017.9203440298452        7.3954291305218644E-003  -0.0000000000000000     
   3026.1886189449956        7.3954291305218644E-003  -0.0000000000000000     
   3034.4568938601460        7.3954291305218644E-003  -0.0000000000000000     
   3042.7251687752964        7.3954291305218644E-003  -0.0000000000000000     
   3050.9934436904468        7.3954291305218644E-003  -0.0000000000000000     
   3059.2617186055973        7.3954291305218644E-003  -0.0000000000000000     
   3067.5299935207477        7.3954291305218644E-003  -0.0000000000000000     
   3075.7982684358981        7.3954291305218644E-003  -0.0000000000000000     
   3084.0665433510485        7.3954291305218644E-003  -0.0000000000000000     
   3092.3348182661989        7.3954291305218644E-003  -0.0000000000000000     
   3100.6030931813493        7.3954291305218644E-003  -0.0000000000000000     
   3108.8713680964997        7.3954291305218644E-003  -0.0000000000000000     
   3117.1396430116502        7.3954291305218644E-003  -0.0000000000000000     
   3125.4079179268006        7.3954291305218644E-003  -0.0000000000000000     
   3133.6761928419510        7.3954291305218644E-003  -0.0000000000000000     
   3141.9444677571014        7.3954291305218644E-003  -0.0000000000000000     
   3150.2127426722518        7.3954291305218644E-003  -0.0000000000000000     
   3158.4810175874022        7.3954291305218644E-003  -0.0000000000000000     
   3166.7492925025526        7.3954291305218644E-003  -0.0000000000000000     
   3175.0175674177030        7.3954291305218644E-003  -0.0000000000000000     
   3183.2858423328535        7.3954291305218644E-003  -0.0000000000000000     
   3191.5541172480039        7.3954291305218644E-003  -0.0000000000000000     
   3199.8223921631543        7.3954291305218644E-003  -0.0000000000000000     
   3208.0906670783047        7.3954291305218644E-003  -0.0000000000000000     
   3216.3589419934551        7.3954291305218644E-003  -0.0000000000000000     
   3224.6272169086055        7.3954291305218644E-003  -0.0000000000000000     
   3232.8954918237559        7.3954291305218644E-003  -0.0000000000000000     
   3241.1637667389064        7.3954291305218644E-003  -0.0000000000000000     
   3249.4320416540568        7.3954291305218644E-003  -0.0000000000000000     
   3257.7003165692072        7.3954291305218644E-003  -0.0000000000000000     
   3265.9685914843576        7.3954291305218644E-003  -0.0000000000000000     
   3274.2368663995080        7.3954291305218644E-003  -0.0000000000000000     
   3282.5051413146584        7.3954291305218644E-003  -0.0000000000000000     
   3290.7734162298088        7.3954291305218644E-003  -0.0000000000000000     
   3299.0416911449593        7.3954291305218644E-003  -0.0000000000000000     
   3307.3099660601097        7.3954291305218644E-003  -0.0000000000000000     
   3315.5782409752601        7.3954291305218644E-003  -0.0000000000000000     
   3323.8465158904105        7.3954291305218644E-003  -0.0000000000000000     
   3332.1147908055609        7.3954291305218644E-003  -0.0000000000000000     
   3340.3830657207113        7.3954291305218644E-003  -0.0000000000000000     
   3348.6513406358617        7.3954291305218644E-003  -0.0000000000000000     
   3356.9196155510122        7.3954291305218644E-003  -0.0000000000000000     
   3365.1878904661626        7.3954291305218644E-003  -0.0000000000000000     
   3373.4561653813130        7.3954291305218644E-003  -0.0000000000000000     
   3381.7244402964634        7.3954291305218644E-003  -0.0000000000000000     
   3389.9927152116138        7.3954291305218644E-003  -0.0000000000000000     
   3398.2609901267642        7.3954291305218644E-003  -0.0000000000000000     
   3406.5292650419146        7.3954291305218644E-003  -0.0000000000000000     
   3414.7975399570651        7.3954291305218644E-003  -0.0000000000000000     
   3423.0658148722155        7.3954291305218644E-003  -0.0000000000000000     
   3431.3340897873659        7.3954291305218644E-003  -0.0000000000000000     
   3439.6023647025163        7.3954291305218644E-003  -0.0000000000000000     
   3447.8706396176667        7.3954291305218644E-003  -0.0000000000000000     
   3456.1389145328171        7.3954291305218644E-003  -0.0000000000000000     
   3464.4071894479675        7.3954291305218644E-003  -0.0000000000000000     
   3472.6754643631180        7.3954291305218644E-003  -0.0000000000000000     
   3480.9437392782684        7.3954291305218644E-003  -0.0000000000000000     
   3489.2120141934188        7.3954291305218644E-003  -0.0000000000000000     
   3497.4802891085692        7.3954291305218644E-003  -0.0000000000000000     
   3505.7485640237196        7.3954291305218644E-003  -0.0000000000000000     
   3514.0168389388700        7.3954291305218644E-003  -0.0000000000000000     
   3522.2851138540204        7.3954291305218644E-003  -0.0000000000000000     
   3530.5533887691709        7.3954291305218644E-003  -0.0000000000000000     
   3538.8216636843213        7.3954291305218644E-003  -0.0000000000000000     
   3547.0899385994717        7.3954291305218644E-003  -0.0000000000000000     
   3555.3582135146221        7.3954291305218644E-003  -0.0000000000000000     
   3563.6264884297725        7.3954291305218644E-003  -0.0000000000000000     
   3571.8947633449229        7.3954291305218644E-003  -0.0000000000000000     
   3580.1630382600733        7.3954291305218644E-003  -0.0000000000000000     
   3588.4313131752237        7.3954291305218644E-003  -0.0000000000000000     
   3596.6995880903742        7.3954291305218644E-003  -0.0000000000000000     
   3604.9678630055246        7.3954291305218644E-003  -0.0000000000000000     
   3613.2361379206750        7.3954291305218644E-003  -0.0000000000000000     
   3621.5044128358254        7.3954291305218644E-003  -0.0000000000000000     
   3629.7726877509758        7.3954291305218644E-003  -0.0000000000000000     
   3638.0409626661262        7.3954291305218644E-003  -0.0000000000000000     
   3646.3092375812766        7.3954291305218644E-003  -0.0000000000000000     
   3654.5775124964271        7.3954291305218644E-003  -0.0000000000000000     
   3662.8457874115775        7.3954291305218644E-003  -0.0000000000000000     
   3671.1140623267279        7.3954291305218644E-003  -0.0000000000000000     
   3679.3823372418783        7.3954291305218644E-003  -0.0000000000000000     
   3687.6506121570287        7.3954291305218644E-003  -0.0000000000000000     
   3695.9188870721791        7.3954291305218644E-003  -0.0000000000000000     
   3704.1871619873295        7.3954291305218644E-003  -0.0000000000000000     
   3712.4554369024800        7.3954291305218644E-003  -0.0000000000000000     
   3720.7237118176304        7.3954291305218644E-003  -0.0000000000000000     
   3728.9919867327808        7.3954291305218644E-003  -0.0000000000000000     
   3737.2602616479312        7.3954291305218644E-003  -0.0000000000000000     
   3745.5285365630816        7.3954291305218644E-003  -0.0000000000000000     
   3753.7968114782320        7.3954291305218644E-003  -0.0000000000000000     
   3762.0650863933824        7.3954291305218644E-003  -0.0000000000000000     
   3770.3333613085329        7.3954291305218644E-003  -0.0000000000000000     
   3778.6016362236833        7.3954291305218644E-003  -0.0000000000000000     
   3786.8699111388337        7.3954291305218644E-003  -0.0000000000000000     
   3795.1381860539841        7.3954291305218644E-003  -0.0000000000000000     
   3803.4064609691345        7.3954291305218644E-003  -0.0000000000000000     
   3811.6747358842849        7.3954291305218644E-003  -0.0000000000000000     
   3819.9430107994353        7.3954291305218644E-003  -0.0000000000000000     
   3828.2112857145858        7.3954291305218644E-003  -0.0000000000000000     
   3836.4795606297362        7.3954291305218644E-003  -0.0000000000000000     
   3844.7478355448866        7.3954291305218644E-003  -0.0000000000000000     
   3853.0161104600370        7.3954291305218644E-003  -0.0000000000000000     
   3861.2843853751874        7.3954291305218644E-003  -0.0000000000000000     
   3869.5526602903378        7.3954291305218644E-003  -0.0000000000000000     
   3877.8209352054882        7.3954291305218644E-003  -0.0000000000000000     
   3886.0892101206387        7.3954291305218644E-003  -0.0000000000000000     
   3894.3574850357891        7.3954291305218644E-003  -0.0000000000000000     
   3902.6257599509395        7.3954291305218644E-003  -0.0000000000000000     
   3910.8940348660899        7.3954291305218644E-003  -0.0000000000000000     
   3919.1623097812403        7.3954291305218644E-003  -0.0000000000000000     
   3927.4305846963907        7.3954291305218644E-003  -0.0000000000000000     
   3935.6988596115411        7.3954291305218644E-003  -0.0000000000000000     
   3943.9671345266916        7.3954291305218644E-003  -0.0000000000000000     
   3952.2354094418420        7.3954291305218644E-003  -0.0000000000000000     
   3960.5036843569924        7.3954291305218644E-003  -0.0000000000000000     
   3968.7719592721428        7.3954291305218644E-003  -0.0000000000000000     
   3977.0402341872932        7.3954291305218644E-003  -0.0000000000000000     
   3985.3085091024436        7.3954291305218644E-003  -0.0000000000000000     
   3993.5767840175940        7.3954291305218644E-003  -0.0000000000000000     
   4001.8450589327445        7.3954291305218644E-003  -0.0000000000000000     
   4010.1133338478949        7.3954291305218644E-003  -0.0000000000000000     
   4018.3816087630453        7.3954291305218644E-003  -0.0000000000000000     
   4026.6498836781957        7.3954291305218644E-003  -0.0000000000000000     
   4034.9181585933461        7.3954291305218644E-003  -0.0000000000000000     
   4043.1864335084965        7.3954291305218644E-003  -0.0000000000000000     
   4051.4547084236469        7.3954291305218644E-003  -0.0000000000000000     
   4059.7229833387973        7.3954291305218644E-003  -0.0000000000000000     
   4067.9912582539478        7.3954291305218644E-003  -0.0000000000000000     
   4076.2595331690982        7.3954291305218644E-003  -0.0000000000000000     
   4084.5278080842486        7.3954291305218644E-003  -0.0000000000000000     
   4092.7960829993990        7.3954291305218644E-003  -0.0000000000000000     
   4101.0643579145490        7.3954291305218644E-003  -0.0000000000000000     
   4109.3326328296989        7.3954291305218644E-003  -0.0000000000000000     
   4117.6009077448489        7.3954291305218644E-003  -0.0000000000000000     
   4125.8691826599988        7.3954291305218644E-003  -0.0000000000000000     
   4134.1374575751488        7.3954291305218644E-003  -0.0000000000000000     
   4142.4057324902988        7.3954291305218644E-003  -0.0000000000000000     
   4150.6740074054487        7.3954291305218644E-003  -0.0000000000000000     
   4158.9422823205987        7.3954291305218644E-003  -0.0000000000000000     
   4167.2105572357486        7.3954291305218644E-003  -0.0000000000000000     
   4175.4788321508986        7.3954291305218644E-003  -0.0000000000000000     
   4183.7471070660486        7.3954291305218644E-003  -0.0000000000000000     
   4192.0153819811985        7.3954291305218644E-003  -0.0000000000000000     
   4200.2836568963485        7.3954291305218644E-003  -0.0000000000000000     
   4208.5519318114984        7.3954291305218644E-003  -0.0000000000000000     
   4216.8202067266484        7.3954291305218644E-003  -0.0000000000000000     
   4225.0884816417984        7.3954291305218644E-003  -0.0000000000000000     
   4233.3567565569483        7.3954291305218644E-003  -0.0000000000000000     
   4241.6250314720983        7.3954291305218644E-003  -0.0000000000000000     
   4249.8933063872482        7.3954291305218644E-003  -0.0000000000000000     
   4258.1615813023982        7.3954291305218644E-003  -0.0000000000000000     
   4266.4298562175481        7.3954291305218644E-003  -0.0000000000000000     
   4274.6981311326981        7.3954291305218644E-003  -0.0000000000000000     
   4282.9664060478481        7.3954291305218644E-003  -0.0000000000000000     
   4291.2346809629980        7.3954291305218644E-003  -0.0000000000000000     
   4299.5029558781480        7.3954291305218644E-003  -0.0000000000000000     
   4307.7712307932979        7.3954291305218644E-003  -0.0000000000000000     
   4316.0395057084479        7.3954291305218644E-003  -0.0000000000000000     
   4324.3077806235979        7.3954291305218644E-003  -0.0000000000000000     
   4332.5760555387478        7.3954291305218644E-003  -0.0000000000000000     
   4340.8443304538978        7.3954291305218644E-003  -0.0000000000000000     
   4349.1126053690477        7.3954291305218644E-003  -0.0000000000000000     
   4357.3808802841977        7.3954291305218644E-003  -0.0000000000000000     
   4365.6491551993477        7.3954291305218644E-003  -0.0000000000000000     
   4373.9174301144976        7.3954291305218644E-003  -0.0000000000000000     
   4382.1857050296476        7.3954291305218644E-003  -0.0000000000000000     
   4390.4539799447975        7.3954291305218644E-003  -0.0000000000000000     
   4398.7222548599475        7.3954291305218644E-003  -0.0000000000000000     
   4406.9905297750975        7.3954291305218644E-003  -0.0000000000000000     
   4415.2588046902474        7.3954291305218644E-003  -0.0000000000000000     
   4423.5270796053974        7.3954291305218644E-003  -0.0000000000000000     
   4431.7953545205473        7.3954291305218644E-003  -0.0000000000000000     
   4440.0636294356973        7.3954291305218644E-003  -0.0000000000000000     
   4448.3319043508473        7.3954291305218644E-003  -0.0000000000000000     
   4456.6001792659972        7.3954291305218644E-003  -0.0000000000000000     
   4464.8684541811472        7.3954291305218644E-003  -0.0000000000000000     
   4473.1367290962971        7.3954291305218644E-003  -0.0000000000000000     
   4481.4050040114471        7.3954291305218644E-003  -0.0000000000000000     
   4489.6732789265970        7.3954291305218644E-003  -0.0000000000000000     
   4497.9415538417470        7.3954291305218644E-003  -0.0000000000000000     
   4506.2098287568970        7.3954291305218644E-003  -0.0000000000000000     
   4514.4781036720469        7.3954291305218644E-003  -0.0000000000000000     
   4522.7463785871969        7.3954291305218644E-003  -0.0000000000000000     
   4531.0146535023468        7.3954291305218644E-003  -0.0000000000000000     
   4539.2829284174968        7.3954291305218644E-003  -0.0000000000000000     
   4547.5512033326468        7.3954291305218644E-003  -0.0000000000000000     
   4555.8194782477967        7.3954291305218644E-003  -0.0000000000000000     
   4564.0877531629467        7.3954291305218644E-003  -0.0000000000000000     
   4572.3560280780966        7.3954291305218644E-003  -0.0000000000000000     
   4580.6243029932466        7.3954291305218644E-003  -0.0000000000000000     
   4588.8925779083966        7.3954291305218644E-003  -0.0000000000000000     
   4597.1608528235465        7.3954291305218644E-003  -0.0000000000000000     
   4605.4291277386965        7.3954291305218644E-003  -0.0000000000000000     
   4613.6974026538464        7.3954291305218644E-003  -0.0000000000000000     
   4621.9656775689964        7.3954291305218644E-003  -0.0000000000000000     
   4630.2339524841464        7.3954291305218644E-003  -0.0000000000000000     
   4638.5022273992963        7.3954291305218644E-003  -0.0000000000000000     
   4646.7705023144463        7.3954291305218644E-003  -0.0000000000000000     
   4655.0387772295962        7.3954291305218644E-003  -0.0000000000000000     
   4663.3070521447462        7.3954291305218644E-003  -0.0000000000000000     
   4671.5753270598962        7.3954291305218644E-003  -0.0000000000000000     
   4679.8436019750461        7.3954291305218644E-003  -0.0000000000000000     
   4688.1118768901961        7.3954291305218644E-003  -0.0000000000000000     
   4696.3801518053460        7.3954291305218644E-003  -0.0000000000000000     
   4704.6484267204960        7.3954291305218644E-003  -0.0000000000000000     
   4712.9167016356459        7.3954291305218644E-003  -0.0000000000000000     
   4721.1849765507959        7.3954291305218644E-003  -0.0000000000000000     
   4729.4532514659459        7.3954291305218644E-003  -0.0000000000000000     
   4737.7215263810958        7.3954291305218644E-003  -0.0000000000000000     
   4745.9898012962458        7.3954291305218644E-003  -0.0000000000000000     
   4754.2580762113957        7.3954291305218644E-003  -0.0000000000000000     
   4762.5263511265457        7.3954291305218644E-003  -0.0000000000000000     
   4770.7946260416957        7.3954291305218644E-003  -0.0000000000000000     
   4779.0629009568456        7.3954291305218644E-003  -0.0000000000000000     
   4787.3311758719956        7.3954291305218644E-003  -0.0000000000000000     
   4795.5994507871455        7.3954291305218644E-003  -0.0000000000000000     
   4803.8677257022955        7.3954291305218644E-003  -0.0000000000000000     
   4812.1360006174455        7.3954291305218644E-003  -0.0000000000000000     
   4820.4042755325954        7.3954291305218644E-003  -0.0000000000000000     
   4828.6725504477454        7.3954291305218644E-003  -0.0000000000000000     
   4836.9408253628953        7.3954291305218644E-003  -0.0000000000000000     
   4845.2091002780453        7.3954291305218644E-003  -0.0000000000000000     
   4853.4773751931953        7.3954291305218644E-003  -0.0000000000000000     
   4861.7456501083452        7.3954291305218644E-003  -0.0000000000000000     
   4870.0139250234952        7.3954291305218644E-003  -0.0000000000000000     
   4878.2821999386451        7.3954291305218644E-003  -0.0000000000000000     
   4886.5504748537951        7.3954291305218644E-003  -0.0000000000000000     
   4894.8187497689451        7.3954291305218644E-003  -0.0000000000000000     
   4903.0870246840950        7.3954291305218644E-003  -0.0000000000000000     
   4911.3552995992450        7.3954291305218644E-003  -0.0000000000000000     
   4919.6235745143949        7.3954291305218644E-003  -0.0000000000000000     
   4927.8918494295449        7.3954291305218644E-003  -0.0000000000000000     
   4936.1601243446949        7.3954291305218644E-003  -0.0000000000000000     
   4944.4283992598448        7.3954291305218644E-003  -0.0000000000000000     
   4952.6966741749948        7.3954291305218644E-003  -0.0000000000000000     
   4960.9649490901447        7.3954291305218644E-003  -0.0000000000000000     
   4969.2332240052947        7.3954291305218644E-003  -0.0000000000000000     
   4977.5014989204446        7.3954291305218644E-003  -0.0000000000000000     
   4985.7697738355946        7.3954291305218644E-003  -0.0000000000000000     
   4994.0380487507446        7.3954291305218644E-003  -0.0000000000000000     
   5002.3063236658945        7.3954291305218644E-003  -0.0000000000000000     
   5010.5745985810445        7.3954291305218644E-003  -0.0000000000000000     
   5018.8428734961944        7.3954291305218644E-003  -0.0000000000000000     
   5027.1111484113444        7.3954291305218644E-003  -0.0000000000000000     
   5035.3794233264944        7.3954291305218644E-003  -0.0000000000000000     
   5043.6476982416443        7.3954291305218644E-003  -0.0000000000000000     
   5051.9159731567943        7.3954291305218644E-003  -0.0000000000000000     
   5060.1842480719442        7.3954291305218644E-003  -0.0000000000000000     
   5068.4525229870942        7.3954291305218644E-003  -0.0000000000000000     
   5076.7207979022442        7.3954291305218644E-003  -0.0000000000000000     
   5084.9890728173941        7.3954291305218644E-003  -0.0000000000000000     
   5093.2573477325441        7.3954291305218644E-003  -0.0000000000000000     
   5101.5256226476940        7.3954291305218644E-003  -0.0000000000000000     
   5109.7938975628440        7.3954291305218644E-003  -0.0000000000000000     
   5118.0621724779940        7.3954291305218644E-003  -0.0000000000000000     
   5126.3304473931439        7.3954291305218644E-003  -0.0000000000000000     
   5134.5987223082939        7.3954291305218644E-003  -0.0000000000000000     
   5142.8669972234438        7.3954291305218644E-003  -0.0000000000000000     
   5151.1352721385938        7.3954291305218644E-003  -0.0000000000000000     
   5159.4035470537438        7.3954291305218644E-003  -0.0000000000000000     
   5167.6718219688937        7.3954291305218644E-003  -0.0000000000000000     
   5175.9400968840437        7.3954291305218644E-003  -0.0000000000000000     
   5184.2083717991936        7.3954291305218644E-003  -0.0000000000000000     
   5192.4766467143436        7.3954291305218644E-003  -0.0000000000000000     
   5200.7449216294935        7.3954291305218644E-003  -0.0000000000000000     
   5209.0131965446435        7.3954291305218644E-003  -0.0000000000000000     
   5217.2814714597935        7.3954291305218644E-003  -0.0000000000000000     
   5225.5497463749434        7.3954291305218644E-003  -0.0000000000000000     
   5233.8180212900934        7.3954291305218644E-003  -0.0000000000000000     
   5242.0862962052433        7.3954291305218644E-003  -0.0000000000000000     
   5250.3545711203933        7.3954291305218644E-003  -0.0000000000000000     
   5258.6228460355433        7.3954291305218644E-003  -0.0000000000000000     
   5266.8911209506932        7.3954291305218644E-003  -0.0000000000000000     
   5275.1593958658432        7.3954291305218644E-003  -0.0000000000000000     
   5283.4276707809931        7.3954291305218644E-003  -0.0000000000000000     
   5291.6959456961431        7.3954291305218644E-003  -0.0000000000000000     
   5299.9642206112931        7.3954291305218644E-003  -0.0000000000000000     
   5308.2324955264430        7.3954291305218644E-003  -0.0000000000000000     
   5316.5007704415930        7.3954291305218644E-003  -0.0000000000000000     
   5324.7690453567429        7.3954291305218644E-003  -0.0000000000000000     
   5333.0373202718929        7.3954291305218644E-003  -0.0000000000000000     
   5341.3055951870429        7.3954291305218644E-003  -0.0000000000000000     
   5349.5738701021928        7.3954291305218644E-003  -0.0000000000000000     
   5357.8421450173428        7.3954291305218644E-003  -0.0000000000000000     
   5366.1104199324927        7.3954291305218644E-003  -0.0000000000000000     
   5374.3786948476427        7.3954291305218644E-003  -0.0000000000000000     
   5382.6469697627927        7.3954291305218644E-003  -0.0000000000000000     
   5390.9152446779426        7.3954291305218644E-003  -0.0000000000000000     
   5399.1835195930926        7.3954291305218644E-003  -0.0000000000000000     
   5407.4517945082425        7.3954291305218644E-003  -0.0000000000000000     
   5415.7200694233925        7.3954291305218644E-003  -0.0000000000000000     
   5423.9883443385424        7.3954291305218644E-003  -0.0000000000000000     
   5432.2566192536924        7.3954291305218644E-003  -0.0000000000000000     
   5440.5248941688424        7.3954291305218644E-003  -0.0000000000000000     
   5448.7931690839923        7.3954291305218644E-003  -0.0000000000000000     
   5457.0614439991423        7.3954291305218644E-003  -0.0000000000000000     
   5465.3297189142922        7.3954291305218644E-003  -0.0000000000000000     
   5473.5979938294422        7.3954291305218644E-003  -0.0000000000000000     
   5481.8662687445922        7.3954291305218644E-003  -0.0000000000000000     
   5490.1345436597421        7.3954291305218644E-003  -0.0000000000000000     
   5498.4028185748921        7.3954291305218644E-003  -0.0000000000000000     
   5506.6710934900420        7.3954291305218644E-003  -0.0000000000000000     
   5514.9393684051920        7.3954291305218644E-003  -0.0000000000000000     
   5523.2076433203420        7.3954291305218644E-003  -0.0000000000000000     
   5531.4759182354919        7.3954291305218644E-003  -0.0000000000000000     
   5539.7441931506419        7.3954291305218644E-003  -0.0000000000000000     
   5548.0124680657918        7.3954291305218644E-003  -0.0000000000000000     
   5556.2807429809418        7.3954291305218644E-003  -0.0000000000000000     
   5564.5490178960918        7.3954291305218644E-003  -0.0000000000000000     
   5572.8172928112417        7.3954291305218644E-003  -0.0000000000000000     
   5581.0855677263917        7.3954291305218644E-003  -0.0000000000000000     
   5589.3538426415416        7.3954291305218644E-003  -0.0000000000000000     
   5597.6221175566916        7.3954291305218644E-003  -0.0000000000000000     
   5605.8903924718416        7.3954291305218644E-003  -0.0000000000000000     
   5614.1586673869915        7.3954291305218644E-003  -0.0000000000000000     
   5622.4269423021415        7.3954291305218644E-003  -0.0000000000000000     
   5630.6952172172914        7.3954291305218644E-003  -0.0000000000000000     
   5638.9634921324414        7.3954291305218644E-003  -0.0000000000000000     
   5647.2317670475913        7.3954291305218644E-003  -0.0000000000000000     
   5655.5000419627413        7.3954291305218644E-003  -0.0000000000000000     
   5663.7683168778913        7.3954291305218644E-003  -0.0000000000000000     
   5672.0365917930412        7.3954291305218644E-003  -0.0000000000000000     
   5680.3048667081912        7.3954291305218644E-003  -0.0000000000000000     
   5688.5731416233411        7.3954291305218644E-003  -0.0000000000000000     
   5696.8414165384911        7.3954291305218644E-003  -0.0000000000000000     
   5705.1096914536411        7.3954291305218644E-003  -0.0000000000000000     
   5713.3779663687910        7.3954291305218644E-003  -0.0000000000000000     
   5721.6462412839410        7.3954291305218644E-003  -0.0000000000000000     
   5729.9145161990909        7.3954291305218644E-003  -0.0000000000000000     
   5738.1827911142409        7.3954291305218644E-003  -0.0000000000000000     
   5746.4510660293909        7.3954291305218644E-003  -0.0000000000000000     
   5754.7193409445408        7.3954291305218644E-003  -0.0000000000000000     
   5762.9876158596908        7.3954291305218644E-003  -0.0000000000000000     
   5771.2558907748407        7.3954291305218644E-003  -0.0000000000000000     
   5779.5241656899907        7.3954291305218644E-003  -0.0000000000000000     
   5787.7924406051407        7.3954291305218644E-003  -0.0000000000000000     
   5796.0607155202906        7.3954291305218644E-003  -0.0000000000000000     
   5804.3289904354406        7.3954291305218644E-003  -0.0000000000000000     
   5812.5972653505905        7.3954291305218644E-003  -0.0000000000000000     
   5820.8655402657405        7.3954291305218644E-003  -0.0000000000000000     
   5829.1338151808905        7.3954291305218644E-003  -0.0000000000000000     
   5837.4020900960404        7.3954291305218644E-003  -0.0000000000000000     
   5845.6703650111904        7.3954291305218644E-003  -0.0000000000000000     
   5853.9386399263403        7.3954291305218644E-003  -0.0000000000000000     
   5862.2069148414903        7.3954291305218644E-003  -0.0000000000000000     
   5870.4751897566402        7.3954291305218644E-003  -0.0000000000000000     
   5878.7434646717902        7.3954291305218644E-003  -0.0000000000000000     
   5887.0117395869402        7.3954291305218644E-003  -0.0000000000000000     
   5895.2800145020901        7.3954291305218644E-003  -0.0000000000000000     
   5903.5482894172401        7.3954291305218644E-003  -0.0000000000000000     
   5911.8165643323900        7.3954291305218644E-003  -0.0000000000000000     
   5920.0848392475400        7.3954291305218644E-003  -0.0000000000000000     
   5928.3531141626900        7.3954291305218644E-003  -0.0000000000000000     
   5936.6213890778399        7.3954291305218644E-003  -0.0000000000000000     
   5944.8896639929899        7.3954291305218644E-003  -0.0000000000000000     
   5953.1579389081398        7.3954291305218644E-003  -0.0000000000000000     
   5961.4262138232898        7.3954291305218644E-003  -0.0000000000000000     
   5969.6944887384398        7.3954291305218644E-003  -0.0000000000000000     
   5977.9627636535897        7.3954291305218644E-003  -0.0000000000000000     
   5986.2310385687397        7.3954291305218644E-003  -0.0000000000000000     
   5994.4993134838896        7.3954291305218644E-003  -0.0000000000000000     
   6002.7675883990396        7.3954291305218644E-003  -0.0000000000000000     
   6011.0358633141896        7.3954291305218644E-003  -0.0000000000000000     
   6019.3041382293395        7.3954291305218644E-003  -0.0000000000000000     
   6027.5724131444895        7.3954291305218644E-003  -0.0000000000000000     
   6035.8406880596394        7.3954291305218644E-003  -0.0000000000000000     
   6044.1089629747894        7.3954291305218644E-003  -0.0000000000000000     
   6052.3772378899394        7.3954291305218644E-003  -0.0000000000000000     
   6060.6455128050893        7.3954291305218644E-003  -0.0000000000000000     
   6068.9137877202393        7.3954291305218644E-003  -0.0000000000000000     
   6077.1820626353892        7.3954291305218644E-003  -0.0000000000000000     
   6085.4503375505392        7.3954291305218644E-003  -0.0000000000000000     
   6093.7186124656891        7.3954291305218644E-003  -0.0000000000000000     
   6101.9868873808391        7.3954291305218644E-003  -0.0000000000000000     
   6110.2551622959891        7.3954291305218644E-003  -0.0000000000000000     
   6118.5234372111390        7.3954291305218644E-003  -0.0000000000000000     
   6126.7917121262890        7.3954291305218644E-003  -0.0000000000000000     
   6135.0599870414389        7.3954291305218644E-003  -0.0000000000000000     
   6143.3282619565889        7.3954291305218644E-003  -0.0000000000000000     
   6151.5965368717389        7.3954291305218644E-003  -0.0000000000000000     
   6159.8648117868888        7.3954291305218644E-003  -0.0000000000000000     
   6168.1330867020388        7.3954291305218644E-003  -0.0000000000000000     
   6176.4013616171887        7.3954291305218644E-003  -0.0000000000000000     
   6184.6696365323387        7.3954291305218644E-003  -0.0000000000000000     
   6192.9379114474887        7.3954291305218644E-003  -0.0000000000000000     
   6201.2061863626386        7.3954291305218644E-003  -0.0000000000000000     
   6209.4744612777886        7.3954291305218644E-003  -0.0000000000000000     
   6217.7427361929385        7.3954291305218644E-003  -0.0000000000000000     
   6226.0110111080885        7.3954291305218644E-003  -0.0000000000000000     
   6234.2792860232385        7.3954291305218644E-003  -0.0000000000000000     
   6242.5475609383884        7.3954291305218644E-003  -0.0000000000000000     
   6250.8158358535384        7.3954291305218644E-003  -0.0000000000000000     
   6259.0841107686883        7.3954291305218644E-003  -0.0000000000000000     
   6267.3523856838383        7.3954291305218644E-003  -0.0000000000000000     
   6275.6206605989883        7.3954291305218644E-003  -0.0000000000000000     
   6283.8889355141382        7.3954291305218644E-003  -0.0000000000000000     
   6292.1572104292882        7.3954291305218644E-003  -0.0000000000000000     
   6300.4254853444381        7.3954291305218644E-003  -0.0000000000000000     
   6308.6937602595881        7.3954291305218644E-003  -0.0000000000000000     
   6316.9620351747380        7.3954291305218644E-003  -0.0000000000000000     
   6325.2303100898880        7.3954291305218644E-003  -0.0000000000000000     
   6333.4985850050380        7.3954291305218644E-003  -0.0000000000000000     
   6341.7668599201879        7.3954291305218644E-003  -0.0000000000000000     
   6350.0351348353379        7.3954291305218644E-003  -0.0000000000000000     
   6358.3034097504878        7.3954291305218644E-003  -0.0000000000000000     
   6366.5716846656378        7.3954291305218644E-003  -0.0000000000000000     
   6374.8399595807878        7.3954291305218644E-003  -0.0000000000000000     
   6383.1082344959377        7.3954291305218644E-003  -0.0000000000000000     
   6391.3765094110877        7.3954291305218644E-003  -0.0000000000000000     
   6399.6447843262376        7.3954291305218644E-003  -0.0000000000000000     
   6407.9130592413876        7.3954291305218644E-003  -0.0000000000000000     
   6416.1813341565376        7.3954291305218644E-003  -0.0000000000000000     
   6424.4496090716875        7.3954291305218644E-003  -0.0000000000000000     
   6432.7178839868375        7.3954291305218644E-003  -0.0000000000000000     
   6440.9861589019874        7.3954291305218644E-003  -0.0000000000000000     
   6449.2544338171374        7.3954291305218644E-003  -0.0000000000000000     
   6457.5227087322874        7.3954291305218644E-003  -0.0000000000000000     
   6465.7909836474373        7.3954291305218644E-003  -0.0000000000000000     
   6474.0592585625873        7.3954291305218644E-003  -0.0000000000000000     
   6482.3275334777372        7.3954291305218644E-003  -0.0000000000000000     
   6490.5958083928872        7.3954291305218644E-003  -0.0000000000000000     
   6498.8640833080372        7.3954291305218644E-003  -0.0000000000000000     
   6507.1323582231871        7.3954291305218644E-003  -0.0000000000000000     
   6515.4006331383371        7.3954291305218644E-003  -0.0000000000000000     
   6523.6689080534870        7.3954291305218644E-003  -0.0000000000000000     
   6531.9371829686370        7.3954291305218644E-003  -0.0000000000000000     
   6540.2054578837869        7.3954291305218644E-003  -0.0000000000000000     
   6548.4737327989369        7.3954291305218644E-003  -0.0000000000000000     
   6556.7420077140869        7.3954291305218644E-003  -0.0000000000000000     
   6565.0102826292368        7.3954291305218644E-003  -0.0000000000000000     
   6573.2785575443868        7.3954291305218644E-003  -0.0000000000000000     
   6581.5468324595367        7.3954291305218644E-003  -0.0000000000000000     
   6589.8151073746867        7.3954291305218644E-003  -0.0000000000000000     
   6598.0833822898367        7.3954291305218644E-003  -0.0000000000000000     
   6606.3516572049866        7.3954291305218644E-003  -0.0000000000000000     
   6614.6199321201366        7.3954291305218644E-003  -0.0000000000000000     
   6622.8882070352865        7.3954291305218644E-003  -0.0000000000000000     
   6631.1564819504365        7.3954291305218644E-003  -0.0000000000000000     
   6639.4247568655865        7.3954291305218644E-003  -0.0000000000000000     
   6647.6930317807364        7.3954291305218644E-003  -0.0000000000000000     
   6655.9613066958864        7.3954291305218644E-003  -0.0000000000000000     
   6664.2295816110363        7.3954291305218644E-003  -0.0000000000000000     
   6672.4978565261863        7.3954291305218644E-003  -0.0000000000000000     
   6680.7661314413363        7.3954291305218644E-003  -0.0000000000000000     
   6689.0344063564862        7.3954291305218644E-003  -0.0000000000000000     
   6697.3026812716362        7.3954291305218644E-003  -0.0000000000000000     
   6705.5709561867861        7.3954291305218644E-003  -0.0000000000000000     
   6713.8392311019361        7.3954291305218644E-003  -0.0000000000000000     
   6722.1075060170861        7.3954291305218644E-003  -0.0000000000000000     
   6730.3757809322360        7.3954291305218644E-003  -0.0000000000000000     
   6738.6440558473860        7.3954291305218644E-003  -0.0000000000000000     
   6746.9123307625359        7.3954291305218644E-003  -0.0000000000000000     
   6755.1806056776859        7.3954291305218644E-003  -0.0000000000000000     
   6763.4488805928358        7.3954291305218644E-003  -0.0000000000000000     
   6771.7171555079858        7.3954291305218644E-003  -0.0000000000000000     
   6779.9854304231358        7.3954291305218644E-003  -0.0000000000000000     
   6788.2537053382857        7.3954291305218644E-003  -0.0000000000000000     
   6796.5219802534357        7.3954291305218644E-003  -0.0000000000000000     
   6804.7902551685856        7.3954291305218644E-003  -0.0000000000000000     
   6813.0585300837356        7.3954291305218644E-003  -0.0000000000000000     
   6821.3268049988856        7.3954291305218644E-003  -0.0000000000000000     
   6829.5950799140355        7.3954291305218644E-003  -0.0000000000000000     
   6837.8633548291855        7.3954291305218644E-003  -0.0000000000000000     
   6846.1316297443354        7.3954291305218644E-003  -0.0000000000000000     
   6854.3999046594854        7.3954291305218644E-003  -0.0000000000000000     
   6862.6681795746354        7.3954291305218644E-003  -0.0000000000000000     
   6870.9364544897853        7.3954291305218644E-003  -0.0000000000000000     
   6879.2047294049353        7.3954291305218644E-003  -0.0000000000000000     
   6887.4730043200852        7.3954291305218644E-003  -0.0000000000000000     
   6895.7412792352352        7.3954291305218644E-003  -0.0000000000000000     
   6904.0095541503852        7.3954291305218644E-003  -0.0000000000000000     
   6912.2778290655351        7.3954291305218644E-003  -0.0000000000000000     
   6920.5461039806851        7.3954291305218644E-003  -0.0000000000000000     
   6928.8143788958350        7.3954291305218644E-003  -0.0000000000000000     
   6937.0826538109850        7.3954291305218644E-003  -0.0000000000000000     
   6945.3509287261350        7.3954291305218644E-003  -0.0000000000000000     
   6953.6192036412849        7.3954291305218644E-003  -0.0000000000000000     
   6961.8874785564349        7.3954291305218644E-003  -0.0000000000000000     
   6970.1557534715848        7.3954291305218644E-003  -0.0000000000000000     
   6978.4240283867348        7.3954291305218644E-003  -0.0000000000000000     
   6986.6923033018847        7.3954291305218644E-003  -0.0000000000000000     
   6994.9605782170347        7.3954291305218644E-003  -0.0000000000000000     
   7003.2288531321847        7.3954291305218644E-003  -0.0000000000000000     
   7011.4971280473346        7.3954291305218644E-003  -0.0000000000000000     
   7019.7654029624846        7.3954291305218644E-003  -0.0000000000000000     
   7028.0336778776345        7.3954291305218644E-003  -0.0000000000000000     
   7036.3019527927845        7.3954291305218644E-003  -0.0000000000000000     
   7044.5702277079345        7.3954291305218644E-003  -0.0000000000000000     
   7052.8385026230844        7.3954291305218644E-003  -0.0000000000000000     
   7061.1067775382344        7.3954291305218644E-003  -0.0000000000000000     
   7069.3750524533843        7.3954291305218644E-003  -0.0000000000000000     
   7077.6433273685343        7.3954291305218644E-003  -0.0000000000000000     
   7085.9116022836843        7.3954291305218644E-003  -0.0000000000000000     
   7094.1798771988342        7.3954291305218644E-003  -0.0000000000000000     
   7102.4481521139842        7.3954291305218644E-003  -0.0000000000000000     
   7110.7164270291341        7.3954291305218644E-003  -0.0000000000000000     
   7118.9847019442841        7.3954291305218644E-003  -0.0000000000000000     
   7127.2529768594341        7.3954291305218644E-003  -0.0000000000000000     
   7135.5212517745840        7.3954291305218644E-003  -0.0000000000000000     
   7143.7895266897340        7.3954291305218644E-003  -0.0000000000000000     
   7152.0578016048839        7.3954291305218644E-003  -0.0000000000000000     
   7160.3260765200339        7.3954291305218644E-003  -0.0000000000000000     
   7168.5943514351839        7.3954291305218644E-003  -0.0000000000000000     
   7176.8626263503338        7.3954291305218644E-003  -0.0000000000000000     
   7185.1309012654838        7.3954291305218644E-003  -0.0000000000000000     
   7193.3991761806337        7.3954291305218644E-003  -0.0000000000000000     
   7201.6674510957837        7.3954291305218644E-003  -0.0000000000000000     
   7209.9357260109336        7.3954291305218644E-003  -0.0000000000000000     
   7218.2040009260836        7.3954291305218644E-003  -0.0000000000000000     
   7226.4722758412336        7.3954291305218644E-003  -0.0000000000000000     
   7234.7405507563835        7.3954291305218644E-003  -0.0000000000000000     
   7243.0088256715335        7.3954291305218644E-003  -0.0000000000000000     
   7251.2771005866834        7.3954291305218644E-003  -0.0000000000000000     
   7259.5453755018334        7.3954291305218644E-003  -0.0000000000000000     
   7267.8136504169834        7.3954291305218644E-003  -0.0000000000000000     
   7276.0819253321333        7.3954291305218644E-003  -0.0000000000000000     
   7284.3502002472833        7.3954291305218644E-003  -0.0000000000000000     
   7292.6184751624332        7.3954291305218644E-003  -0.0000000000000000     
   7300.8867500775832        7.3954291305218644E-003  -0.0000000000000000     
   7309.1550249927332        7.3954291305218644E-003  -0.0000000000000000     
   7317.4232999078831        7.3954291305218644E-003  -0.0000000000000000     
   7325.6915748230331        7.3954291305218644E-003  -0.0000000000000000     
   7333.9598497381830        7.3954291305218644E-003  -0.0000000000000000     
   7342.2281246533330        7.3954291305218644E-003  -0.0000000000000000     
   7350.4963995684830        7.3954291305218644E-003  -0.0000000000000000     
   7358.7646744836329        7.3954291305218644E-003  -0.0000000000000000     
   7367.0329493987829        7.3954291305218644E-003  -0.0000000000000000     
   7375.3012243139328        7.3954291305218644E-003  -0.0000000000000000     
   7383.5694992290828        7.3954291305218644E-003  -0.0000000000000000     
   7391.8377741442328        7.3954291305218644E-003  -0.0000000000000000     
   7400.1060490593827        7.3954291305218644E-003  -0.0000000000000000     
   7408.3743239745327        7.3954291305218644E-003  -0.0000000000000000     
   7416.6425988896826        7.3954291305218644E-003  -0.0000000000000000     
   7424.9108738048326        7.3954291305218644E-003  -0.0000000000000000     
   7433.1791487199825        7.3954291305218644E-003  -0.0000000000000000     
   7441.4474236351325        7.3954291305218644E-003  -0.0000000000000000     
   7449.7156985502825        7.3954291305218644E-003  -0.0000000000000000     
   7457.9839734654324        7.3954291305218644E-003  -0.0000000000000000     
   7466.2522483805824        7.3954291305218644E-003  -0.0000000000000000     
   7474.5205232957323        7.3954291305218644E-003  -0.0000000000000000     
   7482.7887982108823        7.3954291305218644E-003  -0.0000000000000000     
   7491.0570731260323        7.3954291305218644E-003  -0.0000000000000000     
   7499.3253480411822        7.3954291305218644E-003  -0.0000000000000000     
   7507.5936229563322        7.3954291305218644E-003  -0.0000000000000000     
   7515.8618978714821        7.3954291305218644E-003  -0.0000000000000000     
   7524.1301727866321        7.3954291305218644E-003  -0.0000000000000000     
   7532.3984477017821        7.3954291305218644E-003  -0.0000000000000000     
   7540.6667226169320        7.3954291305218644E-003  -0.0000000000000000     
   7548.9349975320820        7.3954291305218644E-003  -0.0000000000000000     
   7557.2032724472319        7.3954291305218644E-003  -0.0000000000000000     
   7565.4715473623819        7.3954291305218644E-003  -0.0000000000000000     
   7573.7398222775319        7.3954291305218644E-003  -0.0000000000000000     
   7582.0080971926818        7.3954291305218644E-003  -0.0000000000000000     
   7590.2763721078318        7.3954291305218644E-003  -0.0000000000000000     
   7598.5446470229817        7.3954291305218644E-003  -0.0000000000000000     
   7606.8129219381317        7.3954291305218644E-003  -0.0000000000000000     
   7615.0811968532817        7.3954291305218644E-003  -0.0000000000000000     
   7623.3494717684316        7.3954291305218644E-003  -0.0000000000000000     
   7631.6177466835816        7.3954291305218644E-003  -0.0000000000000000     
   7639.8860215987315        7.3954291305218644E-003  -0.0000000000000000     
   7648.1542965138815        7.3954291305218644E-003  -0.0000000000000000     
   7656.4225714290314        7.3954291305218644E-003  -0.0000000000000000     
   7664.6908463441814        7.3954291305218644E-003  -0.0000000000000000     
   7672.9591212593314        7.3954291305218644E-003  -0.0000000000000000     
   7681.2273961744813        7.3954291305218644E-003  -0.0000000000000000     
   7689.4956710896313        7.3954291305218644E-003  -0.0000000000000000     
   7697.7639460047812        7.3954291305218644E-003  -0.0000000000000000     
   7706.0322209199312        7.3954291305218644E-003  -0.0000000000000000     
   7714.3004958350812        7.3954291305218644E-003  -0.0000000000000000     
   7722.5687707502311        7.3954291305218644E-003  -0.0000000000000000     
   7730.8370456653811        7.3954291305218644E-003  -0.0000000000000000     
   7739.1053205805310        7.3954291305218644E-003  -0.0000000000000000     
   7747.3735954956810        7.3954291305218644E-003  -0.0000000000000000     
   7755.6418704108310        7.3954291305218644E-003  -0.0000000000000000     
   7763.9101453259809        7.3954291305218644E-003  -0.0000000000000000     
   7772.1784202411309        7.3954291305218644E-003  -0.0000000000000000     
   7780.4466951562808        7.3954291305218644E-003  -0.0000000000000000     
   7788.7149700714308        7.3954291305218644E-003  -0.0000000000000000     
   7796.9832449865808        7.3954291305218644E-003  -0.0000000000000000     
   7805.2515199017307        7.3954291305218644E-003  -0.0000000000000000     
   7813.5197948168807        7.3954291305218644E-003  -0.0000000000000000     
   7821.7880697320306        7.3954291305218644E-003  -0.0000000000000000     
   7830.0563446471806        7.3954291305218644E-003  -0.0000000000000000     
   7838.3246195623306        7.3954291305218644E-003  -0.0000000000000000     
   7846.5928944774805        7.3954291305218644E-003  -0.0000000000000000     
   7854.8611693926305        7.3954291305218644E-003  -0.0000000000000000     
   7863.1294443077804        7.3954291305218644E-003  -0.0000000000000000     
   7871.3977192229304        7.3954291305218644E-003  -0.0000000000000000     
   7879.6659941380804        7.3954291305218644E-003  -0.0000000000000000     
   7887.9342690532303        7.3954291305218644E-003  -0.0000000000000000     
   7896.2025439683803        7.3954291305218644E-003  -0.0000000000000000     
   7904.4708188835302        7.3954291305218644E-003  -0.0000000000000000     
   7912.7390937986802        7.3954291305218644E-003  -0.0000000000000000     
   7921.0073687138301        7.3954291305218644E-003  -0.0000000000000000     
   7929.2756436289801        7.3954291305218644E-003  -0.0000000000000000     
   7937.5439185441301        7.3954291305218644E-003  -0.0000000000000000     
   7945.8121934592800        7.3954291305218644E-003  -0.0000000000000000     
   7954.0804683744300        7.3954291305218644E-003  -0.0000000000000000     
   7962.3487432895799        7.3954291305218644E-003  -0.0000000000000000     
   7970.6170182047299        7.3954291305218644E-003  -0.0000000000000000     
   7978.8852931198799        7.3954291305218644E-003  -0.0000000000000000     
   7987.1535680350298        7.3954291305218644E-003  -0.0000000000000000     
   7995.4218429501798        7.3954291305218644E-003  -0.0000000000000000     
   8003.6901178653297        7.3954291305218644E-003  -0.0000000000000000     
   8011.9583927804797        7.3954291305218644E-003  -0.0000000000000000     
   8020.2266676956297        7.3954291305218644E-003  -0.0000000000000000     
   8028.4949426107796        7.3954291305218644E-003  -0.0000000000000000     
   8036.7632175259296        7.3954291305218644E-003  -0.0000000000000000     
   8045.0314924410795        7.3954291305218644E-003  -0.0000000000000000     
   8053.2997673562295        7.3954291305218644E-003  -0.0000000000000000     
   8061.5680422713795        7.3954291305218644E-003  -0.0000000000000000     
   8069.8363171865294        7.3954291305218644E-003  -0.0000000000000000     
   8078.1045921016794        7.3954291305218644E-003  -0.0000000000000000     
   8086.3728670168293        7.3954291305218644E-003  -0.0000000000000000     
   8094.6411419319793        7.3954291305218644E-003  -0.0000000000000000     
   8102.9094168471293        7.3954291305218644E-003  -0.0000000000000000     
   8111.1776917622792        7.3954291305218644E-003  -0.0000000000000000     
   8119.4459666774292        7.3954291305218644E-003  -0.0000000000000000     
   8127.7142415925791        7.3954291305218644E-003  -0.0000000000000000     
   8135.9825165077291        7.3954291305218644E-003  -0.0000000000000000     
   8144.2507914228790        7.3954291305218644E-003  -0.0000000000000000     
   8152.5190663380290        7.3954291305218644E-003  -0.0000000000000000     
   8160.7873412531790        7.3954291305218644E-003  -0.0000000000000000     
   8169.0556161683289        7.3954291305218644E-003  -0.0000000000000000     
   8177.3238910834789        7.3954291305218644E-003  -0.0000000000000000     
   8185.5921659986288        7.3954291305218644E-003  -0.0000000000000000     
   8193.8604409137788        7.3954291305218644E-003  -0.0000000000000000     
   8202.1287158289288        7.3954291305218644E-003  -0.0000000000000000     
   8210.3969907440787        7.3954291305218644E-003  -0.0000000000000000     
   8218.6652656592287        7.3954291305218644E-003  -0.0000000000000000     
   8226.9335405743786        7.3954291305218644E-003  -0.0000000000000000     
   8235.2018154895286        7.3954291305218644E-003  -0.0000000000000000     
   8243.4700904046786        7.3954291305218644E-003  -0.0000000000000000     
   8251.7383653198285        7.3954291305218644E-003  -0.0000000000000000     
   8260.0066402349785        7.3954291305218644E-003  -0.0000000000000000     
   8268.2749151501284        7.3954291305218644E-003  -0.0000000000000000     
   8276.5431900652784        7.3954291305218644E-003  -0.0000000000000000     
   8284.8114649804284        7.3954291305218644E-003  -0.0000000000000000     
   8293.0797398955783        7.3954291305218644E-003  -0.0000000000000000     
   8301.3480148107283        7.3954291305218644E-003  -0.0000000000000000     
   8309.6162897258782        7.3954291305218644E-003  -0.0000000000000000     
   8317.8845646410282        7.3954291305218644E-003  -0.0000000000000000     
   8326.1528395561782        7.3954291305218644E-003  -0.0000000000000000     
   8334.4211144713281        7.3954291305218644E-003  -0.0000000000000000     
   8342.6893893864781        7.3954291305218644E-003  -0.0000000000000000     
   8350.9576643016280        7.3954291305218644E-003  -0.0000000000000000     
   8359.2259392167780        7.3954291305218644E-003  -0.0000000000000000     
   8367.4942141319279        7.3954291305218644E-003  -0.0000000000000000     
   8375.7624890470779        7.3954291305218644E-003  -0.0000000000000000     
   8384.0307639622279        7.3954291305218644E-003  -0.0000000000000000     
   8392.2990388773778        7.3954291305218644E-003  -0.0000000000000000     
   8400.5673137925278        7.3954291305218644E-003  -0.0000000000000000     
   8408.8355887076777        7.3954291305218644E-003  -0.0000000000000000     
   8417.1038636228277        7.3954291305218644E-003  -0.0000000000000000     
   8425.3721385379777        7.3954291305218644E-003  -0.0000000000000000     
   8433.6404134531276        7.3954291305218644E-003  -0.0000000000000000     
   8441.9086883682776        7.3954291305218644E-003  -0.0000000000000000     
   8450.1769632834275        7.3954291305218644E-003  -0.0000000000000000     
   8458.4452381985775        7.3954291305218644E-003  -0.0000000000000000     
   8466.7135131137275        7.3954291305218644E-003  -0.0000000000000000     
   8474.9817880288774        7.3954291305218644E-003  -0.0000000000000000     
   8483.2500629440274        7.3954291305218644E-003  -0.0000000000000000     
   8491.5183378591773        7.3954291305218644E-003  -0.0000000000000000     
   8499.7866127743273        7.3954291305218644E-003  -0.0000000000000000     
   8508.0548876894773        7.3954291305218644E-003  -0.0000000000000000     
   8516.3231626046272        7.3954291305218644E-003  -0.0000000000000000     
   8524.5914375197772        7.3954291305218644E-003  -0.0000000000000000     
   8532.8597124349271        7.3954291305218644E-003  -0.0000000000000000     
   8541.1279873500771        7.3954291305218644E-003  -0.0000000000000000     
   8549.3962622652271        7.3954291305218644E-003  -0.0000000000000000     
   8557.6645371803770        7.3954291305218644E-003  -0.0000000000000000     
   8565.9328120955270        7.3954291305218644E-003  -0.0000000000000000     
   8574.2010870106769        7.3954291305218644E-003  -0.0000000000000000     
   8582.4693619258269        7.3954291305218644E-003  -0.0000000000000000     
   8590.7376368409768        7.3954291305218644E-003  -0.0000000000000000     
   8599.0059117561268        7.3954291305218644E-003  -0.0000000000000000     
   8607.2741866712768        7.3954291305218644E-003  -0.0000000000000000     
   8615.5424615864267        7.3954291305218644E-003  -0.0000000000000000     
   8623.8107365015767        7.3954291305218644E-003  -0.0000000000000000     
   8632.0790114167266        7.3954291305218644E-003  -0.0000000000000000     
   8640.3472863318766        7.3954291305218644E-003  -0.0000000000000000     
   8648.6155612470266        7.3954291305218644E-003  -0.0000000000000000     
   8656.8838361621765        7.3954291305218644E-003  -0.0000000000000000     
   8665.1521110773265        7.3954291305218644E-003  -0.0000000000000000     
   8673.4203859924764        7.3954291305218644E-003  -0.0000000000000000     
   8681.6886609076264        7.3954291305218644E-003  -0.0000000000000000     
   8689.9569358227764        7.3954291305218644E-003  -0.0000000000000000     
   8698.2252107379263        7.3954291305218644E-003  -0.0000000000000000     
   8706.4934856530763        7.3954291305218644E-003  -0.0000000000000000     
   8714.7617605682262        7.3954291305218644E-003  -0.0000000000000000     
   8723.0300354833762        7.3954291305218644E-003  -0.0000000000000000     
   8731.2983103985262        7.3954291305218644E-003  -0.0000000000000000     
   8739.5665853136761        7.3954291305218644E-003  -0.0000000000000000     
   8747.8348602288261        7.3954291305218644E-003  -0.0000000000000000     
   8756.1031351439760        7.3954291305218644E-003  -0.0000000000000000     
   8764.3714100591260        7.3954291305218644E-003  -0.0000000000000000     
   8772.6396849742760        7.3954291305218644E-003  -0.0000000000000000     
   8780.9079598894259        7.3954291305218644E-003  -0.0000000000000000     
   8789.1762348045759        7.3954291305218644E-003  -0.0000000000000000     
   8797.4445097197258        7.3954291305218644E-003  -0.0000000000000000     
   8805.7127846348758        7.3954291305218644E-003  -0.0000000000000000     
   8813.9810595500257        7.3954291305218644E-003  -0.0000000000000000     
   8822.2493344651757        7.3954291305218644E-003  -0.0000000000000000     
   8830.5176093803257        7.3954291305218644E-003  -0.0000000000000000     
   8838.7858842954756        7.3954291305218644E-003  -0.0000000000000000     
   8847.0541592106256        7.3954291305218644E-003  -0.0000000000000000     
   8855.3224341257755        7.3954291305218644E-003  -0.0000000000000000     
   8863.5907090409255        7.3954291305218644E-003  -0.0000000000000000     
   8871.8589839560755        7.3954291305218644E-003  -0.0000000000000000     
   8880.1272588712254        7.3954291305218644E-003  -0.0000000000000000     
   8888.3955337863754        7.3954291305218644E-003  -0.0000000000000000     
   8896.6638087015253        7.3954291305218644E-003  -0.0000000000000000     
   8904.9320836166753        7.3954291305218644E-003  -0.0000000000000000     
   8913.2003585318253        7.3954291305218644E-003  -0.0000000000000000     
   8921.4686334469752        7.3954291305218644E-003  -0.0000000000000000     
   8929.7369083621252        7.3954291305218644E-003  -0.0000000000000000     
   8938.0051832772751        7.3954291305218644E-003  -0.0000000000000000     
   8946.2734581924251        7.3954291305218644E-003  -0.0000000000000000     
   8954.5417331075751        7.3954291305218644E-003  -0.0000000000000000     
   8962.8100080227250        7.3954291305218644E-003  -0.0000000000000000     
   8971.0782829378750        7.3954291305218644E-003  -0.0000000000000000     
   8979.3465578530249        7.3954291305218644E-003  -0.0000000000000000     
   8987.6148327681749        7.3954291305218644E-003  -0.0000000000000000     
   8995.8831076833249        7.3954291305218644E-003  -0.0000000000000000     
   9004.1513825984748        7.3954291305218644E-003  -0.0000000000000000     
   9012.4196575136248        7.3954291305218644E-003  -0.0000000000000000     
   9020.6879324287747        7.3954291305218644E-003  -0.0000000000000000     
   9028.9562073439247        7.3954291305218644E-003  -0.0000000000000000     
   9037.2244822590746        7.3954291305218644E-003  -0.0000000000000000     
   9045.4927571742246        7.3954291305218644E-003  -0.0000000000000000     
   9053.7610320893746        7.3954291305218644E-003  -0.0000000000000000     
   9062.0293070045245        7.3954291305218644E-003  -0.0000000000000000     
   9070.2975819196745        7.3954291305218644E-003  -0.0000000000000000     
   9078.5658568348244        7.3954291305218644E-003  -0.0000000000000000     
   9086.8341317499744        7.3954291305218644E-003  -0.0000000000000000     
   9095.1024066651244        7.3954291305218644E-003  -0.0000000000000000     
   9103.3706815802743        7.3954291305218644E-003  -0.0000000000000000     
   9111.6389564954243        7.3954291305218644E-003  -0.0000000000000000     
   9119.9072314105742        7.3954291305218644E-003  -0.0000000000000000     
   9128.1755063257242        7.3954291305218644E-003  -0.0000000000000000     
   9136.4437812408742        7.3954291305218644E-003  -0.0000000000000000     
   9144.7120561560241        7.3954291305218644E-003  -0.0000000000000000     
   9152.9803310711741        7.3954291305218644E-003  -0.0000000000000000     
   9161.2486059863240        7.3954291305218644E-003  -0.0000000000000000     
   9169.5168809014740        7.3954291305218644E-003  -0.0000000000000000     
   9177.7851558166240        7.3954291305218644E-003  -0.0000000000000000     
   9186.0534307317739        7.3954291305218644E-003  -0.0000000000000000     
   9194.3217056469239        7.3954291305218644E-003  -0.0000000000000000     
   9202.5899805620738        7.3954291305218644E-003  -0.0000000000000000     
   9210.8582554772238        7.3954291305218644E-003  -0.0000000000000000     
   9219.1265303923738        7.3954291305218644E-003  -0.0000000000000000     
   9227.3948053075237        7.3954291305218644E-003  -0.0000000000000000     
   9235.6630802226737        7.3954291305218644E-003  -0.0000000000000000     
   9243.9313551378236        7.3954291305218644E-003  -0.0000000000000000     
   9252.1996300529736        7.3954291305218644E-003  -0.0000000000000000     
   9260.4679049681235        7.3954291305218644E-003  -0.0000000000000000     
   9268.7361798832735        7.3954291305218644E-003  -0.0000000000000000     
   9277.0044547984235        7.3954291305218644E-003  -0.0000000000000000     
   9285.2727297135734        7.3954291305218644E-003  -0.0000000000000000     
   9293.5410046287234        7.3954291305218644E-003  -0.0000000000000000     
   9301.8092795438733        7.3954291305218644E-003  -0.0000000000000000     
   9310.0775544590233        7.3954291305218644E-003  -0.0000000000000000     
   9318.3458293741733        7.3954291305218644E-003  -0.0000000000000000     
   9326.6141042893232        7.3954291305218644E-003  -0.0000000000000000     
   9334.8823792044732        7.3954291305218644E-003  -0.0000000000000000     
   9343.1506541196231        7.3954291305218644E-003  -0.0000000000000000     
   9351.4189290347731        7.3954291305218644E-003  -0.0000000000000000     
   9359.6872039499231        7.3954291305218644E-003  -0.0000000000000000     
   9367.9554788650730        7.3954291305218644E-003  -0.0000000000000000     
   9376.2237537802230        7.3954291305218644E-003  -0.0000000000000000     
   9384.4920286953729        7.3954291305218644E-003  -0.0000000000000000     
   9392.7603036105229        7.3954291305218644E-003  -0.0000000000000000     
   9401.0285785256729        7.3954291305218644E-003  -0.0000000000000000     
   9409.2968534408228        7.3954291305218644E-003  -0.0000000000000000     
   9417.5651283559728        7.3954291305218644E-003  -0.0000000000000000     
   9425.8334032711227        7.3954291305218644E-003  -0.0000000000000000     
   9434.1016781862727        7.3954291305218644E-003  -0.0000000000000000     
   9442.3699531014227        7.3954291305218644E-003  -0.0000000000000000     
   9450.6382280165726        7.3954291305218644E-003  -0.0000000000000000     
   9458.9065029317226        7.3954291305218644E-003  -0.0000000000000000     
   9467.1747778468725        7.3954291305218644E-003  -0.0000000000000000     
   9475.4430527620225        7.3954291305218644E-003  -0.0000000000000000     
   9483.7113276771724        7.3954291305218644E-003  -0.0000000000000000     
   9491.9796025923224        7.3954291305218644E-003  -0.0000000000000000     
   9500.2478775074724        7.3954291305218644E-003  -0.0000000000000000     
   9508.5161524226223        7.3954291305218644E-003  -0.0000000000000000     
   9516.7844273377723        7.3954291305218644E-003  -0.0000000000000000     
   9525.0527022529222        7.3954291305218644E-003  -0.0000000000000000     
   9533.3209771680722        7.3954291305218644E-003  -0.0000000000000000     
   9541.5892520832222        7.3954291305218644E-003  -0.0000000000000000     
   9549.8575269983721        7.3954291305218644E-003  -0.0000000000000000     
   9558.1258019135221        7.3954291305218644E-003  -0.0000000000000000     
   9566.3940768286720        7.3954291305218644E-003  -0.0000000000000000     
   9574.6623517438220        7.3954291305218644E-003  -0.0000000000000000     
   9582.9306266589720        7.3954291305218644E-003  -0.0000000000000000     
   9591.1989015741219        7.3954291305218644E-003  -0.0000000000000000     
   9599.4671764892719        7.3954291305218644E-003  -0.0000000000000000     
   9607.7354514044218        7.3954291305218644E-003  -0.0000000000000000     
   9616.0037263195718        7.3954291305218644E-003  -0.0000000000000000     
   9624.2720012347218        7.3954291305218644E-003  -0.0000000000000000     
   9632.5402761498717        7.3954291305218644E-003  -0.0000000000000000     
   9640.8085510650217        7.3954291305218644E-003  -0.0000000000000000     
   9649.0768259801716        7.3954291305218644E-003  -0.0000000000000000     
   9657.3451008953216        7.3954291305218644E-003  -0.0000000000000000     
   9665.6133758104716        7.3954291305218644E-003  -0.0000000000000000     
   9673.8816507256215        7.3954291305218644E-003  -0.0000000000000000     
   9682.1499256407715        7.3954291305218644E-003  -0.0000000000000000     
   9690.4182005559214        7.3954291305218644E-003  -0.0000000000000000     
   9698.6864754710714        7.3954291305218644E-003  -0.0000000000000000     
   9706.9547503862213        7.3954291305218644E-003  -0.0000000000000000     
   9715.2230253013713        7.3954291305218644E-003  -0.0000000000000000     
   9723.4913002165213        7.3954291305218644E-003  -0.0000000000000000     
   9731.7595751316712        7.3954291305218644E-003  -0.0000000000000000     
   9740.0278500468212        7.3954291305218644E-003  -0.0000000000000000     
   9748.2961249619711        7.3954291305218644E-003  -0.0000000000000000     
   9756.5643998771211        7.3954291305218644E-003  -0.0000000000000000     
   9764.8326747922711        7.3954291305218644E-003  -0.0000000000000000     
   9773.1009497074210        7.3954291305218644E-003  -0.0000000000000000     
   9781.3692246225710        7.3954291305218644E-003  -0.0000000000000000     
   9789.6374995377209        7.3954291305218644E-003  -0.0000000000000000     
   9797.9057744528709        7.3954291305218644E-003  -0.0000000000000000     
   9806.1740493680209        7.3954291305218644E-003  -0.0000000000000000     
   9814.4423242831708        7.3954291305218644E-003  -0.0000000000000000     
   9822.7105991983208        7.3954291305218644E-003  -0.0000000000000000     
   9830.9788741134707        7.3954291305218644E-003  -0.0000000000000000     
   9839.2471490286207        7.3954291305218644E-003  -0.0000000000000000     
   9847.5154239437707        7.3954291305218644E-003  -0.0000000000000000     
   9855.7836988589206        7.3954291305218644E-003  -0.0000000000000000     
   9864.0519737740706        7.3954291305218644E-003  -0.0000000000000000     
   9872.3202486892205        7.3954291305218644E-003  -0.0000000000000000     
   9880.5885236043705        7.3954291305218644E-003  -0.0000000000000000     
   9888.8567985195205        7.3954291305218644E-003  -0.0000000000000000     
   9897.1250734346704        7.3954291305218644E-003  -0.0000000000000000     
   9905.3933483498204        7.3954291305218644E-003  -0.0000000000000000     
   9913.6616232649703        7.3954291305218644E-003  -0.0000000000000000     
   9921.9298981801203        7.3954291305218644E-003  -0.0000000000000000     
   9930.1981730952702        7.3954291305218644E-003  -0.0000000000000000     
   9938.4664480104202        7.3954291305218644E-003  -0.0000000000000000     
   9946.7347229255702        7.3954291305218644E-003  -0.0000000000000000     
   9955.0029978407201        7.3954291305218644E-003  -0.0000000000000000     
   9963.2712727558701        7.3954291305218644E-003  -0.0000000000000000     
   9971.5395476710200        7.3954291305218644E-003  -0.0000000000000000     
   9979.8078225861700        7.3954291305218644E-003  -0.0000000000000000     
   9988.0760975013200        7.3954291305218644E-003  -0.0000000000000000     
   9996.3443724164699        7.3954291305218644E-003  -0.0000000000000000     
   10004.612647331620        7.3954291305218644E-003  -0.0000000000000000     
   10012.880922246770        7.3954291305218644E-003  -0.0000000000000000     
   10021.149197161920        7.3954291305218644E-003  -0.0000000000000000     
   10029.417472077070        7.3954291305218644E-003  -0.0000000000000000     
   10037.685746992220        7.3954291305218644E-003  -0.0000000000000000     
   10045.954021907370        7.3954291305218644E-003  -0.0000000000000000     
   10054.222296822520        7.3954291305218644E-003  -0.0000000000000000     
   10062.490571737670        7.3954291305218644E-003  -0.0000000000000000     
   10070.758846652820        7.3954291305218644E-003  -0.0000000000000000     
   10079.027121567970        7.3954291305218644E-003  -0.0000000000000000     
   10087.295396483119        7.3954291305218644E-003  -0.0000000000000000     
   10095.563671398269        7.3954291305218644E-003  -0.0000000000000000     
   10103.831946313419        7.3954291305218644E-003  -0.0000000000000000     
   10112.100221228569        7.3954291305218644E-003  -0.0000000000000000     
   10120.368496143719        7.3954291305218644E-003  -0.0000000000000000     
   10128.636771058869        7.3954291305218644E-003  -0.0000000000000000     
   10136.905045974019        7.3954291305218644E-003  -0.0000000000000000     
   10145.173320889169        7.3954291305218644E-003  -0.0000000000000000     
   10153.441595804319        7.3954291305218644E-003  -0.0000000000000000     
   10161.709870719469        7.3954291305218644E-003  -0.0000000000000000     
   10169.978145634619        7.3954291305218644E-003  -0.0000000000000000     
   10178.246420549769        7.3954291305218644E-003  -0.0000000000000000     
   10186.514695464919        7.3954291305218644E-003  -0.0000000000000000     
   10194.782970380069        7.3954291305218644E-003  -0.0000000000000000     
   10203.051245295219        7.3954291305218644E-003  -0.0000000000000000     
   10211.319520210369        7.3954291305218644E-003  -0.0000000000000000     
   10219.587795125519        7.3954291305218644E-003  -0.0000000000000000     
   10227.856070040669        7.3954291305218644E-003  -0.0000000000000000     
   10236.124344955819        7.3954291305218644E-003  -0.0000000000000000     
   10244.392619870969        7.3954291305218644E-003  -0.0000000000000000     
   10252.660894786119        7.3954291305218644E-003  -0.0000000000000000     
   10260.929169701269        7.3954291305218644E-003  -0.0000000000000000     
   10269.197444616419        7.3954291305218644E-003  -0.0000000000000000     
   10277.465719531569        7.3954291305218644E-003  -0.0000000000000000     
   10285.733994446718        7.3954291305218644E-003  -0.0000000000000000     
   10294.002269361868        7.3954291305218644E-003  -0.0000000000000000     
   10302.270544277018        7.3954291305218644E-003  -0.0000000000000000     
   10310.538819192168        7.3954291305218644E-003  -0.0000000000000000     
   10318.807094107318        7.3954291305218644E-003  -0.0000000000000000     
   10327.075369022468        7.3954291305218644E-003  -0.0000000000000000     
   10335.343643937618        7.3954291305218644E-003  -0.0000000000000000     
   10343.611918852768        7.3954291305218644E-003  -0.0000000000000000     
   10351.880193767918        7.3954291305218644E-003  -0.0000000000000000     
   10360.148468683068        7.3954291305218644E-003  -0.0000000000000000     
   10368.416743598218        7.3954291305218644E-003  -0.0000000000000000     
   10376.685018513368        7.3954291305218644E-003  -0.0000000000000000     
   10384.953293428518        7.3954291305218644E-003  -0.0000000000000000     
   10393.221568343668        7.3954291305218644E-003  -0.0000000000000000     
   10401.489843258818        7.3954291305218644E-003  -0.0000000000000000     
   10409.758118173968        7.3954291305218644E-003  -0.0000000000000000     
   10418.026393089118        7.3954291305218644E-003  -0.0000000000000000     
   10426.294668004268        7.3954291305218644E-003  -0.0000000000000000     
   10434.562942919418        7.3954291305218644E-003  -0.0000000000000000     
   10442.831217834568        7.3954291305218644E-003  -0.0000000000000000     
   10451.099492749718        7.3954291305218644E-003  -0.0000000000000000     
   10459.367767664868        7.3954291305218644E-003  -0.0000000000000000     
   10467.636042580018        7.3954291305218644E-003  -0.0000000000000000     
   10475.904317495168        7.3954291305218644E-003  -0.0000000000000000     
   10484.172592410318        7.3954291305218644E-003  -0.0000000000000000     
   10492.440867325467        7.3954291305218644E-003  -0.0000000000000000     
   10500.709142240617        7.3954291305218644E-003  -0.0000000000000000     
   10508.977417155767        7.3954291305218644E-003  -0.0000000000000000     
   10517.245692070917        7.3954291305218644E-003  -0.0000000000000000     
   10525.513966986067        7.3954291305218644E-003  -0.0000000000000000     
   10533.782241901217        7.3954291305218644E-003  -0.0000000000000000     
   10542.050516816367        7.3954291305218644E-003  -0.0000000000000000     
   10550.318791731517        7.3954291305218644E-003  -0.0000000000000000     
   10558.587066646667        7.3954291305218644E-003  -0.0000000000000000     
   10566.855341561817        7.3954291305218644E-003  -0.0000000000000000     
   10575.123616476967        7.3954291305218644E-003  -0.0000000000000000     
   10583.391891392117        7.3954291305218644E-003  -0.0000000000000000     
   10591.660166307267        7.3954291305218644E-003  -0.0000000000000000     
   10599.928441222417        7.3954291305218644E-003  -0.0000000000000000     
   10608.196716137567        7.3954291305218644E-003  -0.0000000000000000     
   10616.464991052717        7.3954291305218644E-003  -0.0000000000000000     
   10624.733265967867        7.3954291305218644E-003  -0.0000000000000000     
   10633.001540883017        7.3954291305218644E-003  -0.0000000000000000     
   10641.269815798167        7.3954291305218644E-003  -0.0000000000000000     
   10649.538090713317        7.3954291305218644E-003  -0.0000000000000000     
   10657.806365628467        7.3954291305218644E-003  -0.0000000000000000     
   10666.074640543617        7.3954291305218644E-003  -0.0000000000000000     
   10674.342915458767        7.3954291305218644E-003  -0.0000000000000000     
   10682.611190373917        7.3954291305218644E-003  -0.0000000000000000     
   10690.879465289067        7.3954291305218644E-003  -0.0000000000000000     
   10699.147740204216        7.3954291305218644E-003  -0.0000000000000000     
   10707.416015119366        7.3954291305218644E-003  -0.0000000000000000     
   10715.684290034516        7.3954291305218644E-003  -0.0000000000000000     
   10723.952564949666        7.3954291305218644E-003  -0.0000000000000000     
   10732.220839864816        7.3954291305218644E-003  -0.0000000000000000     
   10740.489114779966        7.3954291305218644E-003  -0.0000000000000000     
   10748.757389695116        7.3954291305218644E-003  -0.0000000000000000     
   10757.025664610266        7.3954291305218644E-003  -0.0000000000000000     
   10765.293939525416        7.3954291305218644E-003  -0.0000000000000000     
   10773.562214440566        7.3954291305218644E-003  -0.0000000000000000     
   10781.830489355716        7.3954291305218644E-003  -0.0000000000000000     
   10790.098764270866        7.3954291305218644E-003  -0.0000000000000000     
   10798.367039186016        7.3954291305218644E-003  -0.0000000000000000     
   10806.635314101166        7.3954291305218644E-003  -0.0000000000000000     
   10814.903589016316        7.3954291305218644E-003  -0.0000000000000000     
   10823.171863931466        7.3954291305218644E-003  -0.0000000000000000     
   10831.440138846616        7.3954291305218644E-003  -0.0000000000000000     
   10839.708413761766        7.3954291305218644E-003  -0.0000000000000000     
   10847.976688676916        7.3954291305218644E-003  -0.0000000000000000     
   10856.244963592066        7.3954291305218644E-003  -0.0000000000000000     
   10864.513238507216        7.3954291305218644E-003  -0.0000000000000000     
   10872.781513422366        7.3954291305218644E-003  -0.0000000000000000     
   10881.049788337516        7.3954291305218644E-003  -0.0000000000000000     
   10889.318063252666        7.3954291305218644E-003  -0.0000000000000000     
   10897.586338167815        7.3954291305218644E-003  -0.0000000000000000     
   10905.854613082965        7.3954291305218644E-003  -0.0000000000000000     
   10914.122887998115        7.3954291305218644E-003  -0.0000000000000000     
   10922.391162913265        7.3954291305218644E-003  -0.0000000000000000     
   10930.659437828415        7.3954291305218644E-003  -0.0000000000000000     
   10938.927712743565        7.3954291305218644E-003  -0.0000000000000000     
   10947.195987658715        7.3954291305218644E-003  -0.0000000000000000     
   10955.464262573865        7.3954291305218644E-003  -0.0000000000000000     
   10963.732537489015        7.3954291305218644E-003  -0.0000000000000000     
   10972.000812404165        7.3954291305218644E-003  -0.0000000000000000     
   10980.269087319315        7.3954291305218644E-003  -0.0000000000000000     
   10988.537362234465        7.3954291305218644E-003  -0.0000000000000000     
   10996.805637149615        7.3954291305218644E-003  -0.0000000000000000     
   11005.073912064765        7.3954291305218644E-003  -0.0000000000000000     
   11013.342186979915        7.3954291305218644E-003  -0.0000000000000000     
   11021.610461895065        7.3954291305218644E-003  -0.0000000000000000     
   11029.878736810215        7.3954291305218644E-003  -0.0000000000000000     
   11038.147011725365        7.3954291305218644E-003  -0.0000000000000000     
   11046.415286640515        7.3954291305218644E-003  -0.0000000000000000     
   11054.683561555665        7.3954291305218644E-003  -0.0000000000000000     
   11062.951836470815        7.3954291305218644E-003  -0.0000000000000000     
   11071.220111385965        7.3954291305218644E-003  -0.0000000000000000     
   11079.488386301115        7.3954291305218644E-003  -0.0000000000000000     
   11087.756661216265        7.3954291305218644E-003  -0.0000000000000000     
   11096.024936131415        7.3954291305218644E-003  -0.0000000000000000     
   11104.293211046564        7.3954291305218644E-003  -0.0000000000000000     
   11112.561485961714        7.3954291305218644E-003  -0.0000000000000000     
   11120.829760876864        7.3954291305218644E-003  -0.0000000000000000     
   11129.098035792014        7.3954291305218644E-003  -0.0000000000000000     
   11137.366310707164        7.3954291305218644E-003  -0.0000000000000000     
   11145.634585622314        7.3954291305218644E-003  -0.0000000000000000     
   11153.902860537464        7.3954291305218644E-003  -0.0000000000000000     
   11162.171135452614        7.3954291305218644E-003  -0.0000000000000000     
   11170.439410367764        7.3954291305218644E-003  -0.0000000000000000     
   11178.707685282914        7.3954291305218644E-003  -0.0000000000000000     
   11186.975960198064        7.3954291305218644E-003  -0.0000000000000000     
   11195.244235113214        7.3954291305218644E-003  -0.0000000000000000     
   11203.512510028364        7.3954291305218644E-003  -0.0000000000000000     
   11211.780784943514        7.3954291305218644E-003  -0.0000000000000000     
   11220.049059858664        7.3954291305218644E-003  -0.0000000000000000     
   11228.317334773814        7.3954291305218644E-003  -0.0000000000000000     
   11236.585609688964        7.3954291305218644E-003  -0.0000000000000000     
   11244.853884604114        7.3954291305218644E-003  -0.0000000000000000     
   11253.122159519264        7.3954291305218644E-003  -0.0000000000000000     
   11261.390434434414        7.3954291305218644E-003  -0.0000000000000000     
   11269.658709349564        7.3954291305218644E-003  -0.0000000000000000     
   11277.926984264714        7.3954291305218644E-003  -0.0000000000000000     
   11286.195259179864        7.3954291305218644E-003  -0.0000000000000000     
   11294.463534095014        7.3954291305218644E-003  -0.0000000000000000     
   11302.731809010163        7.3954291305218644E-003  -0.0000000000000000     
   11311.000083925313        7.3954291305218644E-003  -0.0000000000000000     
   11319.268358840463        7.3954291305218644E-003  -0.0000000000000000     
   11327.536633755613        7.3954291305218644E-003  -0.0000000000000000     
   11335.804908670763        7.3954291305218644E-003  -0.0000000000000000     
   11344.073183585913        7.3954291305218644E-003  -0.0000000000000000     
   11352.341458501063        7.3954291305218644E-003  -0.0000000000000000     
   11360.609733416213        7.3954291305218644E-003  -0.0000000000000000     
   11368.878008331363        7.3954291305218644E-003  -0.0000000000000000     
   11377.146283246513        7.3954291305218644E-003  -0.0000000000000000     
   11385.414558161663        7.3954291305218644E-003  -0.0000000000000000     
   11393.682833076813        7.3954291305218644E-003  -0.0000000000000000     
   11401.951107991963        7.3954291305218644E-003  -0.0000000000000000     
   11410.219382907113        7.3954291305218644E-003  -0.0000000000000000     
   11418.487657822263        7.3954291305218644E-003  -0.0000000000000000     
   11426.755932737413        7.3954291305218644E-003  -0.0000000000000000     
   11435.024207652563        7.3954291305218644E-003  -0.0000000000000000     
   11443.292482567713        7.3954291305218644E-003  -0.0000000000000000     
   11451.560757482863        7.3954291305218644E-003  -0.0000000000000000     
   11459.829032398013        7.3954291305218644E-003  -0.0000000000000000     
   11468.097307313163        7.3954291305218644E-003  -0.0000000000000000     
   11476.365582228313        7.3954291305218644E-003  -0.0000000000000000     
   11484.633857143463        7.3954291305218644E-003  -0.0000000000000000     
   11492.902132058613        7.3954291305218644E-003  -0.0000000000000000     
   11501.170406973763        7.3954291305218644E-003  -0.0000000000000000     
   11509.438681888912        7.3954291305218644E-003  -0.0000000000000000     
   11517.706956804062        7.3954291305218644E-003  -0.0000000000000000     
   11525.975231719212        7.3954291305218644E-003  -0.0000000000000000     
   11534.243506634362        7.3954291305218644E-003  -0.0000000000000000     
   11542.511781549512        7.3954291305218644E-003  -0.0000000000000000     
   11550.780056464662        7.3954291305218644E-003  -0.0000000000000000     
   11559.048331379812        7.3954291305218644E-003  -0.0000000000000000     
   11567.316606294962        7.3954291305218644E-003  -0.0000000000000000     
   11575.584881210112        7.3954291305218644E-003  -0.0000000000000000     
   11583.853156125262        7.3954291305218644E-003  -0.0000000000000000     
   11592.121431040412        7.3954291305218644E-003  -0.0000000000000000     
   11600.389705955562        7.3954291305218644E-003  -0.0000000000000000     
   11608.657980870712        7.3954291305218644E-003  -0.0000000000000000     
   11616.926255785862        7.3954291305218644E-003  -0.0000000000000000     
   11625.194530701012        7.3954291305218644E-003  -0.0000000000000000     
   11633.462805616162        7.3954291305218644E-003  -0.0000000000000000     
   11641.731080531312        7.3954291305218644E-003  -0.0000000000000000     
   11649.999355446462        7.3954291305218644E-003  -0.0000000000000000     
   11658.267630361612        7.3954291305218644E-003  -0.0000000000000000     
   11666.535905276762        7.3954291305218644E-003  -0.0000000000000000     
   11674.804180191912        7.3954291305218644E-003  -0.0000000000000000     
   11683.072455107062        7.3954291305218644E-003  -0.0000000000000000     
   11691.340730022212        7.3954291305218644E-003  -0.0000000000000000     
   11699.609004937362        7.3954291305218644E-003  -0.0000000000000000     
   11707.877279852511        7.3954291305218644E-003  -0.0000000000000000     
   11716.145554767661        7.3954291305218644E-003  -0.0000000000000000     
   11724.413829682811        7.3954291305218644E-003  -0.0000000000000000     
   11732.682104597961        7.3954291305218644E-003  -0.0000000000000000     
   11740.950379513111        7.3954291305218644E-003  -0.0000000000000000     
   11749.218654428261        7.3954291305218644E-003  -0.0000000000000000     
   11757.486929343411        7.3954291305218644E-003  -0.0000000000000000     
   11765.755204258561        7.3954291305218644E-003  -0.0000000000000000     
   11774.023479173711        7.3954291305218644E-003  -0.0000000000000000     
   11782.291754088861        7.3954291305218644E-003  -0.0000000000000000     
   11790.560029004011        7.3954291305218644E-003  -0.0000000000000000     
   11798.828303919161        7.3954291305218644E-003  -0.0000000000000000     
   11807.096578834311        7.3954291305218644E-003  -0.0000000000000000     
   11815.364853749461        7.3954291305218644E-003  -0.0000000000000000     
   11823.633128664611        7.3954291305218644E-003  -0.0000000000000000     
   11831.901403579761        7.3954291305218644E-003  -0.0000000000000000     
   11840.169678494911        7.3954291305218644E-003  -0.0000000000000000     
   11848.437953410061        7.3954291305218644E-003  -0.0000000000000000     
   11856.706228325211        7.3954291305218644E-003  -0.0000000000000000     
   11864.974503240361        7.3954291305218644E-003  -0.0000000000000000     
   11873.242778155511        7.3954291305218644E-003  -0.0000000000000000     
   11881.511053070661        7.3954291305218644E-003  -0.0000000000000000     
   11889.779327985811        7.3954291305218644E-003  -0.0000000000000000     
   11898.047602900961        7.3954291305218644E-003  -0.0000000000000000     
   11906.315877816111        7.3954291305218644E-003  -0.0000000000000000     
   11914.584152731260        7.3954291305218644E-003  -0.0000000000000000     
   11922.852427646410        7.3954291305218644E-003  -0.0000000000000000     
   11931.120702561560        7.3954291305218644E-003  -0.0000000000000000     
   11939.388977476710        7.3954291305218644E-003  -0.0000000000000000     
   11947.657252391860        7.3954291305218644E-003  -0.0000000000000000     
   11955.925527307010        7.3954291305218644E-003  -0.0000000000000000     
   11964.193802222160        7.3954291305218644E-003  -0.0000000000000000     
   11972.462077137310        7.3954291305218644E-003  -0.0000000000000000     
   11980.730352052460        7.3954291305218644E-003  -0.0000000000000000     
   11988.998626967610        7.3954291305218644E-003  -0.0000000000000000     
   11997.266901882760        7.3954291305218644E-003  -0.0000000000000000     
   12005.535176797910        7.3954291305218644E-003  -0.0000000000000000     
   12013.803451713060        7.3954291305218644E-003  -0.0000000000000000     
   12022.071726628210        7.3954291305218644E-003  -0.0000000000000000     
   12030.340001543360        7.3954291305218644E-003  -0.0000000000000000     
   12038.608276458510        7.3954291305218644E-003  -0.0000000000000000     
   12046.876551373660        7.3954291305218644E-003  -0.0000000000000000     
   12055.144826288810        7.3954291305218644E-003  -0.0000000000000000     
   12063.413101203960        7.3954291305218644E-003  -0.0000000000000000     
   12071.681376119110        7.3954291305218644E-003  -0.0000000000000000     
   12079.949651034260        7.3954291305218644E-003  -0.0000000000000000     
   12088.217925949410        7.3954291305218644E-003  -0.0000000000000000     
   12096.486200864560        7.3954291305218644E-003  -0.0000000000000000     
   12104.754475779710        7.3954291305218644E-003  -0.0000000000000000     
   12113.022750694859        7.3954291305218644E-003  -0.0000000000000000     
   12121.291025610009        7.3954291305218644E-003  -0.0000000000000000     
   12129.559300525159        7.3954291305218644E-003  -0.0000000000000000     
   12137.827575440309        7.3954291305218644E-003  -0.0000000000000000     
   12146.095850355459        7.3954291305218644E-003  -0.0000000000000000     
   12154.364125270609        7.3954291305218644E-003  -0.0000000000000000     
   12162.632400185759        7.3954291305218644E-003  -0.0000000000000000     
   12170.900675100909        7.3954291305218644E-003  -0.0000000000000000     
   12179.168950016059        7.3954291305218644E-003  -0.0000000000000000     
   12187.437224931209        7.3954291305218644E-003  -0.0000000000000000     
   12195.705499846359        7.3954291305218644E-003  -0.0000000000000000     
   12203.973774761509        7.3954291305218644E-003  -0.0000000000000000     
   12212.242049676659        7.3954291305218644E-003  -0.0000000000000000     
   12220.510324591809        7.3954291305218644E-003  -0.0000000000000000     
   12228.778599506959        7.3954291305218644E-003  -0.0000000000000000     
   12237.046874422109        7.3954291305218644E-003  -0.0000000000000000     
   12245.315149337259        7.3954291305218644E-003  -0.0000000000000000     
   12253.583424252409        7.3954291305218644E-003  -0.0000000000000000     
   12261.851699167559        7.3954291305218644E-003  -0.0000000000000000     
   12270.119974082709        7.3954291305218644E-003  -0.0000000000000000     
   12278.388248997859        7.3954291305218644E-003  -0.0000000000000000     
   12286.656523913009        7.3954291305218644E-003  -0.0000000000000000     
   12294.924798828159        7.3954291305218644E-003  -0.0000000000000000     
   12303.193073743309        7.3954291305218644E-003  -0.0000000000000000     
   12311.461348658459        7.3954291305218644E-003  -0.0000000000000000     
   12319.729623573608        7.3954291305218644E-003  -0.0000000000000000     
   12327.997898488758        7.3954291305218644E-003  -0.0000000000000000     
   12336.266173403908        7.3954291305218644E-003  -0.0000000000000000     
   12344.534448319058        7.3954291305218644E-003  -0.0000000000000000     
   12352.802723234208        7.3954291305218644E-003  -0.0000000000000000     
   12361.070998149358        7.3954291305218644E-003  -0.0000000000000000     
   12369.339273064508        7.3954291305218644E-003  -0.0000000000000000     
   12377.607547979658        7.3954291305218644E-003  -0.0000000000000000     
   12385.875822894808        7.3954291305218644E-003  -0.0000000000000000     
   12394.144097809958        7.3954291305218644E-003  -0.0000000000000000     
   12402.412372725108        7.3954291305218644E-003  -0.0000000000000000     
   12410.680647640258        7.3954291305218644E-003  -0.0000000000000000     
   12418.948922555408        7.3954291305218644E-003  -0.0000000000000000     
   12427.217197470558        7.3954291305218644E-003  -0.0000000000000000     
   12435.485472385708        7.3954291305218644E-003  -0.0000000000000000     
   12443.753747300858        7.3954291305218644E-003  -0.0000000000000000     
   12452.022022216008        7.3954291305218644E-003  -0.0000000000000000     
   12460.290297131158        7.3954291305218644E-003  -0.0000000000000000     
   12468.558572046308        7.3954291305218644E-003  -0.0000000000000000     
   12476.826846961458        7.3954291305218644E-003  -0.0000000000000000     
   12485.095121876608        7.3954291305218644E-003  -0.0000000000000000     
   12493.363396791758        7.3954291305218644E-003  -0.0000000000000000     
   12501.631671706908        7.3954291305218644E-003  -0.0000000000000000     
   12509.899946622058        7.3954291305218644E-003  -0.0000000000000000     
   12518.168221537208        7.3954291305218644E-003  -0.0000000000000000     
   12526.436496452357        7.3954291305218644E-003  -0.0000000000000000     
   12534.704771367507        7.3954291305218644E-003  -0.0000000000000000     
   12542.973046282657        7.3954291305218644E-003  -0.0000000000000000     
   12551.241321197807        7.3954291305218644E-003  -0.0000000000000000     
   12559.509596112957        7.3954291305218644E-003  -0.0000000000000000     
   12567.777871028107        7.3954291305218644E-003  -0.0000000000000000     
   12576.046145943257        7.3954291305218644E-003  -0.0000000000000000     
   12584.314420858407        7.3954291305218644E-003  -0.0000000000000000     
   12592.582695773557        7.3954291305218644E-003  -0.0000000000000000     
   12600.850970688707        7.3954291305218644E-003  -0.0000000000000000     
   12609.119245603857        7.3954291305218644E-003  -0.0000000000000000     
   12617.387520519007        7.3954291305218644E-003  -0.0000000000000000     
   12625.655795434157        7.3954291305218644E-003  -0.0000000000000000     
   12633.924070349307        7.3954291305218644E-003  -0.0000000000000000     
   12642.192345264457        7.3954291305218644E-003  -0.0000000000000000     
   12650.460620179607        7.3954291305218644E-003  -0.0000000000000000     
   12658.728895094757        7.3954291305218644E-003  -0.0000000000000000     
   12666.997170009907        7.3954291305218644E-003  -0.0000000000000000     
   12675.265444925057        7.3954291305218644E-003  -0.0000000000000000     
   12683.533719840207        7.3954291305218644E-003  -0.0000000000000000     
   12691.801994755357        7.3954291305218644E-003  -0.0000000000000000     
   12700.070269670507        7.3954291305218644E-003  -0.0000000000000000     
   12708.338544585657        7.3954291305218644E-003  -0.0000000000000000     
   12716.606819500807        7.3954291305218644E-003  -0.0000000000000000     
   12724.875094415956        7.3954291305218644E-003  -0.0000000000000000     
   12733.143369331106        7.3954291305218644E-003  -0.0000000000000000     
   12741.411644246256        7.3954291305218644E-003  -0.0000000000000000     
   12749.679919161406        7.3954291305218644E-003  -0.0000000000000000     
   12757.948194076556        7.3954291305218644E-003  -0.0000000000000000     
   12766.216468991706        7.3954291305218644E-003  -0.0000000000000000     
   12774.484743906856        7.3954291305218644E-003  -0.0000000000000000     
   12782.753018822006        7.3954291305218644E-003  -0.0000000000000000     
   12791.021293737156        7.3954291305218644E-003  -0.0000000000000000     
   12799.289568652306        7.3954291305218644E-003  -0.0000000000000000     
   12807.557843567456        7.3954291305218644E-003  -0.0000000000000000     
   12815.826118482606        7.3954291305218644E-003  -0.0000000000000000     
   12824.094393397756        7.3954291305218644E-003  -0.0000000000000000     
   12832.362668312906        7.3954291305218644E-003  -0.0000000000000000     
   12840.630943228056        7.3954291305218644E-003  -0.0000000000000000     
   12848.899218143206        7.3954291305218644E-003  -0.0000000000000000     
   12857.167493058356        7.3954291305218644E-003  -0.0000000000000000     
   12865.435767973506        7.3954291305218644E-003  -0.0000000000000000     
   12873.704042888656        7.3954291305218644E-003  -0.0000000000000000     
   12881.972317803806        7.3954291305218644E-003  -0.0000000000000000     
   12890.240592718956        7.3954291305218644E-003  -0.0000000000000000     
   12898.508867634106        7.3954291305218644E-003  -0.0000000000000000     
   12906.777142549256        7.3954291305218644E-003  -0.0000000000000000     
   12915.045417464406        7.3954291305218644E-003  -0.0000000000000000     
   12923.313692379556        7.3954291305218644E-003  -0.0000000000000000     
   12931.581967294705        7.3954291305218644E-003  -0.0000000000000000     
   12939.850242209855        7.3954291305218644E-003  -0.0000000000000000     
   12948.118517125005        7.3954291305218644E-003  -0.0000000000000000     
   12956.386792040155        7.3954291305218644E-003  -0.0000000000000000     
   12964.655066955305        7.3954291305218644E-003  -0.0000000000000000     
   12972.923341870455        7.3954291305218644E-003  -0.0000000000000000     
   12981.191616785605        7.3954291305218644E-003  -0.0000000000000000     
   12989.459891700755        7.3954291305218644E-003  -0.0000000000000000     
   12997.728166615905        7.3954291305218644E-003  -0.0000000000000000     
   13005.996441531055        7.3954291305218644E-003  -0.0000000000000000     
   13014.264716446205        7.3954291305218644E-003  -0.0000000000000000     
   13022.532991361355        7.3954291305218644E-003  -0.0000000000000000     
   13030.801266276505        7.3954291305218644E-003  -0.0000000000000000     
   13039.069541191655        7.3954291305218644E-003  -0.0000000000000000     
   13047.337816106805        7.3954291305218644E-003  -0.0000000000000000     
   13055.606091021955        7.3954291305218644E-003  -0.0000000000000000     
   13063.874365937105        7.3954291305218644E-003  -0.0000000000000000     
   13072.142640852255        7.3954291305218644E-003  -0.0000000000000000     
   13080.410915767405        7.3954291305218644E-003  -0.0000000000000000     
   13088.679190682555        7.3954291305218644E-003  -0.0000000000000000     
   13096.947465597705        7.3954291305218644E-003  -0.0000000000000000     
   13105.215740512855        7.3954291305218644E-003  -0.0000000000000000     
   13113.484015428005        7.3954291305218644E-003  -0.0000000000000000     
   13121.752290343155        7.3954291305218644E-003  -0.0000000000000000     
   13130.020565258304        7.3954291305218644E-003  -0.0000000000000000     
   13138.288840173454        7.3954291305218644E-003  -0.0000000000000000     
   13146.557115088604        7.3954291305218644E-003  -0.0000000000000000     
   13154.825390003754        7.3954291305218644E-003  -0.0000000000000000     
   13163.093664918904        7.3954291305218644E-003  -0.0000000000000000     
   13171.361939834054        7.3954291305218644E-003  -0.0000000000000000     
   13179.630214749204        7.3954291305218644E-003  -0.0000000000000000     
   13187.898489664354        7.3954291305218644E-003  -0.0000000000000000     
   13196.166764579504        7.3954291305218644E-003  -0.0000000000000000     
   13204.435039494654        7.3954291305218644E-003  -0.0000000000000000     
   13212.703314409804        7.3954291305218644E-003  -0.0000000000000000     
   13220.971589324954        7.3954291305218644E-003  -0.0000000000000000     
   13229.239864240104        7.3954291305218644E-003  -0.0000000000000000     
   13237.508139155254        7.3954291305218644E-003  -0.0000000000000000     
   13245.776414070404        7.3954291305218644E-003  -0.0000000000000000     
   13254.044688985554        7.3954291305218644E-003  -0.0000000000000000     
   13262.312963900704        7.3954291305218644E-003  -0.0000000000000000     
   13270.581238815854        7.3954291305218644E-003  -0.0000000000000000     
   13278.849513731004        7.3954291305218644E-003  -0.0000000000000000     
   13287.117788646154        7.3954291305218644E-003  -0.0000000000000000     
   13295.386063561304        7.3954291305218644E-003  -0.0000000000000000     
   13303.654338476454        7.3954291305218644E-003  -0.0000000000000000     
   13311.922613391604        7.3954291305218644E-003  -0.0000000000000000     
   13320.190888306754        7.3954291305218644E-003  -0.0000000000000000     
   13328.459163221904        7.3954291305218644E-003  -0.0000000000000000     
   13336.727438137053        7.3954291305218644E-003  -0.0000000000000000     
   13344.995713052203        7.3954291305218644E-003  -0.0000000000000000     
   13353.263987967353        7.3954291305218644E-003  -0.0000000000000000     
   13361.532262882503        7.3954291305218644E-003  -0.0000000000000000     
   13369.800537797653        7.3954291305218644E-003  -0.0000000000000000     
   13378.068812712803        7.3954291305218644E-003  -0.0000000000000000     
   13386.337087627953        7.3954291305218644E-003  -0.0000000000000000     
   13394.605362543103        7.3954291305218644E-003  -0.0000000000000000     
   13402.873637458253        7.3954291305218644E-003  -0.0000000000000000     
   13411.141912373403        7.3954291305218644E-003  -0.0000000000000000     
   13419.410187288553        7.3954291305218644E-003  -0.0000000000000000     
   13427.678462203703        7.3954291305218644E-003  -0.0000000000000000     
   13435.946737118853        7.3954291305218644E-003  -0.0000000000000000     
   13444.215012034003        7.3954291305218644E-003  -0.0000000000000000     
   13452.483286949153        7.3954291305218644E-003  -0.0000000000000000     
   13460.751561864303        7.3954291305218644E-003  -0.0000000000000000     
   13469.019836779453        7.3954291305218644E-003  -0.0000000000000000     
   13477.288111694603        7.3954291305218644E-003  -0.0000000000000000     
   13485.556386609753        7.3954291305218644E-003  -0.0000000000000000     
   13493.824661524903        7.3954291305218644E-003  -0.0000000000000000     
   13502.092936440053        7.3954291305218644E-003  -0.0000000000000000     
   13510.361211355203        7.3954291305218644E-003  -0.0000000000000000     
   13518.629486270353        7.3954291305218644E-003  -0.0000000000000000     
   13526.897761185503        7.3954291305218644E-003  -0.0000000000000000     
   13535.166036100652        7.3954291305218644E-003  -0.0000000000000000     
   13543.434311015802        7.3954291305218644E-003  -0.0000000000000000     
   13551.702585930952        7.3954291305218644E-003  -0.0000000000000000     
   13559.970860846102        7.3954291305218644E-003  -0.0000000000000000     
   13568.239135761252        7.3954291305218644E-003  -0.0000000000000000     
   13576.507410676402        7.3954291305218644E-003  -0.0000000000000000     
   13584.775685591552        7.3954291305218644E-003  -0.0000000000000000     
   13593.043960506702        7.3954291305218644E-003  -0.0000000000000000     
   13601.312235421852        7.3954291305218644E-003  -0.0000000000000000     
   13609.580510337002        7.3954291305218644E-003  -0.0000000000000000     
   13617.848785252152        7.3954291305218644E-003  -0.0000000000000000     
   13626.117060167302        7.3954291305218644E-003  -0.0000000000000000     
   13634.385335082452        7.3954291305218644E-003  -0.0000000000000000     
   13642.653609997602        7.3954291305218644E-003  -0.0000000000000000     
   13650.921884912752        7.3954291305218644E-003  -0.0000000000000000     
   13659.190159827902        7.3954291305218644E-003  -0.0000000000000000     
   13667.458434743052        7.3954291305218644E-003  -0.0000000000000000     
   13675.726709658202        7.3954291305218644E-003  -0.0000000000000000     
   13683.994984573352        7.3954291305218644E-003  -0.0000000000000000     
   13692.263259488502        7.3954291305218644E-003  -0.0000000000000000     
   13700.531534403652        7.3954291305218644E-003  -0.0000000000000000     
   13708.799809318802        7.3954291305218644E-003  -0.0000000000000000     
   13717.068084233952        7.3954291305218644E-003  -0.0000000000000000     
   13725.336359149102        7.3954291305218644E-003  -0.0000000000000000     
   13733.604634064252        7.3954291305218644E-003  -0.0000000000000000     
   13741.872908979401        7.3954291305218644E-003  -0.0000000000000000     
   13750.141183894551        7.3954291305218644E-003  -0.0000000000000000     
   13758.409458809701        7.3954291305218644E-003  -0.0000000000000000     
   13766.677733724851        7.3954291305218644E-003  -0.0000000000000000     
   13774.946008640001        7.3954291305218644E-003  -0.0000000000000000     
   13783.214283555151        7.3954291305218644E-003  -0.0000000000000000     
   13791.482558470301        7.3954291305218644E-003  -0.0000000000000000     
   13799.750833385451        7.3954291305218644E-003  -0.0000000000000000     
   13808.019108300601        7.3954291305218644E-003  -0.0000000000000000     
   13816.287383215751        7.3954291305218644E-003  -0.0000000000000000     
   13824.555658130901        7.3954291305218644E-003  -0.0000000000000000     
   13832.823933046051        7.3954291305218644E-003  -0.0000000000000000     
   13841.092207961201        7.3954291305218644E-003  -0.0000000000000000     
   13849.360482876351        7.3954291305218644E-003  -0.0000000000000000     
   13857.628757791501        7.3954291305218644E-003  -0.0000000000000000     
   13865.897032706651        7.3954291305218644E-003  -0.0000000000000000     
   13874.165307621801        7.3954291305218644E-003  -0.0000000000000000     
   13882.433582536951        7.3954291305218644E-003  -0.0000000000000000     
   13890.701857452101        7.3954291305218644E-003  -0.0000000000000000     
   13898.970132367251        7.3954291305218644E-003  -0.0000000000000000     
   13907.238407282401        7.3954291305218644E-003  -0.0000000000000000     
   13915.506682197551        7.3954291305218644E-003  -0.0000000000000000     
   13923.774957112701        7.3954291305218644E-003  -0.0000000000000000     
   13932.043232027851        7.3954291305218644E-003  -0.0000000000000000     
   13940.311506943000        7.3954291305218644E-003  -0.0000000000000000     
   13948.579781858150        7.3954291305218644E-003  -0.0000000000000000     
   13956.848056773300        7.3954291305218644E-003  -0.0000000000000000     
   13965.116331688450        7.3954291305218644E-003  -0.0000000000000000     
   13973.384606603600        7.3954291305218644E-003  -0.0000000000000000     
   13981.652881518750        7.3954291305218644E-003  -0.0000000000000000     
   13989.921156433900        7.3954291305218644E-003  -0.0000000000000000     
   13998.189431349050        7.3954291305218644E-003  -0.0000000000000000     
   14006.457706264200        7.3954291305218644E-003  -0.0000000000000000     
   14014.725981179350        7.3954291305218644E-003  -0.0000000000000000     
   14022.994256094500        7.3954291305218644E-003  -0.0000000000000000     
   14031.262531009650        7.3954291305218644E-003  -0.0000000000000000     
   14039.530805924800        7.3954291305218644E-003  -0.0000000000000000     
   14047.799080839950        7.3954291305218644E-003  -0.0000000000000000     
   14056.067355755100        7.3954291305218644E-003  -0.0000000000000000     
   14064.335630670250        7.3954291305218644E-003  -0.0000000000000000     
   14072.603905585400        7.3954291305218644E-003  -0.0000000000000000     
   14080.872180500550        7.3954291305218644E-003  -0.0000000000000000     
   14089.140455415700        7.3954291305218644E-003  -0.0000000000000000     
   14097.408730330850        7.3954291305218644E-003  -0.0000000000000000     
   14105.677005246000        7.3954291305218644E-003  -0.0000000000000000     
   14113.945280161150        7.3954291305218644E-003  -0.0000000000000000     
   14122.213555076300        7.3954291305218644E-003  -0.0000000000000000     
   14130.481829991450        7.3954291305218644E-003  -0.0000000000000000     
   14138.750104906600        7.3954291305218644E-003  -0.0000000000000000     
   14147.018379821749        7.3954291305218644E-003  -0.0000000000000000     
   14155.286654736899        7.3954291305218644E-003  -0.0000000000000000     
   14163.554929652049        7.3954291305218644E-003  -0.0000000000000000     
   14171.823204567199        7.3954291305218644E-003  -0.0000000000000000     
   14180.091479482349        7.3954291305218644E-003  -0.0000000000000000     
   14188.359754397499        7.3954291305218644E-003  -0.0000000000000000     
   14196.628029312649        7.3954291305218644E-003  -0.0000000000000000     
   14204.896304227799        7.3954291305218644E-003  -0.0000000000000000     
   14213.164579142949        7.3954291305218644E-003  -0.0000000000000000     
   14221.432854058099        7.3954291305218644E-003  -0.0000000000000000     
   14229.701128973249        7.3954291305218644E-003  -0.0000000000000000     
   14237.969403888399        7.3954291305218644E-003  -0.0000000000000000     
   14246.237678803549        7.3954291305218644E-003  -0.0000000000000000     
   14254.505953718699        7.3954291305218644E-003  -0.0000000000000000     
   14262.774228633849        7.3954291305218644E-003  -0.0000000000000000     
   14271.042503548999        7.3954291305218644E-003  -0.0000000000000000     
   14279.310778464149        7.3954291305218644E-003  -0.0000000000000000     
   14287.579053379299        7.3954291305218644E-003  -0.0000000000000000     
   14295.847328294449        7.3954291305218644E-003  -0.0000000000000000     
   14304.115603209599        7.3954291305218644E-003  -0.0000000000000000     
   14312.383878124749        7.3954291305218644E-003  -0.0000000000000000     
   14320.652153039899        7.3954291305218644E-003  -0.0000000000000000     
   14328.920427955049        7.3954291305218644E-003  -0.0000000000000000     
   14337.188702870199        7.3954291305218644E-003  -0.0000000000000000     
   14345.456977785348        7.3954291305218644E-003  -0.0000000000000000     
   14353.725252700498        7.3954291305218644E-003  -0.0000000000000000     
   14361.993527615648        7.3954291305218644E-003  -0.0000000000000000     
   14370.261802530798        7.3954291305218644E-003  -0.0000000000000000     
   14378.530077445948        7.3954291305218644E-003  -0.0000000000000000     
   14386.798352361098        7.3954291305218644E-003  -0.0000000000000000     
   14395.066627276248        7.3954291305218644E-003  -0.0000000000000000     
   14403.334902191398        7.3954291305218644E-003  -0.0000000000000000     
   14411.603177106548        7.3954291305218644E-003  -0.0000000000000000     
   14419.871452021698        7.3954291305218644E-003  -0.0000000000000000     
   14428.139726936848        7.3954291305218644E-003  -0.0000000000000000     
   14436.408001851998        7.3954291305218644E-003  -0.0000000000000000     
   14444.676276767148        7.3954291305218644E-003  -0.0000000000000000     
   14452.944551682298        7.3954291305218644E-003  -0.0000000000000000     
   14461.212826597448        7.3954291305218644E-003  -0.0000000000000000     
   14469.481101512598        7.3954291305218644E-003  -0.0000000000000000     
   14477.749376427748        7.3954291305218644E-003  -0.0000000000000000     
   14486.017651342898        7.3954291305218644E-003  -0.0000000000000000     
   14494.285926258048        7.3954291305218644E-003  -0.0000000000000000     
   14502.554201173198        7.3954291305218644E-003  -0.0000000000000000     
   14510.822476088348        7.3954291305218644E-003  -0.0000000000000000     
   14519.090751003498        7.3954291305218644E-003  -0.0000000000000000     
   14527.359025918648        7.3954291305218644E-003  -0.0000000000000000     
   14535.627300833798        7.3954291305218644E-003  -0.0000000000000000     
   14543.895575748948        7.3954291305218644E-003  -0.0000000000000000     
   14552.163850664097        7.3954291305218644E-003  -0.0000000000000000     
   14560.432125579247        7.3954291305218644E-003  -0.0000000000000000     
   14568.700400494397        7.3954291305218644E-003  -0.0000000000000000     
   14576.968675409547        7.3954291305218644E-003  -0.0000000000000000     
   14585.236950324697        7.3954291305218644E-003  -0.0000000000000000     
   14593.505225239847        7.3954291305218644E-003  -0.0000000000000000     
   14601.773500154997        7.3954291305218644E-003  -0.0000000000000000     
   14610.041775070147        7.3954291305218644E-003  -0.0000000000000000     
   14618.310049985297        7.3954291305218644E-003  -0.0000000000000000     
   14626.578324900447        7.3954291305218644E-003  -0.0000000000000000     
   14634.846599815597        7.3954291305218644E-003  -0.0000000000000000     
   14643.114874730747        7.3954291305218644E-003  -0.0000000000000000     
   14651.383149645897        7.3954291305218644E-003  -0.0000000000000000     
   14659.651424561047        7.3954291305218644E-003  -0.0000000000000000     
   14667.919699476197        7.3954291305218644E-003  -0.0000000000000000     
   14676.187974391347        7.3954291305218644E-003  -0.0000000000000000     
   14684.456249306497        7.3954291305218644E-003  -0.0000000000000000     
   14692.724524221647        7.3954291305218644E-003  -0.0000000000000000     
   14700.992799136797        7.3954291305218644E-003  -0.0000000000000000     
   14709.261074051947        7.3954291305218644E-003  -0.0000000000000000     
   14717.529348967097        7.3954291305218644E-003  -0.0000000000000000     
   14725.797623882247        7.3954291305218644E-003  -0.0000000000000000     
   14734.065898797397        7.3954291305218644E-003  -0.0000000000000000     
   14742.334173712547        7.3954291305218644E-003  -0.0000000000000000     
   14750.602448627697        7.3954291305218644E-003  -0.0000000000000000     
   14758.870723542846        7.3954291305218644E-003  -0.0000000000000000     
   14767.138998457996        7.3954291305218644E-003  -0.0000000000000000     
   14775.407273373146        7.3954291305218644E-003  -0.0000000000000000     
   14783.675548288296        7.3954291305218644E-003  -0.0000000000000000     
   14791.943823203446        7.3954291305218644E-003  -0.0000000000000000     
   14800.212098118596        7.3954291305218644E-003  -0.0000000000000000     
   14808.480373033746        7.3954291305218644E-003  -0.0000000000000000     
   14816.748647948896        7.3954291305218644E-003  -0.0000000000000000     
   14825.016922864046        7.3954291305218644E-003  -0.0000000000000000     
   14833.285197779196        7.3954291305218644E-003  -0.0000000000000000     
   14841.553472694346        7.3954291305218644E-003  -0.0000000000000000     
   14849.821747609496        7.3954291305218644E-003  -0.0000000000000000     
   14858.090022524646        7.3954291305218644E-003  -0.0000000000000000     
   14866.358297439796        7.3954291305218644E-003  -0.0000000000000000     
   14874.626572354946        7.3954291305218644E-003  -0.0000000000000000     
   14882.894847270096        7.3954291305218644E-003  -0.0000000000000000     
   14891.163122185246        7.3954291305218644E-003  -0.0000000000000000     
   14899.431397100396        7.3954291305218644E-003  -0.0000000000000000     
   14907.699672015546        7.3954291305218644E-003  -0.0000000000000000     
   14915.967946930696        7.3954291305218644E-003  -0.0000000000000000     
   14924.236221845846        7.3954291305218644E-003  -0.0000000000000000     
   14932.504496760996        7.3954291305218644E-003  -0.0000000000000000     
   14940.772771676146        7.3954291305218644E-003  -0.0000000000000000     
   14949.041046591296        7.3954291305218644E-003  -0.0000000000000000     
   14957.309321506445        7.3954291305218644E-003  -0.0000000000000000     
   14965.577596421595        7.3954291305218644E-003  -0.0000000000000000     
   14973.845871336745        7.3954291305218644E-003  -0.0000000000000000     
   14982.114146251895        7.3954291305218644E-003  -0.0000000000000000     
   14990.382421167045        7.3954291305218644E-003  -0.0000000000000000     
   14998.650696082195        7.3954291305218644E-003  -0.0000000000000000     
   15006.918970997345        7.3954291305218644E-003  -0.0000000000000000     
   15015.187245912495        7.3954291305218644E-003  -0.0000000000000000     
   15023.455520827645        7.3954291305218644E-003  -0.0000000000000000     
   15031.723795742795        7.3954291305218644E-003  -0.0000000000000000     
   15039.992070657945        7.3954291305218644E-003  -0.0000000000000000     
   15048.260345573095        7.3954291305218644E-003  -0.0000000000000000     
   15056.528620488245        7.3954291305218644E-003  -0.0000000000000000     
   15064.796895403395        7.3954291305218644E-003  -0.0000000000000000     
   15073.065170318545        7.3954291305218644E-003  -0.0000000000000000     
   15081.333445233695        7.3954291305218644E-003  -0.0000000000000000     
   15089.601720148845        7.3954291305218644E-003  -0.0000000000000000     
   15097.869995063995        7.3954291305218644E-003  -0.0000000000000000     
   15106.138269979145        7.3954291305218644E-003  -0.0000000000000000     
   15114.406544894295        7.3954291305218644E-003  -0.0000000000000000     
   15122.674819809445        7.3954291305218644E-003  -0.0000000000000000     
   15130.943094724595        7.3954291305218644E-003  -0.0000000000000000     
   15139.211369639745        7.3954291305218644E-003  -0.0000000000000000     
   15147.479644554895        7.3954291305218644E-003  -0.0000000000000000     
   15155.747919470045        7.3954291305218644E-003  -0.0000000000000000     
   15164.016194385194        7.3954291305218644E-003  -0.0000000000000000     
   15172.284469300344        7.3954291305218644E-003  -0.0000000000000000     
   15180.552744215494        7.3954291305218644E-003  -0.0000000000000000     
   15188.821019130644        7.3954291305218644E-003  -0.0000000000000000     
   15197.089294045794        7.3954291305218644E-003  -0.0000000000000000     
   15205.357568960944        7.3954291305218644E-003  -0.0000000000000000     
   15213.625843876094        7.3954291305218644E-003  -0.0000000000000000     
   15221.894118791244        7.3954291305218644E-003  -0.0000000000000000     
   15230.162393706394        7.3954291305218644E-003  -0.0000000000000000     
   15238.430668621544        7.3954291305218644E-003  -0.0000000000000000     
   15246.698943536694        7.3954291305218644E-003  -0.0000000000000000     
   15254.967218451844        7.3954291305218644E-003  -0.0000000000000000     
   15263.235493366994        7.3954291305218644E-003  -0.0000000000000000     
   15271.503768282144        7.3954291305218644E-003  -0.0000000000000000     
   15279.772043197294        7.3954291305218644E-003  -0.0000000000000000     
   15288.040318112444        7.3954291305218644E-003  -0.0000000000000000     
   15296.308593027594        7.3954291305218644E-003  -0.0000000000000000     
   15304.576867942744        7.3954291305218644E-003  -0.0000000000000000     
   15312.845142857894        7.3954291305218644E-003  -0.0000000000000000     
   15321.113417773044        7.3954291305218644E-003  -0.0000000000000000     
   15329.381692688194        7.3954291305218644E-003  -0.0000000000000000     
   15337.649967603344        7.3954291305218644E-003  -0.0000000000000000     
   15345.918242518494        7.3954291305218644E-003  -0.0000000000000000     
   15354.186517433644        7.3954291305218644E-003  -0.0000000000000000     
   15362.454792348793        7.3954291305218644E-003  -0.0000000000000000     
   15370.723067263943        7.3954291305218644E-003  -0.0000000000000000     
   15378.991342179093        7.3954291305218644E-003  -0.0000000000000000     
   15387.259617094243        7.3954291305218644E-003  -0.0000000000000000     
   15395.527892009393        7.3954291305218644E-003  -0.0000000000000000     
   15403.796166924543        7.3954291305218644E-003  -0.0000000000000000     
   15412.064441839693        7.3954291305218644E-003  -0.0000000000000000     
   15420.332716754843        7.3954291305218644E-003  -0.0000000000000000     
   15428.600991669993        7.3954291305218644E-003  -0.0000000000000000     
   15436.869266585143        7.3954291305218644E-003  -0.0000000000000000     
   15445.137541500293        7.3954291305218644E-003  -0.0000000000000000     
   15453.405816415443        7.3954291305218644E-003  -0.0000000000000000     
   15461.674091330593        7.3954291305218644E-003  -0.0000000000000000     
   15469.942366245743        7.3954291305218644E-003  -0.0000000000000000     
   15478.210641160893        7.3954291305218644E-003  -0.0000000000000000     
   15486.478916076043        7.3954291305218644E-003  -0.0000000000000000     
   15494.747190991193        7.3954291305218644E-003  -0.0000000000000000     
   15503.015465906343        7.3954291305218644E-003  -0.0000000000000000     
   15511.283740821493        7.3954291305218644E-003  -0.0000000000000000     
   15519.552015736643        7.3954291305218644E-003  -0.0000000000000000     
   15527.820290651793        7.3954291305218644E-003  -0.0000000000000000     
   15536.088565566943        7.3954291305218644E-003  -0.0000000000000000     
   15544.356840482093        7.3954291305218644E-003  -0.0000000000000000     
   15552.625115397243        7.3954291305218644E-003  -0.0000000000000000     
   15560.893390312393        7.3954291305218644E-003  -0.0000000000000000     
   15569.161665227542        7.3954291305218644E-003  -0.0000000000000000     
   15577.429940142692        7.3954291305218644E-003  -0.0000000000000000     
   15585.698215057842        7.3954291305218644E-003  -0.0000000000000000     
   15593.966489972992        7.3954291305218644E-003  -0.0000000000000000     
   15602.234764888142        7.3954291305218644E-003  -0.0000000000000000     
   15610.503039803292        7.3954291305218644E-003  -0.0000000000000000     
   15618.771314718442        7.3954291305218644E-003  -0.0000000000000000     
   15627.039589633592        7.3954291305218644E-003  -0.0000000000000000     
   15635.307864548742        7.3954291305218644E-003  -0.0000000000000000     
   15643.576139463892        7.3954291305218644E-003  -0.0000000000000000     
   15651.844414379042        7.3954291305218644E-003  -0.0000000000000000     
   15660.112689294192        7.3954291305218644E-003  -0.0000000000000000     
   15668.380964209342        7.3954291305218644E-003  -0.0000000000000000     
   15676.649239124492        7.3954291305218644E-003  -0.0000000000000000     
   15684.917514039642        7.3954291305218644E-003  -0.0000000000000000     
   15693.185788954792        7.3954291305218644E-003  -0.0000000000000000     
   15701.454063869942        7.3954291305218644E-003  -0.0000000000000000     
   15709.722338785092        7.3954291305218644E-003  -0.0000000000000000     
   15717.990613700242        7.3954291305218644E-003  -0.0000000000000000     
   15726.258888615392        7.3954291305218644E-003  -0.0000000000000000     
   15734.527163530542        7.3954291305218644E-003  -0.0000000000000000     
   15742.795438445692        7.3954291305218644E-003  -0.0000000000000000     
   15751.063713360842        7.3954291305218644E-003  -0.0000000000000000     
   15759.331988275992        7.3954291305218644E-003  -0.0000000000000000     
   15767.600263191141        7.3954291305218644E-003  -0.0000000000000000     
   15775.868538106291        7.3954291305218644E-003  -0.0000000000000000     
   15784.136813021441        7.3954291305218644E-003  -0.0000000000000000     
   15792.405087936591        7.3954291305218644E-003  -0.0000000000000000     
   15800.673362851741        7.3954291305218644E-003  -0.0000000000000000     
   15808.941637766891        7.3954291305218644E-003  -0.0000000000000000     
   15817.209912682041        7.3954291305218644E-003  -0.0000000000000000     
   15825.478187597191        7.3954291305218644E-003  -0.0000000000000000     
   15833.746462512341        7.3954291305218644E-003  -0.0000000000000000     
   15842.014737427491        7.3954291305218644E-003  -0.0000000000000000     
   15850.283012342641        7.3954291305218644E-003  -0.0000000000000000     
   15858.551287257791        7.3954291305218644E-003  -0.0000000000000000     
   15866.819562172941        7.3954291305218644E-003  -0.0000000000000000     
   15875.087837088091        7.3954291305218644E-003  -0.0000000000000000     
   15883.356112003241        7.3954291305218644E-003  -0.0000000000000000     
   15891.624386918391        7.3954291305218644E-003  -0.0000000000000000     
   15899.892661833541        7.3954291305218644E-003  -0.0000000000000000     
   15908.160936748691        7.3954291305218644E-003  -0.0000000000000000     
   15916.429211663841        7.3954291305218644E-003  -0.0000000000000000     
   15924.697486578991        7.3954291305218644E-003  -0.0000000000000000     
   15932.965761494141        7.3954291305218644E-003  -0.0000000000000000     
   15941.234036409291        7.3954291305218644E-003  -0.0000000000000000     
   15949.502311324441        7.3954291305218644E-003  -0.0000000000000000     
   15957.770586239591        7.3954291305218644E-003  -0.0000000000000000     
   15966.038861154741        7.3954291305218644E-003  -0.0000000000000000     
   15974.307136069890        7.3954291305218644E-003  -0.0000000000000000     
   15982.575410985040        7.3954291305218644E-003  -0.0000000000000000     
   15990.843685900190        7.3954291305218644E-003  -0.0000000000000000     
   15999.111960815340        7.3954291305218644E-003  -0.0000000000000000     
   16007.380235730490        7.3954291305218644E-003  -0.0000000000000000     
   16015.648510645640        7.3954291305218644E-003  -0.0000000000000000     
   16023.916785560790        7.3954291305218644E-003  -0.0000000000000000     
   16032.185060475940        7.3954291305218644E-003  -0.0000000000000000     
   16040.453335391090        7.3954291305218644E-003  -0.0000000000000000     
   16048.721610306240        7.3954291305218644E-003  -0.0000000000000000     
   16056.989885221390        7.3954291305218644E-003  -0.0000000000000000     
   16065.258160136540        7.3954291305218644E-003  -0.0000000000000000     
   16073.526435051690        7.3954291305218644E-003  -0.0000000000000000     
   16081.794709966840        7.3954291305218644E-003  -0.0000000000000000     
   16090.062984881990        7.3954291305218644E-003  -0.0000000000000000     
   16098.331259797140        7.3954291305218644E-003  -0.0000000000000000     
   16106.599534712290        7.3954291305218644E-003  -0.0000000000000000     
   16114.867809627440        7.3954291305218644E-003  -0.0000000000000000     
   16123.136084542590        7.3954291305218644E-003  -0.0000000000000000     
   16131.404359457740        7.3954291305218644E-003  -0.0000000000000000     
   16139.672634372890        7.3954291305218644E-003  -0.0000000000000000     
   16147.940909288040        7.3954291305218644E-003  -0.0000000000000000     
   16156.209184203190        7.3954291305218644E-003  -0.0000000000000000     
   16164.477459118340        7.3954291305218644E-003  -0.0000000000000000     
   16172.745734033489        7.3954291305218644E-003  -0.0000000000000000     
   16181.014008948639        7.3954291305218644E-003  -0.0000000000000000     
   16189.282283863789        7.3954291305218644E-003  -0.0000000000000000     
   16197.550558778939        7.3954291305218644E-003  -0.0000000000000000     
   16205.818833694089        7.3954291305218644E-003  -0.0000000000000000     
   16214.087108609239        7.3954291305218644E-003  -0.0000000000000000     
   16222.355383524389        7.3954291305218644E-003  -0.0000000000000000     
   16230.623658439539        7.3954291305218644E-003  -0.0000000000000000     
   16238.891933354689        7.3954291305218644E-003  -0.0000000000000000     
   16247.160208269839        7.3954291305218644E-003  -0.0000000000000000     
   16255.428483184989        7.3954291305218644E-003  -0.0000000000000000     
   16263.696758100139        7.3954291305218644E-003  -0.0000000000000000     
   16271.965033015289        7.3954291305218644E-003  -0.0000000000000000     
   16280.233307930439        7.3954291305218644E-003  -0.0000000000000000     
   16288.501582845589        7.3954291305218644E-003  -0.0000000000000000     
   16296.769857760739        7.3954291305218644E-003  -0.0000000000000000     
   16305.038132675889        7.3954291305218644E-003  -0.0000000000000000     
   16313.306407591039        7.3954291305218644E-003  -0.0000000000000000     
   16321.574682506189        7.3954291305218644E-003  -0.0000000000000000     
   16329.842957421339        7.3954291305218644E-003  -0.0000000000000000     
   16338.111232336489        7.3954291305218644E-003  -0.0000000000000000     
   16346.379507251639        7.3954291305218644E-003  -0.0000000000000000     
   16354.647782166789        7.3954291305218644E-003  -0.0000000000000000     
   16362.916057081939        7.3954291305218644E-003  -0.0000000000000000     
   16371.184331997089        7.3954291305218644E-003  -0.0000000000000000     
   16379.452606912238        7.3954291305218644E-003  -0.0000000000000000     
   16387.720881827390        7.3954291305218644E-003  -0.0000000000000000     
   16395.989156742540        7.3954291305218644E-003  -0.0000000000000000     
   16404.257431657690        7.3954291305218644E-003  -0.0000000000000000     
   16412.525706572840        7.3954291305218644E-003  -0.0000000000000000     
   16420.793981487990        7.3954291305218644E-003  -0.0000000000000000     
   16429.062256403140        7.3954291305218644E-003  -0.0000000000000000     
   16437.330531318290        7.3954291305218644E-003  -0.0000000000000000     
   16445.598806233440        7.3954291305218644E-003  -0.0000000000000000     
   16453.867081148590        7.3954291305218644E-003  -0.0000000000000000     
   16462.135356063740        7.3954291305218644E-003  -0.0000000000000000     
   16470.403630978890        7.3954291305218644E-003  -0.0000000000000000     
   16478.671905894040        7.3954291305218644E-003  -0.0000000000000000     
   16486.940180809190        7.3954291305218644E-003  -0.0000000000000000     
   16495.208455724340        7.3954291305218644E-003  -0.0000000000000000     
   16503.476730639490        7.3954291305218644E-003  -0.0000000000000000     
   16511.745005554640        7.3954291305218644E-003  -0.0000000000000000     
   16520.013280469790        7.3954291305218644E-003  -0.0000000000000000     
   16528.281555384940        7.3954291305218644E-003  -0.0000000000000000     
   16536.549830300090        7.3954291305218644E-003  -0.0000000000000000     
   16544.818105215239        7.3954291305218644E-003  -0.0000000000000000     
   16553.086380130389        7.3954291305218644E-003  -0.0000000000000000     
   16561.354655045539        7.3954291305218644E-003  -0.0000000000000000     
   16569.622929960689        7.3954291305218644E-003  -0.0000000000000000     
   16577.891204875839        7.3954291305218644E-003  -0.0000000000000000     
   16586.159479790989        7.3954291305218644E-003  -0.0000000000000000     
   16594.427754706139        7.3954291305218644E-003  -0.0000000000000000     
   16602.696029621289        7.3954291305218644E-003  -0.0000000000000000     
   16610.964304536439        7.3954291305218644E-003  -0.0000000000000000     
   16619.232579451589        7.3954291305218644E-003  -0.0000000000000000     
   16627.500854366739        7.3954291305218644E-003  -0.0000000000000000     
   16635.769129281889        7.3954291305218644E-003  -0.0000000000000000     
   16644.037404197039        7.3954291305218644E-003  -0.0000000000000000     
   16652.305679112189        7.3954291305218644E-003  -0.0000000000000000     
   16660.573954027339        7.3954291305218644E-003  -0.0000000000000000     
   16668.842228942489        7.3954291305218644E-003  -0.0000000000000000     
   16677.110503857639        7.3954291305218644E-003  -0.0000000000000000     
   16685.378778772789        7.3954291305218644E-003  -0.0000000000000000     
   16693.647053687939        7.3954291305218644E-003  -0.0000000000000000     
   16701.915328603089        7.3954291305218644E-003  -0.0000000000000000     
   16710.183603518239        7.3954291305218644E-003  -0.0000000000000000     
   16718.451878433389        7.3954291305218644E-003  -0.0000000000000000     
   16726.720153348539        7.3954291305218644E-003  -0.0000000000000000     
   16734.988428263689        7.3954291305218644E-003  -0.0000000000000000     
   16743.256703178839        7.3954291305218644E-003  -0.0000000000000000     
   16751.524978093988        7.3954291305218644E-003  -0.0000000000000000     
   16759.793253009138        7.3954291305218644E-003  -0.0000000000000000     
   16768.061527924288        7.3954291305218644E-003  -0.0000000000000000     
   16776.329802839438        7.3954291305218644E-003  -0.0000000000000000     
   16784.598077754588        7.3954291305218644E-003  -0.0000000000000000     
   16792.866352669738        7.3954291305218644E-003  -0.0000000000000000     
   16801.134627584888        7.3954291305218644E-003  -0.0000000000000000     
   16809.402902500038        7.3954291305218644E-003  -0.0000000000000000     
   16817.671177415188        7.3954291305218644E-003  -0.0000000000000000     
   16825.939452330338        7.3954291305218644E-003  -0.0000000000000000     
   16834.207727245488        7.3954291305218644E-003  -0.0000000000000000     
   16842.476002160638        7.3954291305218644E-003  -0.0000000000000000     
   16850.744277075788        7.3954291305218644E-003  -0.0000000000000000     
   16859.012551990938        7.3954291305218644E-003  -0.0000000000000000     
   16867.280826906088        7.3954291305218644E-003  -0.0000000000000000     
   16875.549101821238        7.3954291305218644E-003  -0.0000000000000000     
   16883.817376736388        7.3954291305218644E-003  -0.0000000000000000     
   16892.085651651538        7.3954291305218644E-003  -0.0000000000000000     
   16900.353926566688        7.3954291305218644E-003  -0.0000000000000000     
   16908.622201481838        7.3954291305218644E-003  -0.0000000000000000     
   16916.890476396988        7.3954291305218644E-003  -0.0000000000000000     
   16925.158751312138        7.3954291305218644E-003  -0.0000000000000000     
   16933.427026227288        7.3954291305218644E-003  -0.0000000000000000     
   16941.695301142438        7.3954291305218644E-003  -0.0000000000000000     
   16949.963576057587        7.3954291305218644E-003  -0.0000000000000000     
   16958.231850972737        7.3954291305218644E-003  -0.0000000000000000     
   16966.500125887887        7.3954291305218644E-003  -0.0000000000000000     
   16974.768400803037        7.3954291305218644E-003  -0.0000000000000000     
   16983.036675718187        7.3954291305218644E-003  -0.0000000000000000     
   16991.304950633337        7.3954291305218644E-003  -0.0000000000000000     
   16999.573225548487        7.3954291305218644E-003  -0.0000000000000000     
   17007.841500463637        7.3954291305218644E-003  -0.0000000000000000     
   17016.109775378787        7.3954291305218644E-003  -0.0000000000000000     
   17024.378050293937        7.3954291305218644E-003  -0.0000000000000000     
   17032.646325209087        7.3954291305218644E-003  -0.0000000000000000     
   17040.914600124237        7.3954291305218644E-003  -0.0000000000000000     
   17049.182875039387        7.3954291305218644E-003  -0.0000000000000000     
   17057.451149954537        7.3954291305218644E-003  -0.0000000000000000     
   17065.719424869687        7.3954291305218644E-003  -0.0000000000000000     
   17073.987699784837        7.3954291305218644E-003  -0.0000000000000000     
   17082.255974699987        7.3954291305218644E-003  -0.0000000000000000     
   17090.524249615137        7.3954291305218644E-003  -0.0000000000000000     
   17098.792524530287        7.3954291305218644E-003  -0.0000000000000000     
   17107.060799445437        7.3954291305218644E-003  -0.0000000000000000     
   17115.329074360587        7.3954291305218644E-003  -0.0000000000000000     
   17123.597349275737        7.3954291305218644E-003  -0.0000000000000000     
   17131.865624190887        7.3954291305218644E-003  -0.0000000000000000     
   17140.133899106037        7.3954291305218644E-003  -0.0000000000000000     
   17148.402174021187        7.3954291305218644E-003  -0.0000000000000000     
   17156.670448936336        7.3954291305218644E-003  -0.0000000000000000     
   17164.938723851486        7.3954291305218644E-003  -0.0000000000000000     
   17173.206998766636        7.3954291305218644E-003  -0.0000000000000000     
   17181.475273681786        7.3954291305218644E-003  -0.0000000000000000     
   17189.743548596936        7.3954291305218644E-003  -0.0000000000000000     
   17198.011823512086        7.3954291305218644E-003  -0.0000000000000000     
   17206.280098427236        7.3954291305218644E-003  -0.0000000000000000     
   17214.548373342386        7.3954291305218644E-003  -0.0000000000000000     
   17222.816648257536        7.3954291305218644E-003  -0.0000000000000000     
   17231.084923172686        7.3954291305218644E-003  -0.0000000000000000     
   17239.353198087836        7.3954291305218644E-003  -0.0000000000000000     
   17247.621473002986        7.3954291305218644E-003  -0.0000000000000000     
   17255.889747918136        7.3954291305218644E-003  -0.0000000000000000     
   17264.158022833286        7.3954291305218644E-003  -0.0000000000000000     
   17272.426297748436        7.3954291305218644E-003  -0.0000000000000000     
   17280.694572663586        7.3954291305218644E-003  -0.0000000000000000     
   17288.962847578736        7.3954291305218644E-003  -0.0000000000000000     
   17297.231122493886        7.3954291305218644E-003  -0.0000000000000000     
   17305.499397409036        7.3954291305218644E-003  -0.0000000000000000     
   17313.767672324186        7.3954291305218644E-003  -0.0000000000000000     
   17322.035947239336        7.3954291305218644E-003  -0.0000000000000000     
   17330.304222154486        7.3954291305218644E-003  -0.0000000000000000     
   17338.572497069636        7.3954291305218644E-003  -0.0000000000000000     
   17346.840771984786        7.3954291305218644E-003  -0.0000000000000000     
   17355.109046899935        7.3954291305218644E-003  -0.0000000000000000     
   17363.377321815085        7.3954291305218644E-003  -0.0000000000000000     
   17371.645596730235        7.3954291305218644E-003  -0.0000000000000000     
   17379.913871645385        7.3954291305218644E-003  -0.0000000000000000     
   17388.182146560535        7.3954291305218644E-003  -0.0000000000000000     
   17396.450421475685        7.3954291305218644E-003  -0.0000000000000000     
   17404.718696390835        7.3954291305218644E-003  -0.0000000000000000     
   17412.986971305985        7.3954291305218644E-003  -0.0000000000000000     
   17421.255246221135        7.3954291305218644E-003  -0.0000000000000000     
   17429.523521136285        7.3954291305218644E-003  -0.0000000000000000     
   17437.791796051435        7.3954291305218644E-003  -0.0000000000000000     
   17446.060070966585        7.3954291305218644E-003  -0.0000000000000000     
   17454.328345881735        7.3954291305218644E-003  -0.0000000000000000     
   17462.596620796885        7.3954291305218644E-003  -0.0000000000000000     
   17470.864895712035        7.3954291305218644E-003  -0.0000000000000000     
   17479.133170627185        7.3954291305218644E-003  -0.0000000000000000     
   17487.401445542335        7.3954291305218644E-003  -0.0000000000000000     
   17495.669720457485        7.3954291305218644E-003  -0.0000000000000000     
   17503.937995372635        7.3954291305218644E-003  -0.0000000000000000     
   17512.206270287785        7.3954291305218644E-003  -0.0000000000000000     
   17520.474545202935        7.3954291305218644E-003  -0.0000000000000000     
   17528.742820118085        7.3954291305218644E-003  -0.0000000000000000     
   17537.011095033235        7.3954291305218644E-003  -0.0000000000000000     
   17545.279369948385        7.3954291305218644E-003  -0.0000000000000000     
   17553.547644863535        7.3954291305218644E-003  -0.0000000000000000     
   17561.815919778684        7.3954291305218644E-003  -0.0000000000000000     
   17570.084194693834        7.3954291305218644E-003  -0.0000000000000000     
   17578.352469608984        7.3954291305218644E-003  -0.0000000000000000     
   17586.620744524134        7.3954291305218644E-003  -0.0000000000000000     
   17594.889019439284        7.3954291305218644E-003  -0.0000000000000000     
   17603.157294354434        7.3954291305218644E-003  -0.0000000000000000     
   17611.425569269584        7.3954291305218644E-003  -0.0000000000000000     
   17619.693844184734        7.3954291305218644E-003  -0.0000000000000000     
   17627.962119099884        7.3954291305218644E-003  -0.0000000000000000     
   17636.230394015034        7.3954291305218644E-003  -0.0000000000000000     
   17644.498668930184        7.3954291305218644E-003  -0.0000000000000000     
   17652.766943845334        7.3954291305218644E-003  -0.0000000000000000     
   17661.035218760484        7.3954291305218644E-003  -0.0000000000000000     
   17669.303493675634        7.3954291305218644E-003  -0.0000000000000000     
   17677.571768590784        7.3954291305218644E-003  -0.0000000000000000     
   17685.840043505934        7.3954291305218644E-003  -0.0000000000000000     
   17694.108318421084        7.3954291305218644E-003  -0.0000000000000000     
   17702.376593336234        7.3954291305218644E-003  -0.0000000000000000     
   17710.644868251384        7.3954291305218644E-003  -0.0000000000000000     
   17718.913143166534        7.3954291305218644E-003  -0.0000000000000000     
   17727.181418081684        7.3954291305218644E-003  -0.0000000000000000     
   17735.449692996834        7.3954291305218644E-003  -0.0000000000000000     
   17743.717967911984        7.3954291305218644E-003  -0.0000000000000000     
   17751.986242827134        7.3954291305218644E-003  -0.0000000000000000     
   17760.254517742283        7.3954291305218644E-003  -0.0000000000000000     
   17768.522792657433        7.3954291305218644E-003  -0.0000000000000000     
   17776.791067572583        7.3954291305218644E-003  -0.0000000000000000     
   17785.059342487733        7.3954291305218644E-003  -0.0000000000000000     
   17793.327617402883        7.3954291305218644E-003  -0.0000000000000000     
   17801.595892318033        7.3954291305218644E-003  -0.0000000000000000     
   17809.864167233183        7.3954291305218644E-003  -0.0000000000000000     
   17818.132442148333        7.3954291305218644E-003  -0.0000000000000000     
   17826.400717063483        7.3954291305218644E-003  -0.0000000000000000     
   17834.668991978633        7.3954291305218644E-003  -0.0000000000000000     
   17842.937266893783        7.3954291305218644E-003  -0.0000000000000000     
   17851.205541808933        7.3954291305218644E-003  -0.0000000000000000     
   17859.473816724083        7.3954291305218644E-003  -0.0000000000000000     
   17867.742091639233        7.3954291305218644E-003  -0.0000000000000000     
   17876.010366554383        7.3954291305218644E-003  -0.0000000000000000     
   17884.278641469533        7.3954291305218644E-003  -0.0000000000000000     
   17892.546916384683        7.3954291305218644E-003  -0.0000000000000000     
   17900.815191299833        7.3954291305218644E-003  -0.0000000000000000     
   17909.083466214983        7.3954291305218644E-003  -0.0000000000000000     
   17917.351741130133        7.3954291305218644E-003  -0.0000000000000000     
   17925.620016045283        7.3954291305218644E-003  -0.0000000000000000     
   17933.888290960433        7.3954291305218644E-003  -0.0000000000000000     
   17942.156565875583        7.3954291305218644E-003  -0.0000000000000000     
   17950.424840790733        7.3954291305218644E-003  -0.0000000000000000     
   17958.693115705883        7.3954291305218644E-003  -0.0000000000000000     
   17966.961390621032        7.3954291305218644E-003  -0.0000000000000000     
   17975.229665536182        7.3954291305218644E-003  -0.0000000000000000     
   17983.497940451332        7.3954291305218644E-003  -0.0000000000000000     
   17991.766215366482        7.3954291305218644E-003  -0.0000000000000000     
   18000.034490281632        7.3954291305218644E-003  -0.0000000000000000     
   18008.302765196782        7.3954291305218644E-003  -0.0000000000000000     
   18016.571040111932        7.3954291305218644E-003  -0.0000000000000000     
   18024.839315027082        7.3954291305218644E-003  -0.0000000000000000     
   18033.107589942232        7.3954291305218644E-003  -0.0000000000000000     
   18041.375864857382        7.3954291305218644E-003  -0.0000000000000000     
   18049.644139772532        7.3954291305218644E-003  -0.0000000000000000     
   18057.912414687682        7.3954291305218644E-003  -0.0000000000000000     
   18066.180689602832        7.3954291305218644E-003  -0.0000000000000000     
   18074.448964517982        7.3954291305218644E-003  -0.0000000000000000     
   18082.717239433132        7.3954291305218644E-003  -0.0000000000000000     
   18090.985514348282        7.3954291305218644E-003  -0.0000000000000000     
   18099.253789263432        7.3954291305218644E-003  -0.0000000000000000     
   18107.522064178582        7.3954291305218644E-003  -0.0000000000000000     
   18115.790339093732        7.3954291305218644E-003  -0.0000000000000000     
   18124.058614008882        7.3954291305218644E-003  -0.0000000000000000     
   18132.326888924032        7.3954291305218644E-003  -0.0000000000000000     
   18140.595163839182        7.3954291305218644E-003  -0.0000000000000000     
   18148.863438754332        7.3954291305218644E-003  -0.0000000000000000     
   18157.131713669482        7.3954291305218644E-003  -0.0000000000000000     
   18165.399988584632        7.3954291305218644E-003  -0.0000000000000000     
   18173.668263499781        7.3954291305218644E-003  -0.0000000000000000     
   18181.936538414931        7.3954291305218644E-003  -0.0000000000000000     
   18190.204813330081        7.3954291305218644E-003  -0.0000000000000000     
   18198.473088245231        7.3954291305218644E-003  -0.0000000000000000     
   18206.741363160381        7.3954291305218644E-003  -0.0000000000000000     
   18215.009638075531        7.3954291305218644E-003  -0.0000000000000000     
   18223.277912990681        7.3954291305218644E-003  -0.0000000000000000     
   18231.546187905831        7.3954291305218644E-003  -0.0000000000000000     
   18239.814462820981        7.3954291305218644E-003  -0.0000000000000000     
   18248.082737736131        7.3954291305218644E-003  -0.0000000000000000     
   18256.351012651281        7.3954291305218644E-003  -0.0000000000000000     
   18264.619287566431        7.3954291305218644E-003  -0.0000000000000000     
   18272.887562481581        7.3954291305218644E-003  -0.0000000000000000     
   18281.155837396731        7.3954291305218644E-003  -0.0000000000000000     
   18289.424112311881        7.3954291305218644E-003  -0.0000000000000000     
   18297.692387227031        7.3954291305218644E-003  -0.0000000000000000     
   18305.960662142181        7.3954291305218644E-003  -0.0000000000000000     
   18314.228937057331        7.3954291305218644E-003  -0.0000000000000000     
   18322.497211972481        7.3954291305218644E-003  -0.0000000000000000     
   18330.765486887631        7.3954291305218644E-003  -0.0000000000000000     
   18339.033761802781        7.3954291305218644E-003  -0.0000000000000000     
   18347.302036717931        7.3954291305218644E-003  -0.0000000000000000     
   18355.570311633081        7.3954291305218644E-003  -0.0000000000000000     
   18363.838586548231        7.3954291305218644E-003  -0.0000000000000000     
   18372.106861463380        7.3954291305218644E-003  -0.0000000000000000     
   18380.375136378530        7.3954291305218644E-003  -0.0000000000000000     
   18388.643411293680        7.3954291305218644E-003  -0.0000000000000000     
   18396.911686208830        7.3954291305218644E-003  -0.0000000000000000     
   18405.179961123980        7.3954291305218644E-003  -0.0000000000000000     
   18413.448236039130        7.3954291305218644E-003  -0.0000000000000000     
   18421.716510954280        7.3954291305218644E-003  -0.0000000000000000     
   18429.984785869430        7.3954291305218644E-003  -0.0000000000000000     
   18438.253060784580        7.3954291305218644E-003  -0.0000000000000000     
   18446.521335699730        7.3954291305218644E-003  -0.0000000000000000     
   18454.789610614880        7.3954291305218644E-003  -0.0000000000000000     
   18463.057885530030        7.3954291305218644E-003  -0.0000000000000000     
   18471.326160445180        7.3954291305218644E-003  -0.0000000000000000     
   18479.594435360330        7.3954291305218644E-003  -0.0000000000000000     
   18487.862710275480        7.3954291305218644E-003  -0.0000000000000000     
   18496.130985190630        7.3954291305218644E-003  -0.0000000000000000     
   18504.399260105780        7.3954291305218644E-003  -0.0000000000000000     
   18512.667535020930        7.3954291305218644E-003  -0.0000000000000000     
   18520.935809936080        7.3954291305218644E-003  -0.0000000000000000     
   18529.204084851230        7.3954291305218644E-003  -0.0000000000000000     
   18537.472359766380        7.3954291305218644E-003  -0.0000000000000000     
   18545.740634681530        7.3954291305218644E-003  -0.0000000000000000     
   18554.008909596680        7.3954291305218644E-003  -0.0000000000000000     
   18562.277184511830        7.3954291305218644E-003  -0.0000000000000000     
   18570.545459426980        7.3954291305218644E-003  -0.0000000000000000     
   18578.813734342129        7.3954291305218644E-003  -0.0000000000000000     
   18587.082009257279        7.3954291305218644E-003  -0.0000000000000000     
   18595.350284172429        7.3954291305218644E-003  -0.0000000000000000     
   18603.618559087579        7.3954291305218644E-003  -0.0000000000000000     
   18611.886834002729        7.3954291305218644E-003  -0.0000000000000000     
   18620.155108917879        7.3954291305218644E-003  -0.0000000000000000     
   18628.423383833029        7.3954291305218644E-003  -0.0000000000000000     
   18636.691658748179        7.3954291305218644E-003  -0.0000000000000000     
   18644.959933663329        7.3954291305218644E-003  -0.0000000000000000     
   18653.228208578479        7.3954291305218644E-003  -0.0000000000000000     
   18661.496483493629        7.3954291305218644E-003  -0.0000000000000000     
   18669.764758408779        7.3954291305218644E-003  -0.0000000000000000     
   18678.033033323929        7.3954291305218644E-003  -0.0000000000000000     
   18686.301308239079        7.3954291305218644E-003  -0.0000000000000000     
   18694.569583154229        7.3954291305218644E-003  -0.0000000000000000     
   18702.837858069379        7.3954291305218644E-003  -0.0000000000000000     
   18711.106132984529        7.3954291305218644E-003  -0.0000000000000000     
   18719.374407899679        7.3954291305218644E-003  -0.0000000000000000     
   18727.642682814829        7.3954291305218644E-003  -0.0000000000000000     
   18735.910957729979        7.3954291305218644E-003  -0.0000000000000000     
   18744.179232645129        7.3954291305218644E-003  -0.0000000000000000     
   18752.447507560279        7.3954291305218644E-003  -0.0000000000000000     
   18760.715782475429        7.3954291305218644E-003  -0.0000000000000000     
   18768.984057390579        7.3954291305218644E-003  -0.0000000000000000     
   18777.252332305728        7.3954291305218644E-003  -0.0000000000000000     
   18785.520607220878        7.3954291305218644E-003  -0.0000000000000000     
   18793.788882136028        7.3954291305218644E-003  -0.0000000000000000     
   18802.057157051178        7.3954291305218644E-003  -0.0000000000000000     
   18810.325431966328        7.3954291305218644E-003  -0.0000000000000000     
   18818.593706881478        7.3954291305218644E-003  -0.0000000000000000     
   18826.861981796628        7.3954291305218644E-003  -0.0000000000000000     
   18835.130256711778        7.3954291305218644E-003  -0.0000000000000000     
   18843.398531626928        7.3954291305218644E-003  -0.0000000000000000     
   18851.666806542078        7.3954291305218644E-003  -0.0000000000000000     
   18859.935081457228        7.3954291305218644E-003  -0.0000000000000000     
   18868.203356372378        7.3954291305218644E-003  -0.0000000000000000     
   18876.471631287528        7.3954291305218644E-003  -0.0000000000000000     
   18884.739906202678        7.3954291305218644E-003  -0.0000000000000000     
   18893.008181117828        7.3954291305218644E-003  -0.0000000000000000     
   18901.276456032978        7.3954291305218644E-003  -0.0000000000000000     
   18909.544730948128        7.3954291305218644E-003  -0.0000000000000000     
   18917.813005863278        7.3954291305218644E-003  -0.0000000000000000     
   18926.081280778428        7.3954291305218644E-003  -0.0000000000000000     
   18934.349555693578        7.3954291305218644E-003  -0.0000000000000000     
   18942.617830608728        7.3954291305218644E-003  -0.0000000000000000     
   18950.886105523878        7.3954291305218644E-003  -0.0000000000000000     
   18959.154380439028        7.3954291305218644E-003  -0.0000000000000000     
   18967.422655354178        7.3954291305218644E-003  -0.0000000000000000     
   18975.690930269328        7.3954291305218644E-003  -0.0000000000000000     
   18983.959205184477        7.3954291305218644E-003  -0.0000000000000000     
   18992.227480099627        7.3954291305218644E-003  -0.0000000000000000     
   19000.495755014777        7.3954291305218644E-003  -0.0000000000000000     
   19008.764029929927        7.3954291305218644E-003  -0.0000000000000000     
   19017.032304845077        7.3954291305218644E-003  -0.0000000000000000     
   19025.300579760227        7.3954291305218644E-003  -0.0000000000000000     
   19033.568854675377        7.3954291305218644E-003  -0.0000000000000000     
   19041.837129590527        7.3954291305218644E-003  -0.0000000000000000     
   19050.105404505677        7.3954291305218644E-003  -0.0000000000000000     
   19058.373679420827        7.3954291305218644E-003  -0.0000000000000000     
   19066.641954335977        7.3954291305218644E-003  -0.0000000000000000     
   19074.910229251127        7.3954291305218644E-003  -0.0000000000000000     
   19083.178504166277        7.3954291305218644E-003  -0.0000000000000000     
   19091.446779081427        7.3954291305218644E-003  -0.0000000000000000     
   19099.715053996577        7.3954291305218644E-003  -0.0000000000000000     
   19107.983328911727        7.3954291305218644E-003  -0.0000000000000000     
   19116.251603826877        7.3954291305218644E-003  -0.0000000000000000     
   19124.519878742027        7.3954291305218644E-003  -0.0000000000000000     
   19132.788153657177        7.3954291305218644E-003  -0.0000000000000000     
   19141.056428572327        7.3954291305218644E-003  -0.0000000000000000     
   19149.324703487477        7.3954291305218644E-003  -0.0000000000000000     
   19157.592978402627        7.3954291305218644E-003  -0.0000000000000000     
   19165.861253317777        7.3954291305218644E-003  -0.0000000000000000     
   19174.129528232927        7.3954291305218644E-003  -0.0000000000000000     
   19182.397803148076        7.3954291305218644E-003  -0.0000000000000000     
   19190.666078063226        7.3954291305218644E-003  -0.0000000000000000     
   19198.934352978376        7.3954291305218644E-003  -0.0000000000000000     
   19207.202627893526        7.3954291305218644E-003  -0.0000000000000000     
   19215.470902808676        7.3954291305218644E-003  -0.0000000000000000     
   19223.739177723826        7.3954291305218644E-003  -0.0000000000000000     
   19232.007452638976        7.3954291305218644E-003  -0.0000000000000000     
   19240.275727554126        7.3954291305218644E-003  -0.0000000000000000     
   19248.544002469276        7.3954291305218644E-003  -0.0000000000000000     
   19256.812277384426        7.3954291305218644E-003  -0.0000000000000000     
   19265.080552299576        7.3954291305218644E-003  -0.0000000000000000     
   19273.348827214726        7.3954291305218644E-003  -0.0000000000000000     
   19281.617102129876        7.3954291305218644E-003  -0.0000000000000000     
   19289.885377045026        7.3954291305218644E-003  -0.0000000000000000     
   19298.153651960176        7.3954291305218644E-003  -0.0000000000000000     
   19306.421926875326        7.3954291305218644E-003  -0.0000000000000000     
   19314.690201790476        7.3954291305218644E-003  -0.0000000000000000     
   19322.958476705626        7.3954291305218644E-003  -0.0000000000000000     
   19331.226751620776        7.3954291305218644E-003  -0.0000000000000000     
   19339.495026535926        7.3954291305218644E-003  -0.0000000000000000     
   19347.763301451076        7.3954291305218644E-003  -0.0000000000000000     
   19356.031576366226        7.3954291305218644E-003  -0.0000000000000000     
   19364.299851281376        7.3954291305218644E-003  -0.0000000000000000     
   19372.568126196526        7.3954291305218644E-003  -0.0000000000000000     
   19380.836401111676        7.3954291305218644E-003  -0.0000000000000000     
   19389.104676026825        7.3954291305218644E-003  -0.0000000000000000     
   19397.372950941975        7.3954291305218644E-003  -0.0000000000000000     
   19405.641225857125        7.3954291305218644E-003  -0.0000000000000000     
   19413.909500772275        7.3954291305218644E-003  -0.0000000000000000     
   19422.177775687425        7.3954291305218644E-003  -0.0000000000000000     
   19430.446050602575        7.3954291305218644E-003  -0.0000000000000000     
   19438.714325517725        7.3954291305218644E-003  -0.0000000000000000     
   19446.982600432875        7.3954291305218644E-003  -0.0000000000000000     
   19455.250875348025        7.3954291305218644E-003  -0.0000000000000000     
   19463.519150263175        7.3954291305218644E-003  -0.0000000000000000     
   19471.787425178325        7.3954291305218644E-003  -0.0000000000000000     
   19480.055700093475        7.3954291305218644E-003  -0.0000000000000000     
   19488.323975008625        7.3954291305218644E-003  -0.0000000000000000     
   19496.592249923775        7.3954291305218644E-003  -0.0000000000000000     
   19504.860524838925        7.3954291305218644E-003  -0.0000000000000000     
   19513.128799754075        7.3954291305218644E-003  -0.0000000000000000     
   19521.397074669225        7.3954291305218644E-003  -0.0000000000000000     
   19529.665349584375        7.3954291305218644E-003  -0.0000000000000000     
   19537.933624499525        7.3954291305218644E-003  -0.0000000000000000     
   19546.201899414675        7.3954291305218644E-003  -0.0000000000000000     
   19554.470174329825        7.3954291305218644E-003  -0.0000000000000000     
   19562.738449244975        7.3954291305218644E-003  -0.0000000000000000     
   19571.006724160125        7.3954291305218644E-003  -0.0000000000000000     
   19579.274999075275        7.3954291305218644E-003  -0.0000000000000000     
   19587.543273990424        7.3954291305218644E-003  -0.0000000000000000     
   19595.811548905574        7.3954291305218644E-003  -0.0000000000000000     
   19604.079823820724        7.3954291305218644E-003  -0.0000000000000000     
   19612.348098735874        7.3954291305218644E-003  -0.0000000000000000     
   19620.616373651024        7.3954291305218644E-003  -0.0000000000000000     
   19628.884648566174        7.3954291305218644E-003  -0.0000000000000000     
   19637.152923481324        7.3954291305218644E-003  -0.0000000000000000     
   19645.421198396474        7.3954291305218644E-003  -0.0000000000000000     
   19653.689473311624        7.3954291305218644E-003  -0.0000000000000000     
   19661.957748226774        7.3954291305218644E-003  -0.0000000000000000     
   19670.226023141924        7.3954291305218644E-003  -0.0000000000000000     
   19678.494298057074        7.3954291305218644E-003  -0.0000000000000000     
   19686.762572972224        7.3954291305218644E-003  -0.0000000000000000     
   19695.030847887374        7.3954291305218644E-003  -0.0000000000000000     
   19703.299122802524        7.3954291305218644E-003  -0.0000000000000000     
   19711.567397717674        7.3954291305218644E-003  -0.0000000000000000     
   19719.835672632824        7.3954291305218644E-003  -0.0000000000000000     
   19728.103947547974        7.3954291305218644E-003  -0.0000000000000000     
   19736.372222463124        7.3954291305218644E-003  -0.0000000000000000     
   19744.640497378274        7.3954291305218644E-003  -0.0000000000000000     
   19752.908772293424        7.3954291305218644E-003  -0.0000000000000000     
   19761.177047208574        7.3954291305218644E-003  -0.0000000000000000     
   19769.445322123724        7.3954291305218644E-003  -0.0000000000000000     
   19777.713597038874        7.3954291305218644E-003  -0.0000000000000000     
   19785.981871954024        7.3954291305218644E-003  -0.0000000000000000     
   19794.250146869173        7.3954291305218644E-003  -0.0000000000000000     
   19802.518421784323        7.3954291305218644E-003  -0.0000000000000000     
   19810.786696699473        7.3954291305218644E-003  -0.0000000000000000     
   19819.054971614623        7.3954291305218644E-003  -0.0000000000000000     
   19827.323246529773        7.3954291305218644E-003  -0.0000000000000000     
   19835.591521444923        7.3954291305218644E-003  -0.0000000000000000     
   19843.859796360073        7.3954291305218644E-003  -0.0000000000000000     
   19852.128071275223        7.3954291305218644E-003  -0.0000000000000000     
   19860.396346190373        7.3954291305218644E-003  -0.0000000000000000     
   19868.664621105523        7.3954291305218644E-003  -0.0000000000000000     
   19876.932896020673        7.3954291305218644E-003  -0.0000000000000000     
   19885.201170935823        7.3954291305218644E-003  -0.0000000000000000     
   19893.469445850973        7.3954291305218644E-003  -0.0000000000000000     
   19901.737720766123        7.3954291305218644E-003  -0.0000000000000000     
   19910.005995681273        7.3954291305218644E-003  -0.0000000000000000     
   19918.274270596423        7.3954291305218644E-003  -0.0000000000000000     
   19926.542545511573        7.3954291305218644E-003  -0.0000000000000000     
   19934.810820426723        7.3954291305218644E-003  -0.0000000000000000     
   19943.079095341873        7.3954291305218644E-003  -0.0000000000000000     
   19951.347370257023        7.3954291305218644E-003  -0.0000000000000000     
   19959.615645172173        7.3954291305218644E-003  -0.0000000000000000     
   19967.883920087323        7.3954291305218644E-003  -0.0000000000000000     
   19976.152195002473        7.3954291305218644E-003  -0.0000000000000000     
   19984.420469917623        7.3954291305218644E-003  -0.0000000000000000     
   19992.688744832772        7.3954291305218644E-003  -0.0000000000000000     
   20000.957019747922        7.3954291305218644E-003  -0.0000000000000000     
   20009.225294663072        7.3954291305218644E-003  -0.0000000000000000     
   20017.493569578222        7.3954291305218644E-003  -0.0000000000000000     
   20025.761844493372        7.3954291305218644E-003  -0.0000000000000000     
   20034.030119408522        7.3954291305218644E-003  -0.0000000000000000     
   20042.298394323672        7.3954291305218644E-003  -0.0000000000000000     
   20050.566669238822        7.3954291305218644E-003  -0.0000000000000000     
   20058.834944153972        7.3954291305218644E-003  -0.0000000000000000     
   20067.103219069122        7.3954291305218644E-003  -0.0000000000000000     
   20075.371493984272        7.3954291305218644E-003  -0.0000000000000000     
   20083.639768899422        7.3954291305218644E-003  -0.0000000000000000     
   20091.908043814572        7.3954291305218644E-003  -0.0000000000000000     
   20100.176318729722        7.3954291305218644E-003  -0.0000000000000000     
   20108.444593644872        7.3954291305218644E-003  -0.0000000000000000     
   20116.712868560022        7.3954291305218644E-003  -0.0000000000000000     
   20124.981143475172        7.3954291305218644E-003  -0.0000000000000000     
   20133.249418390322        7.3954291305218644E-003  -0.0000000000000000     
   20141.517693305472        7.3954291305218644E-003  -0.0000000000000000     
   20149.785968220622        7.3954291305218644E-003  -0.0000000000000000     
   20158.054243135772        7.3954291305218644E-003  -0.0000000000000000     
   20166.322518050922        7.3954291305218644E-003  -0.0000000000000000     
   20174.590792966072        7.3954291305218644E-003  -0.0000000000000000     
   20182.859067881222        7.3954291305218644E-003  -0.0000000000000000     
   20191.127342796372        7.3954291305218644E-003  -0.0000000000000000     
   20199.395617711521        7.3954291305218644E-003  -0.0000000000000000     
   20207.663892626671        7.3954291305218644E-003  -0.0000000000000000     
   20215.932167541821        7.3954291305218644E-003  -0.0000000000000000     
   20224.200442456971        7.3954291305218644E-003  -0.0000000000000000     
   20232.468717372121        7.3954291305218644E-003  -0.0000000000000000     
   20240.736992287271        7.3954291305218644E-003  -0.0000000000000000     
   20249.005267202421        7.3954291305218644E-003  -0.0000000000000000     
   20257.273542117571        7.3954291305218644E-003  -0.0000000000000000     
   20265.541817032721        7.3954291305218644E-003  -0.0000000000000000     
   20273.810091947871        7.3954291305218644E-003  -0.0000000000000000     
   20282.078366863021        7.3954291305218644E-003  -0.0000000000000000     
   20290.346641778171        7.3954291305218644E-003  -0.0000000000000000     
   20298.614916693321        7.3954291305218644E-003  -0.0000000000000000     
   20306.883191608471        7.3954291305218644E-003  -0.0000000000000000     
   20315.151466523621        7.3954291305218644E-003  -0.0000000000000000     
   20323.419741438771        7.3954291305218644E-003  -0.0000000000000000     
   20331.688016353921        7.3954291305218644E-003  -0.0000000000000000     
   20339.956291269071        7.3954291305218644E-003  -0.0000000000000000     
   20348.224566184221        7.3954291305218644E-003  -0.0000000000000000     
   20356.492841099371        7.3954291305218644E-003  -0.0000000000000000     
   20364.761116014521        7.3954291305218644E-003  -0.0000000000000000     
   20373.029390929671        7.3954291305218644E-003  -0.0000000000000000     
   20381.297665844821        7.3954291305218644E-003  -0.0000000000000000     
   20389.565940759971        7.3954291305218644E-003  -0.0000000000000000     
   20397.834215675121        7.3954291305218644E-003  -0.0000000000000000     
   20406.102490590270        7.3954291305218644E-003  -0.0000000000000000     
   20414.370765505420        7.3954291305218644E-003  -0.0000000000000000     
   20422.639040420570        7.3954291305218644E-003  -0.0000000000000000     
   20430.907315335720        7.3954291305218644E-003  -0.0000000000000000     
   20439.175590250870        7.3954291305218644E-003  -0.0000000000000000     
   20447.443865166020        7.3954291305218644E-003  -0.0000000000000000     
   20455.712140081170        7.3954291305218644E-003  -0.0000000000000000     
   20463.980414996320        7.3954291305218644E-003  -0.0000000000000000     
   20472.248689911470        7.3954291305218644E-003  -0.0000000000000000     
   20480.516964826620        7.3954291305218644E-003  -0.0000000000000000     
   20488.785239741770        7.3954291305218644E-003  -0.0000000000000000     
   20497.053514656920        7.3954291305218644E-003  -0.0000000000000000     
   20505.321789572070        7.3954291305218644E-003  -0.0000000000000000     
   20513.590064487220        7.3954291305218644E-003  -0.0000000000000000     
   20521.858339402370        7.3954291305218644E-003  -0.0000000000000000     
   20530.126614317520        7.3954291305218644E-003  -0.0000000000000000     
   20538.394889232670        7.3954291305218644E-003  -0.0000000000000000     
   20546.663164147820        7.3954291305218644E-003  -0.0000000000000000     
   20554.931439062970        7.3954291305218644E-003  -0.0000000000000000     
   20563.199713978120        7.3954291305218644E-003  -0.0000000000000000     
   20571.467988893270        7.3954291305218644E-003  -0.0000000000000000     
   20579.736263808420        7.3954291305218644E-003  -0.0000000000000000     
   20588.004538723570        7.3954291305218644E-003  -0.0000000000000000     
   20596.272813638720        7.3954291305218644E-003  -0.0000000000000000     
   20604.541088553869        7.3954291305218644E-003  -0.0000000000000000     
   20612.809363469019        7.3954291305218644E-003  -0.0000000000000000     
   20621.077638384169        7.3954291305218644E-003  -0.0000000000000000     
   20629.345913299319        7.3954291305218644E-003  -0.0000000000000000     
   20637.614188214469        7.3954291305218644E-003  -0.0000000000000000     
   20645.882463129619        7.3954291305218644E-003  -0.0000000000000000     
   20654.150738044769        7.3954291305218644E-003  -0.0000000000000000     
   20662.419012959919        7.3954291305218644E-003  -0.0000000000000000     
