   0.0000000000000000        1.0000000000000000        0.0000000000000000        1.0000000000000000     
   8.2682749151502009       0.99990083725755174       -1.4082459005689951E-002  0.99999999999999989     
   16.536549830300402       0.99881526938742526       -4.8662692470978632E-002  0.99999999999999989     
   24.804824745450603       0.99387389474626830      -0.11052004950181521        1.0000000000000000     
   33.073099660600803       0.97909163915098640      -0.20341967000424202        1.0000000000000000     
   41.341374575751004       0.94494200861622202      -0.32723783453680877        1.0000000000000000     
   49.609649490901205       0.87910701872751784      -0.47662443246650249        1.0000000000000000     
   57.877924406051406       0.76868201830568361      -0.63963110832221148        1.0000000000000000     
   66.146199321201607       0.60377229052162962      -0.79715683601049603        1.0000000000000000     
   74.414474236351808       0.38185808953781786      -0.92422096895413919        1.0000000000000000     
   82.682749151502009       0.11155873084194121      -0.99375784252147426        1.0000000000000000     
   90.951024066652209      -0.18587468947229957      -0.98257345771884974        1.0000000000000000     
   99.219298981802410      -0.47870372652447973      -0.87797650436191976        1.0000000000000000     
   107.48757389695261      -0.73068988214090225      -0.68270952544761987        1.0000000000000000     
   115.75584881210281      -0.90937515234990762      -0.41597696124735367        1.0000000000000000     
   124.02412372725301      -0.99396855330975020      -0.10966546872795561        1.0000000000000000     
   132.29239864240321      -0.97997536659094975       0.19911876073070994        1.0000000000000000     
   140.56067355755340      -0.87909022618231802       0.47665540407166362        1.0000000000000000     
   148.82894847270359      -0.71475115976306391       0.69937885270957045        1.0000000000000000     
   157.09722338785377      -0.51534602985298494       0.85698218739642795        1.0000000000000000     
   165.36549830300396      -0.30764752788388078       0.95150039337192960        1.0000000000000000     
   173.63377321815415      -0.11228721090783539       0.99367579333831979       0.99999999999999989     
   181.90204813330433        5.8074965044398998E-002  0.99831222492519434        1.0000000000000000     
   190.17032304845452       0.19827279721555627       0.98014687566931458        1.0000000000000000     
   198.43859796360471       0.30898085078514692       0.95106825930008132        1.0000000000000000     
   206.70687287875489       0.39479282980621017       0.91877016796019495        1.0000000000000000     
   214.97514779390508       0.46269033942939114       0.88651996582068859        1.0000000000000000     
   223.24342270905527       0.52100028194913650       0.85355650440314745        1.0000000000000000     
   231.51169762420545       0.57860752679180616       0.81560611200497346        1.0000000000000000     
   239.77997253935564       0.64378008488462279       0.76521056076477922        1.0000000000000000     
   248.04824745450583       0.72213378211202162       0.69175342480726998        1.0000000000000000     
   256.31652236965601       0.81331965844945686       0.58181709598434694        1.0000000000000000     
   264.58479728480620       0.90687364742105037       0.42140264310186815        1.0000000000000000     
   272.85307219995639       0.97942759262124712       0.20179591376474509        1.0000000000000000     
   281.12134711510657       0.99746836497834279       -7.1111608527943460E-002   1.0000000000000000     
   289.38962203025676       0.92929575002771747      -0.36933644415413702       0.99999999999999989     
   297.65789694540695       0.76311417419205951      -0.64626369010425688       0.99999999999999989     
   305.92617186055713       0.51883755239441365      -0.85487285266604063        1.0000000000000000     
   314.19444677570732       0.24162133092076990      -0.97037061602465879        1.0000000000000000     
   322.46272169085751       -1.9688401003124627E-002 -0.99980616464689798       0.99999999999999989     
   330.73099660600769      -0.23241011076037704      -0.97261787995921056        1.0000000000000000     
   338.99927152115788      -0.38587197089461500      -0.92255234110477735        1.0000000000000000     
   347.26754643630807      -0.48527195767324660      -0.87436326952587318        1.0000000000000000     
   355.53582135145825      -0.54276875064250896      -0.83988218419369387        1.0000000000000000     
   363.80409626660844      -0.57166781858961502      -0.82048516451486864        1.0000000000000000     
   372.07237118175863      -0.58432930405817107      -0.81151664457292161        1.0000000000000000     
   380.34064609690881      -0.59184399209653826      -0.80605253490032069        1.0000000000000000     
   388.60892101205900      -0.60389303390566518      -0.79706536971581643        1.0000000000000000     
   396.87719592720919      -0.62820958461732623      -0.77804416185389269        1.0000000000000000     
   405.14547084235937      -0.66972017954518381      -0.74261354762081122        1.0000000000000002     
   413.41374575750956      -0.72953615995165355      -0.68394224268061954        1.0000000000000002     
   421.68202067265975      -0.80399812422081474      -0.59463183252279006        1.0000000000000000     
   429.95029558780993      -0.88391197748843686      -0.46765330753933626       0.99999999999999989     
   438.21857050296012      -0.95441598492887658      -0.29847969396969437        1.0000000000000000     
   446.48684541811031      -0.99611977791243667       -8.8007886303886562E-002  0.99999999999999989     
   454.75512033326049      -0.98798473971865552       0.15455146095414465        1.0000000000000000     
   463.02339524841068      -0.91198677093842639       0.41021961146842101        1.0000000000000000     
   471.29167016356087      -0.75861051802310386       0.65154438217570254        1.0000000000000000     
   479.55994507871105      -0.53137054080891766       0.84713950938463400        1.0000000000000000     
   487.82821999386124      -0.24833654151493217       0.96867381617776904        1.0000000000000000     
   496.09649490901143        6.0591629768434289E-002  0.99816263925374660        1.0000000000000000     
   504.36476982416161       0.36026239940144739       0.93285100824167633        1.0000000000000000     
   512.63304473931180       0.61853668153324448       0.78575592495242541        1.0000000000000000     
   520.90131965446199       0.81339449563304977       0.58171246718104341        1.0000000000000000     
   529.16959456961217       0.93652582180495059       0.35059860965577422        1.0000000000000000     
   537.43786948476236       0.99273716649783672       0.12030344240231175       0.99999999999999989     
   545.70614439991255       0.99610032885782940       -8.8227744215320966E-002  0.99999999999999989     
   553.97441931506273       0.96479990046000286      -0.26298507956226075        1.0000000000000000     
   562.24269423021292       0.91643983829106257      -0.40017249129975324        1.0000000000000000     
   570.51096914536311       0.86486710082963414      -0.50200089432444595        1.0000000000000000     
   578.77924406051329       0.81869807808356609      -0.57422422183522970        1.0000000000000000     
   587.04751897566348       0.78115621109962019      -0.62433562597411152        1.0000000000000000     
   595.31579389081367       0.75070497147165116      -0.66063760550527806        1.0000000000000000     
   603.58406880596385       0.72194153510976644      -0.69195405908438312        1.0000000000000000     
   611.85234372111404       0.68640442626636622      -0.72722002420308851        1.0000000000000000     
   620.12061863626423       0.63292295843909618      -0.77421478200865046        1.0000000000000000     
   628.38889355141441       0.54775057072155720      -0.83664168690916207        1.0000000000000000     
   636.65716846656460       0.41548206023532785      -0.90960137292256071       0.99999999999999989     
   644.92544338171479       0.22314748936142903      -0.97478469314597416        1.0000000000000000     
   653.19371829686497       -3.0847887289275025E-002 -0.99952409068005366       0.99999999999999989     
   661.46199321201516      -0.32579173150639845      -0.94544156227768128       0.99999999999999989     
   669.73026812716535      -0.61567053819973094      -0.78800367282954564        1.0000000000000000     
   677.99854304231553      -0.84414813054349191      -0.53611000149216359       0.99999999999999989     
   686.26681795746572      -0.97235367659952343      -0.23351301377736838        1.0000000000000000     
   694.53509287261591      -0.99802005841560015        6.2896446641459561E-002   1.0000000000000000     
   702.80336778776609      -0.95061765617744254       0.31036441768299666        1.0000000000000000     
   711.07164270291628      -0.87023003090694095       0.49264560619953213       0.99999999999999989     
   719.33991761806647      -0.78872121191414324       0.61475104707245931        1.0000000000000000     
   727.60819253321665      -0.72261990683467991       0.69124559329245527        1.0000000000000000     
   735.87646744836684      -0.67513071288544935       0.73769812289227432        1.0000000000000000     
   744.14474236351703      -0.64133410076267272       0.76726173578442836        1.0000000000000000     
   752.41301727866721      -0.61276236252236715       0.79026722510553804        1.0000000000000000     
   760.68129219381740      -0.58023085914675099       0.81445205512284347        1.0000000000000000     
   768.94956710896759      -0.53510252909366485       0.84478712310117721        1.0000000000000000     
   777.21784202411777      -0.46959426113187391       0.88288234205470972        1.0000000000000000     
   785.48611693926796      -0.37698066873848068       0.92622112662014344       0.99999999999999989     
   793.75439185441815      -0.25215852932162419       0.96768593876854259        1.0000000000000000     
   802.02266676956833       -9.2971070253144425E-002  0.99566881044651834       0.99999999999999989     
   810.29094168471852        9.7951089745854647E-002  0.99519122987373609        1.0000000000000000     
   818.55921659986871       0.31137372308826572       0.95028753783797038       0.99999999999999989     
   826.82749151501889       0.53066363798946448       0.84758250531484347        1.0000000000000000     
   835.09576643016908       0.73281695301547523       0.68042583238227716       0.99999999999999989     
   843.36404134531927       0.89183217370077250       0.45236641558824314        1.0000000000000000     
   851.63231626046945       0.98393250290804868       0.17854083488407560        1.0000000000000000     
   859.90059117561964       0.99325288411543344      -0.11596856555279693        1.0000000000000000     
   868.16886609076982       0.91613424151622802      -0.40087161476149152        1.0000000000000000     
   876.43714100592001       0.76234629741900706      -0.64716931541253631        1.0000000000000000     
   884.70541592107020       0.55272928635804286      -0.83336086781305529        1.0000000000000000     
   892.97369083622038       0.31407469502109786      -0.94939827572384206        1.0000000000000000     
   901.24196575137057        7.3069584254157730E-002 -0.99732684504976832        1.0000000000000000     
   909.51024066652076      -0.14875809098531459      -0.98887361698368959       0.99999999999999989     
   917.77851558167094      -0.33776713643576955      -0.94122970710872711        1.0000000000000000     
   926.04679049682113      -0.48840988696449544      -0.87261433767462748        1.0000000000000000     
   934.31506541197132      -0.60158564883309262      -0.79880830436223371        1.0000000000000000     
   942.58334032712150      -0.68219878584942917      -0.73116675019147626        1.0000000000000000     
   950.85161524227169      -0.73695152802056174      -0.67594559348231520        1.0000000000000002     
   959.11989015742188      -0.77288248036710594      -0.63454918764552060        1.0000000000000000     
   967.38816507257206      -0.79679976531224950      -0.60424343935068425       0.99999999999999989     
   975.65643998772225      -0.81534806479218158      -0.57897109879478836        1.0000000000000000     
   983.92471490287244      -0.83507393539421559      -0.55013773041413683        1.0000000000000000     
   992.19298981802262      -0.86183294882225769      -0.50719224000799912        1.0000000000000000     
   1000.4612647331728      -0.89896356033806046      -0.43802342081710460        1.0000000000000000     
   1008.7295396483230      -0.94408164318279542      -0.32971176958864068       0.99999999999999989     
   1016.9978145634732      -0.98527340719190482      -0.17098629500768439       0.99999999999999989     
   1025.2660894786234      -0.99910768094194269        4.2235552355962359E-002   1.0000000000000000     
   1033.5343643937736      -0.95434415786801363       0.29870927060135222        1.0000000000000000     
   1041.8026393089237      -0.82409049983169480       0.56645816093260359        1.0000000000000000     
   1050.0709142240739      -0.60250819682890944       0.79811269426940967        1.0000000000000000     
   1058.3391891392241      -0.31410172190796359       0.94938933441157447        1.0000000000000002     
   1066.6074640543743       -5.4554218693888381E-003  0.99998511907539256        1.0000000000000000     
   1074.8757389695245       0.27631534161817112       0.96106702783231168        1.0000000000000000     
   1083.1440138846747       0.50215052896079992       0.86478023003789173        1.0000000000000000     
   1091.4122887998249       0.66558342686054783       0.74632345661152155        1.0000000000000000     
   1099.6805637149751       0.77563273527718624       0.63118448964342455        1.0000000000000000     
   1107.9488386301252       0.84699265869216522       0.53160458624957085        1.0000000000000000     
   1116.2171135452754       0.89348587593175188       0.44909129306909318        1.0000000000000000     
   1124.4853884604256       0.92554651147536882       0.37863393283721269       0.99999999999999989     
   1132.7536633755758       0.94999450814789010       0.31226660802725675        1.0000000000000000     
   1141.0219382907260       0.97042906112211180       0.24138648953422501        1.0000000000000000     
   1149.2902132058762       0.98742418727353309       0.15809324586206294        1.0000000000000000     
   1157.5584881210264       0.99842966172802383        5.6019733859273169E-002  0.99999999999999989     
   1165.8267630361765       0.99762774748161687       -6.8839505044380939E-002   1.0000000000000000     
   1174.0950379513267       0.97614736417835279      -0.21710901272783273        1.0000000000000000     
   1182.3633128664769       0.92298523449843139      -0.38483536336708402        1.0000000000000000     
   1190.6315877816271       0.82688046597752352      -0.56237771558339111        1.0000000000000000     
   1198.8998626967773       0.67915948001304216      -0.73399073611893373        1.0000000000000000     
   1207.1681376119275       0.47708453995277600      -0.87885740694270087        1.0000000000000000     
   1215.4364125270777       0.22686312200126413      -0.97392665220530827        1.0000000000000000     
   1223.7046874422279       -5.4958913302570835E-002 -0.99848861678468848        1.0000000000000000     
   1231.9729623573780      -0.34272886215203896      -0.93943436548168102       0.99999999999999989     
   1240.2412372725282      -0.60585654327275751      -0.79557391169745206        1.0000000000000000     
   1248.5095121876784      -0.81512449586802793      -0.57928581566951332        1.0000000000000000     
   1256.7777871028286      -0.94924972149234876      -0.31452339538848023       0.99999999999999989     
   1265.0460620179788      -0.99950069724215274       -3.1596775348926277E-002   1.0000000000000000     
   1273.3143369331290      -0.97086974375600821       0.23960788939252992       0.99999999999999989     
   1281.5826118482792      -0.87960420383100624       0.47570625873833283        1.0000000000000000     
   1289.8508867634293      -0.74829210827737758       0.66336936972534200        1.0000000000000000     
   1298.1191616785795      -0.60040178925349397       0.79969850034947731        1.0000000000000000     
   1306.3874365937297      -0.45593408377761485       0.89001354554291301        1.0000000000000000     
   1314.6557115088799      -0.32907102486059919       0.94430517344616660       0.99999999999999989     
   1322.9239864240301      -0.22768839070392674       0.97373404825889498        1.0000000000000000     
   1331.1922613391803      -0.15408872910287869       0.98805701432835324        1.0000000000000000     
   1339.4605362543305      -0.10608007593988725       0.99435759035097016        1.0000000000000000     
   1347.7288111694807       -7.7953132863106178E-002  0.99695702468904190        1.0000000000000000     
   1355.9970860846308       -6.1131529358960997E-002  0.99812971908376447        1.0000000000000000     
   1364.2653609997810       -4.4767339844472329E-002  0.99899744007842661        1.0000000000000000     
   1372.5336359149312       -1.6431192875707178E-002  0.99986499883768376        1.0000000000000000     
   1380.8019108300814        3.6754436344715827E-002  0.99932432743778543       0.99999999999999989     
   1389.0701857452316       0.12627009289114258       0.99199589900425611        1.0000000000000000     
   1397.3384606603818       0.25897309003353430       0.96588453690825948        1.0000000000000000     
   1405.6067355755320       0.43213011055301914       0.90181127047372578        1.0000000000000000     
   1413.8750104906821       0.62806990537826402       0.77815692116573665        1.0000000000000000     
   1422.1432854058323       0.81323865988828092       0.58193030687799119        1.0000000000000000     
   1430.4115603209825       0.94710715188495953       0.32091750162364185        1.0000000000000000     
   1438.6798352361327       0.99964796998074201        2.6531794386762200E-002  0.99999999999999989     
   1446.9481101512829       0.96608561568976414      -0.25822196490099253        1.0000000000000000     
   1455.2163850664331       0.86718810610062225      -0.49798071110999464        1.0000000000000000     
   1463.4846599815833       0.73581660435510232      -0.67718086561518165        1.0000000000000000     
   1471.7529348967334       0.60128601274404347      -0.79903387342363030        1.0000000000000000     
   1480.0212098118836       0.48093118061426959      -0.87675834727304691       0.99999999999999989     
   1488.2894847270338       0.37981294766403179      -0.92506330852907548        1.0000000000000000     
   1496.5577596421840       0.29445397746769986      -0.95566566075874637        1.0000000000000000     
   1504.8260345573342       0.21698296798793898      -0.97617538977539531       0.99999999999999989     
   1513.0943094724844       0.13822609267587085      -0.99040070037513683        1.0000000000000000     
   1521.3625843876346        4.9615652843349990E-002 -0.99876838505878240        1.0000000000000000     
   1529.6308593027848       -5.5597168923537908E-002 -0.99845328123437382        1.0000000000000000     
   1537.8991342179349      -0.18136283068518966      -0.98341625146519474        1.0000000000000000     
   1546.1674091330851      -0.32777442591001460      -0.94475601385720764       0.99999999999999989     
   1554.4356840482353      -0.48990406332915093      -0.87177635247441032        1.0000000000000000     
   1562.7039589633855      -0.65683519324478279      -0.75403416959385128        1.0000000000000000     
   1570.9722338785357      -0.81153028456672183      -0.58431036036600914        1.0000000000000000     
   1579.2405087936859      -0.93214918593295648      -0.36207443318263527        1.0000000000000000     
   1587.5087837088361      -0.99534175573260708       -9.6409487578407824E-002   1.0000000000000000     
   1595.7770586239862      -0.98123069526702233       0.19283755512294759       0.99999999999999989     
   1604.0453335391364      -0.87899536198017159       0.47683031952398652       0.99999999999999989     
   1612.3136084542866      -0.69122566313797273       0.72263897114636011        1.0000000000000000     
   1620.5818833694368      -0.43513628790481318       0.90036459889781295        1.0000000000000000     
   1628.8501582845870      -0.13972067702470417       0.99019095754897613       0.99999999999999989     
   1637.1184331997372       0.16065133642359367       0.98701121984773477        1.0000000000000000     
   1645.3867081148874       0.43403214724396222       0.90089738325671442       0.99999999999999989     
   1653.6549830300376       0.65748664597684892       0.75346619722593644        1.0000000000000000     
   1661.9232579451877       0.82044651483036946       0.57172328647930748       0.99999999999999989     
   1670.1915328603379       0.92427711823042513       0.38172216167739170        1.0000000000000000     
   1678.4598077754881       0.97896756660906936       0.20401593939571835        1.0000000000000000     
   1686.7280826906383       0.99866597962508663        5.1635851299906513E-002   1.0000000000000000     
   1694.9963576057885       0.99757385972440626       -6.9616049834435270E-002   1.0000000000000000     
   1703.2646325209387       0.98716989368814412      -0.15967341981600522        1.0000000000000000     
   1711.5329074360889       0.97494126927329783      -0.22246240461653496        1.0000000000000000     
   1719.8011823512390       0.96437006129496994      -0.26455695960971420        1.0000000000000000     
   1728.0694572663892       0.95568505089167777      -0.29439103842028097        1.0000000000000000     
   1736.3377321815394       0.94682589539620299      -0.32174636564719489        1.0000000000000000     
   1744.6060070966896       0.93409592348161208      -0.35702213619751122        1.0000000000000000     
   1752.8742820118398       0.91211292575725988      -0.40993903286529249        1.0000000000000000     
   1761.1425569269900       0.87314068035653691      -0.48746830902790367        1.0000000000000000     
   1769.4108318421402       0.80669948395708113      -0.59096187912874631        1.0000000000000000     
   1777.6791067572904       0.70094401141602958      -0.71321630159440763        1.0000000000000000     
   1785.9473816724405       0.54695562879445769      -0.83716159738132967        1.0000000000000002     
   1794.2156565875907       0.34498071692947863      -0.93860977245435862        1.0000000000000000     
   1802.4839315027409       0.10861081358618244      -0.99408434811747615       0.99999999999999989     
   1810.7522064178911      -0.13737768405779402      -0.99051873880453012        1.0000000000000000     
   1819.0204813330413      -0.36574684665692425      -0.93071437302779214       0.99999999999999978     
   1827.2887562481915      -0.55663669813946226      -0.83075603295094835        1.0000000000000000     
   1835.5570311633417      -0.70243759594076438      -0.71174533634507187        1.0000000000000000     
   1843.8253060784918      -0.80621691012683383      -0.59162005867409595        1.0000000000000000     
   1852.0935809936420      -0.87674223297813403      -0.48096055650387309        1.0000000000000000     
   1860.3618559087922      -0.92380542791300913      -0.38286228772035275        1.0000000000000000     
   1868.6301308239424      -0.95550681336309118      -0.29496903162317045        1.0000000000000000     
   1876.8984057390926      -0.97730210910681981      -0.21185038950958196       0.99999999999999989     
   1885.1666806542428      -0.99191038950605626      -0.12694006140672739        1.0000000000000000     
   1893.4349555693930      -0.99942793340270708       -3.3820200093940898E-002   1.0000000000000000     
   1901.7032304845432      -0.99734592313816783        7.2808719255840926E-002   1.0000000000000000     
   1909.9715053996933      -0.98054634594621248       0.19628770580841437        1.0000000000000000     
   1918.2397803148435      -0.94148755579549637       0.33704774481106109        1.0000000000000000     
   1926.5080552299937      -0.87086943310134080       0.49151442551541585        1.0000000000000000     
   1934.7763301451439      -0.75908243677995901       0.65099451162985966        1.0000000000000000     
   1943.0446050602941      -0.59854328433926973       0.80109046728341493        1.0000000000000000     
   1951.3128799754443      -0.38681375437495480       0.92215786036142000        1.0000000000000000     
   1959.5811548905945      -0.12977820501583101       0.99154304873912003        1.0000000000000000     
   1967.8494298057446       0.15613760026008602       0.98773531362659173       0.99999999999999989     
   1976.1177047208948       0.44413314424844519       0.89596079723389110        1.0000000000000000     
   1984.3859796360450       0.70048424812917254       0.71366786261040782        1.0000000000000000     
   1992.6542545511952       0.89109659420759724       0.45381368400657651        1.0000000000000002     
   2000.9225294663454       0.98955977801190498       0.14412302293883955        1.0000000000000000     
   2009.1908043814956       0.98399593937138274      -0.17819088444875630        1.0000000000000000     
   2017.4590792966458       0.88008438334266226      -0.47481731033774016        1.0000000000000000     
   2025.7273542117960       0.69906423941420748      -0.71505887112337507        1.0000000000000000     
   2033.9956291269461       0.47153133452706764      -0.88184930717165200        1.0000000000000000     
   2042.2639040420963       0.22956233563651349      -0.97329396076268182        1.0000000000000000     
   2050.5321789572467       -5.0936127372127292E-005 -0.99999999870275547        1.0000000000000000     
   2058.8004538723972      -0.19961022230608280      -0.97987537939827640       0.99999999999999989     
   2067.0687287875476      -0.36099511242441679      -0.93256770735731709        1.0000000000000000     
   2075.3370037026980      -0.48377472007832023      -0.87519256179034277        1.0000000000000000     
   2083.6052786178484      -0.57245714795774816      -0.81993463992691562       0.99999999999999989     
   2091.8735535329988      -0.63393938000241956      -0.77338273996912288        1.0000000000000000     
   2100.1418284481492      -0.67593820655227854      -0.73695830338146628        1.0000000000000000     
   2108.4101033632996      -0.70627260703205963      -0.70793997242431361        1.0000000000000000     
   2116.6783782784501      -0.73268260749421432      -0.68057049353867749        1.0000000000000000     
   2124.9466531936005      -0.76245601884696346      -0.64704004460623532        1.0000000000000000     
   2133.2149281087509      -0.80137495621323029      -0.59816233545271236        1.0000000000000000     
   2141.4832030239013      -0.85174456665960196      -0.52395724364288243        1.0000000000000000     
   2149.7514779390517      -0.90990744450929961      -0.41481133353195143        1.0000000000000000     
   2158.0197528542021      -0.96449716817927400      -0.26409318918548663        1.0000000000000000     
   2166.2880277693525      -0.99737715318213416       -7.2379653980257114E-002   1.0000000000000000     
   2174.5563026845030      -0.98888170035195289       0.14870434663798676        1.0000000000000000     
   2182.8245775996534      -0.92632832096016504       0.37671719072418425        1.0000000000000000     
   2191.0928525148038      -0.81113266280093110       0.58486220884706763        1.0000000000000000     
   2199.3611274299542      -0.65920466449841786       0.75196356979811751        1.0000000000000000     
   2207.6294023451046      -0.49401724003152492       0.86945210710632859        1.0000000000000000     
   2215.8976772602550      -0.33719180289937412       0.94143597129994439        1.0000000000000000     
   2224.1659521754054      -0.20231384532636926       0.97932073805738329        1.0000000000000000     
   2232.4342270905559       -9.3765740814934578E-002  0.99559428777460679        1.0000000000000000     
   2240.7025020057063       -8.8450667883888112E-003  0.99996088163163110        1.0000000000000000     
   2248.9707769208567        5.9252302326738962E-002  0.99824303887829879        1.0000000000000000     
   2257.2390518360071       0.11901706012345503       0.99289220935586453        1.0000000000000000     
   2265.5073267511575       0.17897341831889929       0.98385390965084252       0.99999999999999989     
   2273.7756016663079       0.24664624619216377       0.96910558209067943        1.0000000000000000     
   2282.0438765814583       0.32778261526334934       0.94475317259648250        1.0000000000000000     
   2290.3121514966087       0.42556650256362716       0.90492715281162950        1.0000000000000000     
   2298.5804264117592       0.53971804776413923       0.84184584629115222        1.0000000000000000     
   2306.8487013269096       0.66542047998506437       0.74646874336200209        1.0000000000000000     
   2315.1169762420600       0.79233612107357776       0.61008480659829312        1.0000000000000000     
   2323.3852511572104       0.90429768741082917       0.42690243913970111        1.0000000000000000     
   2331.6535260723608       0.98031999090364152       0.19741508411133182        1.0000000000000000     
   2339.9218009875112       0.99765432394315590       -6.8453268128882291E-002   1.0000000000000002     
   2348.1900759026616       0.93684764495140072      -0.34973774481604664       0.99999999999999989     
   2356.4583508178121       0.78787491521533060      -0.61583530101353856        1.0000000000000000     
   2364.7266257329625       0.55527412148790944      -0.83166739145275526        1.0000000000000000     
   2372.9949006481129       0.25995035958624635      -0.96562198118672771        1.0000000000000000     
   2381.2631755632633       -6.3965258317738763E-002 -0.99795212597015137        1.0000000000000000     
   2389.5314504784137      -0.37672635489482847      -0.92632459404231282       0.99999999999999989     
   2397.7997253935641      -0.64255285897790781      -0.76624136107320440       0.99999999999999978     
   2406.0680003087145      -0.83767503266664201      -0.54616896620637478       0.99999999999999989     
   2414.3362752238650      -0.95410825164607582      -0.29946192435912178        1.0000000000000000     
   2422.6045501390154      -0.99841292657284142       -5.6317209201575853E-002   1.0000000000000000     
   2430.8728250541658      -0.98685415734015991       0.16161334146797052       0.99999999999999989     
   2439.1410999693162      -0.93933999715001160       0.34298741923606502        1.0000000000000000     
   2447.4093748844666      -0.87425950298007282       0.48545887719665409        1.0000000000000000     
   2455.6776497996170      -0.80531108990996025       0.59285246770847799        1.0000000000000000     
   2463.9459247147674      -0.74030293864666441       0.67227342579571969        1.0000000000000000     
   2472.2141996299179      -0.68140256960213419       0.73190883184971112        1.0000000000000000     
   2480.4824745450683      -0.62607815489677543       0.77976031186579975        1.0000000000000000     
   2488.7507494602187      -0.56827976068411645       0.82283541100076829       0.99999999999999989     
   2497.0190243753691      -0.49961164403029640       0.86624950513656540        1.0000000000000000     
   2505.2872992905195      -0.41050813937947028       0.91185693368159759        1.0000000000000000     
   2513.5555742056699      -0.29186464091037134       0.95645963395548483        1.0000000000000000     
   2521.8238491208203      -0.13765577055637473       0.99048013045821914        1.0000000000000000     
   2530.0921240359708        5.1464500686694961E-002  0.99867482453953405       0.99999999999999989     
   2538.3603989511212       0.26489504932103020       0.96427724895136302        1.0000000000000000     
   2546.6286738662716       0.48208232015595109       0.87612592507758558        1.0000000000000000     
   2554.8969487814220       0.67776593606785751       0.73527772705696781        1.0000000000000000     
   2563.1652236965724       0.83086849512676031       0.55646881656189207        1.0000000000000000     
   2571.4334986117228       0.93185924549911081       0.36281999197650050        1.0000000000000000     
   2579.7017735268732       0.98417531010587489       0.17719751402885159        1.0000000000000000     
   2587.9700484420237       0.99987951143836273        1.5522970262839426E-002   1.0000000000000000     
   2596.2383233571741       0.99333023297565648      -0.11530415541743505        1.0000000000000000     
   2604.5065982723245       0.97644564071422701      -0.21576355283083071        1.0000000000000000     
   2612.7748731874749       0.95676413230804136      -0.29086490872712822       0.99999999999999989     
   2621.0431481026253       0.93762184808349536      -0.34765682791582092        1.0000000000000000     
   2629.3114230177757       0.91923586839118621      -0.39370727484147644        1.0000000000000000     
   2637.5796979329261       0.89981893865358986      -0.43626354149794266        1.0000000000000000     
   2645.8479728480766       0.87629330750389334      -0.48177799786196862        1.0000000000000000     
   2654.1162477632270       0.84457580817567868      -0.53543599453566748        1.0000000000000002     
   2662.3845226783774       0.79955902974775350      -0.60058751065005589        1.0000000000000000     
   2670.6527975935278       0.73505342013262231      -0.67800919577195606        1.0000000000000000     
   2678.9210725086782       0.64403119072689186      -0.76499923226817801        1.0000000000000000     
   2687.1893474238286       0.51950368149969073      -0.85446821175996235        1.0000000000000000     
   2695.4576223389790       0.35624135914747879      -0.93439397153061565        1.0000000000000000     
   2703.7258972541294       0.15329946864643451      -0.98817977762789744        1.0000000000000000     
   2711.9941721692799       -8.3208206099867135E-002 -0.99653218434611635        1.0000000000000000     
   2720.2624470844303      -0.33804316862402489      -0.94113060525446146       0.99999999999999989     
   2728.5307219995807      -0.58681468930282632      -0.80972126094010111        1.0000000000000000     
   2736.7989969147311      -0.79907774321859237      -0.60122771084896065        1.0000000000000000     
   2745.0672718298815      -0.94436824326938706      -0.32888998328360769       0.99999999999999989     
   2753.3355467450319      -0.99980975284707341       -1.9505335471969976E-002   1.0000000000000000     
   2761.6038216601823      -0.95651992901064142       0.29166697688541565        1.0000000000000002     
   2769.8720965753328      -0.82227455846490749       0.56909098613608478        1.0000000000000000     
   2778.1403714904832      -0.61922556436700338       0.78521315605023212        1.0000000000000000     
   2786.4086464056336      -0.37762492037428558       0.92595864892138380        1.0000000000000000     
   2794.6769213207840      -0.12810009195823235       0.99176124467549764       0.99999999999999989     
   2802.9451962359344       0.10469224843761515       0.99450466721734221       0.99999999999999989     
   2811.2134711510848       0.30537018322682180       0.95223371668725176        1.0000000000000000     
   2819.4817460662352       0.46792935214113529       0.88376587476818624        1.0000000000000000     
   2827.7500209813857       0.59363688549899274       0.80473302913143552        1.0000000000000000     
   2836.0182958965361       0.68818680043237368       0.72553354692298844        1.0000000000000000     
   2844.2865708116865       0.75915761665337855       0.65090683901550916        1.0000000000000000     
   2852.5548457268369       0.81427645324772835       0.58047726715720749        1.0000000000000000     
   2860.8231206419873       0.86031288014764096       0.50976636634057249        1.0000000000000000     
   2869.0913955571377       0.90219958246039689       0.43131880715809912        1.0000000000000000     
   2877.3596704722881       0.94189783163283725       0.33589950099004218        1.0000000000000000     
   2885.6279453874386       0.97682015631161045       0.21406163183382701        1.0000000000000000     
   2893.8962203025890       0.99828017298801819        5.8623341929749995E-002   1.0000000000000000     
   2902.1644952177394       0.99129792647699155      -0.13163746033108181        1.0000000000000000     
   2910.4327701328898       0.93753538946308601      -0.34788991578414508        1.0000000000000000     
   2918.7010450480402       0.82215057640150324      -0.56927008504107790        1.0000000000000000     
   2926.9693199631906       0.64236925242327625      -0.76639529196176637       0.99999999999999989     
   2935.2375948783410       0.41245473968568613      -0.91097809397965923       0.99999999999999989     
   2943.5058697934915       0.16046676817290631      -0.98704124347067823        1.0000000000000000     
   2951.7741447086419       -8.2124551168074642E-002 -0.99662207385520130        1.0000000000000000     
   2960.0424196237923      -0.29133925713047137      -0.95661979764934046        1.0000000000000000     
   2968.3106945389427      -0.45600982370898230      -0.88997474159714385        1.0000000000000000     
   2976.5789694540931      -0.57642564227594550      -0.81714960620853494        1.0000000000000000     
   2984.8472443692435      -0.65965864182517020      -0.75156535062852114        1.0000000000000000     
   2993.1155192843939      -0.71507474132687976      -0.69904800573086245        1.0000000000000000     
   3001.3837941995444      -0.75173521621533057      -0.65946505950026657        1.0000000000000000     
   3009.6520691146948      -0.77748827767865758      -0.62889743048630331        1.0000000000000000     
   3017.9203440298452      -0.79890575087529503      -0.60145623383450031        1.0000000000000000     
   3026.1886189449956      -0.82130640359031604      -0.57048732801135993        1.0000000000000000     
   3034.4568938601460      -0.84851296912031482      -0.52917458483436985        1.0000000000000000     
   3042.7251687752964      -0.88225080036971804      -0.47077969927237928       0.99999999999999989     
   3050.9934436904468      -0.92131830876231746      -0.38880917419647265        1.0000000000000000     
   3059.2617186055973      -0.96071523898881739      -0.27753599689888780       0.99999999999999989     
   3067.5299935207477      -0.99110134060940869      -0.13310947615490396        1.0000000000000000     
   3075.7982684358981      -0.99900525143040875        4.4592685661056258E-002   1.0000000000000000     
   3084.0665433510485      -0.96831556602144309       0.24972978316687092        1.0000000000000000     
   3092.3348182661989      -0.88336494399393728       0.46868579637384794        1.0000000000000000     
   3100.6030931813493      -0.73337952445497878       0.67981944155061436        1.0000000000000000     
   3108.8713680964997      -0.51722131182202025       0.85585168960346658        1.0000000000000000     
   3117.1396430116502      -0.24657734324580846       0.96912311591347300        1.0000000000000000     
   3125.4079179268006        5.4233763253115373E-002  0.99852826646189896        1.0000000000000000     
   3133.6761928419510       0.35265547464058422       0.93575323467569393        1.0000000000000000     
   3141.9444677571014       0.61540131275357957       0.78821394574136461       0.99999999999999989     
   3150.2127426722518       0.81656500549466671       0.57725349007303106        1.0000000000000000     
   3158.4810175874022       0.94318508267587198       0.33226781339411804       0.99999999999999989     
   3166.7492925025526       0.99653903929650967        8.3126067860747124E-002   1.0000000000000000     
   3175.0175674177030       0.98924978231533167      -0.14623565977239897       0.99999999999999989     
   3183.2858423328535       0.93999697514512570      -0.34118277611569708        1.0000000000000000     
   3191.5541172480039       0.86804020465048515      -0.49649391044638586        1.0000000000000000     
   3199.8223921631543       0.78918626074229503      -0.61415392684211856        1.0000000000000000     
   3208.0906670783047       0.71372491831454421      -0.70042611385991116        1.0000000000000000     
   3216.3589419934551       0.64603333300994958      -0.76330919858210511        1.0000000000000000     
   3224.6272169086055       0.58520627482537713      -0.81088446520142754        1.0000000000000000     
   3232.8954918237559       0.52609671985602058      -0.85042474173599614        1.0000000000000000     
   3241.1637667389064       0.46044077699629687      -0.88769042513651486        1.0000000000000000     
   3249.4320416540568       0.37792846888810239      -0.92583479757670295       0.99999999999999989     
   3257.7003165692072       0.26756858422267277      -0.96353881745214320        1.0000000000000000     
   3265.9685914843576       0.11991168803451280      -0.99278456226550671        1.0000000000000000     
   3274.2368663995080       -6.9109186796833408E-002 -0.99760910195340557        1.0000000000000000     
   3282.5051413146584      -0.29302774242891227      -0.95610393899775092        1.0000000000000000     
   3290.7734162298088      -0.53089678911728932      -0.84743648688556739        1.0000000000000000     
   3299.0416911449593      -0.74906389725430889      -0.66249775684917322        1.0000000000000000     
   3307.3099660601097      -0.91104980891347576      -0.41229630810706919        1.0000000000000000     
   3315.5782409752601      -0.99188210575458791      -0.12716087560190989       0.99999999999999989     
   3323.8465158904105      -0.98801002286738981       0.15438974937987265        1.0000000000000000     
   3332.1147908055609      -0.91646515486698921       0.40011450850303520       0.99999999999999989     
   3340.3830657207113      -0.80515974629619180       0.59305799290141270        1.0000000000000000     
   3348.6513406358617      -0.68153929108009548       0.73178152116191131        1.0000000000000000     
   3356.9196155510122      -0.56540213040885823       0.82481539202971021        1.0000000000000000     
   3365.1878904661626      -0.46701917989882397       0.88424718580645190        1.0000000000000000     
   3373.4561653813130      -0.38862696101421096       0.92139518404040888        1.0000000000000000     
   3381.7244402964634      -0.32698966987950018       0.94502791270527853        1.0000000000000000     
   3389.9927152116138      -0.27573864446340379       0.96123264611096337        1.0000000000000000     
   3398.2609901267642      -0.22707538998202445       0.97387718284417746       0.99999999999999989     
   3406.5292650419146      -0.17292650231757567       0.98493473123664876        1.0000000000000000     
   3414.7975399570651      -0.10571995549478588       0.99439594277640764        1.0000000000000002     
   3423.0658148722155       -1.9047789560703861E-002  0.99981857439880117        1.0000000000000000     
   3431.3340897873659        9.1528841781241557E-002  0.99580242574628453        1.0000000000000000     
   3439.6023647025163       0.22739042684875321       0.97380367311770899        1.0000000000000000     
   3447.8706396176667       0.38542024229024713       0.92274115375490173        1.0000000000000000     
   3456.1389145328171       0.55662326878781498       0.83076503094675802       0.99999999999999989     
   3464.4071894479675       0.72544732107869836       0.68827769420470097        1.0000000000000000     
   3472.6754643631180       0.87076106315490565       0.49170638687466572        1.0000000000000000     
   3480.9437392782684       0.96905441671404224       0.24684719452934326        1.0000000000000000     
   3489.2120141934188       0.99955908871679355       -2.9692223959367010E-002   1.0000000000000000     
   3497.4802891085692       0.94998579299175701      -0.31229312050351449        1.0000000000000000     
   3505.7485640237196       0.82070302953808272      -0.57135500112190574        1.0000000000000000     
   3514.0168389388700       0.62547890518639326      -0.78024107759514361        1.0000000000000000     
   3522.2851138540204       0.38822119095216095      -0.92156622491044327       0.99999999999999989     
   3530.5533887691709       0.13691041212509131      -0.99058343366509904        1.0000000000000000     
   3538.8216636843213      -0.10296479480145569      -0.99468500090807344       0.99999999999999989     
   3547.0899385994717      -0.31316262352622076      -0.94969951628195248        1.0000000000000000     
   3555.3582135146221      -0.48447020909330740      -0.87480775973986824        1.0000000000000000     
   3563.6264884297725      -0.61575786478841255      -0.78793543641037933       0.99999999999999978     
   3571.8947633449229      -0.71145669114649823      -0.70272994572799885        1.0000000000000000     
   3580.1630382600733      -0.77875837619147870      -0.62732399245653858        1.0000000000000000     
   3588.4313131752237      -0.82550220027349774      -0.56439889913394936       0.99999999999999989     
   3596.6995880903742      -0.85899123413332323      -0.51199029256628514        1.0000000000000000     
   3604.9678630055246      -0.88556709802245115      -0.46451147983671454        1.0000000000000000     
   3613.2361379206750      -0.91039873807616944      -0.41373196360605047        1.0000000000000000     
   3621.5044128358254      -0.93685744753700162      -0.34971148536251179        1.0000000000000000     
   3629.7726877509758      -0.96513852008980716      -0.26173963597219441        1.0000000000000000     
   3638.0409626661262      -0.99018060157686805      -0.13979404944729112       0.99999999999999989     
   3646.3092375812766      -0.99974118968790604        2.2749805304888675E-002   1.0000000000000000     
   3654.5775124964271      -0.97440041164523050       0.22481956717689261        1.0000000000000000     
   3662.8457874115775      -0.89158478322824386       0.45285381119721785        1.0000000000000000     
   3671.1140623267279      -0.73432145825031081       0.67880188269710695        1.0000000000000000     
   3679.3823372418783      -0.50164280667946615       0.86507484907766663        1.0000000000000000     
   3687.6506121570287      -0.21410872891866728       0.97680983420563117        1.0000000000000000     
   3695.9188870721791        9.1068270311761262E-002  0.99584465161109537       0.99999999999999989     
   3704.1871619873295       0.37362351705552060       0.92758043721451089        1.0000000000000000     
   3712.4554369024800       0.60443540165509835       0.79665415659873384        1.0000000000000000     
   3720.7237118176304       0.77229480562420882       0.63526430185070659        1.0000000000000002     
   3728.9919867327808       0.88171389352852181       0.47178449525050570        1.0000000000000000     
   3737.2602616479312       0.94584019295399135       0.32463260679228828        1.0000000000000000     
   3745.5285365630816       0.97945645088183353       0.20165579789820698        1.0000000000000000     
   3753.7968114782320       0.99472648546248588       0.10256324448578510        1.0000000000000000     
   3762.0650863933824       0.99975729362350108        2.2030747754279264E-002   1.0000000000000000     
   3770.3333613085329       0.99885825955357888       -4.7772139596162319E-002  0.99999999999999989     
   3778.6016362236833       0.99331823723386514      -0.11540745027339772        1.0000000000000000     
   3786.8699111388337       0.98199053382918866      -0.18893012324630784        1.0000000000000000     
   3795.1381860539841       0.96147469368697558      -0.27489345826981132        1.0000000000000000     
   3803.4064609691345       0.92606608145430747      -0.37736138220525955        1.0000000000000000     
   3811.6747358842849       0.86789248036729150      -0.49675209362609696        1.0000000000000000     
   3819.9430107994353       0.77767475077956538      -0.62866682909148375        1.0000000000000000     
   3828.2112857145858       0.64653768337677853      -0.76288205115455987        1.0000000000000000     
   3836.4795606297362       0.46881751400576199      -0.88329504615471333        1.0000000000000000     
   3844.7478355448866       0.24546061482407819      -0.96940656412579829        1.0000000000000000     
   3853.0161104600370       -1.3242869950479354E-002 -0.99991230935291253        1.0000000000000000     
   3861.2843853751874      -0.28702323369798732      -0.95792362081616433        1.0000000000000000     
   3869.5526602903378      -0.54814375924982639      -0.83638413375402354        1.0000000000000000     
   3877.8209352054882      -0.76706315246784040      -0.64157160171418015        1.0000000000000000     
   3886.0892101206387      -0.91959589731749936      -0.39286560760242573        1.0000000000000000     
   3894.3574850357891      -0.99296315014322467      -0.11842374110643468        1.0000000000000000     
   3902.6257599509395      -0.98842143277104288       0.15173355343772416        1.0000000000000000     
   3910.8940348660899      -0.91967040233976038       0.39269116498875206        1.0000000000000000     
   3919.1623097812403      -0.80803241527120306       0.58913802786018321        1.0000000000000000     
   3927.4305846963907      -0.67658991571262694       0.73636002468628092       0.99999999999999978     
   3935.6988596115411      -0.54531004295143259       0.83823442846038410        1.0000000000000000     
   3943.9671345266916      -0.42833224815058929       0.90362131736378482       0.99999999999999989     
   3952.2354094418420      -0.33327279513787766       0.94283044287983520        1.0000000000000000     
   3960.5036843569924      -0.26190623646913258       0.96509332362138678        1.0000000000000000     
   3968.7719592721428      -0.21135192996373206       0.97741002741971383        1.0000000000000000     
   3977.0402341872932      -0.17521357595069573       0.98453044787988642        1.0000000000000000     
   3985.3085091024436      -0.14456587264095663       0.98949517859742941        1.0000000000000000     
   3993.5767840175940      -0.10885490635590057       0.99405764891290294        1.0000000000000000     
   4001.8450589327445       -5.6880179592962980E-002  0.99838101202370244        1.0000000000000000     
   4010.1133338478949        2.1973024375387094E-002  0.99975856395421725        1.0000000000000000     
   4018.3816087630453       0.13580883192630921       0.99073506103842490        1.0000000000000000     
   4026.6498836781957       0.28723660381152955       0.95785966270159761       0.99999999999999989     
   4034.9181585933461       0.46945094594839093       0.88295855471712881        1.0000000000000000     
   4043.1864335084965       0.66314723255716534       0.74848897650651669        1.0000000000000000     
   4051.4547084236469       0.83760187455030621       0.54628115448898029        1.0000000000000000     
   4059.7229833387973       0.95840956121686882       0.28539641372674757       0.99999999999999989     
   4067.9912582539478       0.99997618199619742       -6.9018432543727663E-003   1.0000000000000000     
   4076.2595331690982       0.95593840974138988      -0.29356729514900426        1.0000000000000000     
   4084.5278080842486       0.84084214965504533      -0.54128040733383498        1.0000000000000000     
   4092.7960829993990       0.68245237684158788      -0.73093006050050180       0.99999999999999989     
   4101.0643579145490       0.51028807725254177      -0.86000353383803252        1.0000000000000000     
   4109.3326328296989       0.34684635023807886      -0.93792196334584466        1.0000000000000000     
   4117.6009077448489       0.20428433976641389      -0.97891159382561221        1.0000000000000000     
   4125.8691826599988        8.5405438548589285E-002 -0.99634628070080289        1.0000000000000000     
   4134.1374575751488       -1.3452842830940944E-002 -0.99990950641533860        1.0000000000000000     
   4142.4057324902988       -9.9520424428064358E-002 -0.99503551952764879        1.0000000000000000     
   4150.6740074054487      -0.18133432381961379      -0.98342150830906860        1.0000000000000000     
   4158.9422823205987      -0.26708017913484228      -0.96367431112036006       0.99999999999999989     
   4167.2105572357486      -0.36324957225530413      -0.93169187409590437        1.0000000000000000     
   4175.4788321508986      -0.47334993263750591      -0.88087447532101226        1.0000000000000000     
   4183.7471070660486      -0.59655299265943540      -0.80257368941990093        1.0000000000000000     
   4192.0153819811985      -0.72635169223929741      -0.68732322758736220       0.99999999999999989     
   4200.2836568963485      -0.84973630073583351      -0.52720794684050531        1.0000000000000000     
   4208.5519318114984      -0.94767564753395905      -0.31923481494206002       0.99999999999999989     
   4216.8202067266484      -0.99761696061440430       -6.8995651272222819E-002   1.0000000000000000     
   4225.0884816417984      -0.97833916476437754       0.20700840245782315        1.0000000000000000     
   4233.3567565569483      -0.87621221330230470       0.48192546857359236        1.0000000000000000     
   4241.6250314720983      -0.69081486265084469       0.72303169055076322        1.0000000000000000     
   4249.8933063872482      -0.43733958649489590       0.89929643949282567        1.0000000000000000     
   4258.1615813023982      -0.14416209188721707       0.98955408708301618       0.99999999999999989     
   4266.4298562175481       0.15400769593623145       0.98806964814855702        1.0000000000000000     
   4274.6981311326981       0.42486763487435714       0.90525548484185936       0.99999999999999989     
   4282.9664060478481       0.64576059748878045       0.76353994704333139        1.0000000000000000     
   4291.2346809629980       0.80707365261194441       0.59045077632230658        1.0000000000000000     
   4299.5029558781480       0.91126568767512472       0.41181894864853186        1.0000000000000000     
   4307.7712307932979       0.96895228713195714       0.24724778110581552        1.0000000000000000     
   4316.0395057084479       0.99409836122367468       0.10848247882678805        1.0000000000000000     
   4324.3077806235979       0.99999999788527882        6.5034163292418352E-005   1.0000000000000000     
   4332.5760555387478       0.99687867040159650       -7.8948822019997464E-002   1.0000000000000002     
   4340.8443304538978       0.99108344284953143      -0.13324267075347757        1.0000000000000000     
   4349.1126053690477       0.98545762599390607      -0.16992135642836262        1.0000000000000000     
   4357.3808802841977       0.98026656735470685      -0.19768018850309726        1.0000000000000000     
   4365.6491551993477       0.97409215312179920      -0.22615144754464267        1.0000000000000000     
   4373.9174301144976       0.96422865926573287      -0.26507186318167991        1.0000000000000000     
   4382.1857050296476       0.94636256620039971      -0.32310662836685050        1.0000000000000000     
   4390.4539799447975       0.91377693946102889      -0.40621632772358512        1.0000000000000000     
   4398.7222548599475       0.85688409451425107      -0.51550911589271831        1.0000000000000000     
   4406.9905297750975       0.76418667971783305      -0.64499513063420411        1.0000000000000000     
   4415.2588046902474       0.62549876112439329      -0.78022515970189599       0.99999999999999989     
   4423.5270796053974       0.43701346480038150      -0.89945496362139543        1.0000000000000000     
   4431.7953545205473       0.20593049365751706      -0.97856662102381731        1.0000000000000000     
   4440.0636294356973       -4.8664326983459134E-002 -0.99881518975196160        1.0000000000000000     
   4448.3319043508473      -0.30035423899911595      -0.95382772612000644        1.0000000000000000     
   4456.6001792659972      -0.52375584101823625      -0.85186842822074349        1.0000000000000000     
   4464.8684541811472      -0.70216677198316768      -0.71201251697055035        1.0000000000000000     
   4473.1367290962971      -0.83072429141439097      -0.55668406807996407        1.0000000000000000     
   4481.4050040114471      -0.91444343241976622      -0.40471373698499091        1.0000000000000000     
   4489.6732789265970      -0.96353504818930857      -0.26758215731028634        1.0000000000000000     
   4497.9415538417470      -0.98882384142664814      -0.14908859992047374        1.0000000000000000     
   4506.2098287568970      -0.99889350804038801       -4.7029348228177524E-002  0.99999999999999989     
   4514.4781036720469      -0.99900851577501637        4.4519494707361676E-002   1.0000000000000000     
   4522.7463785871969      -0.99109699198805756       0.13314185094185862       0.99999999999999989     
   4531.0146535023468      -0.97403620457159790       0.22639229709457070        1.0000000000000000     
   4539.2829284174968      -0.94384920347781376       0.33037657467547016        1.0000000000000000     
   4547.5512033326468      -0.89384860450847603       0.44836890193037476        1.0000000000000000     
   4555.8194782477967      -0.81511775922451046       0.57929529481673936        1.0000000000000000     
   4564.0877531629467      -0.69780738252727081       0.71628545768460150       0.99999999999999989     
   4572.3560280780966      -0.53361574456497307       0.84572704648271091        1.0000000000000000     
   4580.6243029932466      -0.31939823248354909       0.94762058287396056        1.0000000000000000     
   4588.8925779083966       -6.1083608715863012E-002  0.99813265288049136        1.0000000000000002     
   4597.1608528235465       0.22366546903765433       0.97466597250553799        1.0000000000000000     
   4605.4291277386965       0.50587690852686706       0.86260567666767629        1.0000000000000000     
   4613.6974026538464       0.74988703585069427       0.66156589502713903        1.0000000000000000     
   4621.9656775689964       0.92151651494943354       0.38833917221347952        1.0000000000000000     
   4630.2339524841464       0.99721861131374512        7.4532149100142012E-002   1.0000000000000000     
   4638.5022273992963       0.97056640339561773      -0.24083366998759737        1.0000000000000000     
   4646.7705023144463       0.85343057411158163      -0.52120653792098204       0.99999999999999989     
   4655.0387772295962       0.67151463110277665      -0.74099129564044253        1.0000000000000000     
   4663.3070521447462       0.45646633249326102      -0.88974068542477680        1.0000000000000000     
   4671.5753270598962       0.23788895363352533      -0.97129235853019380        1.0000000000000000     
   4679.8436019750461        3.7885665079999999E-002 -0.99928208048650913        1.0000000000000000     
   4688.1118768901961      -0.13083390567287351      -0.99140430154724546        1.0000000000000000     
   4696.3801518053460      -0.26397938023659145      -0.96452832348765427        1.0000000000000000     
   4704.6484267204960      -0.36331352562697949      -0.93166693732067907        1.0000000000000000     
   4712.9167016356459      -0.43415867145075920      -0.90083641578485918       0.99999999999999989     
   4721.1849765507959      -0.48360928682451498      -0.87528398688487608       0.99999999999999989     
   4729.4532514659459      -0.51957019857754227      -0.85442776684169930        1.0000000000000000     
   4737.7215263810958      -0.55023982354810019      -0.83500666858520090        1.0000000000000000     
   4745.9898012962458      -0.58366030195423679      -0.81199793837342293        1.0000000000000000     
   4754.2580762113957      -0.62684492924535562      -0.77914403975092117       0.99999999999999989     
   4762.5263511265457      -0.68443281206104367      -0.72907593964841000       0.99999999999999989     
   4770.7946260416957      -0.75688428872376690      -0.65354890672628119        1.0000000000000000     
   4779.0629009568456      -0.83880265795755593      -0.54443558021435323        1.0000000000000000     
   4787.3311758719956      -0.91821025806784373      -0.39609332483517540        1.0000000000000000     
   4795.5994507871455      -0.97795746575860643      -0.20880420294382063        1.0000000000000000     
   4803.8677257022955      -0.99996475825377840        8.3953707757593171E-003  0.99999999999999989     
   4812.1360006174455      -0.97134196832245512       0.23768630708448182        1.0000000000000000     
   4820.4042755325954      -0.88968473331189368       0.45657537746985949        1.0000000000000000     
   4828.6725504477454      -0.76447595548350955       0.64465224228848772        1.0000000000000000     
   4836.9408253628953      -0.61362402363287649       0.78959835208832541        1.0000000000000000     
   4845.2091002780453      -0.45710932284847378       0.88941051655858550        1.0000000000000002     
   4853.4773751931953      -0.31113374326249366       0.95036613670914682        1.0000000000000000     
   4861.7456501083452      -0.18501224446518852       0.98273621557259883        1.0000000000000000     
   4870.0139250234952       -8.0986962495250406E-002  0.99671516086883760        1.0000000000000000     
   4878.2821999386451        4.1987062332705469E-003  0.99999118539413467        1.0000000000000000     
   4886.5504748537951        7.7253470450339243E-002  0.99701148504085879        1.0000000000000000     
   4894.8187497689451       0.14652103394849791       0.98920755486938283        1.0000000000000000     
   4903.0870246840950       0.22047918635425900       0.97539167947269467        1.0000000000000000     
   4911.3552995992450       0.30641228492029482       0.95189889780896586       0.99999999999999989     
   4919.6235745143949       0.40914136959761815       0.91247100758532884        1.0000000000000000     
   4927.8918494295449       0.52949616601366722       0.84831233055804800        1.0000000000000000     
   4936.1601243446949       0.66272454868087127       0.74886325358888817        1.0000000000000000     
   4944.4283992598448       0.79707865411951606       0.60387549970753152        1.0000000000000000     
   4952.6966741749948       0.91345779489142476       0.40693347976308830        1.0000000000000000     
   4960.9649490901447       0.98713736045411205       0.15987442445772426        1.0000000000000002     
   4969.2332240052947       0.99235139351000534      -0.12344517730049473        1.0000000000000000     
   4977.5014989204446       0.90930347831214231      -0.41613361355391537        1.0000000000000000     
   4985.7697738355946       0.73163593877912181      -0.68169557214844312        1.0000000000000000     
   4994.0380487507446       0.47120872837411693      -0.88202173119716709        1.0000000000000000     
   5002.3063236658945       0.15744815895514414      -0.98752725392347307        1.0000000000000000     
   5010.5745985810445      -0.16935887785469361      -0.98555444826341232        1.0000000000000002     
   5018.8428734961944      -0.46852036746300924      -0.88345269554873551        1.0000000000000000     
   5027.1111484113444      -0.70900083672231395      -0.70520763859097468        1.0000000000000000     
   5035.3794233264944      -0.87536845868205138      -0.48345636984593532        1.0000000000000000     
   5043.6476982416443      -0.96811700852078075      -0.25049841878298251        1.0000000000000000     
   5051.9159731567943      -0.99950083348084828       -3.1592465416451311E-002   1.0000000000000000     
   5060.1842480719442      -0.98744680868238832       0.15795189148271285       0.99999999999999989     
   5068.4525229870942      -0.94998887525266407       0.31228374420737670        1.0000000000000000     
   5076.7207979022442      -0.90160916501888211       0.43255163108460726        1.0000000000000000     
   5084.9890728173941      -0.85165490717564130       0.52410296610842599        1.0000000000000000     
   5093.2573477325441      -0.80432368237715923       0.59419139506327978       0.99999999999999989     
   5101.5256226476940      -0.75947085556060501       0.65054132809072363       0.99999999999999989     
   5109.7938975628440      -0.71371576546058091       0.70043544037478367        1.0000000000000000     
   5118.0621724779940      -0.66141409551190689       0.75002092921342278        1.0000000000000000     
   5126.3304473931439      -0.59548216266522835       0.80336852934848191        1.0000000000000002     
   5134.5987223082939      -0.50817817831694201       0.86125196027787032        1.0000000000000000     
   5142.8669972234438      -0.39226756210741942       0.91985116172036319       0.99999999999999989     
   5151.1352721385938      -0.24296323490082275       0.97003549753940843        1.0000000000000000     
   5159.4035470537438       -6.0611384722494575E-002  0.99816143986933381        1.0000000000000000     
   5167.6718219688937       0.14685618457909047       0.98915785446554083       0.99999999999999989     
   5175.9400968840437       0.36338854103858559       0.93163768077608811        1.0000000000000000     
   5184.2083717991936       0.56778587189179064       0.82317628955168476        1.0000000000000000     
   5192.4766467143436       0.73980393513996645       0.67282251563946660        1.0000000000000000     
   5200.7449216294935       0.86664328958792725       0.49892825998555757        1.0000000000000000     
   5209.0131965446435       0.94634164868435089       0.32316788820268733        1.0000000000000000     
   5217.2814714597935       0.98646674778977983       0.16396144517859979        1.0000000000000000     
   5225.5497463749434       0.99947280562908103        3.2467072672683187E-002   1.0000000000000002     
   5233.8180212900934       0.99768059066776271       -6.8069369064390178E-002   1.0000000000000000     
   5242.0862962052433       0.99006354836696653      -0.14062066062642156       0.99999999999999989     
   5250.3545711203933       0.98137157907147399      -0.19211929572732050        1.0000000000000000     
   5258.6228460355433       0.97283029296724910      -0.23151937518328000        1.0000000000000000     
   5266.8911209506932       0.96329901435259324      -0.26843064085033674        1.0000000000000002     
   5275.1593958658432       0.95007697573424255      -0.31201560887185692        1.0000000000000002     
   5283.4276707809931       0.92903154616540218      -0.37000052193141858        1.0000000000000000     
   5291.6959456961431       0.89424032077921900      -0.44758714089289864        1.0000000000000000     
   5299.9642206112931       0.83763658646416428      -0.54622792771576834        1.0000000000000000     
   5308.2324955264430       0.74932903895147707      -0.66219784912370094        1.0000000000000000     
   5316.5007704415930       0.61914780671480596      -0.78527447013146001        1.0000000000000000     
   5324.7690453567429       0.43966448663978769      -0.89816208959617749        1.0000000000000000     
   5333.0373202718929       0.21029531766412365      -0.97763790810736539        1.0000000000000002     
   5341.3055951870429       -5.8832139851659866E-002 -0.99826788955694390        1.0000000000000000     
   5349.5738701021928      -0.34510954170525482      -0.93856241360070936        1.0000000000000000     
   5357.8421450173428      -0.61553652188879793      -0.78810836197888512        1.0000000000000000     
   5366.1104199324927      -0.83321142639161117      -0.55295453604293432        1.0000000000000000     
   5374.3786948476427      -0.96654405403724408      -0.25650066589630705        1.0000000000000000     
   5382.6469697627927      -0.99787051462308796        6.5226038097170660E-002  0.99999999999999989     
   5390.9152446779426      -0.92799509883408904       0.37259240000288424        1.0000000000000000     
   5399.1835195930926      -0.77486313242576699       0.63212904221157906        1.0000000000000000     
   5407.4517945082425      -0.56730320055674976       0.82350900337401789        1.0000000000000000     
   5415.7200694233925      -0.33673267169370830       0.94160029089524888        1.0000000000000000     
   5423.9883443385424      -0.11003791623409780       0.99392739020054055       0.99999999999999989     
   5432.2566192536924        9.4474482762674436E-002  0.99552728345672437        1.0000000000000000     
   5440.5248941688424       0.26772074308829402       0.96349655096437770        1.0000000000000000     
   5448.7931690839923       0.40823095414482663       0.91287868201530720        1.0000000000000000     
   5457.0614439991423       0.51956507931052476       0.85443087980306998        1.0000000000000000     
   5465.3297189142922       0.60792977726984676       0.79399079711835108        1.0000000000000000     
   5473.5979938294422       0.68034777784799561       0.73288941947424402        1.0000000000000000     
   5481.8662687445922       0.74343841751860951       0.66880439543817716        1.0000000000000000     
   5490.1345436597421       0.80244817733588747       0.59672181348624420       0.99999999999999989     
   5498.4028185748921       0.86023455154502682       0.50989853532651630        1.0000000000000000     
   5506.6710934900420       0.91610946206909061       0.40092823984783282        1.0000000000000000     
   5514.9393684051920       0.96471317833774106       0.26330302607735800        1.0000000000000000     
   5523.2076433203420       0.99559922799146405        9.3713271326961653E-002  0.99999999999999989     
   5531.4759182354919       0.99445532251761870      -0.10515993303715475       0.99999999999999989     
   5539.7441931506419       0.94663863850867225      -0.32229689431089353       0.99999999999999989     
   5548.0124680657918       0.84267465878517578      -0.53842308591040888        1.0000000000000000     
   5556.2807429809418       0.68360108638112160      -0.72985584514926671        1.0000000000000000     
   5564.5490178960918       0.48302623915793752      -0.87560587725582273        1.0000000000000000     
   5572.8172928112417       0.26398209658723043      -0.96452758005222961        1.0000000000000000     
   5581.0855677263917        5.1662350765422728E-002 -0.99866460912229704        1.0000000000000000     
   5589.3538426415416      -0.13399339053120585      -0.99098222551867787        1.0000000000000000     
   5597.6221175566916      -0.28235432614074391      -0.95931018680591862        1.0000000000000000     
   5605.8903924718416      -0.39187428084243198      -0.92001877590309356        1.0000000000000000     
   5614.1586673869915      -0.46726429278942283      -0.88411768486101472        1.0000000000000000     
   5622.4269423021415      -0.51641902686626384      -0.85633602557086264        1.0000000000000000     
   5630.6952172172914      -0.54838319480466069      -0.83622716510278083        1.0000000000000000     
   5638.9634921324414      -0.57228697826619424      -0.82005342173967455        1.0000000000000000     
   5647.2317670475913      -0.59675404565810075      -0.80242420763003497        1.0000000000000000     
   5655.5000419627413      -0.62922978318864198      -0.77721932551138651        1.0000000000000000     
   5663.7683168778913      -0.67502782822537533      -0.73779226827158684        1.0000000000000000     
   5672.0365917930412      -0.73616607569231352      -0.67680093749918746        1.0000000000000002     
   5680.3048667081912      -0.81008303451954677      -0.58631516881588763        1.0000000000000000     
   5688.5731416233411      -0.88856740339295659      -0.45874608404595529       0.99999999999999989     
   5696.8414165384911      -0.95732789926779904      -0.28900396759128205        1.0000000000000000     
   5705.1096914536411      -0.99698557782965269       -7.7587096863289920E-002   1.0000000000000000     
   5713.3779663687910      -0.98608428179723462       0.16624617045944851        1.0000000000000000     
   5721.6462412839410      -0.90618574561824905       0.42287988180841385        1.0000000000000000     
   5729.9145161990909      -0.74793753426609444       0.66376912012834310        1.0000000000000000     
   5738.1827911142409      -0.51594075965037334       0.85662426566809069       0.99999999999999989     
   5746.4510660293909      -0.23002207320477266       0.97318541185047480        1.0000000000000000     
   5754.7193409445408        7.8368327867739729E-002  0.99692447316093835        1.0000000000000000     
   5762.9876158596908       0.37374304114964735       0.92753228471693261        1.0000000000000000     
   5771.2558907748407       0.62532788875417700       0.78036211565288305        1.0000000000000000     
   5779.5241656899907       0.81371756319584643       0.58126046428998912        1.0000000000000000     
   5787.7924406051407       0.93326066798484686       0.35919984074673178        1.0000000000000000     
   5796.0607155202906       0.99021281421801721       0.13956569262692903        1.0000000000000000     
   5804.3289904354406       0.99820712216884144       -5.9854333605843572E-002  0.99999999999999989     
   5812.5972653505905       0.97322346262655257      -0.22986102712983608        1.0000000000000000     
   5820.8655402657405       0.92960768871585142      -0.36855060043415039        1.0000000000000000     
   5829.1338151808905       0.87777729858223108      -0.47906890328394380       0.99999999999999989     
   5837.4020900960404       0.82348381544363869      -0.56733976213763415        1.0000000000000000     
   5845.6703650111904       0.76807696329023778      -0.64035753955337071        1.0000000000000000     
   5853.9386399263403       0.70922241796131436      -0.70498479548221948        1.0000000000000000     
   5862.2069148414903       0.64171157801668888      -0.76694605458228360        1.0000000000000002     
   5870.4751897566402       0.55822382077299182      -0.82969040365765512        1.0000000000000000     
   5878.7434646717902       0.45021711762789157      -0.89291911559493076        1.0000000000000000     
   5887.0117395869402       0.30936772340631935      -0.95094248601815612        1.0000000000000000     
   5895.2800145020901       0.13019647653048186      -0.99148821349476857        1.0000000000000000     
   5903.5482894172401       -8.6050999133628847E-002 -0.99629073344486363        1.0000000000000000     
   5911.8165643323900      -0.32734472362429984      -0.94490498565481740        1.0000000000000000     
   5920.0848392475400      -0.56928537019687020      -0.82213999250724479        1.0000000000000000     
   5928.3531141626900      -0.77919392834722823      -0.62678291459389235        1.0000000000000000     
   5936.6213890778399      -0.92644570119427883      -0.37642842976937990        1.0000000000000000     
   5944.8896639929899      -0.99460418544900453      -0.10374253846577240        1.0000000000000000     
   5953.1579389081398      -0.98789774417071152       0.15510656679334861        1.0000000000000000     
   5961.4262138232898      -0.92780276266189410       0.37307108383920223        1.0000000000000000     
   5969.6944887384398      -0.84257561132010172       0.53857807160016902        1.0000000000000000     
   5977.9627636535897      -0.75671283052322402       0.65374742226759897       0.99999999999999989     
   5986.2310385687397      -0.68522584348744353       0.72833065527747864       0.99999999999999989     
   5994.4993134838896      -0.63316126296408759       0.77401990612756311        1.0000000000000000     
   6002.7675883990396      -0.59803882423949972       0.80146713264003333        1.0000000000000000     
   6011.0358633141896      -0.57298795150936366       0.81956379094314746        1.0000000000000000     
   6019.3041382293395      -0.54930139337031902       0.83562430508059427        1.0000000000000000     
   6027.5724131444895      -0.51803828172486144       0.85535743328011893        1.0000000000000000     
   6035.8406880596394      -0.47074797394572832       0.88226772865496550        1.0000000000000000     
   6044.1089629747894      -0.39972021729283957       0.91663719534359123       0.99999999999999989     
   6052.3772378899394      -0.29834669924266782       0.95445756692008321        1.0000000000000000     
   6060.6455128050893      -0.16208784692460837       0.98677633224522809        1.0000000000000000     
   6068.9137877202393        9.7319912249399683E-003  0.99995264305205855       0.99999999999999989     
   6077.1820626353892       0.21167053329646890       0.97734107932389114        1.0000000000000000     
   6085.4503375505392       0.43035986845716179       0.90265740102296532        1.0000000000000000     
   6093.7186124656891       0.64447590293758428       0.76462462066872106        1.0000000000000000     
   6101.9868873808391       0.82739097102329417       0.56162637141531235        1.0000000000000000     
   6110.2551622959891       0.95250990193854557       0.30450761354853234        1.0000000000000000     
   6118.5234372111390       0.99987357159781132        1.5900969160286802E-002  0.99999999999999989     
   6126.7917121262890       0.96164309516279223      -0.27430376870492490        1.0000000000000000     
   6135.0599870414389       0.84421927994551216      -0.53599795463068789        1.0000000000000000     
   6143.3282619565889       0.66614401058448491      -0.74582314067238331        1.0000000000000000     
   6151.5965368717389       0.45275847533414626      -0.89163319981542821        1.0000000000000000     
   6159.8648117868888       0.22981203312817292      -0.97323503298509328        1.0000000000000000     
   6168.1330867020388        1.8320888184923115E-002 -0.99983215844266360        1.0000000000000000     
   6176.4013616171887      -0.16810369847264753      -0.98576931711218174       0.99999999999999989     
   6184.6696365323387      -0.32341271157007567      -0.94625800815363836        1.0000000000000000     
   6192.9379114474887      -0.44761024267928057      -0.89422875744889552        1.0000000000000000     
   6201.2061863626386      -0.54462068561514565      -0.83868248389965117        1.0000000000000000     
   6209.4744612777886      -0.62041160357361558      -0.78427638122744392        1.0000000000000000     
   6217.7427361929385      -0.68161553430351285      -0.73171050518366676        1.0000000000000000     
   6226.0110111080885      -0.73467818352239400      -0.67841577712803491        1.0000000000000000     
   6234.2792860232385      -0.78517185146871715      -0.61927793732797132        1.0000000000000000     
   6242.5475609383884      -0.83696495585589192      -0.54725648709644814        1.0000000000000000     
   6250.8158358535384      -0.89101317550841408      -0.45397744555254294        1.0000000000000000     
   6259.0841107686883      -0.94374413813238767      -0.33067658178461451        1.0000000000000000     
   6267.3523856838383      -0.98542285257046425      -0.17012290155028836        1.0000000000000000     
   6275.6206605989883      -0.99954820332479888        3.0056434089333402E-002  0.99999999999999989     
   6283.8889355141382      -0.96481872936570146       0.26291599317111425        1.0000000000000000     
   6292.1572104292882      -0.86103945344017352       0.50853815945260905        1.0000000000000000     
   6300.4254853444381      -0.67835162646110014       0.73473741627712141        1.0000000000000000     
   6308.6937602595881      -0.42567290293589638       0.90487710751578132        1.0000000000000000     
   6316.9620351747380      -0.13211194059844922       0.99123480323852220        1.0000000000000000     
   6325.2303100898880       0.16194548117668178       0.98679970669151140       0.99999999999999989     
   6333.4985850050380       0.41984840396569056       0.90759424727543436        1.0000000000000000     
   6341.7668599201879       0.62059641021757450       0.78413015222286919        1.0000000000000000     
   6350.0351348353379       0.76140242703127037       0.64827952621603824        1.0000000000000000     
   6358.3034097504878       0.85207591284758499       0.52341822546120309        1.0000000000000000     
   6366.5716846656378       0.90700904955470429       0.42111113025645847        1.0000000000000000     
   6374.8399595807878       0.93943828814256158       0.34271810978087131        1.0000000000000000     
   6383.1082344959377       0.95916020363619081       0.28286340123915105        1.0000000000000000     
   6391.3765094110877       0.97254768625932297       0.23270366982846982        1.0000000000000000     
   6399.6447843262376       0.98324950016409030       0.18226469879564339        1.0000000000000000     
   6407.9130592413876       0.99253223905328247       0.12198259892246040        1.0000000000000000     
   6416.1813341565376       0.99904653079007266        4.3658095656136757E-002  0.99999999999999989     
   6424.4496090716875       0.99827718545172905       -5.8674193701952003E-002   1.0000000000000000     
   6432.7178839868375       0.98222244972313211      -0.18772069480984044        1.0000000000000000     
   6440.9861589019874       0.93985145820139082      -0.34158342541276682       0.99999999999999989     
   6449.2544338171374       0.85879371112908032      -0.51232154134404873        1.0000000000000000     
   6457.5227087322874       0.72835156726729666      -0.68520361532851870        1.0000000000000000     
   6465.7909836474373       0.54338404286245712      -0.83948423568429875        1.0000000000000000     
   6474.0592585625873       0.30786994061161094      -0.95142845220636696        1.0000000000000000     
   6482.3275334777372        3.6616750183681573E-002 -0.99932938193870091        1.0000000000000002     
   6490.5958083928872      -0.24615145583145592      -0.96923137629363543       0.99999999999999989     
   6498.8640833080372      -0.51152118041932193      -0.85927066863848178        1.0000000000000000     
   6507.1323582231871      -0.73251070114362449      -0.68075551610697627        1.0000000000000000     
   6515.4006331383371      -0.89027902245281287      -0.45541548302672363        1.0000000000000000     
   6523.6689080534870      -0.97773833593581883      -0.20982789719543005        1.0000000000000000     
   6531.9371829686370      -0.99952545514809910        3.0803644443235800E-002   1.0000000000000000     
   6540.2054578837869      -0.96891896872180072       0.24737831766563953       0.99999999999999989     
   6548.4737327989369      -0.90329633406947896       0.42901717081795254        1.0000000000000000     
   6556.7420077140869      -0.81981586904252979       0.57262722679422229        1.0000000000000000     
   6565.0102826292368      -0.73242646101241216       0.68084614944114474        1.0000000000000000     
   6573.2785575443868      -0.65047146917942822       0.75953068916506350        1.0000000000000002     
   6581.5468324595367      -0.57856026469299859       0.81563963863851496       0.99999999999999989     
   6589.8151073746867      -0.51717747590396546       0.85587817965970081       0.99999999999999989     
   6598.0833822898367      -0.46354461507313260       0.88607358037394468        1.0000000000000000     
   6606.3516572049866      -0.41247011493346691       0.91097113252109840        1.0000000000000000     
   6614.6199321201366      -0.35707082016621366       0.93407731445840581        1.0000000000000000     
   6622.8882070352865      -0.28934829468988538       0.95722388413581450        1.0000000000000000     
   6631.1564819504365      -0.20080484768143503       0.97963126386801058        1.0000000000000000     
   6639.4247568655865       -8.3448439152257164E-002  0.99651209626529469       0.99999999999999989     
   6647.6930317807364        6.8289557660759212E-002  0.99766554331323776        1.0000000000000000     
   6655.9613066958864       0.25431440614658235       0.96712159671176368        1.0000000000000000     
   6664.2295816110363       0.46470566947503494       0.88546521148928237        1.0000000000000000     
   6672.4978565261863       0.67679654144039914       0.73617011722448644        1.0000000000000000     
   6680.7661314413363       0.85721621741141873       0.51495665507580279        1.0000000000000000     
   6689.0344063564862       0.97144130963135766       0.23727996531884568        1.0000000000000000     
   6697.3026812716362       0.99802814259190464       -6.2768038001461482E-002   1.0000000000000000     
   6705.5709561867861       0.93884906041908567      -0.34432897314951588        1.0000000000000000     
   6713.8392311019361       0.81762683611631215      -0.57574851876703015        1.0000000000000000     
   6722.1075060170861       0.66795711652960910      -0.74419976516890285       0.99999999999999989     
   6730.3757809322360       0.51955837538641136      -0.85443495631079658        1.0000000000000000     
   6738.6440558473860       0.39042848549248454      -0.92063325907553695        1.0000000000000000     
   6746.9123307625359       0.28618425304382694      -0.95817460481362515       0.99999999999999989     
   6755.1806056776859       0.20336135075707437      -0.97910375395984373        1.0000000000000000     
   6763.4488805928358       0.13344349702421471      -0.99105642276408679       0.99999999999999989     
   6771.7171555079858        6.6008559179461038E-002 -0.99781905680090699        1.0000000000000002     
   6779.9854304231358       -9.1429190982923129E-003 -0.99995820264167146        1.0000000000000000     
   6788.2537053382857      -0.10051112236464164      -0.99493593476213338        1.0000000000000000     
   6796.5219802534357      -0.21369489330855582      -0.97690045172158912       0.99999999999999989     
   6804.7902551685856      -0.35005921087703895      -0.93672757452748490        1.0000000000000000     
   6813.0585300837356      -0.50527591049827347      -0.86295785196621322        1.0000000000000000     
   6821.3268049988856      -0.66809608899907968      -0.74407500688044470        1.0000000000000000     
   6829.5950799140355      -0.82017914822390259      -0.57210677746266347       0.99999999999999989     
   6837.8633548291855      -0.93795280045139839      -0.34676295091226111        1.0000000000000000     
   6846.1316297443354      -0.99690381804441308       -7.8630640137746580E-002   1.0000000000000000     
   6854.3999046594854      -0.97764362054823062       0.21026875945167697       0.99999999999999989     
   6862.6681795746354      -0.87191937052478929       0.48964947799794006        1.0000000000000000     
   6870.9364544897853      -0.68612130485968603       0.72748715110140727        1.0000000000000000     
   6879.2047294049353      -0.44058352664209777       0.89771162187620801       0.99999999999999989     
   6887.4730043200852      -0.16465783393712802       0.98635074781901655        1.0000000000000000     
   6895.7412792352352       0.11056671307087834       0.99386870458864029       0.99999999999999989     
   6904.0095541503852       0.35922118995342284       0.93325245067368934        1.0000000000000000     
   6912.2778290655351       0.56495513116136575       0.82512162726136562        1.0000000000000000     
   6920.5461039806851       0.72186895079337621       0.69202978106470980        1.0000000000000000     
   6928.8143788958350       0.83261293423659011       0.55385530758667978        1.0000000000000000     
   6937.0826538109850       0.90509432512631527       0.42521084490419575        1.0000000000000000     
   6945.3509287261350       0.94915344029808280       0.31481382874694980        1.0000000000000000     
   6953.6192036412849       0.97410656049728850       0.22608938231624756       0.99999999999999989     
   6961.8874785564349       0.98738518786311003       0.15833663754333974        1.0000000000000000     
   6970.1557534715848       0.99416984683885978       0.10782539420933289        1.0000000000000000     
   6978.4240283867348       0.99763924971823004        6.8672610418180208E-002   1.0000000000000000     
   6986.6923033018847       0.99944024161632461        3.3454498021979841E-002  0.99999999999999989     
   6994.9605782170347       0.99998010646124813       -6.3076684877049595E-003  0.99999999999999989     
   7003.2288531321847       0.99822621405943845       -5.9535078437507487E-002   1.0000000000000000     
   7011.4971280473346       0.99087791205468179      -0.13476261871214246        1.0000000000000000     
   7019.7654029624846       0.97111095184144347      -0.23862841241898602        1.0000000000000000     
   7028.0336778776345       0.92764265911236332      -0.37346900406184136        1.0000000000000000     
   7036.3019527927845       0.84549401888216424      -0.53398489120431714       0.99999999999999989     
   7044.5702277079345       0.70992535610945351      -0.70427692618235449        1.0000000000000000     
   7052.8385026230844       0.51364804656495289      -0.85800098150293980        1.0000000000000000     
   7061.1067775382344       0.26430009580505154      -0.96444049031417201        1.0000000000000000     
   7069.3750524533843       -1.3521768353976202E-002 -0.99990857671118183        1.0000000000000000     
   7077.6433273685343      -0.28536706899374020      -0.95841829903958009        1.0000000000000000     
   7085.9116022836843      -0.52006084443251377      -0.85412921627125060        1.0000000000000000     
   7094.1798771988342      -0.70037798457779643      -0.71377214762047414        1.0000000000000000     
   7102.4481521139842      -0.82525556678167178      -0.56475946162579838        1.0000000000000000     
   7110.7164270291341      -0.90453143670483338      -0.42640694179702338        1.0000000000000000     
   7118.9847019442841      -0.95163733352692659      -0.30722367330295558        1.0000000000000000     
   7127.2529768594341      -0.97840473083382140      -0.20669828901565052       0.99999999999999989     
   7135.5212517745840      -0.99293544687727608      -0.11865579772865702        1.0000000000000000     
   7143.7895266897340      -0.99940991667238566       -3.4348485510937457E-002  0.99999999999999989     
   7152.0578016048839      -0.99847259213839890        5.5249278261589381E-002   1.0000000000000000     
   7160.3260765200339      -0.98747246425782331       0.15779142033894580        1.0000000000000000     
   7168.5943514351839      -0.96053007091369802       0.27817617236299408        1.0000000000000000     
   7176.8626263503338      -0.90884101645843907       0.41714266960212948        1.0000000000000000     
   7185.1309012654838      -0.82175937043118485       0.56983465769338981        1.0000000000000000     
   7193.3991761806337      -0.68905534586745998       0.72470872102623074        1.0000000000000000     
   7201.6674510957837      -0.50431748196824600       0.86351831328652662        1.0000000000000000     
   7209.9357260109336      -0.26884649341185846       0.96318303711192277        1.0000000000000000     
   7218.2040009260836        5.3510682681865152E-003  0.99998568293170542        1.0000000000000002     
   7226.4722758412336       0.29503958271399272       0.95548503108732841       0.99999999999999978     
   7234.7405507563835       0.56882274300403612       0.82246014313239779        1.0000000000000000     
   7243.0088256715335       0.79350153179861382       0.60856825338925902       0.99999999999999989     
   7251.2771005866834       0.94189117662760047       0.33591816174639066       0.99999999999999989     
   7259.5453755018334       0.99934169361638336        3.6279186869864054E-002   1.0000000000000000     
   7267.8136504169834       0.96656655493410526      -0.25641586316531845        1.0000000000000000     
   7276.0819253321333       0.85803149658726507      -0.51359707053702908        1.0000000000000000     
   7284.3502002472833       0.69694430060260426      -0.71712526232001250        1.0000000000000000     
   7292.6184751624332       0.50903137363525519      -0.86074796581520030        1.0000000000000000     
   7300.8867500775832       0.31719742089316971      -0.94835952896500242       0.99999999999999989     
   7309.1550249927332       0.13839564867231657      -0.99037702135528605        1.0000000000000000     
   7317.4232999078831       -1.7234300944459512E-002 -0.99985147840614597        1.0000000000000000     
   7325.6915748230331      -0.14556421517498136      -0.98934880565980965        1.0000000000000000     
   7333.9598497381830      -0.24689797205877062      -0.96904148073922336        1.0000000000000000     
   7342.2281246533330      -0.32441013718052797      -0.94591652004524751        1.0000000000000000     
   7350.4963995684830      -0.38292222310069018      -0.92378058599194712        1.0000000000000000     
   7358.7646744836329      -0.42818822811504459      -0.90368957131511618        1.0000000000000000     
   7367.0329493987829      -0.46654565309849666      -0.88449711903142858       0.99999999999999989     
   7375.3012243139328      -0.50466721026057448      -0.86331396773584590        1.0000000000000000     
   7383.5694992290828      -0.54917464992566323      -0.83570760668969934        1.0000000000000000     
   7391.8377741442328      -0.60580028868399260      -0.79561674833451768        1.0000000000000000     
   7400.1060490593827      -0.67790581071724310      -0.73514876847873267        1.0000000000000000     
   7408.3743239745327      -0.76432030035193321      -0.64483678436479619        1.0000000000000000     
   7416.6425988896826      -0.85704673679014043      -0.51523867377883414        1.0000000000000000     
   7424.9108738048326      -0.94020156214169726      -0.34061858808102669        1.0000000000000000     
   7433.1791487199825      -0.99227366277901830      -0.12406844141485385       0.99999999999999989     
   7441.4474236351325      -0.99290432497502812       0.11891594277422947        1.0000000000000002     
   7449.7156985502825      -0.93203936604491411       0.36235703407357034        1.0000000000000000     
   7457.9839734654324      -0.81585215534315070       0.57826054735035792        1.0000000000000000     
   7466.2522483805824      -0.66467341750875530       0.74713402282136221        1.0000000000000000     
   7474.5205232957323      -0.50404153296647103       0.86367941566579542        1.0000000000000000     
   7482.7887982108823      -0.35498087274596346       0.93487356363548657        1.0000000000000000     
   7491.0570731260323      -0.22877293133961582       0.97347981277799456       0.99999999999999989     
   7499.3253480411822      -0.12695872386912108       0.99190800099279586        1.0000000000000000     
   7507.5936229563322       -4.4149657450957933E-002  0.99902492849125790       0.99999999999999989     
   7515.8618978714821        2.8716428199270002E-002  0.99958759833817279        1.0000000000000000     
   7524.1301727866321       0.10176762364684377       0.99480819798455333       0.99999999999999989     
   7532.3984477017821       0.18433825314166805       0.98286286349046592        1.0000000000000000     
   7540.6667226169320       0.28346415268059705       0.95898283308152665        1.0000000000000000     
   7548.9349975320820       0.40250523972249713       0.91541768171471061        1.0000000000000000     
   7557.2032724472319       0.53964806256388265       0.84189071058602838        1.0000000000000000     
   7565.4715473623819       0.68648158794940639       0.72714718551780244        1.0000000000000000     
   7573.7398222775319       0.82716717406245699       0.56195592901359170       0.99999999999999989     
   7582.0080971926818       0.93927236003810388       0.34317260040459324        1.0000000000000000     
   7590.2763721078318       0.99696409475088876        7.7862659712733623E-002   1.0000000000000000     
   7598.5446470229817       0.97674641706831544      -0.21439784687400307        1.0000000000000000     
   7606.8129219381317       0.86445297207226002      -0.50271369493523499        1.0000000000000000     
   7615.0811968532817       0.66109741511735687      -0.75030007845204783        1.0000000000000000     
   7623.3494717684316       0.38497957883198464      -0.92292509115439469        1.0000000000000000     
   7631.6177466835816        6.8580753761627825E-002 -0.99764556843274099        1.0000000000000000     
   7639.8860215987315      -0.24899752789660914      -0.96850412033267952        1.0000000000000000     
   7648.1542965138815      -0.53139188050603903      -0.84712612362755968        1.0000000000000000     
   7656.4225714290314      -0.75273257592217291      -0.65832641534847303        1.0000000000000000     
   7664.6908463441814      -0.90147534436795529      -0.43283045583308527        1.0000000000000000     
   7672.9591212593314      -0.97980607251097707      -0.19995014446259843        1.0000000000000000     
   7681.2273961744813      -0.99984515679836339        1.7597227817360561E-002  0.99999999999999989     
   7689.4956710896313      -0.97859235140443879       0.20580818684574101        1.0000000000000000     
   7697.7639460047812      -0.93337409988981113       0.35890498694624567       0.99999999999999989     
   7706.0322209199312      -0.87871776553703440       0.47734168949464428        1.0000000000000000     
   7714.3004958350812      -0.82479762441054905       0.56542804915100819        1.0000000000000000     
   7722.5687707502311      -0.77711364100553948       0.62936030138793597        1.0000000000000000     
   7730.8370456653811      -0.73689440547914131       0.67600786620685327        1.0000000000000000     
   7739.1053205805310      -0.70182649778671258       0.71234792552827553        1.0000000000000000     
   7747.3735954956810      -0.66682569275256176       0.74521372470256209       0.99999999999999989     
   7755.6418704108310      -0.62469881414513628       0.78086579615556251        1.0000000000000000     
   7763.9101453259809      -0.56664380018495819       0.82396286549331166        1.0000000000000000     
   7772.1784202411309      -0.48287746283380745       0.87568793293454994       0.99999999999999989     
   7780.4466951562808      -0.36397534159839745       0.93140858419295769        1.0000000000000000     
   7788.7149700714308      -0.20382247207996979       0.97900786507321280        1.0000000000000000     
   7796.9832449865808       -4.0692351352664300E-003  0.99999172062843300        1.0000000000000000     
   7805.2515199017307       0.22197695023046113       0.97505191326738261        1.0000000000000000     
   7813.5197948168807       0.44994202182300441       0.89305776800710213        1.0000000000000000     
   7821.7880697320306       0.65178698315257000       0.75840208899558781        1.0000000000000000     
   7830.0563446471806       0.80681499326472461       0.59080416945316350        1.0000000000000000     
   7838.3246195623306       0.90889872607945088       0.41701691300371896        1.0000000000000000     
   7846.5928944774805       0.96554906024097387       0.26022108344208439        1.0000000000000000     
   7854.8611693926305       0.99103534451726527       0.13359994729619232        1.0000000000000000     
   7863.1294443077804       0.99920970773760687        3.9748710204561020E-002  0.99999999999999989     
   7871.3977192229304       0.99965158372636354       -2.6395286574939138E-002  0.99999999999999989     
   7879.6659941380804       0.99724652130151081       -7.4157776072609927E-002   1.0000000000000000     
   7887.9342690532303       0.99342555864159410      -0.11447995212104506        1.0000000000000002     
   7896.2025439683803       0.98742085858302608      -0.15811403490885814        1.0000000000000000     
   7904.4708188835302       0.97673661603911177      -0.21444249319681213        1.0000000000000000     
   7912.7390937986802       0.95688686045928795      -0.29046090318727447        1.0000000000000000     
   7921.0073687138301       0.92090241622474855      -0.38979320131503048        1.0000000000000000     
   7929.2756436289801       0.85928230796857918      -0.51150162777081354        1.0000000000000000     
   7937.5439185441301       0.76098139868382153      -0.64877369772303084        1.0000000000000000     
   7945.8121934592800       0.61579212220375990      -0.78790866363544299        1.0000000000000000     
   7954.0804683744300       0.41797588409623410      -0.90845812248775204        1.0000000000000000     
   7962.3487432895799       0.17037745842388335      -0.98537887214056807        1.0000000000000000     
   7970.6170182047299      -0.11252504110236621      -0.99364888925863082        1.0000000000000000     
   7978.8852931198799      -0.40423235992302342      -0.91465632845952760        1.0000000000000000     
   7987.1535680350298      -0.66975032622137909      -0.74258635896867664        1.0000000000000000     
   7995.4218429501798      -0.87268198362171434      -0.48828900813152648        1.0000000000000000     
   8003.6901178653297      -0.98390924706955563      -0.17866894954361864        1.0000000000000000     
   8011.9583927804797      -0.98888027644200338       0.14871381530976549        1.0000000000000000     
   8020.2266676956297      -0.89088019687429243       0.45423834582432826        1.0000000000000000     
   8028.4949426107796      -0.70922503834428796       0.70498215933847808        1.0000000000000000     
   8036.7632175259296      -0.47341470180504752       0.88083966765515165        1.0000000000000000     
   8045.0314924410795      -0.21559337738143117       0.97648322854479574        1.0000000000000000     
   8053.2997673562295        3.6099519153679996E-002  0.99934819993677537        1.0000000000000000     
   8061.5680422713795       0.26161071017044757       0.96517347473089732        1.0000000000000000     
   8069.8363171865294       0.45014883344156958       0.89295354176530040        1.0000000000000000     
   8078.1045921016794       0.59899758324370000       0.80075083219950927        1.0000000000000000     
   8086.3728670168293       0.71115565347094911       0.70303459128005030        1.0000000000000000     
   8094.6411419319793       0.79277716098494599       0.60951158563283192        1.0000000000000000     
   8102.9094168471293       0.85107366137256291       0.52504630549876286        1.0000000000000000     
   8111.1776917622792       0.89293124587627393       0.45019305874018667       0.99999999999999989     
   8119.4459666774292       0.92419332137966348       0.38192499881158087        1.0000000000000000     
   8127.7142415925791       0.94929608838661694       0.31438342286747312        1.0000000000000000     
   8135.9825165077291       0.97084668810748231       0.23970128950577849        1.0000000000000000     
   8144.2507914228790       0.98884206090708504       0.14896770986032054       0.99999999999999989     
   8152.5190663380290       0.99943142952724540        3.3716726904114237E-002  0.99999999999999989     
   8160.7873412531790       0.99374923211927713      -0.11163540505747774        1.0000000000000000     
   8169.0556161683289       0.95813277257110774      -0.28632427442534786        1.0000000000000000     
   8177.3238910834789       0.87737596926473904      -0.47980351036310648       0.99999999999999989     
   8185.5921659986288       0.74149413019403143      -0.67095935412496988        1.0000000000000000     
   8193.8604409137788       0.55327999419286777      -0.83299534694135013        1.0000000000000000     
   8202.1287158289288       0.33116281755739563      -0.94357362630981112        1.0000000000000000     
   8210.3969907440787       0.10368046979023746      -0.99461065758621126       0.99999999999999989     
   8218.6652656592287      -0.10163250832687494      -0.99482201083972188        1.0000000000000000     
   8226.9335405743786      -0.26742567629857050      -0.96357849065670420        1.0000000000000000     
   8235.2018154895286      -0.38893459735301922      -0.92126536838298922        1.0000000000000000     
   8243.4700904046786      -0.47075400410031831      -0.88226451114363513        1.0000000000000000     
   8251.7383653198285      -0.52217907628719429      -0.85283586479923124        1.0000000000000000     
   8260.0066402349785      -0.55391619918966806      -0.83257242584370517        1.0000000000000000     
   8268.2749151501284      -0.57651443462242813      -0.81708696395915048        1.0000000000000000     
   8276.5431900652784      -0.59960018329038844      -0.80029970648384752        1.0000000000000000     
   8284.8114649804284      -0.63116518829544677      -0.77564844168216640       0.99999999999999978     
   8293.0797398955783      -0.67666152859376871      -0.73629421817717977        1.0000000000000000     
   8301.3480148107283      -0.73789109532171615      -0.67491979630539667        1.0000000000000000     
   8309.6162897258782      -0.81193617954028696      -0.58374621228194956        1.0000000000000000     
   8317.8845646410282      -0.89024672890325529      -0.45547860726608652        1.0000000000000000     
   8326.1528395561782      -0.95842477192310171      -0.28534532861806305        1.0000000000000000     
   8334.4211144713281      -0.99725441597540576       -7.4051534876411557E-002   1.0000000000000000     
   8342.6893893864781      -0.98556547996468324       0.16929466826212677        1.0000000000000000     
   8350.9576643016280      -0.90493686521679406       0.42554584943528939        1.0000000000000000     
   8359.2259392167780      -0.74536537655133184       0.66665617482964279        1.0000000000000000     
   8367.4942141319279      -0.51009254615092725       0.86011952329967734        1.0000000000000000     
   8375.7624890470779      -0.21750678670605589       0.97605880854424254        1.0000000000000000     
   8384.0307639622279       0.10128685536820037       0.99485726259078056        1.0000000000000000     
   8392.2990388773778       0.40895455313690560       0.91255475094297434        1.0000000000000000     
   8400.5673137925278       0.67046068227680877       0.74194506098559343       0.99999999999999989     
   8408.8355887076777       0.86079110712917339       0.50895841665830799       0.99999999999999989     
   8417.1038636228277       0.96931508157813806       0.24582162765950349        1.0000000000000000     
   8425.3721385379777       0.99986360931983287       -1.6515530809414765E-002   1.0000000000000000     
   8433.6404134531276       0.96715853426003007      -0.25417389639376853        1.0000000000000000     
   8441.9086883682776       0.89146557632738910      -0.45308843090866485        1.0000000000000000     
   8450.1769632834275       0.79337151720529353      -0.60873773966082512       0.99999999999999978     
   8458.4452381985775       0.68997513914788267      -0.72383306594674157        1.0000000000000000     
   8466.7135131137275       0.59289847008816909      -0.80527722193484930        1.0000000000000000     
   8474.9817880288774       0.50781446521116891      -0.86146646418899819        1.0000000000000000     
   8483.2500629440274       0.43493608238893638      -0.90046132856229000        1.0000000000000000     
   8491.5183378591773       0.36984764867866443      -0.92909241562229061        1.0000000000000000     
   8499.7866127743273       0.30448419515042419      -0.95251738824212462        1.0000000000000000     
   8508.0548876894773       0.22817156140804817      -0.97362094192997584        1.0000000000000000     
   8516.3231626046272       0.12896845226241027      -0.99164869702986980        1.0000000000000000     
   8524.5914375197772       -4.1040042639054848E-003 -0.99999157853904042        1.0000000000000000     
   8532.8597124349271      -0.17708163697281482      -0.98419616634440732        1.0000000000000000     
   8541.1279873500771      -0.38520491455705624      -0.92283106460559239        1.0000000000000000     
   8549.3962622652271      -0.60754653186808771      -0.79428408747441159        1.0000000000000000     
   8557.6645371803770      -0.80783996926776114      -0.58940188670673832        1.0000000000000000     
   8565.9328120955270      -0.94645549471709034      -0.32283431744445606        1.0000000000000000     
   8574.2010870106769      -0.99948388403939947       -3.2124220543325741E-002  0.99999999999999989     
   8582.4693619258269      -0.97120484728987400       0.23824597499360328        1.0000000000000002     
   8590.7376368409768      -0.88974644038756123       0.45645511478968442        1.0000000000000000     
   8599.0059117561268      -0.79068646270006693       0.61222129798207414        1.0000000000000000     
   8607.2741866712768      -0.70187052426217056       0.71230454664556642        1.0000000000000000     
   8615.5424615864267      -0.63725989814152162       0.77064896173332864       0.99999999999999989     
   8623.8107365015767      -0.59847164392138841       0.80114398919422147        1.0000000000000000     
   8632.0790114167266      -0.57931581874058136       0.81510317270694632        1.0000000000000000     
   8640.3472863318766      -0.57012723147299205       0.82155641311655614        1.0000000000000000     
   8648.6155612470266      -0.56069727260480173       0.82802087443103556        1.0000000000000000     
   8656.8838361621765      -0.54169132166052203       0.84057748722986680        1.0000000000000000     
   8665.1521110773265      -0.50498205711442690       0.86312984074963006        1.0000000000000000     
   8673.4203859924764      -0.44340314913364398       0.89632228988147311        1.0000000000000000     
   8681.6886609076264      -0.35070412075222218       0.93648631580360575        1.0000000000000000     
   8689.9569358227764      -0.22222252786392102       0.97499597338131039        1.0000000000000000     
   8698.2252107379263       -5.6508687375558579E-002  0.99840210749531744        1.0000000000000000     
   8706.4934856530763       0.14245405790142135       0.98980141512700337        1.0000000000000000     
   8714.7617605682262       0.36319202132305384       0.93171431010115668        1.0000000000000000     
   8723.0300354833762       0.58596986220987524       0.81033284555282581        1.0000000000000000     
   8731.2983103985262       0.78439422697675965       0.62026260300418856        1.0000000000000000     
   8739.5665853136761       0.92975183873833145       0.36818679819174899        1.0000000000000000     
   8747.8348602288261       0.99727222270195137        7.3811339420914987E-002   1.0000000000000000     
   8756.1031351439760       0.97249514173804463      -0.23292316178495531        1.0000000000000000     
   8764.3714100591260       0.85542943405415028      -0.51791937920278308        1.0000000000000000     
   8772.6396849742760       0.66087228299628420      -0.75049838478658915        1.0000000000000000     
   8780.9079598894259       0.41468031084173562      -0.90996716413297107        1.0000000000000000     
   8789.1762348045759       0.14740020283983557      -0.98907693340951763        1.0000000000000000     
   8797.4445097197258      -0.11248642246801339      -0.99365326183752223       0.99999999999999989     
   8805.7127846348758      -0.34363763478878662      -0.93910232454017939       0.99999999999999989     
   8813.9810595500257      -0.53410317719898248      -0.84541930194782777        1.0000000000000000     
   8822.2493344651757      -0.68081946240462932      -0.73245126773804647       0.99999999999999989     
   8830.5176093803257      -0.78735482470653517      -0.61650010544309020        1.0000000000000000     
   8838.7858842954756      -0.86097305763427490      -0.50865056180828849        1.0000000000000000     
   8847.0541592106256      -0.91007217882454061      -0.41444979108397850        1.0000000000000000     
   8855.3224341257755      -0.94241769675961817      -0.33443816294540379        1.0000000000000002     
   8863.5907090409255      -0.96425481311702788      -0.26497670724168521        1.0000000000000000     
   8871.8589839560755      -0.97998135391060648      -0.19908929149387861       0.99999999999999989     
   8880.1272588712254      -0.99186094881826292      -0.12732579553780654        1.0000000000000000     
   8888.3955337863754      -0.99924861852280111       -3.8758204038286087E-002  0.99999999999999989     
   8896.6638087015253      -0.99700322791060469        7.7359960805541306E-002   1.0000000000000000     
   8904.9320836166753      -0.97351130906928440       0.22863886614967333        1.0000000000000000     
   8913.2003585318253      -0.90997547955935909       0.41466206313179232        1.0000000000000000     
   8921.4686334469752      -0.78387387265531072       0.62092008484857830        1.0000000000000000     
   8929.7369083621252      -0.57883506922379768       0.81544464106196768        1.0000000000000000     
   8938.0051832772751      -0.29838834830323485       0.95444454715654770        1.0000000000000000     
   8946.2734581924251        2.6186659770553330E-002  0.99965707062475240       0.99999999999999989     
   8954.5417331075751       0.34426938016199510       0.93887091438752945        1.0000000000000000     
   8962.8100080227250       0.60840438172709854       0.79362718470026394       0.99999999999999989     
   8971.0782829378750       0.79463374519313967       0.60708912937090587        1.0000000000000000     
   8979.3465578530249       0.90631892635268896       0.42259437257837346        1.0000000000000000     
   8987.6148327681749       0.96324999563415292       0.26860648895885680        1.0000000000000000     
   8995.8831076833249       0.98778485064069310       0.15582390331635129       0.99999999999999989     
   9004.1513825984748       0.99664284284848326        8.1872118568494204E-002   1.0000000000000000     
   9012.4196575136248       0.99930440189589886        3.7292255918351488E-002   1.0000000000000000     
   9020.6879324287747       0.99995124383430056        9.8747128684888684E-003  0.99999999999999989     
   9028.9562073439247       0.99991770713716355       -1.2828832899275064E-002  0.99999999999999989     
   9037.2244822590746       0.99911377189163686       -4.2091220182672251E-002   1.0000000000000000     
   9045.4927571742246       0.99618625958885232       -8.7252141557509363E-002  0.99999999999999989     
   9053.7610320893746       0.98788797712605259      -0.15516876183625319        1.0000000000000000     
   9062.0293070045245       0.96832728864676720      -0.24968432482236538        1.0000000000000000     
   9070.2975819196745       0.92873149775607389      -0.37075302436495328       0.99999999999999989     
   9078.5658568348244       0.85817258894867365      -0.51336128367566913        1.0000000000000000     
   9086.8341317499744       0.74554089087960118      -0.66645988628457653        1.0000000000000000     
   9095.1024066651244       0.58267297195849332      -0.81270671693364072        1.0000000000000000     
   9103.3706815802743       0.36801935510809353      -0.92981812967150890        1.0000000000000000     
   9111.6389564954243       0.10976071436212105      -0.99395804015195577        1.0000000000000000     
   9119.9072314105742      -0.17312160371037572      -0.98490045706596541        1.0000000000000000     
   9128.1755063257242      -0.45280371677020348      -0.89161022542313262        1.0000000000000000     
   9136.4437812408742      -0.69777054673547900      -0.71632134137443559        1.0000000000000000     
   9144.7120561560241      -0.87982527885222883      -0.47529725298238135        1.0000000000000000     
   9152.9803310711741      -0.98067375588312644      -0.19565015850257375        1.0000000000000002     
   9161.2486059863240      -0.99585583783858489        9.0945864352427741E-002   1.0000000000000000     
   9169.5168809014740      -0.93471365527245087       0.35540172009602577        1.0000000000000000     
   9177.7851558166240      -0.81678050180552542       0.57694853485411857        1.0000000000000000     
   9186.0534307317739      -0.66621001877024988       0.74576417914119697        1.0000000000000000     
   9194.3217056469239      -0.50626765803490104       0.86237640182686848        1.0000000000000000     
   9202.5899805620738      -0.35544490901170167       0.93469723261474524        1.0000000000000000     
   9210.8582554772238      -0.22573047784173692       0.97418979227527380        1.0000000000000000     
   9219.1265303923738      -0.12265107344109004       0.99244985474518976        1.0000000000000000     
   9227.3948053075237       -4.6276916157251026E-002  0.99892864961966865        1.0000000000000000     
   9235.6630802226737        7.6129702098083002E-003  0.99997102092239887        1.0000000000000000     
   9243.9313551378236        4.6611655031641497E-002  0.99891308611671081        1.0000000000000000     
   9252.1996300529736        8.1085697517872368E-002  0.99670713334361172        1.0000000000000000     
   9260.4679049681235       0.12347966933644422       0.99234710220797362        1.0000000000000000     
   9268.7361798832735       0.18718961705261886       0.98232379960362048        1.0000000000000000     
   9277.0044547984235       0.28433226260841482       0.95872580253166206        1.0000000000000000     
   9285.2727297135734       0.42168409450308003       0.90674281052739392       0.99999999999999989     
   9293.5410046287234       0.59423657299534338       0.80429030537160517       0.99999999999999989     
   9301.8092795438733       0.77822996088326946       0.62797940092301185        1.0000000000000000     
   9310.0775544590233       0.93005536811590195       0.36741939556696523        1.0000000000000000     
   9318.3458293741733       0.99915003460850105        4.1221454872810814E-002   1.0000000000000000     
   9326.6141042893232       0.95369539330560105      -0.30077416243366878        1.0000000000000000     
   9334.8823792044732       0.80128998005541363      -0.59827616354221813        1.0000000000000000     
   9343.1506541196231       0.58524050186868048      -0.81085976282739236        1.0000000000000000     
   9351.4189290347731       0.35939688006844889      -0.93318480623993494        1.0000000000000000     
   9359.6872039499231       0.16363218191483472      -0.98652141844046670       0.99999999999999989     
   9367.9554788650730        1.5139593426096840E-002 -0.99988538978769581       0.99999999999999989     
   9376.2237537802230       -8.6858850987993272E-002 -0.99622062817683388        1.0000000000000000     
   9384.4920286953729      -0.15277009308695194      -0.98826175614469880        1.0000000000000002     
   9392.7603036105229      -0.19645524875628523      -0.98051279197984265        1.0000000000000000     
   9401.0285785256729      -0.23187036549237514      -0.97274669550013504        1.0000000000000000     
   9409.2968534408228      -0.27140976196006333      -0.96246389080982242        1.0000000000000000     
   9417.5651283559728      -0.32492133262749634      -0.94574104680064086        1.0000000000000000     
   9425.8334032711227      -0.39886249284975672      -0.91701074791829884        1.0000000000000000     
   9434.1016781862727      -0.49547275435412214      -0.86862347981892574        1.0000000000000000     
   9442.3699531014227      -0.61174099301007578      -0.79105812521650165        1.0000000000000000     
   9450.6382280165726      -0.73846511087699784      -0.67429168763779312        1.0000000000000000     
   9458.9065029317226      -0.85986719884421725      -0.51051777672457133       0.99999999999999989     
   9467.1747778468725      -0.95464024686111371      -0.29776164808946093        1.0000000000000000     
   9475.4430527620225      -0.99906177988040346       -4.3307735823987531E-002   1.0000000000000000     
   9483.7113276771724      -0.97210593753492358       0.23454220560348471        1.0000000000000000     
   9491.9796025923224      -0.86146206647309420       0.50782192550923411       0.99999999999999978     
   9500.2478775074724      -0.66839576219030661       0.74380582485352931        1.0000000000000000     
   9508.5161524226223      -0.40929374418795506       0.91240266931251623        1.0000000000000000     
   9516.7844273377723      -0.11280599659125339       0.99361703242902100        1.0000000000000000     
   9525.0527022529222       0.18679013814249953       0.98239983931834285       0.99999999999999989     
   9533.3209771680722       0.45770464178837100       0.88910430259074724        1.0000000000000000     
   9541.5892520832222       0.67733014559124161       0.73567919222535261       0.99999999999999989     
   9549.8575269983721       0.83559497173975816       0.54934601409606387        1.0000000000000000     
   9558.1258019135221       0.93439952514183955       0.35622679210680497        1.0000000000000000     
   9566.3940768286720       0.98424085594102484       0.17683307806086174        1.0000000000000000     
   9574.6623517438220       0.99970775315573956        2.4174537850863924E-002  0.99999999999999989     
   9582.9306266589720       0.99539548469321870       -9.5853164018472992E-002   1.0000000000000002     
   9591.1989015741219       0.98312922835543437      -0.18291232969170798       0.99999999999999989     
   9599.4671764892719       0.97065992039179094      -0.24045648035559802        1.0000000000000000     
   9607.7354514044218       0.96160278571541835      -0.27444504459790720        1.0000000000000000     
   9616.0037263195718       0.95617134957226269      -0.29280770184057298        1.0000000000000000     
   9624.2720012347218       0.95227425242351471      -0.30524375205929460        1.0000000000000000     
   9632.5402761498717       0.94639471964077693      -0.32301243727766171        1.0000000000000000     
   9640.8085510650217       0.93366438038308630      -0.35814916557751114        1.0000000000000000     
   9649.0768259801716       0.90676079398438747      -0.42164542271060323        1.0000000000000000     
   9657.3451008953216       0.85398432544730696      -0.52029873331607113        1.0000000000000000     
   9665.6133758104716       0.75836187123952603      -0.65183377654896391        1.0000000000000000     
   9673.8816507256215       0.60082786154756129      -0.79937843402745390       0.99999999999999989     
   9682.1499256407715       0.36975672140475613      -0.92912860626288196        1.0000000000000000     
   9690.4182005559214        7.4067402861540593E-002 -0.99725323756473527        1.0000000000000000     
   9698.6864754710714      -0.25029707780658111      -0.96816908277505243        1.0000000000000000     
   9706.9547503862213      -0.55067447291558191      -0.83472008774148121        1.0000000000000000     
   9715.2230253013713      -0.78151013935744540      -0.62389254049195542        1.0000000000000000     
   9723.4913002165213      -0.92409483268783554      -0.38216323763496818        1.0000000000000000     
   9731.7595751316712      -0.98826657641758153      -0.15273890773431795        1.0000000000000000     
   9740.0278500468212      -0.99924805481223111        3.8772734672349589E-002   1.0000000000000000     
   9748.2961249619711      -0.98265107245427763       0.18546393127629443        1.0000000000000000     
   9756.5643998771211      -0.95617285027327958       0.29280280121657382       0.99999999999999989     
   9764.8326747922711      -0.92831567218872491       0.37179297030578173        1.0000000000000000     
   9773.1009497074210      -0.90063486026755391       0.43457663129860502        1.0000000000000000     
   9781.3692246225710      -0.87049308651252100       0.49218064400573958        1.0000000000000000     
   9789.6374995377209      -0.83292893165019111       0.55337997327340216        1.0000000000000000     
   9797.9057744528709      -0.78155364991320753       0.62383803371335367        1.0000000000000000     
   9806.1740493680209      -0.70893836837419177       0.70527043738337625        1.0000000000000000     
   9814.4423242831708      -0.60715739702848892       0.79458158500785170        1.0000000000000000     
   9822.7105991983208      -0.46903312229842664       0.88318057620567558        1.0000000000000000     
   9830.9788741134707      -0.29025827028873763       0.95694834579980870        1.0000000000000002     
   9839.2471490286207       -7.2204087113878213E-002  0.99738987853499472        1.0000000000000000     
   9847.5154239437707       0.17542633054375598       0.98449256094292192        1.0000000000000000     
   9855.7836988589206       0.43326999963712476       0.90126417182446894        1.0000000000000000     
   9864.0519737740706       0.67358225712209441       0.73911226677028219        1.0000000000000000     
   9872.3202486892205       0.86466187830847197       0.50235429350217087        1.0000000000000000     
   9880.5885236043705       0.97771942423128555       0.20991600101193678        1.0000000000000000     
   9888.8567985195205       0.99424726839805977      -0.10710914658887219        1.0000000000000000     
   9897.1250734346704       0.91124479557604465      -0.41186517519155791        1.0000000000000000     
   9905.3933483498204       0.74221373187504869      -0.67016324594542886        1.0000000000000000     
   9913.6616232649703       0.51346427627761992      -0.85811097008877590        1.0000000000000000     
   9921.9298981801203       0.25721954889111392      -0.96635299123469987        1.0000000000000000     
   9930.1981730952702        4.0495324312144147E-003 -0.99999180060992932        1.0000000000000000     
   9938.4664480104202      -0.22286231180710919      -0.97484993202851011        1.0000000000000000     
   9946.7347229255702      -0.41024018757281705      -0.91197751534794969        1.0000000000000000     
   9955.0029978407201      -0.55415668279174890      -0.83241238032434683        1.0000000000000000     
   9963.2712727558701      -0.65745866536335262      -0.75349061264135142        1.0000000000000000     
   9971.5395476710200      -0.72660766413543287      -0.68705261983318999        1.0000000000000000     
   9979.8078225861700      -0.76909820218004155      -0.63913062467967219        1.0000000000000000     
   9988.0760975013200      -0.79199980577630558      -0.61052134086393262        1.0000000000000000     
   9996.3443724164699      -0.80170984312312588      -0.59771341581019655        1.0000000000000000     
   10004.612647331620      -0.80454255196023250      -0.59389500931167660       0.99999999999999989     
   10012.880922246770      -0.80741712699923285      -0.58998100226050054        1.0000000000000000     
   10021.149197161920      -0.81788792128458443      -0.57537757013701996        1.0000000000000000     
   10029.417472077070      -0.84272504013278615      -0.53834422698975226        1.0000000000000000     
   10037.685746992220      -0.88475026594430806      -0.46606541055036055        1.0000000000000000     
   10045.954021907370      -0.93840647455031800      -0.34553333923377538        1.0000000000000000     
   10054.222296822520      -0.98590068788544161      -0.16733150817169237        1.0000000000000000     
   10062.490571737670      -0.99777177348144053        6.6719472747474515E-002   1.0000000000000002     
   10070.758846652820      -0.94203414052976642       0.33551703097807761        1.0000000000000000     
   10079.027121567970      -0.80089152693115973       0.59880945390823226       0.99999999999999989     
   10087.295396483119      -0.58450172391004529       0.81139246653280261        1.0000000000000000     
   10095.563671398269      -0.32896549656743385       0.94434194128405713       0.99999999999999989     
   10103.831946313419       -7.8308931709837215E-002  0.99692914051825376        1.0000000000000000     
   10112.100221228569       0.13499532420623242       0.99084623551914164        1.0000000000000000     
   10120.368496143719       0.29802682650888401       0.95455749469638740        1.0000000000000002     
   10128.636771058869       0.41371907438980615       0.91040459548820496        1.0000000000000000     
   10136.905045974019       0.49314684208301302       0.86994608576828014        1.0000000000000000     
   10145.173320889169       0.54965069330994576       0.83539458661395205       0.99999999999999989     
   10153.441595804319       0.59581086041950371       0.80312478395712006        1.0000000000000000     
   10161.709870719469       0.64210607344462589       0.76661580367582094        1.0000000000000000     
   10169.978145634619       0.69596380256472734       0.71807686602455389       0.99999999999999989     
   10178.246420549769       0.76074107593685969       0.64905547943332931       0.99999999999999978     
   10186.514695464919       0.83460149479847168       0.55085419566356830        1.0000000000000000     
   10194.782970380069       0.90955967665539150       0.41557333240060002        1.0000000000000000     
   10203.051245295219       0.97120494615686359       0.23824557196397958        1.0000000000000000     
   10211.319520210369       0.99980046178363302        1.9975900911701473E-002  0.99999999999999989     
   10219.587795125519       0.97345020142742034      -0.22889889764023488        1.0000000000000000     
   10227.856070040669       0.87337810821483197      -0.48704279082138285        1.0000000000000000     
   10236.124344955819       0.69036470853664611      -0.72346151881569465        1.0000000000000000     
   10244.392619870969       0.43021728130087711      -0.90272536846489582       0.99999999999999989     
   10252.660894786119       0.11573988628527296      -0.99327955718552474        1.0000000000000000     
   10260.929169701269      -0.21650067645825247      -0.97628246788166750        1.0000000000000000     
   10269.197444616419      -0.52425279288889348      -0.85156268656405731       0.99999999999999989     
   10277.465719531569      -0.76992991240906994      -0.63812845883706037        1.0000000000000000     
   10285.733994446718      -0.92947346379349582      -0.36888898072959697       0.99999999999999989     
   10294.002269361868      -0.99665399322971160       -8.1736269668183384E-002   1.0000000000000000     
   10302.270544277018      -0.98185874111603799       0.18961385100785541        1.0000000000000002     
   10310.538819192168      -0.90665464162639775       0.42187363133681188        1.0000000000000000     
   10318.807094107318      -0.79679478051378450       0.60425001261563083        1.0000000000000000     
   10327.075369022468      -0.67615585767976949       0.73675861455794001       0.99999999999999978     
   10335.343643937618      -0.56298425268095220       0.82646762261643969        1.0000000000000000     
   10343.611918852768      -0.46858667990497793       0.88341752496519432       0.99999999999999989     
   10351.880193767918      -0.39769305349994150       0.91751852035688775        1.0000000000000000     
   10360.148468683068      -0.34956541219323972       0.93691196096440699        1.0000000000000000     
   10368.416743598218      -0.31923494570488709       0.94767560348507329        1.0000000000000000     
   10376.685018513368      -0.29854671536359689       0.95439502238098850        1.0000000000000000     
   10384.953293428518      -0.27709906799699113       0.96084135345810284        1.0000000000000000     
   10393.221568343668      -0.24318338170688283       0.96998033117254734        1.0000000000000000     
   10401.489843258818      -0.18479450982189183       0.98277718183710738        1.0000000000000000     
   10409.758118173968       -9.1114537573152146E-002  0.99584041946630719        1.0000000000000000     
   10418.026393089118        4.4899657689493486E-002  0.99899150183540919        1.0000000000000000     
   10426.294668004268       0.22234650096326494       0.97496770895727247       0.99999999999999989     
   10434.562942919418       0.42799108945592051       0.90378295367103167        1.0000000000000000     
   10442.831217834568       0.63559951402051384       0.77201894910480440       0.99999999999999989     
   10451.099492749718       0.81283331601249742       0.58249635224619867        1.0000000000000000     
   10459.367767664868       0.93426282746628253       0.35658515001988955        1.0000000000000000     
   10467.636042580018       0.99204708547714848       0.12586731186569194        1.0000000000000000     
   10475.904317495168       0.99669068761605151       -8.1287595729253287E-002   1.0000000000000000     
   10484.172592410318       0.96855114870354164      -0.24881453403097234        1.0000000000000000     
   10492.440867325467       0.92746167873034857      -0.37391821898201716        1.0000000000000000     
   10500.709142240617       0.88649378197579398      -0.46274050451441301        1.0000000000000000     
   10508.977417155767       0.85085714935245038      -0.52539709876989416        1.0000000000000000     
   10517.245692070917       0.81975425973723848      -0.57271542116713781       0.99999999999999978     
   10525.513966986067       0.78886131089814249      -0.61457125882037811        1.0000000000000000     
   10533.782241901217       0.75214631642023932      -0.65899614467420453       0.99999999999999989     
   10542.050516816367       0.70274625566736304      -0.71144058089590390        1.0000000000000000     
   10550.318791731517       0.63331124793626381      -0.77389719164590087        1.0000000000000000     
   10558.587066646667       0.53632185488520978      -0.84401354726834088        1.0000000000000000     
   10566.855341561817       0.40497348980257408      -0.91432842707482542        1.0000000000000000     
   10575.123616476967       0.23493021432679964      -0.97201223983876051        1.0000000000000000     
   10583.391891392117        2.6828133977775385E-002 -0.99964006083553425        1.0000000000000000     
   10591.660166307267      -0.21097441282553842      -0.97749158417498372        1.0000000000000000     
   10599.928441222417      -0.46054616666789921      -0.88763575207824041        1.0000000000000000     
   10608.196716137567      -0.69470659867457196      -0.71929322376761429        1.0000000000000000     
   10616.464991052717      -0.88046863693516664      -0.47410439712528474        1.0000000000000000     
   10624.733265967867      -0.98556415659337882      -0.16930237221723093       0.99999999999999989     
   10633.001540883017      -0.98660546557127649       0.16312466185370272        1.0000000000000000     
   10641.269815798167      -0.87620858526409484       0.48193206482811801       0.99999999999999989     
   10649.538090713317      -0.66627915769406154       0.74570240982746727        1.0000000000000000     
   10657.806365628467      -0.38584752237874570       0.92256256669896564        1.0000000000000000     
   10666.074640543617       -7.3948854980268847E-002  0.99726203519792489        1.0000000000000000     
   10674.342915458767       0.22989066285951748       0.97321646262792516        1.0000000000000000     
   10682.611190373917       0.49429214064932964       0.86929585279828825       0.99999999999999989     
   10690.879465289067       0.70103404690441651       0.71312780417034394        1.0000000000000000     
   10699.147740204216       0.84569914668540114       0.53365996036388597        1.0000000000000000     
   10707.416015119366       0.93472708526351578       0.35536639694092093        1.0000000000000000     
   10715.684290034516       0.98076179537056585       0.19520835213049748        1.0000000000000000     
   10723.952564949666       0.99806045995477033        6.2252054382745801E-002   1.0000000000000000     
   10732.220839864816       0.99915407857730421       -4.1123317744781583E-002   1.0000000000000000     
   10740.489114779966       0.99307888720233817      -0.11744923921833504        1.0000000000000000     
   10748.757389695116       0.98498202626412723      -0.17265690816360085       0.99999999999999989     
   10757.025664610266       0.97660987359376417      -0.21501896381289706       0.99999999999999989     
   10765.293939525416       0.96708918634416696      -0.25443762625872973       0.99999999999999989     
   10773.562214440566       0.95342881230069387      -0.30161813585208724       0.99999999999999989     
   10781.830489355716       0.93034322662463897      -0.36668989715242456        1.0000000000000000     
   10790.098764270866       0.88949422220982544      -0.45694641770708488        1.0000000000000000     
   10798.367039186016       0.81909815483699777      -0.57365339077061650        1.0000000000000000     
   10806.635314101166       0.70574137752493049      -0.70846955336783068        1.0000000000000000     
   10814.903589016316       0.53973356604089473      -0.84183589712531215        1.0000000000000000     
   10823.171863931466       0.32279658839686420      -0.94646836318988781        1.0000000000000000     
   10831.440138846616        7.2875077501157931E-002 -0.99734107660278393       0.99999999999999989     
   10839.708413761766      -0.17965474885695998      -0.98372972467702868        1.0000000000000000     
   10847.976688676916      -0.40394077546832408      -0.91478513866046651       0.99999999999999989     
   10856.244963592066      -0.58059703721069167      -0.81419105889352938       0.99999999999999989     
   10864.513238507216      -0.70584079620811158      -0.70837050362666798        1.0000000000000002     
   10872.781513422366      -0.78725687170730951      -0.61662518432968738        1.0000000000000002     
   10881.049788337516      -0.83679365215604418      -0.54751838664226549        1.0000000000000000     
   10889.318063252666      -0.86586408136098636      -0.50027931459225372        1.0000000000000000     
   10897.586338167815      -0.88361463481289559      -0.46821488351447477        1.0000000000000000     
   10905.854613082965      -0.89705869981404918      -0.44191140411617297       0.99999999999999989     
   10914.122887998115      -0.91144605399064726      -0.41141960413290718        1.0000000000000000     
   10922.391162913265      -0.93005474364341234      -0.36742097630155340        1.0000000000000000     
   10930.659437828415      -0.95339890172231934      -0.30171266827011978        1.0000000000000000     
   10938.927712743565      -0.97823505218894524      -0.20749983775630190        1.0000000000000000     
   10947.195987658715      -0.99678402667265065       -8.0134912305788397E-002  0.99999999999999989     
   10955.464262573865      -0.99667699472806259        8.1455314006131097E-002   1.0000000000000000     
   10963.732537489015      -0.96209317471963329       0.27272096208010321        1.0000000000000000     
   10972.000812404165      -0.87647510637040105       0.48144718081321664        1.0000000000000000     
   10980.269087319315      -0.72681547789318168       0.68683277520434760        1.0000000000000000     
   10988.537362234465      -0.50876840436941906       0.86090342705520417        1.0000000000000000     
   10996.805637149615      -0.23099787667429378       0.97295425430590921        1.0000000000000002     
   11005.073912064765        8.3225254777949745E-002  0.99653076067281809        1.0000000000000002     
   11013.342186979915       0.39872655195883128       0.91706986471207386        1.0000000000000000     
   11021.610461895065       0.67549493576533670       0.73736462605374808        1.0000000000000000     
   11029.878736810215       0.87816613526452303       0.47835576600953750       0.99999999999999989     
   11038.147011725365       0.98465919866548646       0.17448857407704971        1.0000000000000000     
   11046.415286640515       0.99085693266262154      -0.13491678544355065        1.0000000000000000     
   11054.683561555665       0.90979202405573667      -0.41506442025854956        1.0000000000000000     
   11062.951836470815       0.76622299146418038      -0.64257476401713953        1.0000000000000000     
   11071.220111385965       0.58910125522265033      -0.80805922499226368        1.0000000000000000     
   11079.488386301115       0.40477122942080646      -0.91441798529620411        1.0000000000000002     
   11087.756661216265       0.23268611108568416      -0.97255188741157694        1.0000000000000000     
   11096.024936131415        8.4045790525283992E-002 -0.99646189344850522        1.0000000000000002     
   11104.293211046564       -3.7445478795547160E-002 -0.99929867212849444        1.0000000000000000     
   11112.561485961714      -0.13386253321835762      -0.99099991029281331        1.0000000000000000     
   11120.829760876864      -0.21126038963122026      -0.97742981731317413       0.99999999999999989     
   11129.098035792014      -0.27826258511390872      -0.96050504096840883        1.0000000000000000     
   11137.366310707164      -0.34483037113895693      -0.93866501753296916        1.0000000000000000     
   11145.634585622314      -0.42084131003942726      -0.90713427438516436        1.0000000000000000     
   11153.902860537464      -0.51399156495967557      -0.85779523847495420        1.0000000000000000     
   11162.171135452614      -0.62673404504055275      -0.77923323644920739        1.0000000000000000     
   11170.439410367764      -0.75268906509017952      -0.65837616245856856        1.0000000000000000     
   11178.707685282914      -0.87442004774371063      -0.48516964054224054        1.0000000000000000     
   11186.975960198064      -0.96563264441618479      -0.25991074629150285        1.0000000000000000     
   11195.244235113214      -0.99999952027403838        9.7951605049943096E-004   1.0000000000000000     
   11203.512510028364      -0.96372942447291920       0.26688124026445914        1.0000000000000000     
   11211.780784943514      -0.86361580068727717       0.50415052197064425       0.99999999999999978     
   11220.049059858664      -0.72400471005656941       0.68979502739285015        1.0000000000000000     
   11228.317334773814      -0.57503279659582540       0.81813035809654699        1.0000000000000002     
   11236.585609688964      -0.44085462162696715       0.89757852168495189        1.0000000000000000     
   11244.853884604114      -0.33422336617987264       0.94249389467486455       0.99999999999999989     
   11253.122159519264      -0.25724521232083342       0.96634615989199713        1.0000000000000000     
   11261.390434434414      -0.20491032748498547       0.97878075057185099        1.0000000000000000     
   11269.658709349564      -0.16863406662970615       0.98567872634643372       0.99999999999999989     
   11277.926984264714      -0.13875061427100233       0.99032735347430423        1.0000000000000000     
   11286.195259179864      -0.10599512363721221       0.99436664956399867        1.0000000000000000     
   11294.463534095014       -6.2282407182189817E-002  0.99805856629538126        1.0000000000000000     
   11302.731809010163       -1.0643476717549895E-003  0.99999943358185639        1.0000000000000000     
   11311.000083925313        8.2369640942285702E-002  0.99660184740499003        1.0000000000000002     
   11319.268358840463       0.19043459941410582       0.98169988456044399        1.0000000000000000     
   11327.536633755613       0.32243385562237087       0.94659199698100771        1.0000000000000000     
   11335.804908670763       0.47350335052658060       0.88079201690302700        1.0000000000000000     
   11344.073183585913       0.63354504340904816       0.77370580841287939        1.0000000000000000     
   11352.341458501063       0.78676425990208265       0.61725359402819857        1.0000000000000000     
   11360.609733416213       0.91249187869814230       0.40909481946113030        1.0000000000000000     
   11368.878008331363       0.98781247206003764       0.15564870716661083        1.0000000000000000     
   11377.146283246513       0.99198995103096876      -0.12631681223644065        1.0000000000000000     
   11385.414558161663       0.91180097311504271      -0.41063242130457883        1.0000000000000000     
   11393.682833076813       0.74617081190414047      -0.66575454896103847        1.0000000000000000     
   11401.951107991963       0.50821231560560109      -0.86123181679893412       0.99999999999999989     
   11410.219382907113       0.22344144271485306      -0.97471735476367971        1.0000000000000000     
   11418.487657822263       -7.5631262223526063E-002 -0.99713585442229302        1.0000000000000000     
   11426.755932737413      -0.35682443508356310      -0.93417146313045551       0.99999999999999989     
   11435.024207652563      -0.59503844575755360      -0.80369723657011227        1.0000000000000000     
   11443.292482567713      -0.77629198838156399      -0.63037349942284038        1.0000000000000000     
   11451.560757482863      -0.89824779792373965      -0.43948935541734407        1.0000000000000000     
   11459.829032398013      -0.96770151296892404      -0.25209875405811771        1.0000000000000000     
   11468.097307313163      -0.99660012319825775       -8.2390499702437808E-002  0.99999999999999989     
   11476.365582228313      -0.99803446541598839        6.2667422492251171E-002   1.0000000000000000     
   11484.633857143463      -0.98325320834681962       0.18224469340884997        1.0000000000000000     
   11492.902132058613      -0.96000520089412122       0.27998216774687251       0.99999999999999989     
   11501.170406973763      -0.93200629564493886       0.36244208486073859        1.0000000000000000     
   11509.438681888912      -0.89908314985530646       0.43777789990617444        1.0000000000000000     
   11517.706956804062      -0.85748369397468704       0.51451114134440790        1.0000000000000000     
   11525.975231719212      -0.80009013092418502       0.59987980662606122        1.0000000000000002     
   11534.243506634362      -0.71665352181709929       0.69742937252968384        1.0000000000000000     
   11542.511781549512      -0.59486031137885875       0.80382909249805534        1.0000000000000000     
   11550.780056464662      -0.42357009262680007       0.90586333220421500        1.0000000000000000     
   11559.048331379812      -0.19898206904054380       0.98000313070946066        1.0000000000000000     
   11567.316606294962        6.8161109927368860E-002  0.99767432716967774        1.0000000000000000     
   11575.584881210112       0.34971893564546358       0.93685466645099447        1.0000000000000000     
   11583.853156125262       0.60701320294277228       0.79469174618411431        1.0000000000000000     
   11592.121431040412       0.80603074938672459       0.59187366138651176        1.0000000000000000     
   11600.389705955562       0.93131933478935713       0.36420364721884546       0.99999999999999989     
   11608.657980870712       0.98910265498863781       0.14722750386537095        1.0000000000000002     
   11616.926255785862       0.99937108325113833       -3.5460371704854582E-002   1.0000000000000000     
   11625.194530701012       0.98455298461497898      -0.17508689410043532        1.0000000000000000     
   11633.462805616162       0.96173601799890684      -0.27397779414325951        1.0000000000000000     
   11641.731080531312       0.94030917491442334      -0.34032140040226166        1.0000000000000000     
   11649.999355446462       0.92320417853424497      -0.38430982909224431        1.0000000000000000     
   11658.267630361612       0.90930014132552828      -0.41614090520564589        1.0000000000000000     
   11666.535905276762       0.89547151727819685      -0.44511881755715976        1.0000000000000000     
   11674.804180191912       0.87772107673761057      -0.47917190177489494        1.0000000000000000     
   11683.072455107062       0.85148316227929077      -0.52438194510762770        1.0000000000000000     
   11691.340730022212       0.81144915788309413      -0.58442301817332398        1.0000000000000000     
   11699.609004937362       0.75133503723731254      -0.65992095119006955        1.0000000000000000     
   11707.877279852511       0.66407986525923268      -0.74766164309617977       0.99999999999999989     
   11716.145554767661       0.54274968013362546      -0.83989450808708543        1.0000000000000000     
   11724.413829682811       0.38230983835711463      -0.92403419173500112       0.99999999999999989     
   11732.682104597961       0.18209704386167841      -0.98328056353048998        1.0000000000000000     
   11740.950379513111       -5.1588630312321630E-002 -0.99866842005867928        1.0000000000000002     
   11749.218654428261      -0.30384686863928911      -0.95272088274483546       0.99999999999999989     
   11757.486929343411      -0.55153508517307293      -0.83415169473131878        1.0000000000000000     
   11765.755204258561      -0.76646856480142267      -0.64228182223323693        1.0000000000000000     
   11774.023479173711      -0.92107003254184172      -0.38939696346192881        1.0000000000000000     
   11782.291754088861      -0.99502789583260054       -9.9596618993555860E-002   1.0000000000000000     
   11790.560029004011      -0.98059795664697225       0.19602971055373933        1.0000000000000000     
   11798.828303919161      -0.88450707265021178       0.46652678211626064        1.0000000000000000     
   11807.096578834311      -0.72569528073726619       0.68801624945611595        1.0000000000000000     
   11815.364853749461      -0.52989858889884667       0.84806101518877230        1.0000000000000000     
   11823.633128664611      -0.32326371668451970       0.94630891862821975        1.0000000000000000     
   11831.901403579761      -0.12715427437276450       0.99188295202041643        1.0000000000000000     
   11840.169678494911        4.4542603022238232E-002  0.99900748571569942        1.0000000000000000     
   11848.437953410061       0.18563272086636382       0.98261920037405670       0.99999999999999989     
   11856.706228325211       0.29620188002870695       0.95512535631060469        1.0000000000000002     
   11864.974503240361       0.38070761513339235       0.92469546975176908        1.0000000000000000     
   11873.242778155511       0.44631411030604906       0.89487636852345132        1.0000000000000000     
   11881.511053070661       0.50177743653205820       0.86499676542014670        1.0000000000000000     
   11889.779327985811       0.55651698690757878       0.83083623132559026        1.0000000000000000     
   11898.047602900961       0.61940194296118634       0.78507403030281619       0.99999999999999989     
   11906.315877816111       0.69665308615695376       0.71740816663040008        1.0000000000000000     
   11914.584152731260       0.78857910458193103       0.61493332631819519        1.0000000000000000     
   11922.852427646410       0.88572032898935960       0.46421923572271401        1.0000000000000000     
   11931.120702561560       0.96650058233682501       0.25666441970514381        1.0000000000000000     
   11939.388977476710       0.99999464961527340       -3.2711986834448093E-003   1.0000000000000000     
   11947.657252391860       0.95648713419906128      -0.29177450558893409        1.0000000000000000     
   11955.925527307010       0.82265403793249836      -0.56854228855323985       0.99999999999999978     
   11964.193802222160       0.61139679934127089      -0.79132417741103411        1.0000000000000000     
   11972.462077137310       0.35756584584134438      -0.93388793004715720        1.0000000000000000     
   11980.730352052460       0.10202042565427279      -0.99478230419992941        1.0000000000000000     
   11988.998626967610      -0.12420531547432051      -0.99225653921147050        1.0000000000000000     
   11997.266901882760      -0.30655526091197227      -0.95185286258286406        1.0000000000000000     
   12005.535176797910      -0.44443566278374680      -0.89581077334779335       0.99999999999999989     
   12013.803451713060      -0.54513649017522148      -0.83834730695544113        1.0000000000000000     
   12022.071726628210      -0.61856974492576011      -0.78572989675999982        1.0000000000000000     
   12030.340001543360      -0.67431017231204426      -0.73844823211685007        1.0000000000000000     
   12038.608276458510      -0.72043010650896477      -0.69352754929813831        1.0000000000000000     
   12046.876551373660      -0.76316090453916341      -0.64620850643036720        1.0000000000000000     
   12055.144826288810      -0.80672195456046747      -0.59093120414320577        1.0000000000000000     
   12063.413101203960      -0.85304791708940542      -0.52183258919832398       0.99999999999999978     
   12071.681376119110      -0.90132806463148984      -0.43313706826783244        1.0000000000000000     
   12079.949651034260      -0.94752750165468713      -0.31967426172281510        1.0000000000000000     
   12088.217925949410      -0.98405593519767220      -0.17785926009695063        1.0000000000000000     
   12096.486200864560      -0.99997480274232498       -7.0988647295345949E-003   1.0000000000000000     
   12104.754475779710      -0.98207217851052875       0.18850526834967785       0.99999999999999989     
   12113.022750694859      -0.91708587014703857       0.39868973748599196        1.0000000000000000     
   12121.291025610009      -0.79498085709029287       0.60663451670670976        1.0000000000000000     
   12129.559300525159      -0.61262073806700190       0.79037701844767849        1.0000000000000000     
   12137.827575440309      -0.37662215653577308       0.92636696357671544        1.0000000000000000     
   12146.095850355459      -0.10405278137130730       0.99457177653947881        1.0000000000000000     
   12154.364125270609       0.17993506867525114       0.98367848968086757        1.0000000000000000     
   12162.632400185759       0.44720233427570333       0.89443282152342896        1.0000000000000000     
   12170.900675100909       0.67290912186693175       0.73972516092686391        1.0000000000000000     
   12179.168950016059       0.84083643876159131       0.54128927871400223        1.0000000000000000     
   12187.437224931209       0.94596322439779879       0.32427392446343861        1.0000000000000000     
   12195.705499846359       0.99374253867323015       0.11169497227397297       0.99999999999999989     
   12203.973774761509       0.99683977876060226       -7.9438375364263264E-002   1.0000000000000000     
   12212.242049676659       0.97086851994838763      -0.23961284809714886        1.0000000000000000     
   12220.510324591809       0.93055698636093576      -0.36614709494252884        1.0000000000000000     
   12228.778599506959       0.88720250900004749      -0.46138022066839918        1.0000000000000000     
   12237.046874422109       0.84755236713462156      -0.53071177202366604        1.0000000000000000     
   12245.315149337259       0.81379877733213513      -0.58114675428218809        1.0000000000000000     
   12253.583424252409       0.78420798992679708      -0.62049804877612025        1.0000000000000000     
   12261.851699167559       0.75395706518737804      -0.65692369713235021        1.0000000000000000     
   12270.119974082709       0.71582029313396212      -0.69828454654074124        1.0000000000000000     
   12278.388248997859       0.66052646075037269      -0.75080276680935742        1.0000000000000000     
   12286.656523913009       0.57698922211076087      -0.81675176006423100        1.0000000000000000     
   12294.924798828159       0.45331183556014687      -0.89135199542105159        1.0000000000000000     
   12303.193073743309       0.27984427116897953      -0.96004540720421272       0.99999999999999989     
   12311.461348658459        5.4921166119581734E-002 -0.99849069375335953       0.99999999999999989     
   12319.729623573608      -0.20858123155723027      -0.97800504591851112        1.0000000000000000     
   12327.997898488758      -0.48092552228656021      -0.87676145103066616        1.0000000000000000     
   12336.266173403908      -0.72210305312161582      -0.69178550192414479        1.0000000000000000     
   12344.534448319058      -0.89632985238550911      -0.44338786149664877       0.99999999999999989     
   12352.802723234208      -0.98583326752372791      -0.16772825833320359        1.0000000000000000     
   12361.070998149358      -0.99519987493133177        9.7863215442073395E-002   1.0000000000000000     
   12369.339273064508      -0.94496080182499242       0.32718356165044027        1.0000000000000000     
   12377.607547979658      -0.86058672070238407       0.50930393298178711       0.99999999999999978     
   12385.875822894808      -0.76365704104097532       0.64562212142130171       0.99999999999999989     
   12394.144097809958      -0.66797429547489295       0.74418434583429693        1.0000000000000000     
   12402.412372725108      -0.57960801265834450       0.81489542375831536        1.0000000000000000     
   12410.680647640258      -0.49876371486507337       0.86673799774441163       0.99999999999999989     
   12418.948922555408      -0.42193554757665314       0.90662582893451138        1.0000000000000000     
   12427.217197470558      -0.34363466843822060       0.93910340998601116       0.99999999999999989     
   12435.485472385708      -0.25762230565376076       0.96624569734081622        1.0000000000000000     
   12443.753747300858      -0.15786443519208293       0.98746079420981803        1.0000000000000000     
   12452.022022216008       -3.9387426710911229E-002  0.99922401423158991        1.0000000000000000     
   12460.290297131158       0.10065109384306385       0.99492178451785585        1.0000000000000000     
   12468.558572046308       0.26166304941504082       0.96515928663139428        1.0000000000000000     
   12476.826846961458       0.43816588812029550       0.89889412863126028        1.0000000000000000     
   12485.095121876608       0.61867244236692731       0.78564903681971188        1.0000000000000000     
   12493.363396791758       0.78562909826344562       0.61869776140031840        1.0000000000000000     
   12501.631671706908       0.91712812341829142       0.39859253033046571        1.0000000000000000     
   12509.899946622058       0.99074077380739545       0.13576715035502268        1.0000000000000000     
   12518.168221537208       0.98882012040139755      -0.14911327737450358        1.0000000000000000     
   12526.436496452357       0.90377603392273698      -0.42800570148876266        1.0000000000000000     
   12534.704771367507       0.74124013732987559      -0.67123994131099440        1.0000000000000000     
   12542.973046282657       0.51958034750365967      -0.85442159528418771        1.0000000000000000     
   12551.241321197807       0.26564662075067830      -0.96407047091161613        1.0000000000000000     
   12559.509596112957        8.2585794609577219E-003 -0.99996589735114816        1.0000000000000000     
   12567.777871028107      -0.22818326875204575      -0.97361819819764650        1.0000000000000000     
   12576.046145943257      -0.42777976260839912      -0.90388299834807251        1.0000000000000000     
   12584.314420858407      -0.58414399415182749      -0.81165004410543207        1.0000000000000000     
   12592.582695773557      -0.69871265009463646      -0.71540242702812384       0.99999999999999989     
   12600.850970688707      -0.77774770171533925      -0.62857657646185616        1.0000000000000000     
   12609.119245603857      -0.82937556031024007      -0.55869148907073518        1.0000000000000000     
   12617.387520519007      -0.86152822847244048      -0.50770967249515586        1.0000000000000000     
   12625.655795434157      -0.88109559406985494      -0.47293821384054957        1.0000000000000000     
   12633.924070349307      -0.89397580547336208      -0.44811522985528335        1.0000000000000000     
   12642.192345264457      -0.90546284665100218      -0.42442553332082134        1.0000000000000000     
   12650.460620179607      -0.92021537902628969      -0.39141238636954512        1.0000000000000000     
   12658.728895094757      -0.94121866963199163      -0.33779789214289635        1.0000000000000000     
   12666.997170009907      -0.96762430164624302      -0.25239495015475355        1.0000000000000000     
   12675.265444925057      -0.99204975162290776      -0.12584629634966263        1.0000000000000002     
   12683.533719840207      -0.99894118184480041        4.6005599816906183E-002  0.99999999999999989     
   12691.801994755357      -0.96634960607953113       0.25723226630797108       0.99999999999999989     
   12700.070269670507      -0.87281463584238084       0.48805185324853761       0.99999999999999989     
   12708.338544585657      -0.70776000670009176       0.70645295166478428       0.99999999999999989     
   12716.606819500807      -0.47951537996542648       0.87753347535955151        1.0000000000000000     
   12724.875094415956      -0.21447015475160650       0.97673054253505454        1.0000000000000000     
   12733.143369331106        5.3075394876537375E-002  0.99859050789535331        1.0000000000000000     
   12741.411644246256       0.29382013089486664       0.95586072765906827        1.0000000000000000     
   12749.679919161406       0.49128870154831172       0.87099679203253888       0.99999999999999989     
   12757.948194076556       0.64221483078993280       0.76652469700164128        1.0000000000000000     
   12766.216468991706       0.75217249982647683       0.65896625900328831        1.0000000000000000     
   12774.484743906856       0.83043471784719891       0.55711594789060115       0.99999999999999989     
   12782.753018822006       0.88629886779168199       0.46311371924310629        1.0000000000000000     
   12791.021293737156       0.92724718703527087       0.37444980188962224        1.0000000000000000     
   12799.289568652306       0.95825534972405269       0.28591377148579877        1.0000000000000000     
   12807.557843567456       0.98156518069076837       0.19112769567882959        1.0000000000000000     
   12815.826118482606       0.99648763770386906        8.3740001811336437E-002   1.0000000000000000     
   12824.094393397756       0.99914238486943319       -4.1406457919284871E-002   1.0000000000000000     
   12832.362668312906       0.98235969504698406      -0.18700114851838884        1.0000000000000000     
   12840.630943228056       0.93611219854338379      -0.35170150943416828        1.0000000000000000     
   12848.899218143206       0.84892634985469884      -0.52851116593916669        1.0000000000000000     
   12857.167493058356       0.71055330635020275      -0.70364337475371352        1.0000000000000000     
   12865.435767973506       0.51572021760780185      -0.85675705841887384        1.0000000000000002     
   12873.704042888656       0.26810782560639723      -0.96338891100562796        1.0000000000000000     
   12881.972317803806       -1.7044080166558770E-002 -0.99985473911527567        1.0000000000000000     
   12890.240592718956      -0.31329911769147822      -0.94965449656901080        1.0000000000000000     
   12898.508867634106      -0.58737000204869783      -0.80931852857407927        1.0000000000000000     
   12906.777142549256      -0.80657835008168555      -0.59112719881553910        1.0000000000000000     
   12915.045417464406      -0.94704858258587354      -0.32109030228595797        1.0000000000000000     
   12923.313692379556      -0.99946830649613794       -3.2605280396618606E-002   1.0000000000000000     
   12931.581967294705      -0.97030784485391020       0.24187328545120487       0.99999999999999989     
   12939.850242209855      -0.87836915369772561       0.47798287608693824        1.0000000000000000     
   12948.118517125005      -0.74853287848877004       0.66309767743622527        1.0000000000000000     
   12956.386792040155      -0.60532590836763900       0.79597772874553008        1.0000000000000000     
   12964.655066955305      -0.46835116262959287       0.88354240897848735       0.99999999999999989     
   12972.923341870455      -0.35026922856132120       0.93664906316242957        1.0000000000000000     
   12981.191616785605      -0.25687173676696201       0.96644550330079371       0.99999999999999989     
   12989.459891700755      -0.18827601180650810       0.98211615574647571        1.0000000000000000     
   12997.728166615905      -0.14034747674479536       0.99010231075953414        1.0000000000000000     
   13005.996441531055      -0.10595150613401381       0.99437129803103930       0.99999999999999989     
   13014.264716446205       -7.5955627689464594E-002  0.99711119872474574       0.99999999999999989     
   13022.532991361355       -4.0214607737210618E-002  0.99919106547473802       0.99999999999999989     
   13030.801266276505        1.1420060929250436E-002  0.99993478897794741        1.0000000000000000     
   13039.069541191655        8.7738243696483240E-002  0.99614356424817430        1.0000000000000000     
   13047.337816106805       0.19442723697980471       0.98091694323240175        1.0000000000000000     
   13055.606091021955       0.33175382657431435       0.94336599395637522        1.0000000000000000     
   13063.874365937105       0.49227078398879315       0.87044211480779066        1.0000000000000000     
   13072.142640852255       0.65997779307110727       0.75128510743458154        1.0000000000000000     
   13080.410915767405       0.81266456100027218       0.58273176616195810        1.0000000000000000     
   13088.679190682555       0.92785570313960264       0.37293939742445242        1.0000000000000000     
   13096.947465597705       0.99010758016131828       0.14031029793674671        1.0000000000000000     
   13105.215740512855       0.99574328364078246       -9.2170022698664450E-002   1.0000000000000002     
   13113.484015428005       0.95262302474831306      -0.30415353478033919        1.0000000000000002     
   13121.752290343155       0.87566071510585064      -0.48292681849355845        1.0000000000000000     
   13130.020565258304       0.78102459201959940      -0.62450026954407178        1.0000000000000000     
   13138.288840173454       0.68170593140215463      -0.73162628649544903        1.0000000000000000     
   13146.557115088604       0.58550120803594974      -0.81067153359942490        1.0000000000000000     
   13154.825390003754       0.49496511845987934      -0.86891284459835072        1.0000000000000000     
   13163.093664918904       0.40846716732918337      -0.91277301297424041       0.99999999999999989     
   13171.361939834054       0.32158130252155986      -0.94688197039997390        1.0000000000000000     
   13179.630214749204       0.22835268117125765      -0.97357847809095388        1.0000000000000000     
   13187.898489664354       0.12248974061425259      -0.99246977961258509        1.0000000000000000     
   13196.166764579504       -1.4719829003082866E-003 -0.99999891663258378        1.0000000000000000     
   13204.435039494654      -0.14682758750493502      -0.98916209973263769        1.0000000000000000     
   13212.703314409804      -0.31303846934613555      -0.94974044702193694        1.0000000000000000     
   13220.971589324954      -0.49386254734498125      -0.86953998431925261        1.0000000000000000     
   13229.239864240104      -0.67590514276109892      -0.73698862812739419        1.0000000000000000     
   13237.508139155254      -0.83838654290590064      -0.54507614575790464        1.0000000000000000     
   13245.776414070404      -0.95523806250282650      -0.29583820568994490        1.0000000000000000     
   13254.044688985554      -0.99999273982092118       -3.8105518560097302E-003  0.99999999999999989     
   13262.312963900704      -0.95280094774796664       0.30359570808984848        1.0000000000000000     
   13270.581238815854      -0.80739603261223380       0.59000986985136494        1.0000000000000000     
   13278.849513731004      -0.57512441002100356       0.81806595883094446        1.0000000000000000     
   13287.117788646154      -0.28375624655199322       0.95889644516116779        1.0000000000000000     
   13295.386063561304        2.9052171571265949E-002  0.99957789657784735        1.0000000000000000     
   13303.654338476454       0.32532510000201764       0.94560223101929974       0.99999999999999989     
   13311.922613391604       0.57568000728451285       0.81767507557275043       0.99999999999999989     
   13320.190888306754       0.76448585305474870       0.64464050483905611        1.0000000000000000     
   13328.459163221904       0.89016853202862367       0.45563141308079835        1.0000000000000000     
   13336.727438137053       0.96167261134474458       0.27420027095059507       0.99999999999999989     
   13344.995713052203       0.99329551870704846       0.11560282226872953       0.99999999999999989     
   13353.263987967353       0.99991413292141251       -1.3104456647255557E-002   1.0000000000000000     
   13361.532262882503       0.99377830388390598      -0.11137631134863056        1.0000000000000000     
   13369.800537797653       0.98308986780367968      -0.18312376094254859        1.0000000000000000     
   13378.068812712803       0.97197635160632445      -0.23507865049395435        1.0000000000000000     
   13386.337087627953       0.96125195442116962      -0.27567132625915530        1.0000000000000000     
   13394.605362543103       0.94933843116813155      -0.31425553791020250       0.99999999999999989     
   13402.873637458253       0.93286737535908359      -0.36022001608829940        1.0000000000000000     
   13411.141912373403       0.90672715338800502      -0.42171776024835045        1.0000000000000000     
   13419.410187288553       0.86375721667005723      -0.50390819664934583        1.0000000000000000     
   13427.678462203703       0.79484494418572860      -0.60681258614368394       0.99999999999999989     
   13435.946737118853       0.69043482844104687      -0.72339460025326574        1.0000000000000000     
   13444.215012034003       0.54391638109104912      -0.83913942249236306        1.0000000000000000     
   13452.483286949153       0.35598777306270257      -0.93449061280991885       0.99999999999999989     
   13460.751561864303       0.13736795775869873      -0.99052008772220479        1.0000000000000000     
   13469.019836779453       -9.2577952510279310E-002 -0.99570543973054826        1.0000000000000000     
   13477.288111694603      -0.31156285933098549      -0.95022554411334392        1.0000000000000000     
   13485.556386609753      -0.50137838135892088      -0.86522813101858198        1.0000000000000000     
   13493.824661524903      -0.65245792631431965      -0.75782494970119441        1.0000000000000000     
   13502.092936440053      -0.76421982280852896      -0.64495586083584089        1.0000000000000000     
   13510.361211355203      -0.84228433882324949      -0.53903348001128970        1.0000000000000000     
   13518.629486270353      -0.89487099594491359      -0.44632488236323825        1.0000000000000000     
   13526.897761185503      -0.93004930002724651      -0.36743475545847426       0.99999999999999989     
   13535.166036100652      -0.95432827790179831      -0.29876000066439279        1.0000000000000000     
   13543.434311015802      -0.97221550330518114      -0.23408762276774331        1.0000000000000000     
   13551.702585930952      -0.98613847556573320      -0.16592440148721874       0.99999999999999989     
   13559.970860846102      -0.99624299723357113       -8.6601907964379388E-002   1.0000000000000000     
   13568.239135761252      -0.99994195598288671        1.0774259376803121E-002  0.99999999999999989     
   13576.507410676402      -0.99135713001303671       0.13119085628318380       0.99999999999999989     
   13584.775685591552      -0.96107390414622085       0.27629142362574466        1.0000000000000000     
   13593.043960506702      -0.89676456676846783       0.44250797935016073        1.0000000000000000     
   13601.312235421852      -0.78521594974481224       0.61922202178730090        1.0000000000000000     
   13609.580510337002      -0.61600485169309449       0.78774235806548365        1.0000000000000000     
   13617.848785252152      -0.38633162810834187       0.92235994770109020        1.0000000000000000     
   13626.117060167302      -0.10553948246574578       0.99441511334093391       0.99999999999999989     
   13634.385335082452       0.20283409361863158       0.97921311800134103        1.0000000000000000     
   13642.653609997602       0.50348580885221794       0.86400349552789879        1.0000000000000000     
   13650.921884912752       0.75661152750800187       0.65386466217559736        1.0000000000000000     
   13659.190159827902       0.92803142084292567       0.37250192204639787        1.0000000000000002     
   13667.458434743052       0.99838126348000122        5.6875765771340556E-002   1.0000000000000000     
   13675.726709658202       0.96760231769611171      -0.25247921654883387        1.0000000000000000     
   13683.994984573352       0.85315929328453022      -0.52165047712260448       0.99999999999999989     
   13692.263259488502       0.68328841742578195      -0.73014857297112512        1.0000000000000000     
   13700.531534403652       0.48849988922554866      -0.87256395652503704        1.0000000000000000     
   13708.799809318802       0.29463313226278059      -0.95561044226872216       0.99999999999999989     
   13717.068084233952       0.11916710212575667      -0.99287421246145247        1.0000000000000000     
   13725.336359149102       -2.9260514135451686E-002 -0.99957181948698870        1.0000000000000000     
   13733.604634064252      -0.14929484262145631      -0.98879272345959068        1.0000000000000000     
   13741.872908979401      -0.24461584015842672      -0.96962007546439910        1.0000000000000000     
   13750.141183894551      -0.32192249653472854      -0.94676602506894370        1.0000000000000000     
   13758.409458809701      -0.38939101608264770      -0.92107254686811901        1.0000000000000000     
   13766.677733724851      -0.45547048240815508      -0.89025088579280975       0.99999999999999989     
   13774.946008640001      -0.52763240108091336      -0.84947280670401104        1.0000000000000000     
   13783.214283555151      -0.61080167436220167      -0.79178362864884422       0.99999999999999989     
   13791.482558470301      -0.70550408990650559      -0.70870584809580439        1.0000000000000000     
   13799.750833385451      -0.80613402018171421      -0.59173299849312744        1.0000000000000000     
   13808.019108300601      -0.90035276337311898      -0.43516077659456892       0.99999999999999989     
   13816.287383215751      -0.97082018967893025      -0.23980858890324594        1.0000000000000002     
   13824.555658130901      -0.99987590761262934       -1.5753392517829590E-002   1.0000000000000000     
   13832.823933046051      -0.97591147099056563       0.21816691038979849        1.0000000000000000     
   13841.092207961201      -0.89843372153509382       0.43910915272697459        1.0000000000000000     
   13849.360482876351      -0.77881449901318567       0.62725431535130993        1.0000000000000000     
   13857.628757791501      -0.63620223315881541       0.77152233831804007        1.0000000000000000     
   13865.897032706651      -0.49103881691485562       0.87113769306743860       0.99999999999999989     
   13874.165307621801      -0.35948294881111242       0.93315165408097900        1.0000000000000000     
   13882.433582536951      -0.25073916693987486       0.96805468345662038       0.99999999999999989     
   13890.701857452101      -0.16713894600661619       0.98593335105766533        1.0000000000000002     
   13898.970132367251      -0.10568402861698645       0.99439976171320754       0.99999999999999989     
   13907.238407282401       -5.9902557502636573E-002  0.99820422940630904        1.0000000000000000     
   13915.506682197551       -2.1450441611303377E-002  0.99976991280728189        1.0000000000000000     
   13923.774957112701        1.8654142766362299E-002  0.99982599634018932        1.0000000000000000     
   13932.043232027851        6.9051173302629110E-002  0.99761311913262762        1.0000000000000000     
   13940.311506943000       0.13722670309120086       0.99053966702940244        1.0000000000000000     
   13948.579781858150       0.22858810538077243       0.97352322934711166        1.0000000000000000     
   13956.848056773300       0.34534215925169276       0.93847684736672032        1.0000000000000000     
   13965.116331688450       0.48496636374622604       0.87453280443603898        1.0000000000000000     
   13973.384606603600       0.63862711726170307       0.76951634491933107        1.0000000000000000     
   13981.652881518750       0.79009236280133388       0.61298781247509770        1.0000000000000000     
   13989.921156433900       0.91629126597641053       0.40051256646370897        1.0000000000000000     
   13998.189431349050       0.99042761747106856       0.13803309223002561        1.0000000000000000     
   14006.457706264200       0.98782210911034019      -0.15558753405333961       0.99999999999999989     
   14014.725981179350       0.89317254865684814      -0.44971412955991302        1.0000000000000000     
   14022.994256094500       0.70664075135439608      -0.70757250407664551        1.0000000000000000     
   14031.262531009650       0.44590153496296253      -0.89508201921258246       0.99999999999999989     
   14039.530805924800       0.14269182929235985      -0.98976716547539600       0.99999999999999989     
   14047.799080839950      -0.16521461361122877      -0.98625763948843126        1.0000000000000000     
   14056.067355755100      -0.44346723493689200      -0.89629058431818165        1.0000000000000000     
   14064.335630670250      -0.66849761519275075      -0.74371428551669294        1.0000000000000002     
   14072.603905585400      -0.83052075076197451      -0.55698768617785999        1.0000000000000000     
   14080.872180500550      -0.93210624658049857      -0.36218495977278636        1.0000000000000000     
   14089.140455415700      -0.98392770545137220      -0.17856727148388024        1.0000000000000000     
   14097.408730330850      -0.99985289945508027       -1.7151660306489607E-002   1.0000000000000000     
   14105.677005246000      -0.99295793156106116       0.11846748984417239        1.0000000000000000     
   14113.945280161150      -0.97313679720459179       0.23022765673652049       0.99999999999999989     
   14122.213555076300      -0.94620061869151573       0.32358057603600515        1.0000000000000000     
   14130.481829991450      -0.91394764824169805       0.40583210355203453       0.99999999999999989     
   14138.750104906600      -0.87465017205541373       0.48475465601006368        1.0000000000000000     
   14147.018379821749      -0.82355859377009322       0.56723120738145794        1.0000000000000000     
   14155.286654736899      -0.75337700729732648       0.65758884181205812       0.99999999999999989     
   14163.554929652049      -0.65503342672022724       0.75559990066116112       0.99999999999999989     
   14171.823204567199      -0.51943760930594385       0.85450837915056499        1.0000000000000000     
   14180.091479482349      -0.34076534112756063       0.94014838312163107        1.0000000000000000     
   14188.359754397499      -0.12086634223475773       0.99266879033985467       0.99999999999999989     
   14196.628029312649       0.12726529515555512       0.99186871341371052        1.0000000000000000     
   14204.896304227799       0.37992000057610942       0.92501934745293246        1.0000000000000000     
   14213.164579142949       0.60861978492834101       0.79346200753015261        1.0000000000000000     
   14221.432854058099       0.78949614289878689       0.61375552164354352        1.0000000000000000     
   14229.701128973249       0.91113648161592231       0.41210473410112403        1.0000000000000000     
   14237.969403888399       0.97653694206805586       0.21534994956203374        1.0000000000000000     
   14246.237678803549       0.99905618526528117        4.3436605336791771E-002   1.0000000000000000     
   14254.505953718699       0.99561196956836351       -9.3577807477008723E-002   1.0000000000000002     
   14262.774228633849       0.98091343042648660      -0.19444495881596491        1.0000000000000000     
   14271.042503548999       0.96456714547511535      -0.26383749140330220       0.99999999999999989     
   14279.310778464149       0.95086539673760551      -0.30960458214799730        1.0000000000000000     
   14287.579053379299       0.94007321439831359      -0.34097265516580999        1.0000000000000000     
   14295.847328294449       0.93002892184822505      -0.36748633243404849        1.0000000000000000     
   14304.115603209599       0.91729452418321689      -0.39820943723559060        1.0000000000000000     
   14312.383878124749       0.89753563454265162      -0.44094192897264795        1.0000000000000000     
   14320.652153039899       0.86527014774787381      -0.50130586613002304        1.0000000000000000     
   14328.920427955049       0.81345385722342112      -0.58162945435073865        1.0000000000000000     
   14337.188702870199       0.73348730894249503      -0.67970314669000675        1.0000000000000000     
   14345.456977785348       0.61622905245483883      -0.78756698439600137        1.0000000000000000     
   14353.725252700498       0.45433879352828127      -0.89082897387504512        1.0000000000000000     
   14361.993527615648       0.24571109340987823      -0.96934310673534074        1.0000000000000002     
   14370.261802530798       -2.9241912411755830E-003 -0.99999572454365271       0.99999999999999989     
   14378.530077445948      -0.27385680701296961      -0.96177047638855140        1.0000000000000000     
   14386.798352361098      -0.53936839483600874      -0.84206991078652571        1.0000000000000000     
   14395.066627276248      -0.76665019755825492      -0.64206500806685352        1.0000000000000000     
   14403.334902191398      -0.92557726308464483      -0.37855875377639620        1.0000000000000000     
   14411.603177106548      -0.99672135355364533       -8.0910712332726523E-002   1.0000000000000000     
   14419.871452021698      -0.97634961866424552       0.21619764599593208        1.0000000000000000     
   14428.139726936848      -0.87647056500509413       0.48145544828119985        1.0000000000000000     
   14436.408001851998      -0.72020202847828219       0.69376439673405532        1.0000000000000000     
   14444.676276767148      -0.53475457294374773       0.84500742405954632        1.0000000000000000     
   14452.944551682298      -0.34483903729881127       0.93866183386501290        1.0000000000000000     
   14461.212826597448      -0.16850372473876452       0.98570101691596257        1.0000000000000000     
   14469.481101512598       -1.5803805583477964E-002  0.99987511206604174       0.99999999999999989     
   14477.749376427748       0.11034161258909496       0.99389372094366213        1.0000000000000000     
   14486.017651342898       0.21235657882819586       0.97719224486709078        1.0000000000000000     
   14494.285926258048       0.29613673057727230       0.95514555791408251       0.99999999999999989     
   14502.554201173198       0.36953951079420372       0.92921501815348451       0.99999999999999989     
   14510.822476088348       0.44112304984387868       0.89744663066749264        1.0000000000000000     
   14519.090751003498       0.51884981608034653       0.85486540949636658       0.99999999999999989     
   14527.359025918648       0.60838235695024157       0.79364406868045634        1.0000000000000000     
   14535.627300833798       0.71074040287283635       0.70345439064957027        1.0000000000000000     
   14543.895575748948       0.81966973446105362       0.57283638711987028        1.0000000000000000     
   14552.163850664097       0.91969915180464268       0.39262382781718796        1.0000000000000000     
   14560.432125579247       0.98686994191748756       0.16151692709983878       0.99999999999999989     
   14568.700400494397       0.99412798300896721      -0.10821068985327910       0.99999999999999989     
   14576.968675409547       0.92122770460423820      -0.38902379910438190        1.0000000000000000     
   14585.236950324697       0.76506150723109112      -0.64395721143045770        1.0000000000000000     
   14593.505225239847       0.54386344713901724      -0.83917373103908910        1.0000000000000000     
   14601.773500154997       0.29144017528166166      -0.95658905713571407        1.0000000000000000     
   14610.041775070147        4.4401355117838423E-002 -0.99901377351050547       0.99999999999999989     
   14618.310049985297      -0.16982574533208200      -0.98547410733230467       0.99999999999999989     
   14626.578324900447      -0.33826508312599651      -0.94105086660486248        1.0000000000000000     
   14634.846599815597      -0.46058652994722710      -0.88761480859163910        1.0000000000000000     
   14643.114874730747      -0.54404862746003624      -0.83905368776905487       0.99999999999999989     
   14651.383149645897      -0.59884000239302448      -0.80086868557455937        1.0000000000000000     
   14659.651424561047      -0.63540091628535722      -0.77218241082255201        1.0000000000000000     
   14667.919699476197      -0.66336640950881332      -0.74829473253216572        1.0000000000000000     
   14676.187974391347      -0.69114120904521548      -0.72271974454799404        1.0000000000000000     
   14684.456249306497      -0.72537869690338719      -0.68835001712700195        1.0000000000000000     
   14692.724524221647      -0.77016914215672005      -0.63783970750462227        1.0000000000000000     
   14700.992799136797      -0.82597318184028934      -0.56370941351074522        1.0000000000000000     
   14709.261074051947      -0.88856134260043684      -0.45875782329689940        1.0000000000000000     
   14717.529348967097      -0.94833801846960208      -0.31726172590646440        1.0000000000000000     
   14725.797623882247      -0.99055296979501939      -0.13713064584646070        1.0000000000000000     
   14734.065898797397      -0.99700025651133717        7.7398246209639296E-002   1.0000000000000000     
   14742.334173712547      -0.94954726133832268       0.31362397625961419       0.99999999999999989     
   14750.602448627697      -0.83507802181532542       0.55013152743775995        1.0000000000000000     
   14758.870723542846      -0.65047630923322908       0.75952654405643816        1.0000000000000000     
   14767.138998457996      -0.40566096434459437       0.91402362223687295        1.0000000000000000     
   14775.407273373146      -0.12290044909680653       0.99241900405615135        1.0000000000000000     
   14783.675548288296       0.16789768496622345       0.98580442653854161        1.0000000000000000     
   14791.943823203446       0.43644289201405778       0.89973196120311605        1.0000000000000000     
   14800.212098118596       0.65913431526890109       0.75202523523815146        1.0000000000000000     
   14808.480373033746       0.82349526468784473       0.56732314339950607        1.0000000000000000     
   14816.748647948896       0.92874078048943631       0.37072977039330512        1.0000000000000000     
   14825.016922864046       0.98315785436484493       0.18275840172400915       0.99999999999999989     
   14833.285197779196       0.99985882672950355        1.6802577513599266E-002  0.99999999999999989     
   14841.553472694346       0.99265332432960818      -0.12099329608444306        1.0000000000000000     
   14849.821747609496       0.97310355252774272      -0.23036813160219588       0.99999999999999989     
   14858.090022524646       0.94904902457557805      -0.31512846420490775        1.0000000000000000     
   14866.358297439796       0.92434950405213678      -0.38154684425188057        1.0000000000000000     
   14874.626572354946       0.89933092546085236      -0.43726866627935590       0.99999999999999989     
   14882.894847270096       0.87144221172783753      -0.49049818717187404        1.0000000000000000     
   14891.163122185246       0.83573409751382299      -0.54913433534314338        1.0000000000000000     
   14899.431397100396       0.78499943286783902      -0.61949648134365631        1.0000000000000000     
   14907.699672015546       0.70975118863913444      -0.70445244710011179        1.0000000000000000     
   14915.967946930696       0.59879272273867545      -0.80090403619609996        1.0000000000000000     
   14924.236221845846       0.44138261737968942      -0.89731899850334984        1.0000000000000000     
   14932.504496760996       0.23176156627351827      -0.97277262317483293       0.99999999999999989     
   14940.772771676146       -2.4687609813428341E-002 -0.99969521451375365        1.0000000000000000     
   14949.041046591296      -0.30677510556338572      -0.95178203103787029       0.99999999999999989     
   14957.309321506445      -0.57897016608600915      -0.81534872709923267        1.0000000000000000     
   14965.577596421595      -0.80129459174173745      -0.59826998691681199        1.0000000000000000     
   14973.845871336745      -0.94402636033908083      -0.32987002134923976        1.0000000000000000     
   14982.114146251895      -0.99873379883812663       -5.0307047800129102E-002   1.0000000000000000     
   14990.382421167045      -0.97891287008445871       0.20427822395695461        1.0000000000000000     
   14998.650696082195      -0.91108178337796719       0.41222564694208791        1.0000000000000000     
   15006.918970997345      -0.82300752726603132       0.56803046578810601       0.99999999999999989     
   15015.187245912495      -0.73541097562601410       0.67762135217892450        1.0000000000000000     
   15023.455520827645      -0.65918285052466941       0.75198269233684589        1.0000000000000000     
   15031.723795742795      -0.59656223945459552       0.80256681619471282        1.0000000000000000     
   15039.992070657945      -0.54386300483612349       0.83917401769276834        1.0000000000000000     
   15048.260345573095      -0.49413890631766250       0.86938296582299357        1.0000000000000000     
   15056.528620488245      -0.43912919614698281       0.89842392504390967        1.0000000000000000     
   15064.796895403395      -0.37044966551379743       0.92885254229114089        1.0000000000000000     
   15073.065170318545      -0.28041819869358309       0.95987792653099702        1.0000000000000000     
   15081.333445233695      -0.16288038181240069       0.98664582359661690       0.99999999999999989     
   15089.601720148845       -1.4474864637370344E-002  0.99989523365887178        1.0000000000000000     
   15097.869995063995       0.16355056688271410       0.98653495228113575       0.99999999999999989     
   15106.138269979145       0.36341849479803373       0.93162599665248258        1.0000000000000000     
   15114.406544894295       0.56964612968064621       0.82189006986327584        1.0000000000000000     
   15122.674819809445       0.75977142492636840       0.65019026589557283        1.0000000000000000     
   15130.943094724595       0.90768769124860760       0.41964634533827694        1.0000000000000000     
   15139.211369639745       0.98935357009517033       0.14553182930184316        1.0000000000000000     
   15147.479644554895       0.98921686862229052      -0.14645814020774026        1.0000000000000000     
   15155.747919470045       0.90491683481510377      -0.42558844212245034        1.0000000000000000     
   15164.016194385194       0.74823641694279230      -0.66343218520102853        1.0000000000000000     
   15172.284469300344       0.54183611771898144      -0.84048415900314388        1.0000000000000000     
   15180.552744215494       0.31308400524992791      -0.94972543698516532        1.0000000000000000     
   15188.821019130644        8.7550298439307936E-002 -0.99616010020638157        1.0000000000000000     
   15197.089294045794      -0.11573724061618042      -0.99327986546317970        1.0000000000000000     
   15205.357568960944      -0.28609390158869957      -0.95820158603174699       0.99999999999999989     
   15213.625843876094      -0.42046152500169626      -0.90731036916440444        1.0000000000000000     
   15221.894118791244      -0.52125230535260447      -0.85340262137199652        1.0000000000000000     
   15230.162393706394      -0.59399176740716553      -0.80447111834578111        1.0000000000000000     
   15238.430668621544      -0.64552776016759827      -0.76373680731846605        1.0000000000000000     
   15246.698943536694      -0.68301898541347561      -0.73040061990988636       0.99999999999999989     
   15254.967218451844      -0.71354348380463006      -0.70061094533268009        1.0000000000000000     
   15263.235493366994      -0.74382778446984643      -0.66837132422829126        1.0000000000000000     
   15271.503768282144      -0.77969633808704408      -0.62615782385406149        1.0000000000000000     
   15279.772043197294      -0.82491019983185376      -0.56526379878192368        1.0000000000000000     
   15288.040318112444      -0.87936095866843345      -0.47615575641772273        1.0000000000000000     
   15296.308593027594      -0.93692758365373374      -0.34952353710269041        1.0000000000000000     
   15304.576867942744      -0.98388205185183297      -0.17881864568278968        1.0000000000000000     
   15312.845142857894      -0.99937001184039964        3.5490554153458358E-002   1.0000000000000000     
   15321.113417773044      -0.95965288520754999       0.28118737509501540        1.0000000000000000     
   15329.381692688194      -0.84647319325607961       0.53243134120640923        1.0000000000000000     
   15337.649967603344      -0.65667344024942920       0.75417504126759549        1.0000000000000000     
   15345.918242518494      -0.40727384777802095       0.91330608938957891        1.0000000000000000     
   15354.186517433644      -0.13127540346781078       0.99134593782612712        1.0000000000000000     
   15362.454792348793       0.13452834305686104       0.99090974609919724        1.0000000000000000     
   15370.723067263943       0.36240925586792261       0.93201906164051096        1.0000000000000000     
   15378.991342179093       0.54005420741379739       0.84163023534961900        1.0000000000000000     
   15387.259617094243       0.66892087111841991       0.74333361835865752        1.0000000000000000     
   15395.527892009393       0.75839636102923502       0.65179364800342610        1.0000000000000000     
   15403.796166924543       0.82012356104000406       0.57218645966770543        1.0000000000000000     
   15412.064441839693       0.86461644218617983       0.50243249088938535        1.0000000000000000     
   15420.332716754843       0.89991662023208774       0.43606201007432011        1.0000000000000000     
   15428.600991669993       0.93116928041597968       0.36458712430581874       0.99999999999999989     
   15436.869266585143       0.96023895935750914       0.27917940635370653        1.0000000000000000     
   15445.137541500293       0.98510829585469417       0.17193500352825303        1.0000000000000000     
   15453.405816415443       0.99931006076018492        3.7140307799957528E-002   1.0000000000000000     
   15461.674091330593       0.99189805482254412      -0.12703640753442819        1.0000000000000000     
   15469.942366245743       0.94859815274835890      -0.31648308738762199        1.0000000000000000     
   15478.210641160893       0.85460609939269183      -0.51927681912522194        1.0000000000000000     
   15486.478916076043       0.69895846240437098      -0.71516226678518036        1.0000000000000000     
   15494.747190991193       0.47955378253112874      -0.87751248974592200        1.0000000000000000     
   15503.015465906343       0.20692927008954734      -0.97835590516958970        1.0000000000000000     
   15511.283740821493       -9.5197600389770043E-002 -0.99545839535363290        1.0000000000000000     
   15519.552015736643      -0.39386133908492998      -0.91916986763830866        1.0000000000000000     
   15527.820290651793      -0.65443373651240400      -0.75611935864280944        1.0000000000000000     
   15536.088565566943      -0.84927606803552769      -0.52794901293791030        1.0000000000000000     
   15544.356840482093      -0.96412627372360238      -0.26544402105875614        1.0000000000000000     
   15552.625115397243      -0.99999988076423041       -4.8833546360617375E-004   1.0000000000000000     
   15560.893390312393      -0.97050451420516259       0.24108294818879533        1.0000000000000000     
   15569.161665227542      -0.89631130613099830       0.44342535166783581        1.0000000000000000     
   15577.429940142692      -0.79923912486848347       0.60101316231798174        1.0000000000000000     
   15585.698215057842      -0.69782615190002728       0.71626717202758916        1.0000000000000000     
   15593.966489972992      -0.60506811627440338       0.79617370885262539        1.0000000000000000     
   15602.234764888142      -0.52802842827027463       0.84922669466899325        1.0000000000000000     
   15610.503039803292      -0.46856933543419355       0.88342672468674965        1.0000000000000000     
   15618.771314718442      -0.42450586853406669       0.90542518607565681        1.0000000000000000     
   15627.039589633592      -0.39074009072344534       0.92050104915824715        1.0000000000000000     
   15635.307864548742      -0.36024091262910113       0.93285930604145895        1.0000000000000000     
   15643.576139463892      -0.32481474398444449       0.94577765996576579        1.0000000000000000     
   15651.844414379042      -0.27574139090400629       0.96123185826434399       0.99999999999999989     
   15660.112689294192      -0.20438978059309779       0.97888958396190184       0.99999999999999989     
   15668.380964209342      -0.10313955334377058       0.99466689526496632        1.0000000000000000     
   15676.649239124492        3.2925213144546932E-002  0.99945781818913504       0.99999999999999989     
   15684.917514039642       0.20335602686256862       0.97910485972579575       0.99999999999999989     
   15693.185788954792       0.39920901963105782       0.91685994494536061        1.0000000000000000     
   15701.454063869942       0.60147379613808438       0.79889252879172812        1.0000000000000000     
   15709.722338785092       0.78351620393012045       0.62137135287920531        1.0000000000000000     
   15717.990613700242       0.91858450286625282       0.39522463371348598        1.0000000000000000     
   15726.258888615392       0.98948635654714467       0.14462624314783556        1.0000000000000000     
   15734.527163530542       0.99486841111615698      -0.10117729272526103       0.99999999999999989     
   15742.795438445692       0.94808735582926540      -0.31801000883096731        1.0000000000000000     
   15751.063713360842       0.86994648646383621      -0.49314613522689854        1.0000000000000000     
   15759.331988275992       0.78025475755438356      -0.62546184001404126        1.0000000000000000     
   15767.600263191141       0.69239217300013556      -0.72152136404139156        1.0000000000000000     
   15775.868538106291       0.61192155295816208      -0.79091846167937641        1.0000000000000000     
   15784.136813021441       0.53789284373732693      -0.84301321973986365        1.0000000000000000     
   15792.405087936591       0.46507219276443584      -0.88527275769520852        1.0000000000000000     
   15800.673362851741       0.38600415171854879      -0.92249704327767013        1.0000000000000000     
   15808.941637766891       0.29262745704707616      -0.95622652723199519        1.0000000000000000     
   15817.209912682041       0.17754990211103719      -0.98411179865925857       0.99999999999999989     
   15825.478187597191        3.5473291306620629E-002 -0.99937062474533223        1.0000000000000000     
   15833.746462512341      -0.13504804190267691      -0.99083905170226960        1.0000000000000002     
   15842.014737427491      -0.32946649337310274      -0.94416726788447358        1.0000000000000000     
   15850.283012342641      -0.53533844924964169      -0.84463764109527395        1.0000000000000000     
   15858.551287257791      -0.73176865520228407      -0.68155310524084667       0.99999999999999989     
   15866.819562172941      -0.89135218497838775      -0.45331146283130103        1.0000000000000000     
   15875.087837088091      -0.98521291854974213      -0.17133448316873992        1.0000000000000000     
   15883.356112003241      -0.99026418160113316       0.13920075659937317       0.99999999999999989     
   15891.624386918391      -0.89642940980576769       0.44318654451064182        1.0000000000000000     
   15899.892661833541      -0.71081621555499852       0.70337778448289778        1.0000000000000000     
   15908.160936748691      -0.45678947265662689       0.88957482971927704        1.0000000000000000     
   15916.429211663841      -0.16801358502109126       0.98578467996229302        1.0000000000000000     
   15924.697486578991       0.12018756900930848       0.99275120158861185       0.99999999999999989     
   15932.965761494141       0.37890362431301189       0.92543613690111748       0.99999999999999989     
   15941.234036409291       0.59041096514493707       0.80710277674941988        1.0000000000000000     
   15949.502311324441       0.74890299503763647       0.66267963905921978       0.99999999999999989     
   15957.770586239591       0.85804287186866890       0.51357806615486123        1.0000000000000000     
   15966.038861154741       0.92702236711180053       0.37500604111725200        1.0000000000000000     
   15974.307136069890       0.96680795638484918       0.25550415940049098       0.99999999999999989     
   15982.575410985040       0.98745815573942064       0.15788093825317248        1.0000000000000000     
   15990.843685900190       0.99673992904951780        8.0681558229636977E-002   1.0000000000000002     
   15999.111960815340       0.99980847501955428        1.9570725052314438E-002   1.0000000000000000     
   16007.380235730490       0.99950053186636656       -3.1602006247235942E-002  0.99999999999999989     
   16015.648510645640       0.99679555658180818       -7.9991364401185247E-002   1.0000000000000000     
   16023.916785560790       0.99110656321491175      -0.13307058409853817        1.0000000000000000     
   16032.185060475940       0.98021716796217839      -0.19792499496578617        1.0000000000000000     
   16040.453335391090       0.95990135444111824      -0.28033799197059744        1.0000000000000000     
   16048.721610306240       0.92352759130459106      -0.38353199097225282        1.0000000000000000     
   16056.989885221390       0.86221811077639376      -0.50653719453677482        1.0000000000000000     
   16065.258160136540       0.76626076797397891      -0.64252971562716699        1.0000000000000000     
   16073.526435051690       0.62822398179034911      -0.77803253704679931        1.0000000000000000     
   16081.794709966840       0.44713954870467737      -0.89446421056640235       0.99999999999999989     
   16090.062984881990       0.23181410187433685      -0.97276010515038835        1.0000000000000000     
   16098.331259797140        6.0262512671948112E-004 -0.99999981842146179       0.99999999999999989     
   16106.599534712290      -0.22353713069240502      -0.97469541457924513        1.0000000000000000     
   16114.867809627440      -0.42048145969304146      -0.90730113085701003        1.0000000000000000     
   16123.136084542590      -0.57877037533235676      -0.81549055950246474        1.0000000000000000     
   16131.404359457740      -0.69685289680067297      -0.71721408255869501        1.0000000000000000     
   16139.672634372890      -0.78041220421608659      -0.62526537686856543        1.0000000000000000     
   16147.940909288040      -0.83828556843463520      -0.54523142403407066        1.0000000000000000     
   16156.209184203190      -0.87935826757036084      -0.47616072628436462        1.0000000000000000     
   16164.477459118340      -0.91093210976007488      -0.41255628877531242        1.0000000000000000     
   16172.745734033489      -0.93807251851945717      -0.34643895565966976       0.99999999999999989     
   16181.014008948639      -0.96312819964864493      -0.26904287955929990        1.0000000000000000     
   16189.282283863789      -0.98508670884184923      -0.17205864134978421        1.0000000000000000     
   16197.550558778939      -0.99880454861203893       -4.8882242909886804E-002   1.0000000000000000     
   16205.818833694089      -0.99459491807521383       0.10383134853674360        1.0000000000000000     
   16214.087108609239      -0.95878853625879878       0.28412064820901378        1.0000000000000000     
   16222.355383524389      -0.87587248225634329       0.48254263524181118        1.0000000000000000     
   16230.623658439539      -0.73247448564879103       0.68079448284599009        1.0000000000000000     
   16238.891933354689      -0.52261703973605789       0.85256755144535012        1.0000000000000000     
   16247.160208269839      -0.25268951762117953       0.96754741882988637        1.0000000000000000     
   16255.428483184989        5.6153592199319452E-002  0.99842214222397563        1.0000000000000000     
   16263.696758100139       0.37013463204182123       0.92897812361931620       0.99999999999999989     
   16271.965033015289       0.64974421325236098       0.76015291707989285        1.0000000000000000     
   16280.233307930439       0.85944215938977275       0.51123299449805115       0.99999999999999989     
   16288.501582845589       0.97655403749881320       0.21527241310666501        1.0000000000000002     
   16296.769857760739       0.99598101111270776       -8.9564644268306778E-002   1.0000000000000000     
   16305.038132675889       0.92931058744595874      -0.36929910920667958        1.0000000000000000     
   16313.306407591039       0.79942612331896667      -0.60076440753027993        1.0000000000000000     
   16321.574682506189       0.63328018303800648      -0.77392261226258863        1.0000000000000000     
   16329.842957421339       0.45556723704475255      -0.89020137751601480        1.0000000000000000     
   16338.111232336489       0.28487222614243307      -0.95856549842598371        1.0000000000000000     
   16346.379507251639       0.13247850273124728      -0.99118587879069731        1.0000000000000000     
   16354.647782166789        3.0988045655723807E-003 -0.99999519869360587       0.99999999999999989     
   16362.916057081939      -0.10355848083557624      -0.99462336642923665        1.0000000000000000     
   16371.184331997089      -0.19112083185895334      -0.98156651717015164       0.99999999999999989     
   16379.452606912238      -0.26521441939429669      -0.96418945842886405        1.0000000000000000     
   16387.720881827390      -0.33250617772814500      -0.94310107717710689        1.0000000000000000     
   16395.989156742540      -0.39993238055400177      -0.91654464756737797        1.0000000000000000     
   16404.257431657690      -0.47384048064082046      -0.88061069656578450        1.0000000000000000     
   16412.525706572840      -0.55882512504909643      -0.82928552357668806        1.0000000000000000     
   16420.793981487990      -0.65609756360492100      -0.75467608086627913        1.0000000000000000     
   16429.062256403140      -0.76163102497629631      -0.64801094264954839        1.0000000000000000     
   16437.330531318290      -0.86477707734595188      -0.50215595834062710        1.0000000000000000     
   16445.598806233440      -0.94890153423352752      -0.31557230285507876        1.0000000000000000     
   16453.867081148590      -0.99536081813561161       -9.6212482144501413E-002   1.0000000000000002     
   16462.135356063740      -0.99048449370277036       0.13762437187637475        1.0000000000000000     
   16470.403630978890      -0.93230239525415537       0.36167975310122719        1.0000000000000000     
   16478.671905894040      -0.83248889720208852       0.55404172770221061        1.0000000000000000     
   16486.940180809190      -0.71176263369972037       0.70242006895364095        1.0000000000000000     
   16495.208455724340      -0.59171125662977087       0.80614997908430008        1.0000000000000000     
   16503.476730639490      -0.48795400309795323       0.87286934352208900       0.99999999999999989     
   16511.745005554640      -0.40743051707035338       0.91323620918127446        1.0000000000000000     
   16520.013280469790      -0.34924431690384450       0.93703170016300252        1.0000000000000000     
   16528.281555384940      -0.30712983904862773       0.95166762158117157       0.99999999999999989     
   16536.549830300090      -0.27196953418042374       0.96230586222764081       0.99999999999999989     
   16544.818105215239      -0.23375058322607745       0.97229659304219962        1.0000000000000000     
   16553.086380130389      -0.18285910586479093       0.98313912921942492       0.99999999999999989     
   16561.354655045539      -0.11090940999117724       0.99383052014687545        1.0000000000000000     
   16569.622929960689       -1.1463241856192989E-002  0.99993429488449215        1.0000000000000000     
   16577.891204875839       0.11891051128997945       0.99290497546580747        1.0000000000000000     
   16586.159479790989       0.27904179672355139       0.96027895722091727        1.0000000000000000     
   16594.427754706139       0.46123268195217226       0.88727921935499332        1.0000000000000000     
   16602.696029621289       0.64980111795557227       0.76010427383595758        1.0000000000000000     
   16610.964304536439       0.82123855051000683       0.57058500081602470        1.0000000000000000     
   16619.232579451589       0.94708131809092133       0.32099373346400872        1.0000000000000000     
   16627.500854366739       0.99963262537802799        2.7103768738517782E-002  0.99999999999999989     
   16635.769129281889       0.95929858501829512      -0.28239374069178108        1.0000000000000002     
   16644.037404197039       0.82100749034619780      -0.57091742029424708        1.0000000000000000     
   16652.305679112189       0.59700936275178140      -0.80223426802070219        1.0000000000000000     
   16660.573954027339       0.31455587620341052      -0.94923895871687902        1.0000000000000000     
   16668.842228942489        9.1839501303332457E-003 -0.99995782664070565        1.0000000000000000     
   16677.110503857639      -0.28388281247854635      -0.95885898273900028       0.99999999999999989     
   16685.378778772789      -0.53708552545126909      -0.84352779346666118        1.0000000000000000     
   16693.647053687939      -0.73453537820461989      -0.67857039293340526        1.0000000000000000     
   16701.915328603089      -0.87214724864809079      -0.48924347382010663        1.0000000000000000     
   16710.183603518239      -0.95496584146511498      -0.29671575899305530        1.0000000000000000     
   16718.451878433389      -0.99328154986108064      -0.11572278386545015        1.0000000000000000     
   16726.720153348539      -0.99895663454902062        4.5668832812919932E-002   1.0000000000000000     
   16734.988428263689      -0.98275338108743793       0.18492104250519761        1.0000000000000000     
   16743.256703178839      -0.95285427484109964       0.30342829617068046        1.0000000000000000     
   16751.524978093988      -0.91432446894049835       0.40498242615782187        1.0000000000000000     
   16759.793253009138      -0.86916327504518875       0.49452522818630967        1.0000000000000000     
   16768.061527924288      -0.81661824266776228       0.57717817503974944       0.99999999999999989     
   16776.329802839438      -0.75353821661573583       0.65740410410916694        1.0000000000000000     
   16784.598077754588      -0.67478082964051567       0.73801817860379115        1.0000000000000000     
   16792.866352669738      -0.57378795180451303       0.81900389886982949        1.0000000000000000     
   16801.134627584888      -0.44375648268630835       0.89614741202208248       0.99999999999999989     
   16809.402902500038      -0.27979777597823208       0.96005895889660597       0.99999999999999989     
   16817.671177415188       -8.2110002832926257E-002  0.99662327257333139        1.0000000000000000     
   16825.939452330338       0.14077557255632622       0.99004153355878888       0.99999999999999989     
   16834.207727245488       0.37093523750725693       0.92865873687562694        1.0000000000000000     
   16842.476002160638       0.58445032567522115       0.81142948973902096        1.0000000000000000     
   16850.744277075788       0.75913678546476082       0.65093113380313106        1.0000000000000000     
   16859.012551990938       0.88261725475429997       0.47009231179629307        1.0000000000000000     
   16867.280826906088       0.95580077614117742       0.29401509540825077        1.0000000000000000     
   16875.549101821238       0.98987249089819929       0.14195933136991845       0.99999999999999989     
   16883.817376736388       0.99972498035317958        2.3451303968749303E-002   1.0000000000000000     
   16892.085651651538       0.99813052442704242       -6.1118378635213626E-002   1.0000000000000002     
   16900.353926566688       0.99305359631921764      -0.11766288640632784        1.0000000000000000     
   16908.622201481838       0.98782927670821119      -0.15554202029719311        1.0000000000000000     
   16916.890476396988       0.98265295515005358      -0.18545395583504512        1.0000000000000000     
   16925.158751312138       0.97595448643881311      -0.21797440308428995        1.0000000000000000     
   16933.427026227288       0.96494963873671713      -0.26243512474872538        1.0000000000000000     
   16941.695301142438       0.94537554748204922      -0.32598324224262759        1.0000000000000000     
   16949.963576057587       0.91091572705944956      -0.41259246017802403        1.0000000000000000     
   16958.231850972737       0.85297234766354080      -0.52195610363453715        1.0000000000000000     
   16966.500125887887       0.76140678193598732      -0.64827441135824870        1.0000000000000000     
   16974.768400803037       0.62657771920651106      -0.77935894284595630        1.0000000000000000     
   16983.036675718187       0.44263123848449853      -0.89670373408260040        1.0000000000000000     
   16991.304950633337       0.21120751238128779      -0.97744124463504611       0.99999999999999989     
   16999.573225548487       -5.5726565471204373E-002 -0.99844606759743593        1.0000000000000000     
   17007.841500463637      -0.33552384701602594      -0.94203171288633725        1.0000000000000000     
   17016.109775378787      -0.59792918723643684      -0.80154892991680426        1.0000000000000000     
   17024.378050293937      -0.81125694001294735      -0.58468981287587796        1.0000000000000000     
   17032.646325209087      -0.94980147582399743      -0.31285325077831044        1.0000000000000000     
   17040.914600124237      -0.99986430736750342       -1.6473216216105487E-002  0.99999999999999989     
   17049.182875039387      -0.96227109424706103       0.27209252319121846       0.99999999999999989     
   17057.451149954537      -0.85075486130824540       0.52556271363214890        1.0000000000000000     
   17065.719424869687      -0.68723566303044703       0.72643454175796318        1.0000000000000000     
   17073.987699784837      -0.49602961780466814       0.86830560188251393       0.99999999999999989     
   17082.255974699987      -0.29888361510081601       0.95428957063580411        1.0000000000000000     
   17090.524249615137      -0.11198753654929283       0.99370961133402591        1.0000000000000000     
   17098.792524530287        5.4920199956401024E-002  0.99849074689590833        1.0000000000000000     
   17107.060799445437       0.19794168276787749       0.98021379822109267        1.0000000000000000     
   17115.329074360587       0.31766951956611017       0.94820149564248035        1.0000000000000000     
   17123.597349275737       0.41769386671294084       0.90858782388407122        1.0000000000000000     
   17131.865624190887       0.50335672762929951       0.86407870286816080        1.0000000000000000     
   17140.133899106037       0.58078993473266083       0.81405346981216875        1.0000000000000000     
   17148.402174021187       0.65598145996178958       0.75477700295279204        1.0000000000000000     
   17156.670448936336       0.73356621949264544       0.67961798211882829        1.0000000000000000     
   17164.938723851486       0.81500799758242670       0.57944970780619354        1.0000000000000000     
   17173.206998766636       0.89608811212884021       0.44387621619250023        1.0000000000000002     
   17181.475273681786       0.96446812453431940       0.26419923685970870       0.99999999999999989     
   17189.743548596936       0.99924807423568140        3.8772234089386057E-002   1.0000000000000000     
   17198.011823512086       0.97535565434919391      -0.22063849965283863        1.0000000000000000     
   17206.280098427236       0.87391861082157973      -0.48607228028316973        1.0000000000000000     
   17214.548373342386       0.69449189032338909      -0.71950053111519363        1.0000000000000000     
   17222.816648257536       0.46012258604113504      -0.88785539690583526        1.0000000000000000     
   17231.084923172686       0.20927342635040339      -0.97785716391687916        1.0000000000000000     
   17239.353198087836       -2.0608606649507723E-002 -0.99978762011337485        1.0000000000000000     
   17247.621473002986      -0.20612310375790005      -0.97852606817458365       0.99999999999999989     
   17255.889747918136      -0.34069269255671236      -0.94017471208199244       0.99999999999999989     
   17264.158022833286      -0.42965572503974109      -0.90299277845427661       0.99999999999999989     
   17272.426297748436      -0.48385620926442185      -0.87514751256931766        1.0000000000000000     
   17280.694572663586      -0.51550594354540347      -0.85688600301869988        1.0000000000000000     
   17288.962847578736      -0.53633240066527033      -0.84400684594180153        1.0000000000000000     
   17297.231122493886      -0.55688111781329919      -0.83059221078879031       0.99999999999999978     
   17305.499397409036      -0.58588388769819721      -0.81039500870602987        1.0000000000000000     
   17313.767672324186      -0.62945208566321809      -0.77703929878367461        1.0000000000000000     
   17322.035947239336      -0.69012486371028592      -0.72369031532062056        1.0000000000000000     
   17330.304222154486      -0.76590886377412293      -0.64294915226029503        1.0000000000000000     
   17338.572497069636      -0.84950712787430216      -0.52757714098580311       0.99999999999999989     
   17346.840771984786      -0.92812401707454695      -0.37227114974089248       0.99999999999999989     
   17355.109046899935      -0.98434014096984168      -0.17627957021581445        1.0000000000000000     
   17363.377321815085      -0.99854517389790109        5.3921569758404099E-002  0.99999999999999989     
   17371.645596730235      -0.95295762494179248       0.30310355501923436        1.0000000000000000     
   17379.913871645385      -0.83644296909288041       0.54805397494689034        1.0000000000000000     
   17388.182146560535      -0.64864776514250821       0.76108874434958607        1.0000000000000000     
   17396.450421475685      -0.40175482701229820       0.91574726806707885        1.0000000000000000     
   17404.718696390835      -0.11881498026995363       0.99291641161955346        1.0000000000000000     
   17412.986971305985       0.17105308846508113       0.98526181339101793       0.99999999999999989     
   17421.255246221135       0.43906819114209755       0.89845374033792447        1.0000000000000000     
   17429.523521136285       0.66267197533697142       0.74890977634358358        1.0000000000000000     
   17437.791796051435       0.82905741414244605       0.55916348598190913        1.0000000000000000     
   17446.060070966585       0.93577900498399691       0.35258708687522955        1.0000000000000000     
   17454.328345881735       0.98881653397466540       0.14913705823278625        1.0000000000000002     
   17462.596620796885       0.99931264343937487       -3.7070752112801482E-002   1.0000000000000000     
   17470.864895712035       0.98015647079445034      -0.19822535851844963        1.0000000000000000     
   17479.133170627185       0.94327415979722296      -0.33201484825056099       0.99999999999999989     
   17487.401445542335       0.89794219672926867      -0.44011340735430371       0.99999999999999989     
   17495.669720457485       0.85002398438387217      -0.52674398522637789        1.0000000000000000     
   17503.937995372635       0.80187731159508469      -0.59748872554136068        1.0000000000000000     
   17512.206270287785       0.75258725637562274      -0.65849253719462353        1.0000000000000000     
   17520.474545202935       0.69829898666066426      -0.71580620647539051        1.0000000000000000     
   17528.742820118085       0.63251227418032829      -0.77455033600872525        1.0000000000000000     
   17537.011095033235       0.54634069697272225      -0.83756303812391342        1.0000000000000000     
   17545.279369948385       0.42922988890916142      -0.90319527371827457        1.0000000000000000     
   17553.547644863535       0.27085084078058136      -0.96262132848200088        1.0000000000000000     
   17561.815919778684        6.5288877360254266E-002 -0.99786640513299052       0.99999999999999989     
   17570.084194693834      -0.18248525130581619      -0.98320859081674683        1.0000000000000000     
   17578.352469608984      -0.45060166711401978      -0.89272511872023974        1.0000000000000000     
   17586.620744524134      -0.70066122622177707      -0.71349411074611946        1.0000000000000000     
   17594.889019439284      -0.88927227603201464      -0.45737820136167434        1.0000000000000000     
   17603.157294354434      -0.98694105900202678      -0.16108179926968114       0.99999999999999989     
   17611.425569269584      -0.99169509868780659       0.12861116296255778        1.0000000000000000     
   17619.693844184734      -0.92721578023792817       0.37452756491047495        1.0000000000000000     
   17627.962119099884      -0.82836185793826000       0.56019338831610099        1.0000000000000000     
   17636.230394015034      -0.72574692163367871       0.68796177636496558       0.99999999999999989     
   17644.498668930184      -0.63779284128812941       0.77020795347854920        1.0000000000000000     
   17652.766943845334      -0.57049877342285593       0.82129845337917018        1.0000000000000000     
   17661.035218760484      -0.52108429683625268       0.85350521708462224        1.0000000000000000     
   17669.303493675634      -0.48201609756583752       0.87616236034618666        1.0000000000000000     
   17677.571768590784      -0.44402488329450129       0.89601445469105268        1.0000000000000000     
   17685.840043505934      -0.39786405663026220       0.91744438111621329        1.0000000000000000     
   17694.108318421084      -0.33516950704522586       0.94215784322323626       0.99999999999999989     
   17702.376593336234      -0.24891494664384506       0.96852534780319088        1.0000000000000002     
   17710.644868251384      -0.13400708992881730       0.99098037308960352       0.99999999999999989     
   17718.913143166534        1.1678788517298491E-002  0.99993180062380660       0.99999999999999989     
   17727.181418081684       0.18579695688091807       0.98258815930876664       0.99999999999999989     
   17735.449692996834       0.38000661879912245       0.92498376724613840       0.99999999999999989     
   17743.717967911984       0.57922820332565672       0.81516543625949434        1.0000000000000000     
   17751.986242827134       0.76250460033317602       0.64698279302524220        1.0000000000000000     
   17760.254517742283       0.90595434790254825       0.42337538841608230        1.0000000000000000     
   17768.522792657433       0.98746646018087392       0.15782898978912122        1.0000000000000000     
   17776.791067572583       0.99190533078862042      -0.12697958400119908        1.0000000000000000     
   17785.059342487733       0.91507481832544424      -0.40328411432469685        1.0000000000000000     
   17793.327617402883       0.76500016634804147      -0.64403008119766336        1.0000000000000000     
   17801.595892318033       0.56001796173109331      -0.82848046599696701        1.0000000000000000     
   17809.864167233183       0.32436469183524769      -0.94593210469389655        1.0000000000000000     
   17818.132442148333        8.2866733141688201E-002 -0.99656063766256808        1.0000000000000000     
   17826.400717063483      -0.14366769232119087      -0.98962598701888560       0.99999999999999989     
   17834.668991978633      -0.34112586038296488      -0.94001763141867822        1.0000000000000000     
   17842.937266893783      -0.50273335383005169      -0.86444153934594559       0.99999999999999989     
   17851.205541808933      -0.62793795214836046      -0.77826340544299233        1.0000000000000000     
   17859.473816724083      -0.72046972075756366      -0.69348639602483786        1.0000000000000000     
   17867.742091639233      -0.78630239934039980      -0.61784183800672676        1.0000000000000000     
   17876.010366554383      -0.83204855765047159      -0.55470280124745164        1.0000000000000000     
   17884.278641469533      -0.86403590665911501      -0.50343018582893995        1.0000000000000000     
   17892.546916384683      -0.88798785564919014      -0.45986690272246505        1.0000000000000000     
   17900.815191299833      -0.90896656079612925      -0.41686903381572576        1.0000000000000000     
   17909.083466214983      -0.93109240620247347      -0.36478340301072920        1.0000000000000000     
   17917.351741130133      -0.95640298194533857      -0.29205022877249126        1.0000000000000000     
   17925.620016045283      -0.98250402213314869      -0.18624136622186085        1.0000000000000000     
   17933.888290960433      -0.99933332953466991       -3.6508854832091597E-002  0.99999999999999989     
   17942.156565875583      -0.98688798852762838       0.16140662346970661        1.0000000000000000     
   17950.424840790733      -0.91751281835372944       0.39770620834555281        1.0000000000000000     
   17958.693115705883      -0.76621888412979788       0.64257966167852476        1.0000000000000000     
   17966.961390621032      -0.52703227891659321       0.84984526649266112        1.0000000000000000     
   17975.229665536182      -0.22433054054705573       0.97451311359974313        1.0000000000000000     
   17983.497940451332        9.3476705313665295E-002  0.99562146700626242       0.99999999999999989     
   17991.766215366482       0.37652246058578059       0.92640748953925744        1.0000000000000000     
   18000.034490281632       0.59499675970640520       0.80372809826388325        1.0000000000000000     
   18008.302765196782       0.74477498312583212       0.66731568579639766        1.0000000000000000     
   18016.571040111932       0.83865112548298937       0.54466897261191149        1.0000000000000000     
   18024.839315027082       0.89441118640923822       0.44724560324951090        1.0000000000000000     
   18033.107589942232       0.92741032784655153       0.37404556380680665        1.0000000000000000     
   18041.375864857382       0.94842920970859723       0.31698901269843049        1.0000000000000000     
   18049.644139772532       0.96420147810712575       0.26517071787064644        1.0000000000000000     
   18057.912414687682       0.97822994719699885       0.20752390321829639        1.0000000000000000     
   18066.180689602832       0.99094633850398184       0.13425853494490317       0.99999999999999989     
   18074.448964517982       0.99928814257650023        3.7725430494669809E-002   1.0000000000000000     
   18082.717239433132       0.99623775695234373       -8.6662169500670586E-002   1.0000000000000000     
   18090.985514348282       0.97097348507015624      -0.23918714700149571        1.0000000000000000     
   18099.253789263432       0.91015509147797968      -0.41426767850836554        1.0000000000000000     
   18107.522064178582       0.80064407854284980      -0.59914026696114397        1.0000000000000000     
   18115.790339093732       0.63346134368753693      -0.77377433793941519        1.0000000000000000     
   18124.058614008882       0.40806743414239949      -0.91295178908441732        1.0000000000000000     
   18132.326888924032       0.13547776478047385      -0.99078038699304427        1.0000000000000000     
   18140.595163839182      -0.16141797967227761      -0.98688613114103507        1.0000000000000002     
   18148.863438754332      -0.45125917263081067      -0.89239293986256762        1.0000000000000000     
   18157.131713669482      -0.70079081032193502      -0.71336683422228542        1.0000000000000000     
   18165.399988584632      -0.88258222829706456      -0.47015806947683914        1.0000000000000000     
   18173.668263499781      -0.98127365200620631      -0.19261884611429583        1.0000000000000000     
   18181.936538414931      -0.99619905231564865        8.7105959413828093E-002  0.99999999999999989     
   18190.204813330081      -0.93983423178608771       0.34163081939873974        1.0000000000000000     
   18198.473088245231      -0.83315282717887418       0.55304282525302584       0.99999999999999978     
   18206.741363160381      -0.69988730440283153       0.71425328920190367        1.0000000000000000     
   18215.009638075531      -0.56162026361471040       0.82739511691654499        1.0000000000000000     
   18223.277912990681      -0.43474644836773485       0.90055289996292853       0.99999999999999989     
   18231.546187905831      -0.32949002552988210       0.94415905602621730        1.0000000000000000     
   18239.814462820981      -0.25030743345229534       0.96816640551019162        1.0000000000000000     
   18248.082737736131      -0.19686677946615105       0.98043024797413603        1.0000000000000000     
   18256.351012651281      -0.16508603654884071       0.98627916967590612        1.0000000000000000     
   18264.619287566431      -0.14786849048530679       0.98900703208905283        1.0000000000000000     
   18272.887562481581      -0.13569061001726820       0.99075125957686350       0.99999999999999989     
   18281.155837396731      -0.11714676521574764       0.99311461342560381        1.0000000000000000     
   18289.424112311881       -7.9732028048080356E-002  0.99681633398702896       0.99999999999999989     
   18297.692387227031       -1.0960336405493981E-002  0.99993993370895951       0.99999999999999989     
   18305.960662142181        9.9591249278156796E-002  0.99502843329586121        1.0000000000000002     
   18314.228937057331       0.25647450356873308       0.96655099659519872       0.99999999999999989     
   18322.497211972481       0.45262678872077355       0.89170005614686387        1.0000000000000000     
   18330.765486887631       0.66407013390695369       0.74767028645840983        1.0000000000000000     
   18339.033761802781       0.85112312387306888       0.52496612081976179        1.0000000000000000     
   18347.302036717931       0.97100569049368801       0.23905637207335870       0.99999999999999989     
   18355.570311633081       0.99749679900400368       -7.0711639613052393E-002  0.99999999999999989     
   18363.838586548231       0.93382114432361896      -0.35774022755922597        1.0000000000000000     
   18372.106861463380       0.80841343808078803      -0.58861508061754575        1.0000000000000000     
   18380.375136378530       0.65826251267503832      -0.75278845926777127        1.0000000000000000     
   18388.643411293680       0.51311587063460784      -0.85831934808839561        1.0000000000000000     
   18396.911686208830       0.38875214727939872      -0.92134237283740328        1.0000000000000000     
   18405.179961123980       0.28822903889128509      -0.95756149731482310       0.99999999999999989     
   18413.448236039130       0.20636902422265815      -0.97847423361138541        1.0000000000000002     
   18421.716510954280       0.13403032840431892      -0.99097723034781704        1.0000000000000000     
   18429.984785869430        6.1074622081767005E-002 -0.99813320280289708        1.0000000000000000     
   18438.253060784580       -2.1812164944056696E-002 -0.99976208642879294        1.0000000000000000     
   18446.521335699730      -0.12190846551768772      -0.99254134726726762        1.0000000000000000     
   18454.789610614880      -0.24340626707883714      -0.96992442445107330        1.0000000000000000     
   18463.057885530030      -0.38620145777142528      -0.92241445891487739        1.0000000000000000     
   18471.326160445180      -0.54457993668307325      -0.83870894389070394        1.0000000000000000     
   18479.594435360330      -0.70617422648950945      -0.70803810761988151       0.99999999999999989     
   18487.862710275480      -0.85195484194525783      -0.52361526647532985        1.0000000000000000     
   18496.130985190630      -0.95807886471412651      -0.28650460552684048        1.0000000000000000     
   18504.399260105780      -0.99996236517789239       -8.6757263577957235E-003  0.99999999999999989     
   18512.667535020930      -0.95812817721127452       0.28633965152210500        1.0000000000000000     
   18520.935809936080      -0.82424768818286598       0.56622941333456078        1.0000000000000000     
   18529.204084851230      -0.60517933670511714       0.79608917240793731        1.0000000000000000     
   18537.472359766380      -0.32314193048554468       0.94635051263370451        1.0000000000000000     
   18545.740634681530       -1.1426601037013980E-002  0.99993471426325675        1.0000000000000000     
   18554.008909596680       0.29315416323797633       0.95606518427157572        1.0000000000000000     
   18562.277184511830       0.55853701827720537       0.82947959541751770        1.0000000000000000     
   18570.545459426980       0.76364313442705178       0.64563857013225878        1.0000000000000000     
   18578.813734342129       0.90094892708345853       0.43392514422094158        1.0000000000000000     
   18587.082009257279       0.97522234171391842       0.22122699704606882        1.0000000000000000     
   18595.350284172429       0.99961523303633748        2.7737806000270770E-002  0.99999999999999989     
   18603.618559087579       0.99091254879446677      -0.13450769733235901       0.99999999999999989     
   18611.886834002729       0.96537611192354222      -0.26086196067534362        1.0000000000000000     
   18620.155108917879       0.93597837353067626      -0.35205750138701747        1.0000000000000000     
   18628.423383833029       0.91111866168492384      -0.41214413052896109        1.0000000000000000     
   18636.691658748179       0.89451069505249781      -0.44704654840038449        1.0000000000000000     
   18644.959933663329       0.88587207349951225      -0.46392959529833272        1.0000000000000000     
   18653.228208578479       0.88200036208988197      -0.47124872548720703        1.0000000000000000     
   18661.496483493629       0.87787416302090615      -0.47889138006477355       0.99999999999999989     
   18669.764758408779       0.86731273642893103      -0.49776361581393197        1.0000000000000000     
   18678.033033323929       0.84270480178233897      -0.53837590682810910        1.0000000000000000     
   18686.301308239079       0.79389823508225732      -0.60805064948018672        1.0000000000000000     
   18694.569583154229       0.70741016092194831      -0.70680327123208986        1.0000000000000000     
   18702.837858069379       0.56838703067964458      -0.82276131615139558        1.0000000000000000     
   18711.106132984529       0.36736161454864436      -0.93007819249577783        1.0000000000000000     
   18719.374407899679       0.11020023719381979      -0.99390940619476276        1.0000000000000000     
   18727.642682814829      -0.17620593972997700      -0.98435332416966814        1.0000000000000000     
   18735.910957729979      -0.45069309109338695      -0.89267896672918645        1.0000000000000000     
   18744.179232645129      -0.67565279005459156      -0.73721998568368041        1.0000000000000000     
   18752.447507560279      -0.83297060438933435      -0.55331724374292468        1.0000000000000000     
   18760.715782475429      -0.92671965968673897      -0.37575347283836880        1.0000000000000000     
   18768.984057390579      -0.97401893060503841      -0.22646660421134379        1.0000000000000000     
   18777.252332305728      -0.99367645255858561      -0.11228137704261072        1.0000000000000000     
   18785.520607220878      -0.99958177979749252       -2.8918255425891860E-002  0.99999999999999989     
   18793.788882136028      -0.99942638838092024        3.3865826549339492E-002   1.0000000000000000     
   18802.057157051178      -0.99608777388973491        8.8369376524859114E-002   1.0000000000000000     
   18810.325431966328      -0.98920373279078522       0.14654683562867121        1.0000000000000000     
   18818.593706881478      -0.97583967318086573       0.21848783088826962       0.99999999999999989     
   18826.861981796628      -0.95033653131320261       0.31122415917083029        1.0000000000000000     
   18835.130256711778      -0.90400618753743256       0.42751937136700163       0.99999999999999989     
   18843.398531626928      -0.82550781241345905       0.56439069060744207        1.0000000000000000     
   18851.666806542078      -0.70261445709307557       0.71157074467954529        1.0000000000000000     
   18859.935081457228      -0.52562918435936323       0.85071379473340536        1.0000000000000000     
   18868.203356372378      -0.29211305682437733       0.95638379431728038        1.0000000000000000     
   18876.471631287528       -1.1481639890720293E-002  0.99993408380023718        1.0000000000000000     
   18884.739906202678       0.29252242328320727       0.95625866368703827        1.0000000000000000     
   18893.008181117828       0.58369503733641337       0.81197296961711918        1.0000000000000002     
   18901.276456032978       0.82023129610093148       0.57203201037755402        1.0000000000000000     
   18909.544730948128       0.96519845390207037       0.26151853583456158        1.0000000000000000     
   18917.813005863278       0.99686943840453734       -7.9065307025410536E-002   1.0000000000000002     
   18926.081280778428       0.91481848496057694      -0.40386524927806638        1.0000000000000000     
   18934.349555693578       0.73926940062375968      -0.67340979596482498        1.0000000000000000     
   18942.617830608728       0.50418304169451178      -0.86359681592029403        1.0000000000000000     
   18950.886105523878       0.24730017424807615      -0.96893891645287489        1.0000000000000000     
   18959.154380439028        1.0891582099630539E-003 -0.99999940686702093        1.0000000000000000     
   18967.422655354178      -0.21262581841075237      -0.97713369676066220        1.0000000000000000     
   18975.690930269328      -0.38361996736486104      -0.92349105065451664        1.0000000000000000     
   18983.959205184477      -0.51103321955768877      -0.85956096264808535        1.0000000000000000     
   18992.227480099627      -0.59981196065488906      -0.80014099498484503        1.0000000000000000     
   19000.495755014777      -0.65749165742291871      -0.75346182412864382        1.0000000000000000     
   19008.764029929927      -0.69219560108905653      -0.72170994854786341        1.0000000000000000     
   19017.032304845077      -0.71197718301142421      -0.70220259959011611        1.0000000000000000     
   19025.300579760227      -0.72498616726948539      -0.68876342619792308        1.0000000000000000     
   19033.568854675377      -0.73969505926359436      -0.67294221096690576       0.99999999999999978     
   19041.837129590527      -0.76432999049583195      -0.64482529853336346       0.99999999999999978     
   19050.105404505677      -0.80495144682236019      -0.59334068481656388        1.0000000000000000     
   19058.373679420827      -0.86221894308628677      -0.50653577779182257        1.0000000000000000     
   19066.641954335977      -0.92773331123830705      -0.37324375844588009        1.0000000000000000     
   19074.910229251127      -0.98223657405742215      -0.18764677610856578       0.99999999999999989     
   19083.178504166277      -0.99903529018904214        4.3914564291319742E-002   1.0000000000000000     
   19091.446779081427      -0.95436304995078836       0.29864890572146596        1.0000000000000000     
   19099.715053996577      -0.84052587107013665       0.54177140941709734        1.0000000000000000     
   19107.983328911727      -0.67231567496571465       0.74026456972855015        1.0000000000000000     
   19116.251603826877      -0.48056684842137937       0.87695809717360096       0.99999999999999989     
   19124.519878742027      -0.29762570745430000       0.95468263745724813        1.0000000000000000     
   19132.788153657177      -0.14544192693140401       0.98936679037174080        1.0000000000000000     
   19141.056428572327       -3.2117319107782996E-002  0.99948410583326874       0.99999999999999989     
   19149.324703487477        4.5180307795486860E-002  0.99897884851857854        1.0000000000000000     
   19157.592978402627        9.5534144559717496E-002  0.99542615357606667        1.0000000000000002     
   19165.861253317777       0.13063550702814813       0.99143046367533949        1.0000000000000000     
   19174.129528232927       0.16249422745684974       0.98670949425005616        1.0000000000000000     
   19182.397803148076       0.20205575554678973       0.97937402030604015       0.99999999999999989     
   19190.666078063226       0.25825629285194768       0.96607643962699408        1.0000000000000000     
   19198.934352978376       0.33715540022780449       0.94144900876108473        1.0000000000000000     
   19207.202627893526       0.44097858940331419       0.89751762305141580        1.0000000000000000     
   19215.470902808676       0.56683921213697308       0.82382844548117884        1.0000000000000000     
   19223.739177723826       0.70539944919607733       0.70881000068697586        1.0000000000000000     
   19232.007452638976       0.83992907693094598       0.54269618178676093        1.0000000000000000     
   19240.275727554126       0.94683574201136855       0.32171738785738807       0.99999999999999989     
   19248.544002469276       0.99862057023532858        5.2506730072126771E-002  0.99999999999999989     
   19256.812277384426       0.96953737125336448      -0.24494343376199282        1.0000000000000000     
   19265.080552299576       0.84308082632653636      -0.53778687254391455        1.0000000000000000     
   19273.348827214726       0.61895191840560326      -0.78542887819459717        1.0000000000000000     
   19281.617102129876       0.31655341469962989      -0.94857468638057385       0.99999999999999989     
   19289.885377045026       -2.7269402619737891E-002 -0.99962812069327189       0.99999999999999989     
   19298.153651960176      -0.36619063385487566      -0.93053985388964633       0.99999999999999989     
   19306.421926875326      -0.65569226217254162      -0.75502824935697277        1.0000000000000000     
   19314.690201790476      -0.86356476897114698      -0.50423792974330039        1.0000000000000000     
   19322.958476705626      -0.97600057676223728      -0.21776793648234855        1.0000000000000000     
   19331.226751620776      -0.99779261186232471        6.6407105892066734E-002  0.99999999999999989     
   19339.495026535926      -0.94754681073480740       0.31961702311719103        1.0000000000000000     
   19347.763301451076      -0.85053169679536145       0.52592378986541710        1.0000000000000000     
   19356.031576366226      -0.73191717401042022       0.68139360900187518        1.0000000000000000     
   19364.299851281376      -0.61215355587199927       0.79073891015509479        1.0000000000000000     
   19372.568126196526      -0.50490850534502474       0.86317286868289200        1.0000000000000000     
   19380.836401111676      -0.41697292224705096       0.90891890843614576       0.99999999999999989     
   19389.104676026825      -0.34922147241428325       0.93704021429434925        1.0000000000000000     
   19397.372950941975      -0.29785882097706573       0.95460993225827706        1.0000000000000000     
   19405.641225857125      -0.25557145535493375       0.96679016917207072        1.0000000000000000     
   19413.909500772275      -0.21251567714134723       0.97715765717163305        1.0000000000000000     
   19422.177775687425      -0.15726247613177069       0.98755684069369098       0.99999999999999989     
   19430.446050602575       -7.8066953131027739E-002  0.99694811842384146       0.99999999999999989     
   19438.714325517725        3.5224290173580447E-002  0.99937943213864844        1.0000000000000000     
   19446.982600432875       0.18784888624316903       0.98219794132201321        1.0000000000000000     
   19455.250875348025       0.37538832391036059       0.92686763147267703        1.0000000000000000     
   19463.519150263175       0.57972950775791710       0.81480899469431678        1.0000000000000000     
   19471.787425178325       0.77016241206767022       0.63784783376453358        1.0000000000000000     
   19480.055700093475       0.91331111459953085       0.40726257862583271        1.0000000000000000     
   19488.323975008625       0.98820750660969059       0.15312061873000124        1.0000000000000000     
   19496.592249923775       0.99612011818855406       -8.8004034793985636E-002  0.99999999999999989     
   19504.860524838925       0.95754481314224205      -0.28828446164229671        1.0000000000000002     
   19513.128799754075       0.89982797406845261      -0.43624490493742635        1.0000000000000000     
   19521.397074669225       0.84519253217754209      -0.53446195706646382        1.0000000000000000     
   19529.665349584375       0.80530249009881971      -0.59286414922867481        1.0000000000000000     
   19537.933624499525       0.78193368486820980      -0.62336162255020411        1.0000000000000000     
   19546.201899414675       0.77045652623208638      -0.63749254206334560        1.0000000000000000     
   19554.470174329825       0.76340674883383297      -0.64591805659460944        1.0000000000000000     
   19562.738449244975       0.75283435454478975      -0.65821002318190946        1.0000000000000000     
   19571.006724160125       0.73119290320737274      -0.68217075450298625       0.99999999999999978     
   19579.274999075275       0.69109607009790031      -0.72276290849436797        1.0000000000000000     
   19587.543273990424       0.62480101000167609      -0.78078402769324473        1.0000000000000000     
   19595.811548905574       0.52420226763357103      -0.85159378967194332        1.0000000000000000     
   19604.079823820724       0.38204385458341134      -0.92414419501236345        1.0000000000000000     
   19612.348098735874       0.19456690191535816      -0.98088924995590576        1.0000000000000000     
   19620.616373651024       -3.4903708987982951E-002 -0.99939067991395747        1.0000000000000000     
   19628.884648566174      -0.29256578600042149      -0.95624539782524209       0.99999999999999989     
   19637.152923481324      -0.55291299781614756      -0.83323899143400681        1.0000000000000000     
   19645.421198396474      -0.78120244488249002      -0.62427777480030489        1.0000000000000000     
   19653.689473311624      -0.94024578842794793      -0.34049648653621467        1.0000000000000000     
   19661.957748226774      -0.99994144419112496       -1.0821653707601263E-002  0.99999999999999989     
   19670.226023141924      -0.94627514188215489       0.32336257646163630        1.0000000000000000     
   19678.494298057074      -0.78603113807898861       0.61818690536944410        1.0000000000000000     
   19686.762572972224      -0.54507314997666301       0.83838849060236875        1.0000000000000000     
   19695.030847887374      -0.26080655537458558       0.96539108172472943        1.0000000000000000     
   19703.299122802524        2.7956580172090663E-002  0.99960913842615573       0.99999999999999989     
   19711.567397717674       0.28993000137829222       0.95704785371515433        1.0000000000000000     
   19719.835672632824       0.50626143689943881       0.86238005398346007        1.0000000000000000     
   19728.103947547974       0.67084398432736514       0.74159850909490499        1.0000000000000000     
   19736.372222463124       0.78734792179522661       0.61650892130182322       0.99999999999999989     
   19744.640497378274       0.86489531876009362       0.50195227620449734        1.0000000000000000     
   19752.908772293424       0.91416319799883228       0.40534633022212968        1.0000000000000000     
   19761.177047208574       0.94483796993649238       0.32753810551795021        1.0000000000000000     
   19769.445322123724       0.96448047244247426       0.26415415627459227        1.0000000000000000     
   19777.713597038874       0.97836861765511374       0.20686915668514194       0.99999999999999989     
   19785.981871954024       0.98948904369737622       0.14460785733441961        1.0000000000000000     
   19794.250146869173       0.99789518801120725        6.4847465209345215E-002  0.99999999999999989     
   19802.518421784323       0.99900965904898453       -4.4493832458348336E-002  0.99999999999999989     
   19810.786696699473       0.98143651721150893      -0.19178728498976019       0.99999999999999989     
   19819.054971614623       0.92637427171128739      -0.37660418042207378        1.0000000000000000     
   19827.323246529773       0.81185287967050057      -0.58386205714253758        1.0000000000000000     
   19835.591521444923       0.62349473265515110      -0.78182755026366380        1.0000000000000000     
   19843.859796360073       0.36744650506952209      -0.93004465802035208        1.0000000000000000     
   19852.128071275223        7.4868982046568971E-002 -0.99719337920350759       0.99999999999999989     
   19860.396346190373      -0.20942367239395401      -0.97782499734923423        1.0000000000000000     
   19868.664621105523      -0.44750747546803094      -0.89428019065627840        1.0000000000000000     
   19876.932896020673      -0.62231008800601895      -0.78277081854521180        1.0000000000000000     
   19885.201170935823      -0.73698557685303290      -0.67590846977279573        1.0000000000000000     
   19893.469445850973      -0.80524271753614252      -0.59294533125323468        1.0000000000000000     
   19901.737720766123      -0.84214371225034057      -0.53925315754032965        1.0000000000000000     
   19910.005995681273      -0.85987910169346904      -0.51049772817401728        1.0000000000000000     
   19918.274270596423      -0.86753632036224371      -0.49737383611559066        1.0000000000000000     
   19926.542545511573      -0.87222442137250267      -0.48910587684202167        1.0000000000000000     
   19934.810820426723      -0.87971519247373564      -0.47550097805461794        1.0000000000000000     
   19943.079095341873      -0.89419047783115502      -0.44768670893392704        1.0000000000000000     
   19951.347370257023      -0.91732948339212206      -0.39812889734298662        1.0000000000000000     
   19959.615645172173      -0.94725210256787895      -0.32048939792250930        1.0000000000000000     
   19967.883920087323      -0.97772545452081516      -0.20988791194841452        1.0000000000000000     
   19976.152195002473      -0.99795380541047984       -6.3939051187377957E-002   1.0000000000000000     
   19984.420469917623      -0.99331221659917701       0.11545925841971121        1.0000000000000000     
   19992.688744832772      -0.94737464694172624       0.32012697220327985       0.99999999999999989     
   20000.957019747922      -0.84530854514800857       0.53427845127775564       0.99999999999999989     
   20009.225294663072      -0.67821521597608370       0.73486333478988741        1.0000000000000000     
   20017.493569578222      -0.44727508283285644       0.89439644469153690        1.0000000000000000     
   20025.761844493372      -0.16621140071100893       0.98609014307703347       0.99999999999999989     
   20034.030119408522       0.13940585293888291       0.99023532969006034        1.0000000000000000     
   20042.298394323672       0.43643061150498946       0.89973791814137793       0.99999999999999989     
   20050.566669238822       0.69111751210968331       0.72274240532524570        1.0000000000000000     
   20058.834944153972       0.87663520375237802       0.48115560844910321        1.0000000000000000     
   20067.103219069122       0.97867532449187522       0.20541326449555977        1.0000000000000000     
   20075.371493984272       0.99735865539305724       -7.2634100204744825E-002   1.0000000000000000     
   20083.639768899422       0.94524935042485336      -0.32634899344320456        1.0000000000000000     
   20091.908043814572       0.84261837527628614      -0.53851116390168907        1.0000000000000000     
   20100.176318729722       0.71192229537575435      -0.70225824690559324        1.0000000000000000     
   20108.444593644872       0.57316555876495368      -0.81943959035773861        1.0000000000000000     
   20116.712868560022       0.44111417000823222      -0.89745099532952122       0.99999999999999989     
   20124.981143475172       0.32436233468578612      -0.94593291296856041        1.0000000000000000     
   20133.249418390322       0.22568391959699896      -0.97420057915982339        1.0000000000000000     
   20141.517693305472       0.14299874476387073      -0.98972286979535706        1.0000000000000000     
   20149.785968220622        7.0432589977850485E-002 -0.99751654135107559        1.0000000000000000     
   20158.054243135772       -6.8224218885339408E-004 -0.99999976727277085        1.0000000000000002     
   20166.322518050922       -8.0716323990836003E-002 -0.99673711430918754        1.0000000000000000     
   20174.590792966072      -0.18029566946282355      -0.98361246005373082       0.99999999999999989     
   20182.859067881222      -0.30779774914770719      -0.95145180940476703        1.0000000000000000     
   20191.127342796372      -0.46539301024642549      -0.88510414416257843        1.0000000000000000     
   20199.395617711521      -0.64375958894534024      -0.76522780375580091        1.0000000000000000     
   20207.663892626671      -0.81797848365641845      -0.57524881597022548        1.0000000000000000     
   20215.932167541821      -0.94971339729326676      -0.31312052472120316       0.99999999999999989     
   20224.200442456971      -0.99999928460245713       -1.1961582562386465E-003   1.0000000000000000     
   20232.468717372121      -0.94871528889863022       0.31613177728597380        1.0000000000000000     
   20240.736992287271      -0.80726956437317721       0.59018289575075000       0.99999999999999989     
   20249.005267202421      -0.61325852136421755       0.78988226083016544        1.0000000000000000     
   20257.273542117571      -0.41128880177324167       0.91150508585302537        1.0000000000000000     
   20265.541817032721      -0.23502415068101945       0.97198953111474684       0.99999999999999989     
   20273.810091947871      -0.10040057561608687       0.99494709629002809        1.0000000000000000     
   20282.078366863021       -8.5126345204872486E-003  0.99996376687034050        1.0000000000000002     
   20290.346641778171        4.8302526217569558E-002  0.99883275174625752       0.99999999999999989     
   20298.614916693321        8.1489586123537197E-002  0.99667419318120931       0.99999999999999989     
   20306.883191608471       0.10337934643148930       0.99464200129061420        1.0000000000000000     
   20315.151466523621       0.12557765270402974       0.99208379340726360        1.0000000000000000     
   20323.419741438771       0.15809494407012992       0.98742391537751528       0.99999999999999989     
   20331.688016353921       0.20874569453160893       0.97796995608991799       0.99999999999999989     
   20339.956291269071       0.28264531350014954       0.95922449236682972        1.0000000000000000     
   20348.224566184221       0.38156259126178688       0.92434300394907010        1.0000000000000000     
   20356.492841099371       0.50307118051919986       0.86424498108523529        1.0000000000000000     
   20364.761116014521       0.63954323223415899       0.76875513273309903        1.0000000000000002     
   20373.029390929671       0.77751036879693691       0.62887011887451849       0.99999999999999989     
   20381.297665844821       0.89803542705674078       0.43992314300456753        1.0000000000000000     
   20389.565940759971       0.97878135447383641       0.20490744284764834        1.0000000000000002     
   20397.834215675121       0.99799539843431839       -6.3286528613332185E-002   1.0000000000000000     
   20406.102490590270       0.93973137285276276      -0.34191365412375940        1.0000000000000000     
   20414.370765505420       0.79885261547262543      -0.60152680634577338       0.99999999999999978     
   20422.639040420570       0.58389632925677826      -0.81182823101962898        1.0000000000000000     
   20430.907315335720       0.31633253632040159      -0.94864836818765563        1.0000000000000000     
   20439.175590250870        2.6073658485097597E-002 -0.99966002437488843        1.0000000000000000     
   20447.443865166020      -0.25541340119449918      -0.96683193704503667       0.99999999999999989     
   20455.712140081170      -0.50199725377425508      -0.86486921392954330        1.0000000000000000     
   20463.980414996320      -0.69759260143659130      -0.71649463530505875        1.0000000000000000     
   20472.248689911470      -0.83742863999024741      -0.54654667954721359        1.0000000000000000     
   20480.516964826620      -0.92627922849948696      -0.37683788404351692       0.99999999999999989     
   20488.785239741770      -0.97479578295599434      -0.22309903973618952       0.99999999999999989     
   20497.053514656920      -0.99556202871563626       -9.4107635076048288E-002   1.0000000000000000     
   20505.321789572070      -0.99997087644862259        7.6319233862454112E-003  0.99999999999999989     
   20513.590064487220      -0.99641794951385942        8.4565181289912972E-002   1.0000000000000000     
   20521.858339402370      -0.98975006894125861       0.14281036737847125        1.0000000000000000     
   20530.126614317520      -0.98154087294309000       0.19125248950567086       0.99999999999999989     
   20538.394889232670      -0.97058452484673763       0.24076062827637046        1.0000000000000002     
   20546.663164147820      -0.95294377713711576       0.30314708907665122        1.0000000000000000     
   20554.931439062970      -0.92112105584232151       0.38927625214483191        1.0000000000000000     
   20563.199713978120      -0.86267419054629779       0.50576006264363138        1.0000000000000000     
   20571.467988893270      -0.76000207449368395       0.64992064651409320        1.0000000000000000     
   20579.736263808420      -0.59426722740369364       0.80426765596654870        1.0000000000000000     
   20588.004538723570      -0.35543069143125555       0.93470263912578078        1.0000000000000000     
   20596.272813638720       -5.5053629991048139E-002  0.99848339887291504        1.0000000000000000     
   20604.541088553869       0.26874577732752614       0.96321114360695792       0.99999999999999989     
   20612.809363469019       0.56352749703911686       0.82609730666600534        1.0000000000000000     
   20621.077638384169       0.78672871736442940       0.61729889459978771        1.0000000000000000     
   20629.345913299319       0.92353532688776718       0.38351336350941539        1.0000000000000000     
   20637.614188214469       0.98618126208892631       0.16566990766186990        1.0000000000000000     
   20645.882463129619       0.99990853936659885       -1.3524529631555388E-002   1.0000000000000000     
   20654.150738044769       0.98880755306301271      -0.14919659180268618        1.0000000000000000     
   20662.419012959919       0.96884647613039798      -0.24766207963616502        1.0000000000000000     
