   8.2682749151502009       -1.4082924509239385E-002   0.0000000000000000     
   16.536549830300402       -4.8681918976399181E-002   0.0000000000000000     
   24.804824745450603      -0.11074628980640894        0.0000000000000000     
   33.073099660600803      -0.20484935811593624        0.0000000000000000     
   41.341374575751004      -0.33337898417676753        0.0000000000000000     
   49.609649490901205      -0.49681092915375857        0.0000000000000000     
   57.877924406051406      -0.69401826821816537        0.0000000000000000     
   66.146199321201607      -0.92257146962316394        0.0000000000000000     
   74.414474236351808       -1.1789904246302378        0.0000000000000000     
   82.682749151502009       -1.4590048924316741        0.0000000000000000     
   90.951024066652209       -1.7577583169265625        0.0000000000000000     
   99.219298981802410       -2.0699740109264937        0.0000000000000000     
   107.48757389695261       -2.3901282378463522        0.0000000000000000     
   115.75584881210281       -2.7125757927897811        0.0000000000000000     
   124.02412372725301       -3.0317061710805353        0.0000000000000000     
   132.29239864240321       -3.3420512457429346        0.0000000000000000     
   140.56067355755340       -3.6384388138363630        0.0000000000000000     
   148.82894847270359       -3.9161207403630551        0.0000000000000000     
   157.09722338785377       -4.1709776029509467        0.0000000000000000     
   165.36549830300396       -4.3996693211132802        0.0000000000000000     
   173.63377321815415       -4.5998644598744631        0.0000000000000000     
   181.90204813330433       -4.7704966399954074        0.0000000000000000     
   190.17032304845452       -4.9119843983496203        0.0000000000000000     
   198.43859796360471       -5.0265102423589703        0.0000000000000000     
   206.70687287875489       -5.1182313340977243        0.0000000000000000     
   214.97514779390508       -5.1934165035406528        0.0000000000000000     
   223.24342270905527       -5.2604114114350518        0.0000000000000000     
   231.51169762420545       -5.3294093486703522        0.0000000000000000     
   239.77997253935564       -5.4118169709011026        0.0000000000000000     
   248.04824745450583       -5.5192709530656305        0.0000000000000000     
   256.31652236965601       -5.6622242252073400        0.0000000000000000     
   264.58479728480620       -5.8481938621532841        0.0000000000000000     
   272.85307219995639       -6.0799940955256497        0.0000000000000000     
   281.12134711510657       -6.3543569860886437        0.0000000000000000     
   289.38962203025676       -6.6614801848450842        0.0000000000000000     
   297.65789694540695       -6.9858633962864420        0.0000000000000000     
   305.92617186055713       -7.3084910353238444        0.0000000000000000     
   314.19444677570732       -7.6099452927935918        0.0000000000000000     
   322.46272169085751       -7.8736713071789675        0.0000000000000000     
   330.73099660600769       -8.0885365488125025        0.0000000000000000     
   338.99927152115788       -8.2501344421882425        0.0000000000000000     
   347.26754643630807       -8.3606558099244204        0.0000000000000000     
   355.53582135145825       -8.4277118393270225        0.0000000000000000     
   363.80409626660844       -8.4625187755800102        0.0000000000000000     
   372.07237118175863       -8.4780349733850056        0.0000000000000000     
   380.34064609690881       -8.4873262408908428        0.0000000000000000     
   388.60892101205900       -8.5023579673750262        0.0000000000000000     
   396.87719592720919       -8.5332315272084021        0.0000000000000000     
   405.14547084235937       -8.5878135524323920        0.0000000000000000     
   413.41374575750956       -8.6716251530857509        0.0000000000000000     
   421.68202067265975       -8.7879703104707261        0.0000000000000000     
   429.95029558780993       -8.9381439469163624        0.0000000000000000     
   438.21857050296012       -9.1216786220021664        0.0000000000000000     
   446.48684541811031       -9.3366560674487324        0.0000000000000000     
   454.75512033326049       -9.5799514040750484        0.0000000000000000     
   463.02339524841068       -9.8474728154599998        0.0000000000000000     
   471.29167016356087       -10.134396426018364        0.0000000000000000     
   479.55994507871105       -10.435356696118827        0.0000000000000000     
   487.82821999386124       -10.744611664925698        0.0000000000000000     
   496.09649490901143       -11.056203054188360        0.0000000000000000     
   504.36476982416161       -11.364123453306643        0.0000000000000000     
   512.63304473931180       -11.662453315999054        0.0000000000000000     
   520.90131965446199       -11.945538170602678        0.0000000000000000     
   529.16959456961217       -12.208160405970652        0.0000000000000000     
   537.43786948476236       -12.445775075243210        0.0000000000000000     
   545.70614439991255       -12.654713224165709        0.0000000000000000     
   553.97441931506273       -12.832485506879143        0.0000000000000000     
   562.24269423021292       -12.978075671595382        0.0000000000000000     
   570.51096914536311       -13.092281368809815        0.0000000000000000     
   578.77924406051329       -13.178026871761642        0.0000000000000000     
   587.04751897566348       -13.240651357073444        0.0000000000000000     
   595.31579389081367       -13.288038400475935        0.0000000000000000     
   603.58406880596385       -13.330562840788277        0.0000000000000000     
   611.85234372111404       -13.380633771996166        0.0000000000000000     
   620.12061863626423       -13.451844144485364        0.0000000000000000     
   628.38889355141441       -13.557493718225729        0.0000000000000000     
   636.65716846656460       -13.708694233610505        0.0000000000000000     
   644.92544338171479       -13.912124750266814        0.0000000000000000     
   653.19371829686497       -14.168019722974119        0.0000000000000000     
   661.46199321201516       -14.469015968373325        0.0000000000000000     
   669.73026812716535       -14.800403557915866        0.0000000000000000     
   677.99854304231553       -15.142141132172382        0.0000000000000000     
   686.26681795746572       -15.472274246141557        0.0000000000000000     
   694.53509287261591       -15.770901257923709        0.0000000000000000     
   702.80336778776609       -16.023539624734088        0.0000000000000000     
   711.07164270291628       -16.223090536797443        0.0000000000000000     
   719.33991761806647       -16.370033554386513        0.0000000000000000     
   727.60819253321665       -16.471174621270766        0.0000000000000000     
   735.87646744836684       -16.537617716694154        0.0000000000000000     
   744.14474236351703       -16.582523808158804        0.0000000000000000     
   752.41301727866721       -16.619208241886760        0.0000000000000000     
   760.68129219381740       -16.659747479352450        0.0000000000000000     
   768.94956710896759       -16.714130485493108        0.0000000000000000     
   777.21784202411777       -16.789928434578741        0.0000000000000000     
   785.48611693926796       -16.892225307957748        0.0000000000000000     
   793.75439185441815       -17.023849376279049        0.0000000000000000     
   802.02266676956833       -17.185654066407061        0.0000000000000000     
   810.29094168471852       -17.376867995211185        0.0000000000000000     
   818.55921659986871       -17.595397872253489        0.0000000000000000     
   826.82749151501889       -17.838142945797880        0.0000000000000000     
   835.09576643016908       -18.101212353825467        0.0000000000000000     
   843.36404134531927       -18.380138931117603        0.0000000000000000     
   851.63231626046945       -18.670052663528796        0.0000000000000000     
   859.90059117561964       -18.965786010823820        0.0000000000000000     
   868.16886609076982       -19.262023974863940        0.0000000000000000     
   876.43714100592001       -19.553421357310754        0.0000000000000000     
   884.70541592107020       -19.834716518494968        0.0000000000000000     
   892.97369083622038       -20.100870374168693        0.0000000000000000     
   901.24196575137057       -20.347217485607690        0.0000000000000000     
   909.51024066652076       -20.569664519680245        0.0000000000000000     
   917.77851558167094       -20.764895849643626        0.0000000000000000     
   926.04679049682113       -20.930618829708408        0.0000000000000000     
   934.31506541197132       -21.065836894876753        0.0000000000000000     
   942.58334032712150       -21.171117909402920        0.0000000000000000     
   950.85161524227169       -21.248901511839193        0.0000000000000000     
   959.11989015742188       -21.303723481924230        0.0000000000000000     
   967.38816507257206       -21.342332549019169        0.0000000000000000     
   975.65643998772225       -21.373682367220745        0.0000000000000000     
   983.92471490287244       -21.408619414218677        0.0000000000000000     
   992.19298981802262       -21.459224813331378        0.0000000000000000     
   1000.4612647331728       -21.537749813716655        0.0000000000000000     
   1008.7295396483230       -21.655150318678420        0.0000000000000000     
   1016.9978145634732       -21.819317955898192        0.0000000000000000     
   1025.2660894786234       -22.033396694499576        0.0000000000000000     
   1033.5343643937736       -22.294488464424251        0.0000000000000000     
   1041.8026393089237       -22.593350173354686        0.0000000000000000     
   1050.0709142240739       -22.915304847074022        0.0000000000000000     
   1058.3391891392241       -23.242434560238770        0.0000000000000000     
   1066.6074640543743       -23.556489452993326        0.0000000000000000     
   1074.8757389695245       -23.841902961884095        0.0000000000000000     
   1083.1440138846747       -24.088028679664227        0.0000000000000000     
   1091.4122887998249       -24.290220182284610        0.0000000000000000     
   1099.6805637149751       -24.449661837348753        0.0000000000000000     
   1107.9488386301252       -24.572247335997737        0.0000000000000000     
   1116.2171135452754       -24.666993185514642        0.0000000000000000     
   1124.4853884604256       -24.744421335978817        0.0000000000000000     
   1132.7536633755758       -24.815163211894582        0.0000000000000000     
   1141.0219382907260       -24.888946892302979        0.0000000000000000     
   1149.2902132058762       -24.973981914088153        0.0000000000000000     
   1157.5584881210264       -25.076692153116973        0.0000000000000000     
   1165.8267630361765       -25.201635220365027        0.0000000000000000     
   1174.0950379513267       -25.351593088857847        0.0000000000000000     
   1182.3633128664769       -25.527770670567506        0.0000000000000000     
   1190.6315877816271       -25.729999751475258        0.0000000000000000     
   1198.8998626967773       -25.956920665487814        0.0000000000000000     
   1207.1681376119275       -26.206203171539752        0.0000000000000000     
   1215.4364125270777       -26.474681943879077        0.0000000000000000     
   1223.7046874422279       -26.758524173558563        0.0000000000000000     
   1231.9729623573780       -27.053357712351158        0.0000000000000000     
   1240.2412372725282       -27.354379617839591        0.0000000000000000     
   1248.5095121876784       -27.656481630650305        0.0000000000000000     
   1256.7777871028286       -27.954379355645518        0.0000000000000000     
   1265.0460620179788       -28.242731847123007        0.0000000000000000     
   1273.3143369331290       -28.516295837598488        0.0000000000000000     
   1281.5826118482792       -28.770100667735544        0.0000000000000000     
   1289.8508867634293       -28.999646453638697        0.0000000000000000     
   1298.1191616785795       -29.201126769095517        0.0000000000000000     
   1306.3874365937297       -29.371708760402086        0.0000000000000000     
   1314.6557115088799       -29.509810568599391        0.0000000000000000     
   1322.9239864240301       -29.615427151450088        0.0000000000000000     
   1331.1922613391803       -29.690425107968640        0.0000000000000000     
   1339.4605362543305       -29.738850166023656        0.0000000000000000     
   1347.7288111694807       -29.767097910051671        0.0000000000000000     
   1355.9970860846308       -29.783960540165612        0.0000000000000000     
   1364.2653609997810       -29.800347902609499        0.0000000000000000     
   1372.5336359149312       -29.828698276777352        0.0000000000000000     
   1380.8019108300814       -29.881892925673743        0.0000000000000000     
   1389.0701857452316       -29.971738277175909        0.0000000000000000     
   1397.3384606603818       -30.107089079358250        0.0000000000000000     
   1405.6067355755320       -30.291983688868648        0.0000000000000000     
   1413.8750104906821       -30.524200589239051        0.0000000000000000     
   1422.1432854058323       -30.794826250932243        0.0000000000000000     
   1430.4115603209825       -31.089228466293882        0.0000000000000000     
   1438.6798352361327       -31.389391627743347        0.0000000000000000     
   1446.9481101512829       -31.677107831930599        0.0000000000000000     
   1455.2163850664331       -31.937195202753298        0.0000000000000000     
   1463.4846599815833       -32.159851082310460        0.0000000000000000     
   1471.7529348967334       -32.341613267064901        0.0000000000000000     
   1480.0212098118836       -32.485006387140636        0.0000000000000000     
   1488.2894847270338       -32.597128779516659        0.0000000000000000     
   1496.5577596421840       -32.687838747447920        0.0000000000000000     
   1504.8260345573342       -32.768000125404008        0.0000000000000000     
   1513.0943094724844       -32.848052773499418        0.0000000000000000     
   1521.3625843876346       -32.937086830682958        0.0000000000000000     
   1529.6308593027848       -33.042348713757264        0.0000000000000000     
   1537.8991342179349       -33.169094949993358        0.0000000000000000     
   1546.1674091330851       -33.320669759152302        0.0000000000000000     
   1554.4356840482353       -33.498702564881249        0.0000000000000000     
   1562.7039589633855       -33.703336744031944        0.0000000000000000     
   1570.9722338785357       -33.933489193446789        0.0000000000000000     
   1579.2405087936859       -34.187026824793790        0.0000000000000000     
   1587.5087837088361       -34.460959722768678        0.0000000000000000     
   1595.7770586239862       -34.751572351580599        0.0000000000000000     
   1604.0453335391364       -35.054564333734760        0.0000000000000000     
   1612.3136084542866       -35.365131743008639        0.0000000000000000     
   1620.5818833694368       -35.678125875363527        0.0000000000000000     
   1628.8501582845870       -35.988136197199083        0.0000000000000000     
   1637.1184331997372       -36.289666041667012        0.0000000000000000     
   1645.3867081148874       -36.577279193923196        0.0000000000000000     
   1653.6549830300376       -36.845793679589228        0.0000000000000000     
   1661.9232579451877       -37.090507096110514        0.0000000000000000     
   1670.1915328603379       -37.307453009347633        0.0000000000000000     
   1678.4598077754881       -37.493653443752521        0.0000000000000000     
   1686.7280826906383       -37.647453018425807        0.0000000000000000     
   1694.9963576057885       -37.768784247039065        0.0000000000000000     
   1703.2646325209387       -37.859471662471563        0.0000000000000000     
   1711.5329074360889       -37.923451284214394        0.0000000000000000     
   1719.8011823512390       -37.966856327319071        0.0000000000000000     
   1728.0694572663892       -37.997930100134276        0.0000000000000000     
   1736.3377321815394       -38.026685195967666        0.0000000000000000     
   1744.6060070966896       -38.064189822900943        0.0000000000000000     
   1752.8742820118398       -38.121499062608258        0.0000000000000000     
   1761.1425569269900       -38.208299718865788        0.0000000000000000     
   1769.4108318421402       -38.331362527469508        0.0000000000000000     
   1777.6791067572904       -38.493187934997700        0.0000000000000000     
   1785.9473816724405       -38.691184809899646        0.0000000000000000     
   1794.2156565875907       -38.917689929142021        0.0000000000000000     
   1802.4839315027409       -39.161082680299593        0.0000000000000000     
   1810.7522064178911       -39.407721678480648        0.0000000000000000     
   1819.0204813330413       -39.644343291081412        0.0000000000000000     
   1827.2887562481915       -39.860239969559025        0.0000000000000000     
   1835.5570311633417       -40.048724719395892        0.0000000000000000     
   1843.8253060784918       -40.207637676347595        0.0000000000000000     
   1852.0935809936420       -40.338954515691817        0.0000000000000000     
   1860.3618559087922       -40.447811815563348        0.0000000000000000     
   1868.6301308239424       -40.541281388579030        0.0000000000000000     
   1876.8984057390926       -40.627236559263139        0.0000000000000000     
   1885.1666806542428       -40.713421025230886        0.0000000000000000     
   1893.4349555693930       -40.806877845961679        0.0000000000000000     
   1901.7032304845432       -40.913577697696553        0.0000000000000000     
   1909.9715053996933       -41.038275028018681        0.0000000000000000     
   1918.2397803148435       -41.184483892322113        0.0000000000000000     
   1926.5080552299937       -41.354532379066775        0.0000000000000000     
   1934.7763301451439       -41.549598348258385        0.0000000000000000     
   1943.0446050602941       -41.769819368571746        0.0000000000000000     
   1951.3128799754443       -42.014326951454507        0.0000000000000000     
   1959.5811548905945       -42.281355533727108        0.0000000000000000     
   1967.8494298057446       -42.568279898054044        0.0000000000000000     
   1976.1177047208948       -42.871707336754056        0.0000000000000000     
   1984.3859796360450       -43.187576628631305        0.0000000000000000     
   1992.6542545511952       -43.511256687124636        0.0000000000000000     
   2000.9225294663454       -43.837670464564361        0.0000000000000000     
   2009.1908043814956       -44.161444754652727        0.0000000000000000     
   2017.4590792966458       -44.477053588363454        0.0000000000000000     
   2025.7273542117960       -44.779005467328822        0.0000000000000000     
   2033.9956291269461       -45.062066999975009        0.0000000000000000     
   2042.2639040420963       -45.321465491411097        0.0000000000000000     
   2050.5321789572467       -45.553144413179396        0.0000000000000000     
   2058.8004538723972       -45.754053598789554        0.0000000000000000     
   2067.0687287875476       -45.922428217613749        0.0000000000000000     
   2075.3370037026980       -46.058056090326865        0.0000000000000000     
   2083.6052786178484       -46.162592969032815        0.0000000000000000     
   2091.8735535329988       -46.239729821206723        0.0000000000000000     
   2100.1418284481492       -46.295330516756636        0.0000000000000000     
   2108.4101033632996       -46.337312634800725        0.0000000000000000     
   2116.6783782784501       -46.375348813821340        0.0000000000000000     
   2124.9466531936005       -46.420193925537681        0.0000000000000000     
   2133.2149281087509       -46.482683802434302        0.0000000000000000     
   2141.4832030239013       -46.572399411882927        0.0000000000000000     
   2149.7514779390517       -46.696154357553809        0.0000000000000000     
   2158.0197528542021       -46.856626192947175        0.0000000000000000     
   2166.2880277693525       -47.051446803153794        0.0000000000000000     
   2174.5563026845030       -47.273147726359895        0.0000000000000000     
   2182.8245775996534       -47.510139641531950        0.0000000000000000     
   2191.0928525148038       -47.748599976212411        0.0000000000000000     
   2199.3611274299542       -47.974925539003600        0.0000000000000000     
   2207.6294023451046       -48.177981983445484        0.0000000000000000     
   2215.8976772602550       -48.350753719651046        0.0000000000000000     
   2224.1659521754054       -48.490966079686309        0.0000000000000000     
   2232.4342270905559       -48.600782445074728        0.0000000000000000     
   2240.7025020057063       -48.685840948516741        0.0000000000000000     
   2248.9707769208567       -48.753973158704987        0.0000000000000000     
   2257.2390518360071       -48.813985977707134        0.0000000000000000     
   2265.5073267511575       -48.874629053673424        0.0000000000000000     
   2273.7756016663079       -48.943904184321106        0.0000000000000000     
   2282.0438765814583       -49.028641695334684        0.0000000000000000     
   2290.3121514966087       -49.134273944242985        0.0000000000000000     
   2298.5804264117592       -49.264788282615001        0.0000000000000000     
   2306.8487013269096       -49.422743099472605        0.0000000000000000     
   2315.1169762420600       -49.609314837308048        0.0000000000000000     
   2323.3852511572104       -49.824417838627468        0.0000000000000000     
   2331.6535260723608       -50.066762048444495        0.0000000000000000     
   2339.9218009875112       -50.333989298899240        0.0000000000000000     
   2348.1900759026616       -50.622773612796642        0.0000000000000000     
   2356.4583508178121       -50.928928180172079        0.0000000000000000     
   2364.7266257329625       -51.247586249640051        0.0000000000000000     
   2372.9949006481129       -51.573307989387807        0.0000000000000000     
   2381.2631755632633       -51.900287742612086        0.0000000000000000     
   2389.5314504784137       -52.222538514941469        0.0000000000000000     
   2397.7997253935641       -52.534104079127559        0.0000000000000000     
   2406.0680003087145       -52.829291141220040        0.0000000000000000     
   2414.3362752238650       -53.102946463556890        0.0000000000000000     
   2422.6045501390154       -53.350728089716377        0.0000000000000000     
   2430.8728250541658       -53.569400378639322        0.0000000000000000     
   2439.1410999693162       -53.757170508028985        0.0000000000000000     
   2447.4093748844666       -53.913963077538497        0.0000000000000000     
   2455.6776497996170       -54.041671422356103        0.0000000000000000     
   2463.9459247147674       -54.144350573003059        0.0000000000000000     
   2472.2141996299179       -54.228194191019249        0.0000000000000000     
   2480.4824745450683       -54.301357996339227        0.0000000000000000     
   2488.7507494602187       -54.373457719430398        0.0000000000000000     
   2497.0190243753691       -54.454721039049645        0.0000000000000000     
   2505.2872992905195       -54.554860187698509        0.0000000000000000     
   2513.5555742056699       -54.681695654485203        0.0000000000000000     
   2521.8238491208203       -54.839777175396407        0.0000000000000000     
   2530.0921240359708       -55.029358683729562        0.0000000000000000     
   2538.3603989511212       -55.245966519817181        0.0000000000000000     
   2546.6286738662716       -55.480901336506356        0.0000000000000000     
   2554.8969487814220       -55.722591406266794        0.0000000000000000     
   2563.1652236965724       -55.958538034138641        0.0000000000000000     
   2571.4334986117228       -56.177375447796017        0.0000000000000000     
   2579.7017735268732       -56.370529595081386        0.0000000000000000     
   2587.9700484420237       -56.533144170876604        0.0000000000000000     
   2596.2383233571741       -56.664228956531907        0.0000000000000000     
   2604.5065982723245       -56.766141498663259        0.0000000000000000     
   2612.7748731874749       -56.843798471981856        0.0000000000000000     
   2621.0431481026253       -56.903738647997287        0.0000000000000000     
   2629.3114230177757       -56.953328887346345        0.0000000000000000     
   2637.5796979329261       -57.000109781665117        0.0000000000000000     
   2645.8479728480766       -57.051350346534505        0.0000000000000000     
   2654.1162477632270       -57.113691656339761        0.0000000000000000     
   2662.3845226783774       -57.192903464147022        0.0000000000000000     
   2670.6527975935278       -57.293718624102588        0.0000000000000000     
   2678.9210725086782       -57.419707902969016        0.0000000000000000     
   2687.1893474238286       -57.573194094095847        0.0000000000000000     
   2695.4576223389790       -57.755221842095764        0.0000000000000000     
   2703.7258972541294       -57.965557741132642        0.0000000000000000     
   2711.9941721692799       -58.202768614701611        0.0000000000000000     
   2720.2624470844303       -58.464300975770584        0.0000000000000000     
   2728.5307219995807       -58.746583462388323        0.0000000000000000     
   2736.7989969147311       -59.045223786061356        0.0000000000000000     
   2745.0672718298815       -59.355132490652728        0.0000000000000000     
   2753.3355467450319       -59.670753845695117        0.0000000000000000     
   2761.6038216601823       -59.986229545885202        0.0000000000000000     
   2769.8720965753328       -60.295660362929972        0.0000000000000000     
   2778.1403714904832       -60.593300700209937        0.0000000000000000     
   2786.4086464056336       -60.873826789664392        0.0000000000000000     
   2794.6769213207840       -61.132603694487763        0.0000000000000000     
   2802.9451962359344       -61.365941188891178        0.0000000000000000     
   2811.2134711510848       -61.571383902547772        0.0000000000000000     
   2819.4817460662352       -61.748003083409280        0.0000000000000000     
   2827.7500209813857       -61.896627461589638        0.0000000000000000     
   2836.0182958965361       -62.020043700275274        0.0000000000000000     
   2844.2865708116865       -62.123074712631770        0.0000000000000000     
   2852.5548457268369       -62.212538379262455        0.0000000000000000     
   2860.8231206419873       -62.296939871622165        0.0000000000000000     
   2869.0913955571377       -62.385899035998570        0.0000000000000000     
   2877.3596704722881       -62.489293016257449        0.0000000000000000     
   2885.6279453874386       -62.616121978785138        0.0000000000000000     
   2893.8962203025890       -62.773196099393878        0.0000000000000000     
   2902.1644952177394       -62.963873705841060        0.0000000000000000     
   2910.4327701328898       -63.187172561387015        0.0000000000000000     
   2918.7010450480402       -63.437470842069239        0.0000000000000000     
   2926.9693199631906       -63.705063699365937        0.0000000000000000     
   2935.2375948783410       -63.977502355006926        0.0000000000000000     
   2943.5058697934915       -64.241485867476868        0.0000000000000000     
   2951.7741447086419       -64.484866545105859        0.0000000000000000     
   2960.0424196237923       -64.698275927402520        0.0000000000000000     
   2968.3106945389427       -64.876155948898131        0.0000000000000000     
   2976.5789694540931       -65.016997127984084        0.0000000000000000     
   2984.8472443692435       -65.123013872610983        0.0000000000000000     
   2993.1155192843939       -65.199380417993510        0.0000000000000000     
   3001.3837941995444       -65.253338794438463        0.0000000000000000     
   3009.6520691146948       -65.293311445807021        0.0000000000000000     
   3017.9203440298452       -65.328123079042641        0.0000000000000000     
   3026.1886189449956       -65.366346635232887        0.0000000000000000     
   3034.4568938601460       -65.415818233945643        0.0000000000000000     
   3042.7251687752964       -65.483271394063877        0.0000000000000000     
   3050.9934436904468       -65.574107009507841        0.0000000000000000     
   3059.2617186055973       -65.692217328886230        0.0000000000000000     
   3067.5299935207477       -65.839940006496334        0.0000000000000000     
   3075.7982684358981       -66.018053203102724        0.0000000000000000     
   3084.0665433510485       -66.225846911833074        0.0000000000000000     
   3092.3348182661989       -66.461248190775038        0.0000000000000000     
   3100.6030931813493       -66.720962131383033        0.0000000000000000     
   3108.8713680964997       -67.000640992203827        0.0000000000000000     
   3117.1396430116502       -67.295095097382813        0.0000000000000000     
   3125.4079179268006       -67.598502436989023        0.0000000000000000     
   3133.6761928419510       -67.904649437480515        0.0000000000000000     
   3141.9444677571014       -68.207137059458532        0.0000000000000000     
   3150.2127426722518       -68.499677195065289        0.0000000000000000     
   3158.4810175874022       -68.776331398625715        0.0000000000000000     
   3166.7492925025526       -69.031816279472082        0.0000000000000000     
   3175.0175674177030       -69.261800324243680        0.0000000000000000     
   3183.2858423328535       -69.463213266146781        0.0000000000000000     
   3191.5541172480039       -69.634593380498657        0.0000000000000000     
   3199.8223921631543       -69.776351814694962        0.0000000000000000     
   3208.0906670783047       -69.891032728962756        0.0000000000000000     
   3216.3589419934551       -69.983458442613838        0.0000000000000000     
   3224.6272169086055       -70.060700288842668        0.0000000000000000     
   3232.8954918237559       -70.131830492089676        0.0000000000000000     
   3241.1637667389064       -70.207343027561606        0.0000000000000000     
   3249.4320416540568       -70.298276907701990        0.0000000000000000     
   3257.7003165692072       -70.414965984489911        0.0000000000000000     
   3265.9685914843576       -70.565633777659684        0.0000000000000000     
   3274.2368663995080       -70.754999022968491        0.0000000000000000     
   3282.5051413146584       -70.983226763840193        0.0000000000000000     
   3290.7734162298088       -71.245493158315767        0.0000000000000000     
   3299.0416911449593       -71.532482663701572        0.0000000000000000     
   3307.3099660601097       -71.831657895844160        0.0000000000000000     
   3315.5782409752601       -72.129124942891480        0.0000000000000000     
   3323.8465158904105       -72.411640799754991        0.0000000000000000     
   3332.1147908055609       -72.668272821059304        0.0000000000000000     
   3340.3830657207113       -72.891482580049654        0.0000000000000000     
   3348.6513406358617       -73.077563295069893        0.0000000000000000     
   3356.9196155510122       -73.226506647307772        0.0000000000000000     
   3365.1878904661626       -73.341510619863968        0.0000000000000000     
   3373.4561653813130       -73.428286409637920        0.0000000000000000     
   3381.7244402964634       -73.494310987464218        0.0000000000000000     
   3389.9927152116138       -73.548069306927232        0.0000000000000000     
   3398.2609901267642       -73.598353791506668        0.0000000000000000     
   3406.5292650419146       -73.653627195242763        0.0000000000000000     
   3414.7975399570651       -73.721509473214908        0.0000000000000000     
   3423.0658148722155       -73.808378417796945        0.0000000000000000     
   3431.3340897873659       -73.919084482926081        0.0000000000000000     
   3439.6023647025163       -74.056824426685324        0.0000000000000000     
   3447.8706396176667       -74.223090566763403        0.0000000000000000     
   3456.1389145328171       -74.417742993917173        0.0000000000000000     
   3464.4071894479675       -74.639111444911478        0.0000000000000000     
   3472.6754643631180       -74.884175365081717        0.0000000000000000     
   3480.9437392782684       -75.148798272570886        0.0000000000000000     
   3489.2120141934188       -75.427920274763039        0.0000000000000000     
   3497.4802891085692       -75.715829611137892        0.0000000000000000     
   3505.7485640237196       -76.006379619237308        0.0000000000000000     
   3514.0168389388700       -76.293274839605175        0.0000000000000000     
   3522.2851138540204       -76.570319408916475        0.0000000000000000     
   3530.5533887691709       -76.831678233594772        0.0000000000000000     
   3538.8216636843213       -77.072167615723799        0.0000000000000000     
   3547.0899385994717       -77.287541355826207        0.0000000000000000     
   3555.3582135146221       -77.474777470625469        0.0000000000000000     
   3563.6264884297725       -77.632367454537487        0.0000000000000000     
   3571.8947633449229       -77.760588956372786        0.0000000000000000     
   3580.1630382600733       -77.861704152859176        0.0000000000000000     
   3588.4313131752237       -77.940111431433522        0.0000000000000000     
   3596.6995880903742       -78.002316133622713        0.0000000000000000     
   3604.9678630055246       -78.056733455085066        0.0000000000000000     
   3613.2361379206750       -78.113266814600308        0.0000000000000000     
   3621.5044128358254       -78.182553213826267        0.0000000000000000     
   3629.7726877509758       -78.274992103345198        0.0000000000000000     
   3638.0409626661262       -78.399562921008410        0.0000000000000000     
   3646.3092375812766       -78.562568107880992        0.0000000000000000     
   3654.5775124964271       -78.766574198786131        0.0000000000000000     
   3662.8457874115775       -79.009779916419916        0.0000000000000000     
   3671.1140623267279       -79.285946143563066        0.0000000000000000     
   3679.3823372418783       -79.585115900130575        0.0000000000000000     
   3687.6506121570287       -79.894833358580357        0.0000000000000000     
   3695.9188870721791       -80.201807287018141        0.0000000000000000     
   3704.1871619873295       -80.493525046776114        0.0000000000000000     
   3712.4554369024800       -80.759669631280403        0.0000000000000000     
   3720.7237118176304       -80.993058292226777        0.0000000000000000     
   3728.9919867327808       -81.190095414869262        0.0000000000000000     
   3737.2602616479312       -81.350785721681163        0.0000000000000000     
   3745.5285365630816       -81.478360838506092        0.0000000000000000     
   3753.7968114782320       -81.578665078096464        0.0000000000000000     
   3762.0650863933824       -81.659376463072974        0.0000000000000000     
   3770.3333613085329       -81.729199322366100        0.0000000000000000     
   3778.6016362236833       -81.797074174312655        0.0000000000000000     
   3786.8699111388337       -81.871481527407425        0.0000000000000000     
   3795.1381860539841       -81.959887883222450        0.0000000000000000     
   3803.4064609691345       -82.068354354018737        0.0000000000000000     
   3811.6747358842849       -82.201261452449401        0.0000000000000000     
   3819.9430107994353       -82.361246710573610        0.0000000000000000     
   3828.2112857145858       -82.549168130174280        0.0000000000000000     
   3836.4795606297362       -82.764253739876608        0.0000000000000000     
   3844.7478355448866       -83.004210504821515        0.0000000000000000     
   3853.0161104600370       -83.265448577185524        0.0000000000000000     
   3861.2843853751874       -83.543323185330422        0.0000000000000000     
   3869.5526602903378       -83.832348575876452        0.0000000000000000     
   3877.8209352054882       -84.126456276689339        0.0000000000000000     
   3886.0892101206387       -84.419255961045039        0.0000000000000000     
   3894.3574850357891       -84.704299344888256        0.0000000000000000     
   3902.6257599509395       -84.975323545192225        0.0000000000000000     
   3910.8940348660899       -85.226557645629967        0.0000000000000000     
   3919.1623097812403       -85.452993317923756        0.0000000000000000     
   3927.4305846963907       -85.650676251993929        0.0000000000000000     
   3935.6988596115411       -85.817039027280373        0.0000000000000000     
   3943.9671345266916       -85.951151637245729        0.0000000000000000     
   3952.2354094418420       -86.054025273989197        0.0000000000000000     
   3960.5036843569924       -86.128801115054571        0.0000000000000000     
   3968.7719592721428       -86.180840044439336        0.0000000000000000     
   3977.0402341872932       -86.217675277952935        0.0000000000000000     
   3985.3085091024436       -86.248723751495817        0.0000000000000000     
   3993.5767840175940       -86.284726935519828        0.0000000000000000     
   4001.8450589327445       -86.336887078124946        0.0000000000000000     
   4010.1133338478949       -86.415772766625537        0.0000000000000000     
   4018.3816087630453       -86.530027786383386        0.0000000000000000     
   4026.6498836781957       -86.685138588658660        0.0000000000000000     
   4034.9181585933461       -86.882466814409980        0.0000000000000000     
   4043.1864335084965       -87.118813725202529        0.0000000000000000     
   4051.4547084236469       -87.386676396691300        0.0000000000000000     
   4059.7229833387973       -87.675174281591495        0.0000000000000000     
   4067.9912582539478       -87.971496198565148        0.0000000000000000     
   4076.2595331690982       -88.262550731759291        0.0000000000000000     
   4084.5278080842486       -88.536553432657826        0.0000000000000000     
   4092.7960829993990       -88.784278079511466        0.0000000000000000     
   4101.0643579145490       -88.999870898136749        0.0000000000000000     
   4109.3326328296989       -89.181184002733843        0.0000000000000000     
   4117.6009077448489       -89.329658053382900        0.0000000000000000     
   4125.8691826599988       -89.449881020671199        0.0000000000000000     
   4134.1374575751488       -89.548843875953395        0.0000000000000000     
   4142.4057324902988       -89.635076068540684        0.0000000000000000     
   4150.6740074054487       -89.717733727098661        0.0000000000000000     
   4158.9422823205987       -89.805752497458101        0.0000000000000000     
   4167.2105572357486       -89.907143978191357        0.0000000000000000     
   4175.4788321508986       -90.028480499097469        0.0000000000000000     
   4183.7471070660486       -90.174589903309894        0.0000000000000000     
   4192.0153819811985       -90.348389586987054        0.0000000000000000     
   4200.2836568963485       -90.550875538577756        0.0000000000000000     
   4208.5519318114984       -90.781265010227656        0.0000000000000000     
   4216.8202067266484       -91.037136444084524        0.0000000000000000     
   4225.0884816417984       -91.314703086468569        0.0000000000000000     
   4233.3567565569483       -91.609037833022754        0.0000000000000000     
   4241.6250314720983       -91.914367825827611        0.0000000000000000     
   4249.8933063872482       -92.224345070563388        0.0000000000000000     
   4258.1615813023982       -92.532317113952388        0.0000000000000000     
   4266.4298562175481       -92.831606369915207        0.0000000000000000     
   4274.6981311326981       -93.115798942961334        0.0000000000000000     
   4282.9664060478481       -93.379002291318230        0.0000000000000000     
   4291.2346809629980       -93.616162349125759        0.0000000000000000     
   4299.5029558781480       -93.823330375256589        0.0000000000000000     
   4307.7712307932979       -93.997940793505848        0.0000000000000000     
   4316.0395057084479       -94.139083215671832        0.0000000000000000     
   4324.3077806235979       -94.247714573530459        0.0000000000000000     
   4332.5760555387478       -94.326810674172762        0.0000000000000000     
   4340.8443304538978       -94.381419718290175        0.0000000000000000     
   4349.1126053690477       -94.418529472160841        0.0000000000000000     
   4357.3808802841977       -94.446770450438621        0.0000000000000000     
   4365.6491551993477       -94.475904554487343        0.0000000000000000     
   4373.9174301144976       -94.516058058440919        0.0000000000000000     
   4382.1857050296476       -94.576789967530871        0.0000000000000000     
   4390.4539799447975       -94.666089144277336        0.0000000000000000     
   4398.7222548599475       -94.789381298737140        0.0000000000000000     
   4406.9905297750975       -94.948796518945500        0.0000000000000000     
   4415.2588046902474       -95.142805312419028        0.0000000000000000     
   4423.5270796053974       -95.366300333116683        0.0000000000000000     
   4431.7953545205473       -95.611161448099239        0.0000000000000000     
   4440.0636294356973       -95.867259489916393        0.0000000000000000     
   4448.3319043508473       -96.123639953569636        0.0000000000000000     
   4456.6001792659972       -96.369829884697040        0.0000000000000000     
   4464.8684541811472       -96.597012048597961        0.0000000000000000     
   4473.1367290962971       -96.798983440228994        0.0000000000000000     
   4481.4050040114471       -96.972706498528822        0.0000000000000000     
   4489.6732789265970       -97.118489453270044        0.0000000000000000     
   4497.9415538417470       -97.239725753847779        0.0000000000000000     
   4506.2098287568970       -97.342325559509320        0.0000000000000000     
   4514.4781036720469       -97.433906475287600        0.0000000000000000     
   4522.7463785871969       -97.522910645710382        0.0000000000000000     
   4531.0146535023468       -97.617744470581940        0.0000000000000000     
   4539.2829284174968       -97.726074786177165        0.0000000000000000     
   4547.5512033326468       -97.854311959874366        0.0000000000000000     
   4555.8194782477967       -98.007236142068564        0.0000000000000000     
   4564.0877531629467       -98.187836768726285        0.0000000000000000     
   4572.3560280780966       -98.397298451538049        0.0000000000000000     
   4580.6243029932466       -98.635074198820291        0.0000000000000000     
   4588.8925779083966       -98.899046929506596        0.0000000000000000     
   4597.1608528235465       -99.185742189863348        0.0000000000000000     
   4605.4291277386965       -99.490566831708065        0.0000000000000000     
   4613.6974026538464       -99.808059897851862        0.0000000000000000     
   4621.9656775689964       -100.13213628483371        0.0000000000000000     
   4630.2339524841464       -100.45636358784408        0.0000000000000000     
   4638.5022273992963       -100.77418962653508        0.0000000000000000     
   4646.7705023144463       -101.07922900676985        0.0000000000000000     
   4655.0387772295962       -101.36551028192632        0.0000000000000000     
   4663.3070521447462       -101.62774167813718        0.0000000000000000     
   4671.5753270598962       -101.86156941185628        0.0000000000000000     
   4679.8436019750461       -102.06386650769785        0.0000000000000000     
   4688.1118768901961       -102.23297131061413        0.0000000000000000     
   4696.3801518053460       -102.36890685625406        0.0000000000000000     
   4704.6484267204960       -102.47358323566023        0.0000000000000000     
   4712.9167016356459       -102.55086536647886        0.0000000000000000     
   4721.1849765507959       -102.60653483983930        0.0000000000000000     
   4729.4532514659459       -102.64810908699619        0.0000000000000000     
   4737.7215263810958       -102.68441266390326        0.0000000000000000     
   4745.9898012962458       -102.72499044057142        0.0000000000000000     
   4754.2580762113957       -102.77925841802288        0.0000000000000000     
   4762.5263511265457       -102.85558670161095        0.0000000000000000     
   4770.7946260416957       -102.96029373171878        0.0000000000000000     
   4779.0629009568456       -103.09684148823740        0.0000000000000000     
   4787.3311758719956       -103.26529930983001        0.0000000000000000     
   4795.5994507871455       -103.46220551821830        0.0000000000000000     
   4803.8677257022955       -103.68095303786284        0.0000000000000000     
   4812.1360006174455       -103.91254076760752        0.0000000000000000     
   4820.4042755325954       -104.14669969400256        0.0000000000000000     
   4828.6725504477454       -104.37312586753313        0.0000000000000000     
   4836.9408253628953       -104.58271173943962        0.0000000000000000     
   4845.2091002780453       -104.76861152601322        0.0000000000000000     
   4853.4773751931953       -104.92696814121204        0.0000000000000000     
   4861.7456501083452       -105.05726957337734        0.0000000000000000     
   4870.0139250234952       -105.16227813970232        0.0000000000000000     
   4878.2821999386451       -105.24755261382803        0.0000000000000000     
   4886.5504748537951       -105.32068441553947        0.0000000000000000     
   4894.8187497689451       -105.39040432203031        0.0000000000000000     
   4903.0870246840950       -105.46565961432714        0.0000000000000000     
   4911.3552995992450       -105.55477562109439        0.0000000000000000     
   4919.6235745143949       -105.66486676398227        0.0000000000000000     
   4927.8918494295449       -105.80136042533631        0.0000000000000000     
   4936.1601243446949       -105.96780507167796        0.0000000000000000     
   4944.4283992598448       -106.16579588691340        0.0000000000000000     
   4952.6966741749948       -106.39505572665796        0.0000000000000000     
   4960.9649490901447       -106.65358678223399        0.0000000000000000     
   4969.2332240052947       -106.93791109327381        0.0000000000000000     
   4977.5014989204446       -107.24333935331741        0.0000000000000000     
   4985.7697738355946       -107.56422787005673        0.0000000000000000     
   4994.0380487507446       -107.89428586512236        0.0000000000000000     
   5002.3063236658945       -108.22684050282015        0.0000000000000000     
   5010.5745985810445       -108.55512566231268        0.0000000000000000     
   5018.8428734961944       -108.87256175222825        0.0000000000000000     
   5027.1111484113444       -109.17302691158241        0.0000000000000000     
   5035.3794233264944       -109.45114397460090        0.0000000000000000     
   5043.6476982416443       -109.70254782155870        0.0000000000000000     
   5051.9159731567943       -109.92414515254285        0.0000000000000000     
   5060.1842480719442       -110.11435903724737        0.0000000000000000     
   5068.4525229870942       -110.27333893070862        0.0000000000000000     
   5076.7207979022442       -110.40306382324407        0.0000000000000000     
   5084.9890728173941       -110.50740436366192        0.0000000000000000     
   5093.2573477325441       -110.59200282777965        0.0000000000000000     
   5101.5256226476940       -110.66403986503879        0.0000000000000000     
   5109.7938975628440       -110.73175029309407        0.0000000000000000     
   5118.0621724779940       -110.80383659718839        0.0000000000000000     
   5126.3304473931439       -110.88867351094943        0.0000000000000000     
   5134.5987223082939       -110.99347105338930        0.0000000000000000     
   5142.8669972234438       -111.12344376139245        0.0000000000000000     
   5151.1352721385938       -111.28111974484959        0.0000000000000000     
   5159.4035470537438       -111.46589064448384        0.0000000000000000     
   5167.6718219688937       -111.67392844490674        0.0000000000000000     
   5175.9400968840437       -111.89844171510684        0.0000000000000000     
   5184.2083717991936       -112.13035281722387        0.0000000000000000     
   5192.4766467143436       -112.35931810756607        0.0000000000000000     
   5200.7449216294935       -112.57497385093031        0.0000000000000000     
   5209.0131965446435       -112.76826043679191        0.0000000000000000     
   5217.2814714597935       -112.93263041291262        0.0000000000000000     
   5225.5497463749434       -113.06486274987046        0.0000000000000000     
   5233.8180212900934       -113.16545757408082        0.0000000000000000     
   5242.0862962052433       -113.23842380576279        0.0000000000000000     
   5250.3545711203933       -113.29065674540551        0.0000000000000000     
   5258.6228460355433       -113.33097473166328        0.0000000000000000     
   5266.8911209506932       -113.36909903943183        0.0000000000000000     
   5275.1593958658432       -113.41464934636060        0.0000000000000000     
   5283.4276707809931       -113.47634511173005        0.0000000000000000     
   5291.6959456961431       -113.56140081830532        0.0000000000000000     
   5299.9642206112931       -113.67518988774603        0.0000000000000000     
   5308.2324955264430       -113.82108359225626        0.0000000000000000     
   5316.5007704415930       -114.00047483481463        0.0000000000000000     
   5324.7690453567429       -114.21290677226953        0.0000000000000000     
   5333.0373202718929       -114.45625483343782        0.0000000000000000     
   5341.3055951870429       -114.72699798735235        0.0000000000000000     
   5349.5738701021928       -115.02048735084304        0.0000000000000000     
   5357.8421450173428       -115.33119841341828        0.0000000000000000     
   5366.1104199324927       -115.65302213805727        0.0000000000000000     
   5374.3786948476427       -115.97952818879131        0.0000000000000000     
   5382.6469697627927       -116.30420055969113        0.0000000000000000     
   5390.9152446779426       -116.62072919149075        0.0000000000000000     
   5399.1835195930926       -116.92322596176844        0.0000000000000000     
   5407.4517945082425       -117.20649712867097        0.0000000000000000     
   5415.7200694233925       -117.46627974849898        0.0000000000000000     
   5423.9883443385424       -117.69946331181869        0.0000000000000000     
   5432.2566192536924       -117.90434009738863        0.0000000000000000     
   5440.5248941688424       -118.08075115105608        0.0000000000000000     
   5448.7931690839923       -118.23023985399585        0.0000000000000000     
   5457.0614439991423       -118.35606636349931        0.0000000000000000     
   5465.3297189142922       -118.46317512610936        0.0000000000000000     
   5473.5979938294422       -118.55796156959383        0.0000000000000000     
   5481.8662687445922       -118.64792142396689        0.0000000000000000     
   5490.1345436597421       -118.74111119464665        0.0000000000000000     
   5498.4028185748921       -118.84545400026974        0.0000000000000000     
   5506.6710934900420       -118.96799097352941        0.0000000000000000     
   5514.9393684051920       -119.11407638249587        0.0000000000000000     
   5523.2076433203420       -119.28666985239070        0.0000000000000000     
   5531.4759182354919       -119.48587556084428        0.0000000000000000     
   5539.7441931506419       -119.70867569335302        0.0000000000000000     
   5548.0124680657918       -119.94908550446071        0.0000000000000000     
   5556.2807429809418       -120.19863188760813        0.0000000000000000     
   5564.5490178960918       -120.44720956654413        0.0000000000000000     
   5572.8172928112417       -120.68416873237251        0.0000000000000000     
   5581.0855677263917       -120.89963180367356        0.0000000000000000     
   5589.3538426415416       -121.08571478628528        0.0000000000000000     
   5597.6221175566916       -121.23756457566577        0.0000000000000000     
   5605.8903924718416       -121.35398509440391        0.0000000000000000     
   5614.1586673869915       -121.43751112251582        0.0000000000000000     
   5622.4269423021415       -121.49398107722725        0.0000000000000000     
   5630.6952172172914       -121.53174672044358        0.0000000000000000     
   5638.9634921324414       -121.56060912966383        0.0000000000000000     
   5647.2317670475913       -121.59076697286645        0.0000000000000000     
   5655.5000419627413       -121.63187898645575        0.0000000000000000     
   5663.7683168778913       -121.69231958299864        0.0000000000000000     
   5672.0365917930412       -121.77870515633118        0.0000000000000000     
   5680.3048667081912       -121.89561088547306        0.0000000000000000     
   5688.5731416233411       -122.04552997220652        0.0000000000000000     
   5696.8414165384911       -122.22892724561808        0.0000000000000000     
   5705.1096914536411       -122.44444833892689        0.0000000000000000     
   5713.3779663687910       -122.68913512358797        0.0000000000000000     
   5721.6462412839410       -122.95873448824125        0.0000000000000000     
   5729.9145161990909       -123.24796040496815        0.0000000000000000     
   5738.1827911142409       -123.55080431292298        0.0000000000000000     
   5746.4510660293909       -123.86080945259782        0.0000000000000000     
   5754.7193409445408       -124.17135858493032        0.0000000000000000     
   5762.9876158596908       -124.47595105615056        0.0000000000000000     
   5771.2558907748407       -124.76846145416474        0.0000000000000000     
   5779.5241656899907       -125.04342928895643        0.0000000000000000     
   5787.7924406051407       -125.29629577200988        0.0000000000000000     
   5796.0607155202906       -125.52368334248666        0.0000000000000000     
   5804.3289904354406       -125.72359627337276        0.0000000000000000     
   5812.5972653505905       -125.89564102758082        0.0000000000000000     
   5820.8655402657405       -126.04115552960145        0.0000000000000000     
   5829.1338151808905       -126.16329980489915        0.0000000000000000     
   5837.4020900960404       -126.26697792252257        0.0000000000000000     
   5845.6703650111904       -126.35866981858578        0.0000000000000000     
   5853.9386399263403       -126.44610785091403        0.0000000000000000     
   5862.2069148414903       -126.53777460280867        0.0000000000000000     
   5870.4751897566402       -126.64225898946154        0.0000000000000000     
   5878.7434646717902       -126.76749399137459        0.0000000000000000     
   5887.0117395869402       -126.91997440459508        0.0000000000000000     
   5895.2800145020901       -127.10393533000659        0.0000000000000000     
   5903.5482894172401       -127.32066002299550        0.0000000000000000     
   5911.8165643323900       -127.56799457386639        0.0000000000000000     
   5920.0848392475400       -127.84013883245403        0.0000000000000000     
   5928.3531141626900       -128.12788121158670        0.0000000000000000     
   5936.6213890778399       -128.41936066610398        0.0000000000000000     
   5944.8896639929899       -128.70136926322337        0.0000000000000000     
   5953.1579389081398       -128.96103412190385        0.0000000000000000     
   5961.4262138232898       -129.18761568512281        0.0000000000000000     
   5969.6944887384398       -129.37404739718616        0.0000000000000000     
   5977.9627636535897       -129.51782494354273        0.0000000000000000     
   5986.2310385687397       -129.62118138660878        0.0000000000000000     
   5994.4993134838896       -129.69046448699780        0.0000000000000000     
   6002.7675883990396       -129.73504323782424        0.0000000000000000     
   6011.0358633141896       -129.76594811257982        0.0000000000000000     
   6019.3041382293395       -129.79456714563045        0.0000000000000000     
   6027.5724131444895       -129.83153921887896        0.0000000000000000     
   6035.8406880596394       -129.88595675184251        0.0000000000000000     
   6044.1089629747894       -129.96488352554138        0.0000000000000000     
   6052.3772378899394       -130.07313512888305        0.0000000000000000     
   6060.6455128050893       -130.21328901108885        0.0000000000000000     
   6068.9137877202393       -130.38582726883007        0.0000000000000000     
   6077.1820626353892       -130.58937903166748        0.0000000000000000     
   6085.4503375505392       -130.82098653972184        0.0000000000000000     
   6093.7186124656891       -131.07643277850556        0.0000000000000000     
   6101.9868873808391       -131.35054129661657        0.0000000000000000     
   6110.2551622959891       -131.63747000001979        0.0000000000000000     
   6118.5234372111390       -131.93098981146576        0.0000000000000000     
   6126.7917121262890       -132.22475707656287        0.0000000000000000     
   6135.0599870414389       -132.51258085849284        0.0000000000000000     
   6143.3282619565889       -132.78866111835450        0.0000000000000000     
   6151.5965368717389       -133.04783112653217        0.0000000000000000     
   6159.8648117868888       -133.28580323526359        0.0000000000000000     
   6168.1330867020388       -133.49936586431033        0.0000000000000000     
   6176.4013616171887       -133.68659345311639        0.0000000000000000     
   6184.6696365323387       -133.84702158649256        0.0000000000000000     
   6192.9379114474887       -133.98177890078580        0.0000000000000000     
   6201.2061863626386       -134.09362455172891        0.0000000000000000     
   6209.4744612777886       -134.18695519143958        0.0000000000000000     
   6217.7427361929385       -134.26765603541813        0.0000000000000000     
   6226.0110111080885       -134.34287997195790        0.0000000000000000     
   6234.2792860232385       -134.42066135877926        0.0000000000000000     
   6242.5475609383884       -134.50940132317473        0.0000000000000000     
   6250.8158358535384       -134.61725985732454        0.0000000000000000     
   6259.0841107686883       -134.75146370686224        0.0000000000000000     
   6267.3523856838383       -134.91752971696798        0.0000000000000000     
   6275.6206605989883       -135.11854506573428        0.0000000000000000     
   6283.8889355141382       -135.35452739061645        0.0000000000000000     
   6292.1572104292882       -135.62197027921806        0.0000000000000000     
   6300.4254853444381       -135.91376361328369        0.0000000000000000     
   6308.6937602595881       -136.21957503536709        0.0000000000000000     
   6316.9620351747380       -136.52678113640454        0.0000000000000000     
   6325.2303100898880       -136.82194227217883        0.0000000000000000     
   6333.4985850050380       -137.09255871414666        0.0000000000000000     
   6341.7668599201879       -137.32878350668872        0.0000000000000000     
   6350.0351348353379       -137.52475411261511        0.0000000000000000     
   6358.3034097504878       -137.67921908307207        0.0000000000000000     
   6366.5716846656378       -137.79540673706452        0.0000000000000000     
   6374.8399595807878       -137.88026804666907        0.0000000000000000     
   6383.1082344959377       -137.94329863614269        0.0000000000000000     
   6391.3765094110877       -137.99522000858428        0.0000000000000000     
   6399.6447843262376       -138.04678751627731        0.0000000000000000     
   6407.9130592413876       -138.10778960346522        0.0000000000000000     
   6416.1813341565376       -138.18640478145065        0.0000000000000000     
   6424.4496090716875       -138.28878466980822        0.0000000000000000     
   6432.7178839868375       -138.41891782853807        0.0000000000000000     
   6440.9861589019874       -138.57867790213731        0.0000000000000000     
   6449.2544338171374       -138.76796263373973        0.0000000000000000     
   6457.5227087322874       -138.98495997643312        0.0000000000000000     
   6465.7909836474373       -139.22641011233881        0.0000000000000000     
   6474.0592585625873       -139.48791966715260        0.0000000000000000     
   6482.3275334777372       -139.76424814708113        0.0000000000000000     
   6490.5958083928872       -140.04958060763445        0.0000000000000000     
   6498.8640833080372       -140.33782725986467        0.0000000000000000     
   6507.1323582231871       -140.62287586430480        0.0000000000000000     
   6515.4006331383371       -140.89883056453741        0.0000000000000000     
   6523.6689080534870       -141.16027047644059        0.0000000000000000     
   6531.9371829686370       -141.40247792947932        0.0000000000000000     
   6540.2054578837869       -141.62164294733023        0.0000000000000000     
   6548.4737327989369       -141.81507385963494        0.0000000000000000     
   6556.7420077140869       -141.98137634829428        0.0000000000000000     
   6565.0102826292368       -142.12058669559806        0.0000000000000000     
   6573.2785575443868       -142.23426072897934        0.0000000000000000     
   6581.5468324595367       -142.32550331606913        0.0000000000000000     
   6589.8151073746867       -142.39891589662506        0.0000000000000000     
   6598.0833822898367       -142.46047434438202        0.0000000000000000     
   6606.3516572049866       -142.51730181695126        0.0000000000000000     
   6614.6199321201366       -142.57733563918222        0.0000000000000000     
   6622.8882070352865       -142.64891979922018        0.0000000000000000     
   6631.1564819504365       -142.74028630434773        0.0000000000000000     
   6639.4247568655865       -142.85892014358120        0.0000000000000000     
   6647.6930317807364       -143.01080848533846        0.0000000000000000     
   6655.9613066958864       -143.19960447399728        0.0000000000000000     
   6664.2295816110363       -143.42576791841589        0.0000000000000000     
   6672.4978565261863       -143.68586810046423        0.0000000000000000     
   6680.7661314413363       -143.97230498139973        0.0000000000000000     
   6689.0344063564862       -144.27369717487764        0.0000000000000000     
   6697.3026812716362       -144.57607139224052        0.0000000000000000     
   6705.5709561867861       -144.86478602299047        0.0000000000000000     
   6713.8392311019361       -145.12678139566430        0.0000000000000000     
   6722.1075060170861       -145.35259807207242        0.0000000000000000     
   6730.3757809322360       -145.53772438409416        0.0000000000000000     
   6738.6440558473860       -145.68296142039404        0.0000000000000000     
   6746.9123307625359       -145.79381624446100        0.0000000000000000     
   6755.1806056776859       -145.87926859808721        0.0000000000000000     
   6763.4488805928358       -145.95021564550746        0.0000000000000000     
   6771.7171555079858       -146.01800180387127        0.0000000000000000     
   6779.9854304231358       -146.09320143840910        0.0000000000000000     
   6788.2537053382857       -146.18473952367563        0.0000000000000000     
   6796.5219802534357       -146.29941405917722        0.0000000000000000     
   6804.7902551685856       -146.44169270517352        0.0000000000000000     
   6813.0585300837356       -146.61376005383622        0.0000000000000000     
   6821.3268049988856       -146.81570546824520        0.0000000000000000     
   6829.5950799140355       -147.04578247818054        0.0000000000000000     
   6837.8633548291855       -147.30073701194206        0.0000000000000000     
   6846.1316297443354       -147.57614282635524        0.0000000000000000     
   6854.3999046594854       -147.86670457569508        0.0000000000000000     
   6862.6681795746354       -148.16654241430911        0.0000000000000000     
   6870.9364544897853       -148.46950712500870        0.0000000000000000     
   6879.2047294049353       -148.76940246003082        0.0000000000000000     
   6887.4730043200852       -149.06023994525992        0.0000000000000000     
   6895.7412792352352       -149.33644428664121        0.0000000000000000     
   6904.0095541503852       -149.59308429312878        0.0000000000000000     
   6912.2778290655351       -149.82602991962909        0.0000000000000000     
   6920.5461039806851       -150.03215025402571        0.0000000000000000     
   6928.8143788958350       -150.20945985523946        0.0000000000000000     
   6937.0826538109850       -150.35725254592941        0.0000000000000000     
   6945.3509287261350       -150.47618686916991        0.0000000000000000     
   6953.6192036412849       -150.56838614101736        0.0000000000000000     
   6961.8874785564349       -150.63744156130093        0.0000000000000000     
   6970.1557534715848       -150.68841194201437        0.0000000000000000     
   6978.4240283867348       -150.72772067118245        0.0000000000000000     
   6986.6923033018847       -150.76298663074488        0.0000000000000000     
   6994.9605782170347       -150.80275508262540        0.0000000000000000     
   7003.2288531321847       -150.85601767657045        0.0000000000000000     
   7011.4971280473346       -150.93162126423567        0.0000000000000000     
   7019.7654029624846       -151.03740058751077        0.0000000000000000     
   7028.0336778776345       -151.17919318175115        0.0000000000000000     
   7036.3019527927845       -151.35975405335796        0.0000000000000000     
   7044.5702277079345       -151.57785148198386        0.0000000000000000     
   7052.8385026230844       -151.82781249589567        0.0000000000000000     
   7061.1067775382344       -152.09976555911680        0.0000000000000000     
   7069.3750524533843       -152.38076587954220        0.0000000000000000     
   7077.6433273685343       -152.65663310001173        0.0000000000000000     
   7085.9116022836843       -152.91416588388580        0.0000000000000000     
   7094.1798771988342       -153.14317061738507        0.0000000000000000     
   7102.4481521139842       -153.33789827277303        0.0000000000000000     
   7110.7164270291341       -153.49752327236291        0.0000000000000000     
   7118.9847019442841       -153.62576579374382        0.0000000000000000     
   7127.2529768594341       -153.72984086239390        0.0000000000000000     
   7135.5212517745840       -153.81910401946257        0.0000000000000000     
   7143.7895266897340       -153.90368478263764        0.0000000000000000     
   7152.0578016048839       -153.99331745075273        0.0000000000000000     
   7160.3260765200339       -154.09649367843829        0.0000000000000000     
   7168.5943514351839       -154.21993483957894        0.0000000000000000     
   7176.8626263503338       -154.36833914148900        0.0000000000000000     
   7185.1309012654838       -154.54434466181476        0.0000000000000000     
   7193.3991761806337       -154.74865160398906        0.0000000000000000     
   7201.6674510957837       -154.98024496204150        0.0000000000000000     
   7209.9357260109336       -155.23664112027441        0.0000000000000000     
   7218.2040009260836       -155.51418744650030        0.0000000000000000     
   7226.4722758412336       -155.80833329792787        0.0000000000000000     
   7234.7405507563835       -156.11391011334848        0.0000000000000000     
   7243.0088256715335       -156.42537767979096        0.0000000000000000     
   7251.2771005866834       -156.73705281201237        0.0000000000000000     
   7259.5453755018334       -157.04334552958281        0.0000000000000000     
   7267.8136504169834       -157.33894493645016        0.0000000000000000     
   7276.0819253321333       -157.61900447120348        0.0000000000000000     
   7284.3502002472833       -157.87930142212932        0.0000000000000000     
   7292.6184751624332       -158.11636992194570        0.0000000000000000     
   7300.8867500775832       -158.32765617154919        0.0000000000000000     
   7309.1550249927332       -158.51158771565429        0.0000000000000000     
   7317.4232999078831       -158.66766416050166        0.0000000000000000     
   7325.6915748230331       -158.79651224433474        0.0000000000000000     
   7333.9598497381830       -158.89990681926699        0.0000000000000000     
   7342.2281246533330       -158.98081707897273        0.0000000000000000     
   7350.4963995684830       -159.04338656705298        0.0000000000000000     
   7358.7646744836329       -159.09291596781480        0.0000000000000000     
   7367.0329493987829       -159.13581030740480        0.0000000000000000     
   7375.3012243139328       -159.17942544876757        0.0000000000000000     
   7383.5694992290828       -159.23180531703713        0.0000000000000000     
   7391.8377741442328       -159.30120036107076        0.0000000000000000     
   7400.1060490593827       -159.39533922517688        0.0000000000000000     
   7408.3743239745327       -159.52041561259745        0.0000000000000000     
   7416.6425988896826       -159.67993922316307        0.0000000000000000     
   7424.9108738048326       -159.87365058254960        0.0000000000000000     
   7433.1791487199825       -160.09683636932104        0.0000000000000000     
   7441.4474236351325       -160.34042333955097        0.0000000000000000     
   7449.7156985502825       -160.59202088694218        0.0000000000000000     
   7457.9839734654324       -160.83782034027172        0.0000000000000000     
   7466.2522483805824       -161.06496504057546        0.0000000000000000     
   7474.5205232957323       -161.26374980298934        0.0000000000000000     
   7482.7887982108823       -161.42912805240582        0.0000000000000000     
   7491.0570731260323       -161.56120466137983        0.0000000000000000     
   7499.3253480411822       -161.66471937374956        0.0000000000000000     
   7507.5936229563322       -161.74785764713323        0.0000000000000000     
   7515.8618978714821       -161.82074203629250        0.0000000000000000     
   7524.1301727866321       -161.89396576920498        0.0000000000000000     
   7532.3984477017821       -161.97742019460318        0.0000000000000000     
   7540.6667226169320       -162.07942617023681        0.0000000000000000     
   7548.9349975320820       -162.20627358239491        0.0000000000000000     
   7557.2032724472319       -162.36204068102768        0.0000000000000000     
   7565.4715473623819       -162.54866093934945        0.0000000000000000     
   7573.7398222775319       -162.76606946924767        0.0000000000000000     
   7582.0080971926818       -163.01252544290870        0.0000000000000000     
   7590.2763721078318       -163.28487643659429        0.0000000000000000     
   7598.5446470229817       -163.57889328605762        0.0000000000000000     
   7606.8129219381317       -163.88955311201755        0.0000000000000000     
   7615.0811968532817       -164.21133385839238        0.0000000000000000     
   7623.3494717684316       -164.53842861758400        0.0000000000000000     
   7631.6177466835816       -164.86497968606520        0.0000000000000000     
   7639.8860215987315       -165.18525935803575        0.0000000000000000     
   7648.1542965138815       -165.49385709540712        0.0000000000000000     
   7656.4225714290314       -165.78581739267594        0.0000000000000000     
   7664.6908463441814       -166.05678041736331        0.0000000000000000     
   7672.9591212593314       -166.30310360279927        0.0000000000000000     
   7681.2273961744813       -166.52200877640303        0.0000000000000000     
   7689.4956710896313       -166.71170014261466        0.0000000000000000     
   7697.7639460047812       -166.87150509165863        0.0000000000000000     
   7706.0322209199312       -167.00203764277205        0.0000000000000000     
   7714.3004958350812       -167.10536277633861        0.0000000000000000     
   7722.5687707502311       -167.18514040461406        0.0000000000000000     
   7730.8370456653811       -167.24674220725817        0.0000000000000000     
   7739.1053205805310       -167.29724864519420        0.0000000000000000     
   7747.3735954956810       -167.34526593458102        0.0000000000000000     
   7755.6418704108310       -167.40046120123142        0.0000000000000000     
   7763.9101453259809       -167.47278008576905        0.0000000000000000     
   7772.1784202411309       -167.57126927486155        0.0000000000000000     
   7780.4466951562808       -167.70267451775737        0.0000000000000000     
   7788.7149700714308       -167.86994618748656        0.0000000000000000     
   7796.9832449865808       -168.07113772068840        0.0000000000000000     
   7805.2515199017307       -168.29904850452593        0.0000000000000000     
   7813.5197948168807       -168.54190738406894        0.0000000000000000     
   7821.7880697320306       -168.78514527272307        0.0000000000000000     
   7830.0563446471806       -169.01394809536950        0.0000000000000000     
   7838.3246195623306       -169.21584254416024        0.0000000000000000     
   7846.5928944774805       -169.38275212626928        0.0000000000000000     
   7854.8611693926305       -169.51200268362840        0.0000000000000000     
   7863.1294443077804       -169.60624410930038        0.0000000000000000     
   7871.3977192229304       -169.67240164636686        0.0000000000000000     
   7879.6659941380804       -169.72022920892732        0.0000000000000000     
   7887.9342690532303       -169.76073478817145        0.0000000000000000     
   7896.2025439683803       -169.80478366233015        0.0000000000000000     
   7904.4708188835302       -169.86212430269262        0.0000000000000000     
   7912.7390937986802       -169.94071176587957        0.0000000000000000     
   7921.0073687138301       -170.04641031496459        0.0000000000000000     
   7929.2756436289801       -170.18293471418647        0.0000000000000000     
   7937.5439185441301       -170.35197514667263        0.0000000000000000     
   7945.8121934592800       -170.55340870087792        0.0000000000000000     
   7954.0804683744300       -170.78558352400523        0.0000000000000000     
   7962.3487432895799       -171.04558690500886        0.0000000000000000     
   7970.6170182047299       -171.32956348824754        0.0000000000000000     
   7978.8852931198799       -171.63293902932952        0.0000000000000000     
   7987.1535680350298       -171.95067213522080        0.0000000000000000     
   7995.4218429501798       -172.27746788561646        0.0000000000000000     
   8003.6901178653297       -172.60796248113385        0.0000000000000000     
   8011.9583927804797       -172.93686344508947        0.0000000000000000     
   8020.2266676956297       -173.25911302935967        0.0000000000000000     
   8028.4949426107796       -173.56999393781854        0.0000000000000000     
   8036.7632175259296       -173.86522887273233        0.0000000000000000     
   8045.0314924410795       -174.14109281734702        0.0000000000000000     
   8053.2997673562295       -174.39449963865562        0.0000000000000000     
   8061.5680422713795       -174.62308293036023        0.0000000000000000     
   8069.8363171865294       -174.82532428173903        0.0000000000000000     
   8078.1045921016794       -175.00064094997464        0.0000000000000000     
   8086.3728670168293       -175.14953292733745        0.0000000000000000     
   8094.6411419319793       -175.27374423638815        0.0000000000000000     
   8102.9094168471293       -175.37641908051219        0.0000000000000000     
   8111.1776917622792       -175.46220706591743        0.0000000000000000     
   8119.4459666774292       -175.53731030245990        0.0000000000000000     
   8127.7142415925791       -175.60938152671594        0.0000000000000000     
   8135.9825165077291       -175.68713044207863        0.0000000000000000     
   8144.2507914228790       -175.77966434888341        0.0000000000000000     
   8152.5190663380290       -175.89546548255888        0.0000000000000000     
   8160.7873412531790       -176.04105719156027        0.0000000000000000     
   8169.0556161683289       -176.21957688515431        0.0000000000000000     
   8177.3238910834789       -176.42961934824706        0.0000000000000000     
   8185.5921659986288       -176.66469044453333        0.0000000000000000     
   8193.8604409137788       -176.91368822548679        0.0000000000000000     
   8202.1287158289288       -177.16244926387469        0.0000000000000000     
   8210.3969907440787       -177.39611779906562        0.0000000000000000     
   8218.6652656592287       -177.60179321762411        0.0000000000000000     
   8226.9335405743786       -177.77070533646784        0.0000000000000000     
   8235.2018154895286       -177.89945978205719        0.0000000000000000     
   8243.4700904046786       -177.99013013480496        0.0000000000000000     
   8251.7383653198285       -178.04938898032466        0.0000000000000000     
   8260.0066402349785       -178.08704557981864        0.0000000000000000     
   8268.2749151501284       -178.11444132244665        0.0000000000000000     
   8276.5431900652784       -178.14298635933781        0.0000000000000000     
   8284.8114649804284       -178.18303943479637        0.0000000000000000     
   8293.0797398955783       -178.24320390643223        0.0000000000000000     
   8301.3480148107283       -178.32992525095145        0.0000000000000000     
   8309.6162897258782       -178.44744625052670        0.0000000000000000     
   8317.8845646410282       -178.59787150244628        0.0000000000000000     
   8326.1528395561782       -178.78141453723313        0.0000000000000000     
   8334.4211144713281       -178.99666187365472        0.0000000000000000     
   8342.6893893864781       -179.24089521771685        0.0000000000000000     
   8350.9576643016280       -179.51034624536848        0.0000000000000000     
   8359.2259392167780       -179.80049483465731        0.0000000000000000     
   8367.4942141319279       -180.10628519772044        0.0000000000000000     
   8375.7624890470779       -180.42231820901566        0.0000000000000000     
   8384.0307639622279       -180.74303842531162        0.0000000000000000     
   8392.2990388773778       -181.06288572265970        0.0000000000000000     
   8400.5673137925278       -181.37640710638641        0.0000000000000000     
   8408.8355887076777       -181.67839958172107        0.0000000000000000     
   8417.1038636228277       -181.96400666931660        0.0000000000000000     
   8425.3721385379777       -182.22889018991322        0.0000000000000000     
   8433.6404134531276       -182.46936736010204        0.0000000000000000     
   8441.9086883682776       -182.68260065155008        0.0000000000000000     
   8450.1769632834275       -182.86684251827842        0.0000000000000000     
   8458.4452381985775       -183.02171552893032        0.0000000000000000     
   8466.7135131137275       -183.14851679873411        0.0000000000000000     
   8474.9817880288774       -183.25052434079922        0.0000000000000000     
   8483.2500629440274       -183.33320294263177        0.0000000000000000     
   8491.5183378591773       -183.40432519831134        0.0000000000000000     
   8499.7866127743273       -183.47377337014390        0.0000000000000000     
   8508.0548876894773       -183.55297094456586        0.0000000000000000     
   8516.3231626046272       -183.65384156091795        0.0000000000000000     
   8524.5914375197772       -183.78727425078742        0.0000000000000000     
   8532.8597124349271       -183.96119066552635        0.0000000000000000     
   8541.1279873500771       -184.17860009718123        0.0000000000000000     
   8549.3962622652271       -184.43613825821342        0.0000000000000000     
   8557.6645371803770       -184.72364830703265        0.0000000000000000     
   8565.9328120955270       -185.02524393264773        0.0000000000000000     
   8574.2010870106769       -185.32183681350563        0.0000000000000000     
   8582.4693619258269       -185.59452598169435        0.0000000000000000     
   8590.7376368409768       -185.82797351753487        0.0000000000000000     
   8599.0059117561268       -186.01283343600971        0.0000000000000000     
   8607.2741866712768       -186.14674276011513        0.0000000000000000     
   8615.5424615864267       -186.23382545008030        0.0000000000000000     
   8623.8107365015767       -186.28317085933847        0.0000000000000000     
   8632.0790114167266       -186.30687382849192        0.0000000000000000     
   8640.3472863318766       -186.31810217531344        0.0000000000000000     
   8648.6155612470266       -186.32953523300591        0.0000000000000000     
   8656.8838361621765       -186.35231498575854        0.0000000000000000     
   8665.1521110773265       -186.39540171156250        0.0000000000000000     
   8673.4203859924764       -186.46537097326217        0.0000000000000000     
   8681.6886609076264       -186.56644001558848        0.0000000000000000     
   8689.9569358227764       -186.70066948281138        0.0000000000000000     
   8698.2252107379263       -186.86822408369710        0.0000000000000000     
   8706.4934856530763       -187.06770320734273        0.0000000000000000     
   8714.7617605682262       -187.29645446986967        0.0000000000000000     
   8723.0300354833762       -187.55083929808728        0.0000000000000000     
   8731.2983103985262       -187.82648177201307        0.0000000000000000     
   8739.5665853136761       -188.11850114932690        0.0000000000000000     
   8747.8348602288261       -188.42168068902055        0.0000000000000000     
   8756.1031351439760       -188.73064165845349        0.0000000000000000     
   8764.3714100591260       -189.03997611717125        0.0000000000000000     
   8772.6396849742760       -189.34437510356850        0.0000000000000000     
   8780.9079598894259       -189.63876408678786        0.0000000000000000     
   8789.1762348045759       -189.91841629599256        0.0000000000000000     
   8797.4445097197258       -190.17908054439854        0.0000000000000000     
   8805.7127846348758       -190.41714323143080        0.0000000000000000     
   8813.9810595500257       -190.62980213104589        0.0000000000000000     
   8822.2493344651757       -190.81523639038451        0.0000000000000000     
   8830.5176093803257       -190.97286207331317        0.0000000000000000     
   8838.7858842954756       -191.10353514645624        0.0000000000000000     
   8847.0541592106256       -191.20981372652065        0.0000000000000000     
   8855.3224341257755       -191.29614286763308        0.0000000000000000     
   8863.5907090409255       -191.36897210296496        0.0000000000000000     
   8871.8589839560755       -191.43672334813809        0.0000000000000000     
   8880.1272588712254       -191.50947950783501        0.0000000000000000     
   8888.3955337863754       -191.59838395462171        0.0000000000000000     
   8896.6638087015253       -191.71458919925814        0.0000000000000000     
   8904.9320836166753       -191.86783115221658        0.0000000000000000     
   8913.2003585318253       -192.06472327131155        0.0000000000000000     
   8921.4686334469752       -192.30706779373915        0.0000000000000000     
   8929.7369083621252       -192.59064881418175        0.0000000000000000     
   8938.0051832772751       -192.90494456401441        0.0000000000000000     
   8946.2734581924251       -193.23413784934513        0.0000000000000000     
   8954.5417331075751       -193.55940867985737        0.0000000000000000     
   8962.8100080227250       -193.86199669468769        0.0000000000000000     
   8971.0782829378750       -194.12635224024791        0.0000000000000000     
   8979.3465578530249       -194.34243856818082        0.0000000000000000     
   8987.6148327681749       -194.50679845993128        0.0000000000000000     
   8995.8831076833249       -194.62228303212029        0.0000000000000000     
   9004.1513825984748       -194.69678066159995        0.0000000000000000     
   9012.4196575136248       -194.74144361743473        0.0000000000000000     
   9020.6879324287747       -194.76886964921118        0.0000000000000000     
   9028.9562073439247       -194.79157370738517        0.0000000000000000     
   9037.2244822590746       -194.82084818130014        0.0000000000000000     
   9045.4927571742246       -194.86610775261431        0.0000000000000000     
   9053.7610320893746       -194.93454280456490        0.0000000000000000     
   9062.0293070045245       -195.03109876350331        0.0000000000000000     
   9070.2975819196745       -195.15856422172067        0.0000000000000000     
   9078.5658568348244       -195.31784153710052        0.0000000000000000     
   9086.8341317499744       -195.50819478820722        0.0000000000000000     
   9095.1024066651244       -195.72752704658768        0.0000000000000000     
   9103.3706815802743       -195.97266287126371        0.0000000000000000     
   9111.6389564954243       -196.23955854275709        0.0000000000000000     
   9119.9072314105742       -196.52353910253109        0.0000000000000000     
   9128.1755063257242       -196.81944824101336        0.0000000000000000     
   9136.4437812408742       -197.12182124386860        0.0000000000000000     
   9144.7120561560241       -197.42503532069989        0.0000000000000000     
   9152.9803310711741       -197.72341679853673        0.0000000000000000     
   9161.2486059863240       -198.01140888060476        0.0000000000000000     
   9169.5168809014740       -198.28368098711289        0.0000000000000000     
   9177.7851558166240       -198.53532494830091        0.0000000000000000     
   9186.0534307317739       -198.76201833643677        0.0000000000000000     
   9194.3217056469239       -198.96028221171534        0.0000000000000000     
   9202.5899805620738       -199.12774348608590        0.0000000000000000     
   9210.8582554772238       -199.26344070069197        0.0000000000000000     
   9219.1265303923738       -199.36817281645253        0.0000000000000000     
   9227.3948053075237       -199.44484005344529        0.0000000000000000     
   9235.6630802226737       -199.49874654670148        0.0000000000000000     
   9243.9313551378236       -199.53776205294741        0.0000000000000000     
   9252.1996300529736       -199.57230831932662        0.0000000000000000     
   9260.4679049681235       -199.61492913213320        0.0000000000000000     
   9268.7361798832735       -199.67943391154702        0.0000000000000000     
   9277.0044547984235       -199.77944337490305        0.0000000000000000     
   9285.2727297135734       -199.92643532385475        0.0000000000000000     
   9293.5410046287234       -200.12744962509896        0.0000000000000000     
   9301.8092795438733       -200.38297575032774        0.0000000000000000     
   9310.0775544590233       -200.68569701329088        0.0000000000000000     
   9318.3458293741733       -201.02069669196516        0.0000000000000000     
   9326.6141042893232       -201.36743413017842        0.0000000000000000     
   9334.8823792044732       -201.70327787967710        0.0000000000000000     
   9343.1506541196231       -202.00754952945198        0.0000000000000000     
   9351.4189290347731       -202.26510464638255        0.0000000000000000     
   9359.6872039499231       -202.46835481136779        0.0000000000000000     
   9367.9554788650730       -202.61758598470504        0.0000000000000000     
   9376.2237537802230       -202.71969459718426        0.0000000000000000     
   9384.4920286953729       -202.78609682130886        0.0000000000000000     
   9392.7603036105229       -202.83046755775027        0.0000000000000000     
   9401.0285785256729       -202.86672616741879        0.0000000000000000     
   9409.2968534408228       -202.90758362885356        0.0000000000000000     
   9417.5651283559728       -202.96365470277377        0.0000000000000000     
   9425.8334032711227       -203.04300221619602        0.0000000000000000     
   9434.1016781862727       -203.15110516068125        0.0000000000000000     
   9442.3699531014227       -203.29098572036870        0.0000000000000000     
   9450.6382280165726       -203.46351737002684        0.0000000000000000     
   9458.9065029317226       -203.66773564168150        0.0000000000000000     
   9467.1747778468725       -203.90117539673921        0.0000000000000000     
   9475.4430527620225       -204.16020119836458        0.0000000000000000     
   9483.7113276771724       -204.44027009409334        0.0000000000000000     
   9491.9796025923224       -204.73617703756059        0.0000000000000000     
   9500.2478775074724       -205.04226891500952        0.0000000000000000     
   9508.5161524226223       -205.35263894399597        0.0000000000000000     
   9516.7844273377723       -205.66127218672335        0.0000000000000000     
   9525.0527022529222       -205.96221256722947        0.0000000000000000     
   9533.3209771680722       -206.24973063561166        0.0000000000000000     
   9541.5892520832222       -206.51844625209543        0.0000000000000000     
   9549.8575269983721       -206.76353375957243        0.0000000000000000     
   9558.1258019135221       -206.98088847739194        0.0000000000000000     
   9566.3940768286720       -207.16734725084078        0.0000000000000000     
   9574.6623517438220       -207.32093824382270        0.0000000000000000     
   9582.9306266589720       -207.44111569156584        0.0000000000000000     
   9591.1989015741219       -207.52906308270741        0.0000000000000000     
   9599.4671764892719       -207.58795123895234        0.0000000000000000     
   9607.7354514044218       -207.62312767673876        0.0000000000000000     
   9616.0037263195718       -207.64227706015245        0.0000000000000000     
   9624.2720012347218       -207.65530952404700        0.0000000000000000     
   9632.5402761498717       -207.67402596885267        0.0000000000000000     
   9640.8085510650217       -207.71139994103112        0.0000000000000000     
   9649.0768259801716       -207.78037430912164        0.0000000000000000     
   9657.3451008953216       -207.89231586160071        0.0000000000000000     
   9665.6133758104716       -208.05511514421499        0.0000000000000000     
   9673.8816507256215       -208.27137512592148        0.0000000000000000     
   9682.1499256407715       -208.53716429189373        0.0000000000000000     
   9690.4182005559214       -208.84177617107639        0.0000000000000000     
   9698.6864754710714       -209.16889855166170        0.0000000000000000     
   9706.9547503862213       -209.49908350929297        0.0000000000000000     
   9715.2230253013713       -209.81299413682910        0.0000000000000000     
   9723.4913002165213       -210.09457169792179        0.0000000000000000     
   9731.7595751316712       -210.33336868143385        0.0000000000000000     
   9740.0278500468212       -210.52549024643625        0.0000000000000000     
   9748.2961249619711       -210.67325175391986        0.0000000000000000     
   9756.5643998771211       -210.78386458848917        0.0000000000000000     
   9764.8326747922711       -210.86764748904170        0.0000000000000000     
   9773.1009497074210       -210.93627593587027        0.0000000000000000     
   9781.3692246225710       -211.00130084208666        0.0000000000000000     
   9789.6374995377209       -211.07312452121374        0.0000000000000000     
   9797.9057744528709       -211.16035170069182        0.0000000000000000     
   9806.1740493680209       -211.26951233212924        0.0000000000000000     
   9814.4423242831708       -211.40502592132577        0.0000000000000000     
   9822.7105991983208       -211.56930842580195        0.0000000000000000     
   9830.9788741134707       -211.76300740112754        0.0000000000000000     
   9839.2471490286207       -211.98523714405687        0.0000000000000000     
   9847.5154239437707       -212.23384291475961        0.0000000000000000     
   9855.7836988589206       -212.50562198003647        0.0000000000000000     
   9864.0519737740706       -212.79654896894931        0.0000000000000000     
   9872.3202486892205       -213.10198102443249        0.0000000000000000     
   9880.5885236043705       -213.41681139832357        0.0000000000000000     
   9888.8567985195205       -213.73561545454206        0.0000000000000000     
   9897.1250734346704       -214.05280040496797        0.0000000000000000     
   9905.3933483498204       -214.36272915438363        0.0000000000000000     
   9913.6616232649703       -214.65987973820233        0.0000000000000000     
   9921.9298981801203       -214.93895293698094        0.0000000000000000     
   9930.1981730952702       -215.19504722740169        0.0000000000000000     
   9938.4664480104202       -215.42384641717629        0.0000000000000000     
   9946.7347229255702       -215.62181418755119        0.0000000000000000     
   9955.0029978407201       -215.78644629472191        0.0000000000000000     
   9963.2712727558701       -215.91653779895140        0.0000000000000000     
   9971.5395476710200       -216.01246822241740        0.0000000000000000     
   9979.8078225861700       -216.07652574645283        0.0000000000000000     
   9988.0760975013200       -216.11317441481935        0.0000000000000000     
   9996.3443724164699       -216.12924716600742        0.0000000000000000     
   10004.612647331620       -216.13400158606922        0.0000000000000000     
   10012.880922246770       -216.13885778614713        0.0000000000000000     
   10021.149197161920       -216.15682738413111        0.0000000000000000     
   10029.417472077070       -216.20142200854201        0.0000000000000000     
   10037.685746992220       -216.28505467434422        0.0000000000000000     
   10045.954021907370       -216.41708602637934        0.0000000000000000     
   10054.222296822520       -216.60177070764416        0.0000000000000000     
   10062.490571737670       -216.83666217001982        0.0000000000000000     
   10070.758846652820       -217.11204711945760        0.0000000000000000     
   10079.027121567970       -217.41190685290852        0.0000000000000000     
   10087.295396483119       -217.71642360263110        0.0000000000000000     
   10095.563671398269       -218.00548153413050        0.0000000000000000     
   10103.831946313419       -218.26230023561359        0.0000000000000000     
   10112.100221228569       -218.47609816796538        0.0000000000000000     
   10120.368496143719       -218.64331430150429        0.0000000000000000     
   10128.636771058869       -218.76722479191037        0.0000000000000000     
   10136.905045974019       -218.85639276821431        0.0000000000000000     
   10145.173320889169       -218.92263547104190        0.0000000000000000     
   10153.441595804319       -218.97896432745452        0.0000000000000000     
   10161.709870719469       -219.03793177463362        0.0000000000000000     
   10169.978145634619       -219.11045065352980        0.0000000000000000     
   10178.246420549769       -219.20514355273605        0.0000000000000000     
   10186.514695464919       -219.32809838141779        0.0000000000000000     
   10194.782970380069       -219.48291269840396        0.0000000000000000     
   10203.051245295219       -219.67092674636797        0.0000000000000000     
   10211.319520210369       -219.89150852161589        0.0000000000000000     
   10219.587795125519       -220.14243214970662        0.0000000000000000     
   10227.856070040669       -220.42018635124157        0.0000000000000000     
   10236.124344955819       -220.72028903049332        0.0000000000000000     
   10244.392619870969       -221.03754862014694        0.0000000000000000     
   10252.660894786119       -221.36628221837708        0.0000000000000000     
   10260.929169701269       -221.70051078010187        0.0000000000000000     
   10269.197444616419       -222.03411949990937        0.0000000000000000     
   10277.465719531569       -222.36101338942663        0.0000000000000000     
   10285.733994446718       -222.67526498925747        0.0000000000000000     
   10294.002269361868       -222.97125084964804        0.0000000000000000     
   10302.270544277018       -223.24384725280748        0.0000000000000000     
   10310.538819192168       -223.48858926636422        0.0000000000000000     
   10318.807094107318       -223.70190268059244        0.0000000000000000     
   10327.075369022468       -223.88134231485040        0.0000000000000000     
   10335.343643937618       -224.02588250126331        0.0000000000000000     
   10343.611918852768       -224.13618446624943        0.0000000000000000     
   10351.880193767918       -224.21487359219472        0.0000000000000000     
   10360.148468683068       -224.26676751946047        0.0000000000000000     
   10368.416743598218       -224.29895264981118        0.0000000000000000     
   10376.685018513368       -224.32070516971839        0.0000000000000000     
   10384.953293428518       -224.34310110074583        0.0000000000000000     
   10393.221568343668       -224.37822832046470        0.0000000000000000     
   10401.489843258818       -224.43801196477119        0.0000000000000000     
   10409.758118173968       -224.53263365077288        0.0000000000000000     
   10418.026393089118       -224.66878948919194        0.0000000000000000     
   10426.294668004268       -224.84809529171631        0.0000000000000000     
   10434.562942919418       -225.06614355582286        0.0000000000000000     
   10442.831217834568       -225.31265955720843        0.0000000000000000     
   10451.099492749718       -225.57287456158048        0.0000000000000000     
   10459.367767664868       -225.83006085408303        0.0000000000000000     
   10467.636042580018       -226.06846901084953        0.0000000000000000     
   10475.904317495168       -226.27604844174203        0.0000000000000000     
   10484.172592410318       -226.44612716277464        0.0000000000000000     
   10492.440867325467       -226.57790116941121        0.0000000000000000     
   10500.709142240617       -226.67575516898265        0.0000000000000000     
   10508.977417155767       -226.74785280874292        0.0000000000000000     
   10517.245692070917       -226.80448557753101        0.0000000000000000     
   10525.513966986067       -226.85651341609551        0.0000000000000000     
   10533.782241901217       -226.91415438336264        0.0000000000000000     
   10542.050516816367       -226.98621707691694        0.0000000000000000     
   10550.318791731517       -227.07964295886990        0.0000000000000000     
   10558.587066646667       -227.19939426239526        0.0000000000000000     
   10566.855341561817       -227.34851754900041        0.0000000000000000     
   10575.123616476967       -227.52832061284457        0.0000000000000000     
   10583.391891392117       -227.73863603198669        0.0000000000000000     
   10591.660166307267       -227.97803908831636        0.0000000000000000     
   10599.928441222417       -228.24407779057685        0.0000000000000000     
   10608.196716137567       -228.53347930341747        0.0000000000000000     
   10616.464991052717       -228.84231714807933        0.0000000000000000     
   10624.733265967867       -229.16614193216435        0.0000000000000000     
   10633.001540883017       -229.50012062498010        0.0000000000000000     
   10641.269815798167       -229.83912211913645        0.0000000000000000     
   10649.538090713317       -230.17785215966614        0.0000000000000000     
   10657.806365628467       -230.51093373144178        0.0000000000000000     
   10666.074640543617       -230.83304362008147        0.0000000000000000     
   10674.342915458767       -231.13902537405323        0.0000000000000000     
   10682.611190373917       -231.42408039129478        0.0000000000000000     
   10690.879465289067       -231.68390652024232        0.0000000000000000     
   10699.147740204216       -231.91493394683610        0.0000000000000000     
   10707.416015119366       -232.11455034476614        0.0000000000000000     
   10715.684290034516       -232.28138648089364        0.0000000000000000     
   10723.952564949666       -232.41556403322775        0.0000000000000000     
   10732.220839864816       -232.51899128301301        0.0000000000000000     
   10740.489114779966       -232.59557731704319        0.0000000000000000     
   10748.757389695116       -232.65138281854939        0.0000000000000000     
   10757.025664610266       -232.69456761344753        0.0000000000000000     
   10765.293939525416       -232.73512251256173        0.0000000000000000     
   10773.562214440566       -232.78424574043160        0.0000000000000000     
   10781.830489355716       -232.85330494330444        0.0000000000000000     
   10790.098764270866       -232.95241558270902        0.0000000000000000     
   10798.367039186016       -233.08881555093279        0.0000000000000000     
   10806.635314101166       -233.26518364187746        0.0000000000000000     
   10814.903589016316       -233.47853210672520        0.0000000000000000     
   10823.171863931466       -233.71996992653857        0.0000000000000000     
   10831.440138846616       -233.97571295641484        0.0000000000000000     
   10839.708413761766       -234.22928817104949        0.0000000000000000     
   10847.976688676916       -234.46447333230171        0.0000000000000000     
   10856.244963592066       -234.66811448038925        0.0000000000000000     
   10864.513238507216       -234.83226208161304        0.0000000000000000     
   10872.781513422366       -234.95500035407042        0.0000000000000000     
   10881.049788337516       -235.04005329024019        0.0000000000000000     
   10889.318063252666       -235.09552768888634        0.0000000000000000     
   10897.586338167815       -235.13217956832233        0.0000000000000000     
   10905.854613082965       -235.16172071546447        0.0000000000000000     
   10914.122887998115       -235.19543797403239        0.0000000000000000     
   10922.391162913265       -235.24321450316461        0.0000000000000000     
   10930.659437828415       -235.31296049294349        0.0000000000000000     
   10938.927712743565       -235.41043054427143        0.0000000000000000     
   10947.195987658715       -235.53922809235678        0.0000000000000000     
   10955.464262573865       -235.70099467881886        0.0000000000000000     
   10963.732537489015       -235.89566909070300        0.0000000000000000     
   10972.000812404165       -236.12175412168401        0.0000000000000000     
   10980.269087319315       -236.37657137472928        0.0000000000000000     
   10988.537362234465       -236.65649174660447        0.0000000000000000     
   10996.805637149615       -236.95714217262329        0.0000000000000000     
   11005.073912064765       -237.27356697733754        0.0000000000000000     
   11013.342186979915       -237.60037316695340        0.0000000000000000     
   11021.610461895065       -237.93188106459232        0.0000000000000000     
   11029.878736810215       -238.26226026687937        0.0000000000000000     
   11038.147011725365       -238.58565532242937        0.0000000000000000     
   11046.415286640515       -238.89637115239725        0.0000000000000000     
   11054.683561555665       -239.18905528232986        0.0000000000000000     
   11062.951836470815       -239.45889555571213        0.0000000000000000     
   11071.220111385965       -239.70189183672917        0.0000000000000000     
   11079.488386301115       -239.91510936448356        0.0000000000000000     
   11087.756661216265       -240.09699930459078        0.0000000000000000     
   11096.024936131415       -240.24769294761325        0.0000000000000000     
   11104.293211046564       -240.36929223472384        0.0000000000000000     
   11112.561485961714       -240.46610357578308        0.0000000000000000     
   11120.829760876864       -240.54470227382794        0.0000000000000000     
   11129.098035792014       -240.61382277807851        0.0000000000000000     
   11137.366310707164       -240.68389606583384        0.0000000000000000     
   11145.634585622314       -240.76621055755268        0.0000000000000000     
   11153.902860537464       -240.87166962146344        0.0000000000000000     
   11162.171135452614       -241.00919286870800        0.0000000000000000     
   11170.439410367764       -241.18397498823055        0.0000000000000000     
   11178.707685282914       -241.39607716568253        0.0000000000000000     
   11186.975960198064       -241.63970455494879        0.0000000000000000     
   11195.244235113214       -241.90361384262121        0.0000000000000000     
   11203.512510028364       -242.17278976459866        0.0000000000000000     
   11211.780784943514       -242.43103237945016        0.0000000000000000     
   11220.049059858664       -242.66384023147168        0.0000000000000000     
   11228.317334773814       -242.86078641847553        0.0000000000000000     
   11236.585609688964       -243.01688006084981        0.0000000000000000     
   11244.853884604114       -243.13264956363048        0.0000000000000000     
   11253.122159519264       -243.21326026220211        0.0000000000000000     
   11261.390434434414       -243.26705856337617        0.0000000000000000     
   11269.658709349564       -243.30398692833407        0.0000000000000000     
   11277.926984264714       -243.33423093898011        0.0000000000000000     
   11286.195259179864       -243.36723604409869        0.0000000000000000     
   11294.463534095014       -243.41110790897886        0.0000000000000000     
   11302.731809010163       -243.47236630533627        0.0000000000000000     
   11311.000083925313       -243.55589372269375        0.0000000000000000     
   11319.268358840463       -243.66503548163871        0.0000000000000000     
   11327.536633755613       -243.80173019543929        0.0000000000000000     
   11335.804908670763       -243.96669469858736        0.0000000000000000     
   11344.073183585913       -244.15955721841763        0.0000000000000000     
   11352.341458501063       -244.37897983805635        0.0000000000000000     
   11360.609733416213       -244.62276512616532        0.0000000000000000     
   11368.878008331363       -244.88794284973790        0.0000000000000000     
   11377.146283246513       -245.17088214452684        0.0000000000000000     
   11385.414558161663       -245.46737452973036        0.0000000000000000     
   11393.682833076813       -245.77273157059201        0.0000000000000000     
   11401.951107991963       -246.08191552046719        0.0000000000000000     
   11410.219382907113       -246.38967954828658        0.0000000000000000     
   11418.487657822263       -246.69072685816280        0.0000000000000000     
   11426.755932737413       -246.97988964548921        0.0000000000000000     
   11435.024207652563       -247.25233679077215        0.0000000000000000     
   11443.292482567713       -247.50378538331165        0.0000000000000000     
   11451.560757482863       -247.73078952896952        0.0000000000000000     
   11459.829032398013       -247.93097118597834        0.0000000000000000     
   11468.097307313163       -248.10333563420770        0.0000000000000000     
   11476.365582228313       -248.24852814672249        0.0000000000000000     
   11484.633857143463       -248.36908852910989        0.0000000000000000     
   11492.902132058613       -248.46959516758864        0.0000000000000000     
   11501.170406973763       -248.55670644143032        0.0000000000000000     
   11509.438681888912       -248.63894529764050        0.0000000000000000     
   11517.706956804062       -248.72625707686908        0.0000000000000000     
   11525.975231719212       -248.82917050913272        0.0000000000000000     
   11534.243506634362       -248.95762385198836        0.0000000000000000     
   11542.511781549512       -249.11952410187132        0.0000000000000000     
   11550.780056464662       -249.31923316072405        0.0000000000000000     
   11559.048331379812       -249.55629685108192        0.0000000000000000     
   11567.316606294962       -249.82482995966768        0.0000000000000000     
   11575.584881210112       -250.11388703873791        0.0000000000000000     
   11583.853156125262       -250.40891269723463        0.0000000000000000     
   11592.121431040412       -250.69403087163536        0.0000000000000000     
   11600.389705955562       -250.95463470748757        0.0000000000000000     
   11608.657980870712       -251.17964764493246        0.0000000000000000     
   11616.926255785862       -251.36288009463283        0.0000000000000000     
   11625.194530701012       -251.50340631206876        0.0000000000000000     
   11633.462805616162       -251.60493895269795        0.0000000000000000     
   11641.731080531312       -251.67467096647752        0.0000000000000000     
   11649.999355446462       -251.72187241121838        0.0000000000000000     
   11658.267630361612       -251.75660943740448        0.0000000000000000     
   11666.535905276762       -251.78871923078603        0.0000000000000000     
   11674.804180191912       -251.82712329236574        0.0000000000000000     
   11683.072455107062       -251.87940138105174        0.0000000000000000     
   11691.340730022212       -251.95158111160902        0.0000000000000000     
   11699.609004937362       -252.04812583205941        0.0000000000000000     
   11707.877279852511       -252.17194615301409        0.0000000000000000     
   11716.145554767661       -252.32450111463069        0.0000000000000000     
   11724.413829682811       -252.50591387367066        0.0000000000000000     
   11732.682104597961       -252.71508988069073        0.0000000000000000     
   11740.950379513111       -252.94982015462236        0.0000000000000000     
   11749.218654428261       -253.20693645334373        0.0000000000000000     
   11757.486929343411       -253.48241202959329        0.0000000000000000     
   11765.755204258561       -253.77153331585393        0.0000000000000000     
   11774.023479173711       -254.06902815176792        0.0000000000000000     
   11782.291754088861       -254.36924292452917        0.0000000000000000     
   11790.560029004011       -254.66631236527130        0.0000000000000000     
   11798.828303919161       -254.95436490674649        0.0000000000000000     
   11807.096578834311       -255.22775685251449        0.0000000000000000     
   11815.364853749461       -255.48132028665202        0.0000000000000000     
   11823.633128664611       -255.71062491134072        0.0000000000000000     
   11831.901403579761       -255.91230183314735        0.0000000000000000     
   11840.169678494911       -256.08435861283323        0.0000000000000000     
   11848.437953410061       -256.22651700336570        0.0000000000000000     
   11856.706228325211       -256.34051488908335        0.0000000000000000     
   11864.974503240361       -256.43036268487469        0.0000000000000000     
   11873.242778155511       -256.50244347408892        0.0000000000000000     
   11881.511053070661       -256.56545366898246        0.0000000000000000     
   11889.779327985811       -256.62998897506770        0.0000000000000000     
   11898.047602900961       -256.70778195737313        0.0000000000000000     
   11906.315877816111       -256.81052284592977        0.0000000000000000     
   11914.584152731260       -256.94829617978456        0.0000000000000000     
   11922.852427646410       -257.12784468902441        0.0000000000000000     
   11931.120702561560       -257.35102817454083        0.0000000000000000     
   11939.388977476710       -257.61386879888056        0.0000000000000000     
   11947.657252391860       -257.90667914055382        0.0000000000000000     
   11955.925527307010       -258.21533040063036        0.0000000000000000     
   11964.193802222160       -258.52356938957666        0.0000000000000000     
   11972.462077137310       -258.81573380607949        0.0000000000000000     
   11980.730352052460       -259.07919568716619        0.0000000000000000     
   11988.998626967610       -259.30592082593546        0.0000000000000000     
   11997.266901882760       -259.49296585144253        0.0000000000000000     
   12005.535176797910       -259.64193810978452        0.0000000000000000     
   12013.803451713060       -259.75794583590624        0.0000000000000000     
   12022.071726628210       -259.84831502874107        0.0000000000000000     
   12030.340001543360       -259.92142406596236        0.0000000000000000     
   12038.608276458510       -259.98581621269699        0.0000000000000000     
   12046.876551373660       -260.04958447041633        0.0000000000000000     
   12055.144826288810       -260.11997758832587        0.0000000000000000     
   12063.413101203960       -260.20319242134775        0.0000000000000000     
   12071.681376119110       -260.30421987434488        0.0000000000000000     
   12079.949651034260       -260.42680455772501        0.0000000000000000     
   12088.217925949410       -260.57337965128852        0.0000000000000000     
   12096.486200864560       -260.74509132359873        0.0000000000000000     
   12104.754475779710       -260.94183015338569        0.0000000000000000     
   12113.022750694859       -261.16227792564132        0.0000000000000000     
   12121.291025610009       -261.40401055181752        0.0000000000000000     
   12129.559300525159       -261.66361442028466        0.0000000000000000     
   12137.827575440309       -261.93683932726100        0.0000000000000000     
   12146.095850355459       -262.21874510970963        0.0000000000000000     
   12154.364125270609       -262.50390701690952        0.0000000000000000     
   12162.632400185759       -262.78662159335670        0.0000000000000000     
   12170.900675100909       -263.06112106910660        0.0000000000000000     
   12179.168950016059       -263.32181321877391        0.0000000000000000     
   12187.437224931209       -263.56353882607971        0.0000000000000000     
   12195.705499846359       -263.78185436890953        0.0000000000000000     
   12203.973774761509       -263.97330506377750        0.0000000000000000     
   12212.242049676659       -264.13574996432322        0.0000000000000000     
   12220.510324591809       -264.26864810327419        0.0000000000000000     
   12228.778599506959       -264.37333317158675        0.0000000000000000     
   12237.046874422109       -264.45322304339834        0.0000000000000000     
   12245.315149337259       -264.51392002178045        0.0000000000000000     
   12253.583424252409       -264.56316054310332        0.0000000000000000     
   12261.851699167559       -264.61051416272511        0.0000000000000000     
   12270.119974082709       -264.66678110184546        0.0000000000000000     
   12278.388248997859       -264.74305948641910        0.0000000000000000     
   12286.656523913009       -264.84954164113014        0.0000000000000000     
   12294.924798828159       -264.99410186524182        0.0000000000000000     
   12303.193073743309       -265.18094733282487        0.0000000000000000     
   12311.461348658459       -265.40963041457269        0.0000000000000000     
   12319.729623573608       -265.67470328711090        0.0000000000000000     
   12327.997898488758       -265.96628925020985        0.0000000000000000     
   12336.266173403908       -266.27141678016437        0.0000000000000000     
   12344.534448319058       -266.57600069568980        0.0000000000000000     
   12352.802723234208       -266.86685072726203        0.0000000000000000     
   12361.070998149358       -267.13339565707037        0.0000000000000000     
   12369.339273064508       -267.36869710472996        0.0000000000000000     
   12377.607547979658       -267.56975132320093        0.0000000000000000     
   12385.875822894808       -267.73721321885165        0.0000000000000000     
   12394.144097809958       -267.87468847805303        0.0000000000000000     
   12402.412372725108       -267.98792430137718        0.0000000000000000     
   12410.680647640258       -268.08400005812643        0.0000000000000000     
   12418.948922555408       -268.17059272847717        0.0000000000000000     
   12427.217197470558       -268.25538735138576        0.0000000000000000     
   12435.485472385708       -268.34561124470605        0.0000000000000000     
   12443.753747300858       -268.44764428779843        0.0000000000000000     
   12452.022022216008       -268.56677426402553        0.0000000000000000     
   12460.290297131158       -268.70699369858869        0.0000000000000000     
   12468.558572046308       -268.87091676626341        0.0000000000000000     
   12476.826846961458       -269.05972912896772        0.0000000000000000     
   12485.095121876608       -269.27322369947331        0.0000000000000000     
   12493.363396791758       -269.50988416386673        0.0000000000000000     
   12501.631671706908       -269.76698652428837        0.0000000000000000     
   12509.899946622058       -270.04078046729671        0.0000000000000000     
   12518.168221537208       -270.32663967257537        0.0000000000000000     
   12526.436496452357       -270.61925320057168        0.0000000000000000     
   12534.704771367507       -270.91284852487570        0.0000000000000000     
   12542.973046282657       -271.20140481210757        0.0000000000000000     
   12551.241321197807       -271.47888995573277        0.0000000000000000     
   12559.509596112957       -271.73950586217506        0.0000000000000000     
   12567.777871028107       -271.97797585051114        0.0000000000000000     
   12576.046145943257       -272.18979954783487        0.0000000000000000     
   12584.314420858407       -272.37158954359626        0.0000000000000000     
   12592.582695773557       -272.52136097051130        0.0000000000000000     
   12600.850970688707       -272.63883919409801        0.0000000000000000     
   12609.119245603857       -272.72575360840199        0.0000000000000000     
   12617.387520519007       -272.78603660831573        0.0000000000000000     
   12625.655795434157       -272.82593832966478        0.0000000000000000     
   12633.924070349307       -272.85390494111232        0.0000000000000000     
   12642.192345264457       -272.88023351644659        0.0000000000000000     
   12650.460620179607       -272.91639492643128        0.0000000000000000     
   12658.728895094757       -272.97398458471991        0.0000000000000000     
   12666.997170009907       -273.06340632040281        0.0000000000000000     
   12675.265444925057       -273.19237999865845        0.0000000000000000     
   12683.533719840207       -273.36458270619704        0.0000000000000000     
   12691.801994755357       -273.57871785647382        0.0000000000000000     
   12700.070269670507       -273.82841719071587        0.0000000000000000     
   12708.338544585657       -274.10303479809903        0.0000000000000000     
   12716.606819500807       -274.38925481255831        0.0000000000000000     
   12724.875094415956       -274.67320785979234        0.0000000000000000     
   12733.143369331106       -274.94245753450105        0.0000000000000000     
   12741.411644246256       -275.18757812067469        0.0000000000000000     
   12749.679919161406       -275.40292589664830        0.0000000000000000     
   12757.948194076556       -275.58674141449887        0.0000000000000000     
   12766.216468991706       -275.74070992416534        0.0000000000000000     
   12774.484743906856       -275.86924472078272        0.0000000000000000     
   12782.753018822006       -275.97864835814761        0.0000000000000000     
   12791.021293737156       -276.07635017979584        0.0000000000000000     
   12799.289568652306       -276.17019364492302        0.0000000000000000     
   12807.557843567456       -276.26784262261287        0.0000000000000000     
   12815.826118482606       -276.37631533439787        0.0000000000000000     
   12824.094393397756       -276.50157181481813        0.0000000000000000     
   12832.362668312906       -276.64826206811483        0.0000000000000000     
   12840.630943228056       -276.81954163442447        0.0000000000000000     
   12848.899218143206       -277.01699933714718        0.0000000000000000     
   12857.167493058356       -277.24066560036835        0.0000000000000000     
   12865.435767973506       -277.48910177368367        0.0000000000000000     
   12873.704042888656       -277.75952143112619        0.0000000000000000     
   12881.972317803806       -278.04799474819060        0.0000000000000000     
   12890.240592718956       -278.34961491250760        0.0000000000000000     
   12898.508867634106       -278.65875519153269        0.0000000000000000     
   12906.777142549256       -278.96929053628952        0.0000000000000000     
   12915.045417464406       -279.27486564323027        0.0000000000000000     
   12923.313692379556       -279.56913510919378        0.0000000000000000     
   12931.581967294705       -279.84604216680214        0.0000000000000000     
   12939.850242209855       -280.10010300108343        0.0000000000000000     
   12948.118517125005       -280.32669571603498        0.0000000000000000     
   12956.386792040155       -280.52236724849757        0.0000000000000000     
   12964.655066955305       -280.68511880994254        0.0000000000000000     
   12972.923341870455       -280.81468397005398        0.0000000000000000     
   12981.191616785605       -280.91275856757284        0.0000000000000000     
   12989.459891700755       -280.98313602726921        0.0000000000000000     
   12997.728166615905       -281.03173013995621        0.0000000000000000     
   13005.996441531055       -281.06639175168158        0.0000000000000000     
   13014.264716446205       -281.09651364373917        0.0000000000000000     
   13022.532991361355       -281.13231704137780        0.0000000000000000     
   13030.801266276505       -281.18396280546017        0.0000000000000000     
   13039.069541191655       -281.26039369988450        0.0000000000000000     
   13047.337816106805       -281.36821600689734        0.0000000000000000     
   13055.606091021955       -281.51070458091255        0.0000000000000000     
   13063.874365937105       -281.68723910137572        0.0000000000000000     
   13072.142640852255       -281.89333169818224        0.0000000000000000     
   13080.410915767405       -282.12125267473988        0.0000000000000000     
   13088.679190682555       -282.36116386472139        0.0000000000000000     
   13096.947465597705       -282.60256401712212        0.0000000000000000     
   13105.215740512855       -282.83563984941316        0.0000000000000000     
   13113.484015428005       -283.05238856353475        0.0000000000000000     
   13121.752290343155       -283.24733287830554        0.0000000000000000     
   13130.020565258304       -283.41783035262523        0.0000000000000000     
   13138.288840173454       -283.56404334275118        0.0000000000000000     
   13146.557115088604       -283.68863696727226        0.0000000000000000     
   13154.825390003754       -283.79634046259116        0.0000000000000000     
   13163.093664918904       -283.89336103414092        0.0000000000000000     
   13171.361939834054       -283.98673612495742        0.0000000000000000     
   13179.630214749204       -284.08374982840326        0.0000000000000000     
   13187.898489664354       -284.19133702192460        0.0000000000000000     
   13196.166764579504       -284.31560713330816        0.0000000000000000     
   13204.435039494654       -284.46149548188112        0.0000000000000000     
   13212.703314409804       -284.63252576560950        0.0000000000000000     
   13220.971589324954       -284.83066138633120        0.0000000000000000     
   13229.239864240104       -285.05632732529108        0.0000000000000000     
   13237.508139155254       -285.30845154045102        0.0000000000000000     
   13245.776414070404       -285.58459859353360        0.0000000000000000     
   13254.044688985554       -285.88112091559339        0.0000000000000000     
   13262.312963900704       -286.19339570263264        0.0000000000000000     
   13270.581238815854       -286.51600254169466        0.0000000000000000     
   13278.849513731004       -286.84297158531825        0.0000000000000000     
   13287.117788646154       -287.16801869221194        0.0000000000000000     
   13295.386063561304       -287.48478406340132        0.0000000000000000     
   13303.654338476454       -287.78708331329926        0.0000000000000000     
   13311.922613391604       -288.06916334337751        0.0000000000000000     
   13320.190888306754       -288.32597118468038        0.0000000000000000     
   13328.459163221904       -288.55344272620795        0.0000000000000000     
   13336.727438137053       -288.74876612877040        0.0000000000000000     
   13344.995713052203       -288.91066226082842        0.0000000000000000     
   13353.263987967353       -289.03962896200159        0.0000000000000000     
   13361.532262882503       -289.13813200117744        0.0000000000000000     
   13369.800537797653       -289.21068713981640        0.0000000000000000     
   13378.068812712803       -289.26382361567846        0.0000000000000000     
   13386.337087627953       -289.30581215019095        0.0000000000000000     
   13394.605362543103       -289.34619649201477        0.0000000000000000     
   13402.873637458253       -289.39502786222994        0.0000000000000000     
   13411.141912373403       -289.46186307970299        0.0000000000000000     
   13419.410187288553       -289.55464161237546        0.0000000000000000     
   13427.678462203703       -289.67856844538034        0.0000000000000000     
   13435.946737118853       -289.83523048220223        0.0000000000000000     
   13444.215012034003       -290.02222322906914        0.0000000000000000     
   13452.483286949153       -290.23334958467336        0.0000000000000000     
   13460.751561864303       -290.45951676784034        0.0000000000000000     
   13469.019836779453       -290.69003116484328        0.0000000000000000     
   13477.288111694603       -290.91415777159807        0.0000000000000000     
   13485.556386609753       -291.12251158298295        0.0000000000000000     
   13493.824661524903       -291.30814377941556        0.0000000000000000     
   13502.092936440053       -291.46715125918803        0.0000000000000000     
   13510.361211355203       -291.59882759481974        0.0000000000000000     
   13518.629486270353       -291.70546253981297        0.0000000000000000     
   13526.897761185503       -291.79186745231186        0.0000000000000000     
   13535.166036100652       -291.86472373712263        0.0000000000000000     
   13543.434311015802       -291.93183677358218        0.0000000000000000     
   13551.702585930952       -292.00142145110289        0.0000000000000000     
   13559.970860846102       -292.08140625810199        0.0000000000000000     
   13568.239135761252       -292.17889125169285        0.0000000000000000     
   13576.507410676402       -292.29968690681096        0.0000000000000000     
   13584.775685591552       -292.44804995698649        0.0000000000000000     
   13593.043960506702       -292.62651023142075        0.0000000000000000     
   13601.312235421852       -292.83586831703451        0.0000000000000000     
   13609.580510337002       -293.07525216980906        0.0000000000000000     
   13617.848785252152       -293.34226200535079        0.0000000000000000     
   13626.117060167302       -293.63317671286052        0.0000000000000000     
   13634.385335082452       -293.94316442459507        0.0000000000000000     
   13642.653609997602       -294.26654165029754        0.0000000000000000     
   13650.921884912752       -294.59702834755103        0.0000000000000000     
   13659.190159827902       -294.92800592517693        0.0000000000000000     
   13667.458434743052       -295.25280296282477        0.0000000000000000     
   13675.726709658202       -295.56495106619860        0.0000000000000000     
   13683.994984573352       -295.85849379398888        0.0000000000000000     
   13692.263259488502       -296.12824880097133        0.0000000000000000     
   13700.531534403652       -296.37013603894553        0.0000000000000000     
   13708.799809318802       -296.58143417759982        0.0000000000000000     
   13717.068084233952       -296.76105479969692        0.0000000000000000     
   13725.336359149102       -296.90977045534697        0.0000000000000000     
   13733.604634064252       -297.03036084870678        0.0000000000000000     
   13741.872908979401       -297.12762924070267        0.0000000000000000     
   13750.141183894551       -297.20826514547218        0.0000000000000000     
   13758.409458809701       -297.28047609621694        0.0000000000000000     
   13766.677733724851       -297.35340638990493        0.0000000000000000     
   13774.946008640001       -297.43631677010609        0.0000000000000000     
   13783.214283555151       -297.53757845194514        0.0000000000000000     
   13791.482558470301       -297.66363994077147        0.0000000000000000     
   13799.750833385451       -297.81809517736406        0.0000000000000000     
   13808.019108300601       -298.00108525129565        0.0000000000000000     
   13816.287383215751       -298.20913340910818        0.0000000000000000     
   13824.555658130901       -298.43554804685482        0.0000000000000000     
   13832.823933046051       -298.67123782993349        0.0000000000000000     
   13841.092207961201       -298.90590896796436        0.0000000000000000     
   13849.360482876351       -299.12932480909399        0.0000000000000000     
   13857.628757791501       -299.33253263603717        0.0000000000000000     
   13865.897032706651       -299.50881658208840        0.0000000000000000     
   13874.165307621801       -299.65438467484057        0.0000000000000000     
   13882.433582536951       -299.76865467902314        0.0000000000000000     
   13890.701857452101       -299.85417134052381        0.0000000000000000     
   13898.970132367251       -299.91621666095938        0.0000000000000000     
   13907.238407282401       -299.96215997746259        0.0000000000000000     
   13915.506682197551       -300.00064633090523        0.0000000000000000     
   13923.774957112701       -300.04075364262997        0.0000000000000000     
   13932.043232027851       -300.09120458260952        0.0000000000000000     
   13940.311506943000       -300.15975950188522        0.0000000000000000     
   13948.579781858150       -300.25272555944304        0.0000000000000000     
   13956.848056773300       -300.37470176845301        0.0000000000000000     
   13965.116331688450       -300.52842312312515        0.0000000000000000     
   13973.384606603600       -300.71481127454132        0.0000000000000000     
   13981.652881518750       -300.93305807701199        0.0000000000000000     
   13989.921156433900       -301.18081857439387        0.0000000000000000     
   13998.189431349050       -301.45441952384971        0.0000000000000000     
   14006.457706264200       -301.74911694732742        0.0000000000000000     
   14014.725981179350       -302.05933999603894        0.0000000000000000     
   14022.994256094500       -302.37895175673356        0.0000000000000000     
   14031.262531009650       -302.70150985363972        0.0000000000000000     
   14039.530805924800       -303.02051052720162        0.0000000000000000     
   14047.799080839950       -303.32966668276424        0.0000000000000000     
   14056.067355755100       -303.62315448662616        0.0000000000000000     
   14064.335630670250       -303.89587790989873        0.0000000000000000     
   14072.603905585400       -304.14373304637957        0.0000000000000000     
   14080.872180500550       -304.36387645900300        0.0000000000000000     
   14089.140455415700       -304.55495727182824        0.0000000000000000     
   14097.408730330850       -304.71733489684777        0.0000000000000000     
   14105.677005246000       -304.85323375913458        0.0000000000000000     
   14113.945280161150       -304.96679901574618        0.0000000000000000     
   14122.213555076300       -305.06399861071395        0.0000000000000000     
   14130.481829991450       -305.15237649489956        0.0000000000000000     
   14138.750104906600       -305.24057003879966        0.0000000000000000     
   14147.018379821749       -305.33762735933766        0.0000000000000000     
   14155.286654736899       -305.45210120381131        0.0000000000000000     
   14163.554929652049       -305.59105686672586        0.0000000000000000     
   14171.823204567199       -305.75909105138612        0.0000000000000000     
   14180.091479482349       -305.95755288326802        0.0000000000000000     
   14188.359754397499       -306.18412114838662        0.0000000000000000     
   14196.628029312649       -306.43289508954734        0.0000000000000000     
   14204.896304227799       -306.69499353588822        0.0000000000000000     
   14213.164579142949       -306.95960366827381        0.0000000000000000     
   14221.432854058099       -307.21527134735385        0.0000000000000000     
   14229.701128973249       -307.45131718337694        0.0000000000000000     
   14237.969403888399       -307.65902987837870        0.0000000000000000     
   14246.237678803549       -307.83262977593245        0.0000000000000000     
   14254.505953718699       -307.96979497406147        0.0000000000000000     
   14262.774228633849       -308.07177162904509        0.0000000000000000     
   14271.042503548999       -308.14307856238230        0.0000000000000000     
   14279.310778464149       -308.19085720556973        0.0000000000000000     
   14287.579053379299       -308.22403141439185        0.0000000000000000     
   14295.847328294449       -308.25238484011993        0.0000000000000000     
   14304.115603209599       -308.28564406466830        0.0000000000000000     
   14312.383878124749       -308.33272791635221        0.0000000000000000     
   14320.652153039899       -308.40118736923102        0.0000000000000000     
   14328.920427955049       -308.49681044199963        0.0000000000000000     
   14337.188702870199       -308.62343789553677        0.0000000000000000     
   14345.456977785348       -308.78293079428619        0.0000000000000000     
   14353.725252700498       -308.97524654235264        0.0000000000000000     
   14361.993527615648       -309.19862317140843        0.0000000000000000     
   14370.261802530798       -309.44980057400323        0.0000000000000000     
   14378.530077445948       -309.72427724559429        0.0000000000000000     
   14386.798352361098       -310.01656324503870        0.0000000000000000     
   14395.066627276248       -310.32048392113495        0.0000000000000000     
   14403.334902191398       -310.62943403797033        0.0000000000000000     
   14411.603177106548       -310.93667345105359        0.0000000000000000     
   14419.871452021698       -311.23559102588854        0.0000000000000000     
   14428.139726936848       -311.51998724049645        0.0000000000000000     
   14436.408001851998       -311.78437555107246        0.0000000000000000     
   14444.676276767148       -312.02425175542015        0.0000000000000000     
   14452.944551682298       -312.23640173352328        0.0000000000000000     
   14461.212826597448       -312.41915754148835        0.0000000000000000     
   14469.481101512598       -312.57266456866654        0.0000000000000000     
   14477.749376427748       -312.69903578700814        0.0000000000000000     
   14486.017651342898       -312.80245494428243        0.0000000000000000     
   14494.285926258048       -312.88911444405363        0.0000000000000000     
   14502.554201173198       -312.96698243604061        0.0000000000000000     
   14510.822476088348       -313.04531870471476        0.0000000000000000     
   14519.090751003498       -313.13397397652318        0.0000000000000000     
   14527.359025918648       -313.24248977935065        0.0000000000000000     
   14535.627300833798       -313.37901920702456        0.0000000000000000     
   14543.895575748948       -313.54930326862871        0.0000000000000000     
   14552.163850664097       -313.75578257793836        0.0000000000000000     
   14560.432125579247       -313.99703778928495        0.0000000000000000     
   14568.700400494397       -314.26768835258002        0.0000000000000000     
   14576.968675409547       -314.55883704044430        0.0000000000000000     
   14585.236950324697       -314.85892484629784        0.0000000000000000     
   14593.505225239847       -315.15502753773404        0.0000000000000000     
   14601.773500154997       -315.43432966074249        0.0000000000000000     
   14610.041775070147       -315.68564572829820        0.0000000000000000     
   14618.310049985297       -315.90071452902578        0.0000000000000000     
   14626.578324900447       -316.07513437577114        0.0000000000000000     
   14634.846599815597       -316.20871756442335        0.0000000000000000     
   14643.114874730747       -316.30531651942374        0.0000000000000000     
   14651.383149645897       -316.37211358462991        0.0000000000000000     
   14659.651424561047       -316.41858929390645        0.0000000000000000     
   14667.919699476197       -316.45537030114787        0.0000000000000000     
   14676.187974391347       -316.49312859658113        0.0000000000000000     
   14684.456249306497       -316.54164607236601        0.0000000000000000     
   14692.724524221647       -316.60916797472748        0.0000000000000000     
   14700.992799136797       -316.70198809773166        0.0000000000000000     
   14709.261074051947       -316.82426128329314        0.0000000000000000     
   14717.529348967097       -316.97801737048792        0.0000000000000000     
   14725.797623882247       -317.16329390251519        0.0000000000000000     
   14734.065898797397       -317.37833374338868        0.0000000000000000     
   14742.334173712547       -317.61986518248983        0.0000000000000000     
   14750.602448627697       -317.88337974544066        0.0000000000000000     
   14758.870723542846       -318.16344295756346        0.0000000000000000     
   14767.138998457996       -318.45395248763793        0.0000000000000000     
   14775.407273373146       -318.74844237615861        0.0000000000000000     
   14783.675548288296       -319.04035103109470        0.0000000000000000     
   14791.943823203446       -319.32329568449580        0.0000000000000000     
   14800.212098118596       -319.59132138079860        0.0000000000000000     
   14808.480373033746       -319.83919906810144        0.0000000000000000     
   14816.748647948896       -320.06265600530281        0.0000000000000000     
   14825.016922864046       -320.25865928751267        0.0000000000000000     
   14833.285197779196       -320.42564729790905        0.0000000000000000     
   14841.553472694346       -320.56374113522196        0.0000000000000000     
   14849.821747609496       -320.67490663880056        0.0000000000000000     
   14858.090022524646       -320.76304267814589        0.0000000000000000     
   14866.358297439796       -320.83391982673049        0.0000000000000000     
   14874.626572354946       -320.89501001611802        0.0000000000000000     
   14882.894847270096       -320.95511200842611        0.0000000000000000     
   14891.163122185246       -321.02377873761912        0.0000000000000000     
   14899.431397100396       -321.11055178138929        0.0000000000000000     
   14907.699672015546       -321.22410204471589        0.0000000000000000     
   14915.967946930696       -321.37125412825907        0.0000000000000000     
   14924.236221845846       -321.55610807091949        0.0000000000000000     
   14932.504496760996       -321.77935882801694        0.0000000000000000     
   14940.772771676146       -322.03793711121477        0.0000000000000000     
   14949.041046591296       -322.32504989678398        0.0000000000000000     
   14957.309321506445       -322.63071205692268        0.0000000000000000     
   14965.577596421595       -322.94270297814842        0.0000000000000000     
   14973.845871336745       -323.24787743331137        0.0000000000000000     
   14982.114146251895       -323.53371502824120        0.0000000000000000     
   14990.382421167045       -323.78976964611843        0.0000000000000000     
   14998.650696082195       -324.00893889767519        0.0000000000000000     
   15006.918970997345       -324.18815409927680        0.0000000000000000     
   15015.187245912495       -324.32856666753850        0.0000000000000000     
   15023.455520827645       -324.43510806388571        0.0000000000000000     
   15031.723795742795       -324.51562884906525        0.0000000000000000     
   15039.992070657945       -324.57980602557285        0.0000000000000000     
   15048.260345573095       -324.63799555935202        0.0000000000000000     
   15056.528620488245       -324.70021046019622        0.0000000000000000     
   15064.796895403395       -324.77534656394357        0.0000000000000000     
   15073.065170318545       -324.87060988600433        0.0000000000000000     
   15081.333445233695       -324.99123032503405        0.0000000000000000     
   15089.601720148845       -325.14036427639218        0.0000000000000000     
   15097.869995063995       -325.31912826216825        0.0000000000000000     
   15106.138269979145       -325.52677431114040        0.0000000000000000     
   15114.406544894295       -325.76091488072927        0.0000000000000000     
   15122.674819809445       -326.01780113825902        0.0000000000000000     
   15130.943094724595       -326.29258030990053        0.0000000000000000     
   15139.211369639745       -326.57958546974453        0.0000000000000000     
   15147.479644554895       -326.87262282048647        0.0000000000000000     
   15155.747919470045       -327.16524803163588        0.0000000000000000     
   15164.016194385194       -327.45103249291941        0.0000000000000000     
   15172.284469300344       -327.72381212990092        0.0000000000000000     
   15180.552744215494       -327.97799373839160        0.0000000000000000     
   15188.821019130644       -328.20876976783080        0.0000000000000000     
   15197.089294045794       -328.41242949626769        0.0000000000000000     
   15205.357568960944       -328.58658015352808        0.0000000000000000     
   15213.625843876094       -328.73038623407245        0.0000000000000000     
   15221.894118791244       -328.84475002050596        0.0000000000000000     
   15230.162393706394       -328.93244408183239        0.0000000000000000     
   15238.430668621544       -328.99814640534322        0.0000000000000000     
   15246.698943536694       -329.04832031723595        0.0000000000000000     
   15254.967218451844       -329.09097527664159        0.0000000000000000     
   15263.235493366994       -329.13521158661933        0.0000000000000000     
   15271.503768282144       -329.19061301016961        0.0000000000000000     
   15279.772043197294       -329.26647561746512        0.0000000000000000     
   15288.040318112444       -329.37095074818399        0.0000000000000000     
   15296.308593027594       -329.51016610914360        0.0000000000000000     
   15304.576867942744       -329.68744301426636        0.0000000000000000     
   15312.845142857894       -329.90272663583664        0.0000000000000000     
   15321.113417773044       -330.15225980868524        0.0000000000000000     
   15329.381692688194       -330.42869892539125        0.0000000000000000     
   15337.649967603344       -330.72162556914429        0.0000000000000000     
   15345.918242518494       -331.01855781245541        0.0000000000000000     
   15354.186517433644       -331.30636954599601        0.0000000000000000     
   15362.454792348793       -331.57296241703523        0.0000000000000000     
   15370.723067263943       -331.80887653779780        0.0000000000000000     
   15378.991342179093       -332.00852646942820        0.0000000000000000     
   15387.259617094243       -332.17078104880329        0.0000000000000000     
   15395.527892009393       -332.29887418679823        0.0000000000000000     
   15403.796166924543       -332.39965188449048        0.0000000000000000     
   15412.064441839693       -332.48241142151369        0.0000000000000000     
   15420.332716754843       -332.55760322017420        0.0000000000000000     
   15428.600991669993       -332.63563191083495        0.0000000000000000     
   15436.869266585143       -332.72588184993435        0.0000000000000000     
   15445.137541500293       -332.83602769208659        0.0000000000000000     
   15453.405816415443       -332.97167242884160        0.0000000000000000     
   15461.674091330593       -333.13620188444520        0.0000000000000000     
   15469.942366245743       -333.33084097934676        0.0000000000000000     
   15478.210641160893       -333.55482579801003        0.0000000000000000     
   15486.478916076043       -333.80567751458926        0.0000000000000000     
   15494.747190991193       -334.07947146830293        0.0000000000000000     
   15503.015465906343       -334.37118235864813        0.0000000000000000     
   15511.283740821493       -334.67495958664307        0.0000000000000000     
   15519.552015736643       -334.98444633639900        0.0000000000000000     
   15527.820290651793       -335.29305107730551        0.0000000000000000     
   15536.088565566943       -335.59423016936978        0.0000000000000000     
   15544.356840482093       -335.88174949853391        0.0000000000000000     
   15552.625115397243       -336.14992559862486        0.0000000000000000     
   15560.893390312393       -336.39389549182044        0.0000000000000000     
   15569.161665227542       -336.60983062029425        0.0000000000000000     
   15577.429940142692       -336.79518209817348        0.0000000000000000     
   15585.698215057842       -336.94885223745536        0.0000000000000000     
   15593.966489972992       -337.07135884172072        0.0000000000000000     
   15602.234764888142       -337.16493298400320        0.0000000000000000     
   15610.503039803292       -337.23353962875842        0.0000000000000000     
   15618.771314718442       -337.28279419037659        0.0000000000000000     
   15627.039589633592       -337.31977479670786        0.0000000000000000     
   15635.307864548742       -337.35268412850291        0.0000000000000000     
   15643.576139463892       -337.39039441632417        0.0000000000000000     
   15651.844414379042       -337.44184935126174        0.0000000000000000     
   15660.112689294192       -337.51536997345818        0.0000000000000000     
   15668.380964209342       -337.61788696418336        0.0000000000000000     
   15676.649239124492       -337.75414142582201        0.0000000000000000     
   15684.917514039642       -337.92599461722580        0.0000000000000000     
   15693.185788954792       -338.13186423899873        0.0000000000000000     
   15701.454063869942       -338.36655489037571        0.0000000000000000     
   15709.722338785092       -338.62151484199012        0.0000000000000000     
   15717.990613700242       -338.88569420617108        0.0000000000000000     
   15726.258888615392       -339.14687135378125        0.0000000000000000     
   15734.527163530542       -339.39335730320585        0.0000000000000000     
   15742.795438445692       -339.61563638066855        0.0000000000000000     
   15751.063713360842       -339.80770911889289        0.0000000000000000     
   15759.331988275992       -339.96772988956803        0.0000000000000000     
   15767.600263191141       -340.09800365631702        0.0000000000000000     
   15775.868538106291       -340.20431507933864        0.0000000000000000     
   15784.136813021441       -340.29486735716176        0.0000000000000000     
   15792.405087936591       -340.37908675640927        0.0000000000000000     
   15800.673362851741       -340.46650682466822        0.0000000000000000     
   15808.941637766891       -340.56582949261878        0.0000000000000000     
   15817.209912682041       -340.68430667922951        0.0000000000000000     
   15825.478187597191       -340.82732217930800        0.0000000000000000     
   15833.746462512341       -340.99826486288009        0.0000000000000000     
   15842.014737427491       -341.19854137869527        0.0000000000000000     
   15850.283012342641       -341.42771131425621        0.0000000000000000     
   15858.551287257791       -341.68371629939264        0.0000000000000000     
   15866.819562172941       -341.96312229635294        0.0000000000000000     
   15875.087837088091       -342.26141521878515        0.0000000000000000     
   15883.356112003241       -342.57325350892893        0.0000000000000000     
   15891.624386918391       -342.89274951175219        0.0000000000000000     
   15899.892661833541       -343.21373761538013        0.0000000000000000     
   15908.160936748691       -343.53001278604722        0.0000000000000000     
   15916.429211663841       -343.83558130615984        0.0000000000000000     
   15924.697486578991       -344.12487438690448        0.0000000000000000     
   15932.965761494141       -344.39300686438975        0.0000000000000000     
   15941.234036409291       -344.63596349972846        0.0000000000000000     
   15949.502311324441       -344.85080068725648        0.0000000000000000     
   15957.770586239591       -345.03584225183312        0.0000000000000000     
   15966.038861154741       -345.19078860370035        0.0000000000000000     
   15974.307136069890       -345.31682275958502        0.0000000000000000     
   15982.575410985040       -345.41664758810191        0.0000000000000000     
   15990.843685900190       -345.49442254628775        0.0000000000000000     
   15999.111960815340       -345.55561992030164        0.0000000000000000     
   16007.380235730490       -345.60679916357424        0.0000000000000000     
   16015.648510645640       -345.65526881154784        0.0000000000000000     
   16023.916785560790       -345.70865837261908        0.0000000000000000     
   16032.185060475940       -345.77443247849675        0.0000000000000000     
   16040.453335391090       -345.85933809714112        0.0000000000000000     
   16048.721610306240       -345.96880962470345        0.0000000000000000     
   16056.989885221390       -346.10635576567694        0.0000000000000000     
   16065.258160136540       -346.27298698642107        0.0000000000000000     
   16073.526435051690       -346.46671982398658        0.0000000000000000     
   16081.794709966840       -346.68242339779198        0.0000000000000000     
   16090.062984881990       -346.91204605034409        0.0000000000000000     
   16098.331259797140       -347.14538559650896        0.0000000000000000     
   16106.599534712290       -347.37143015126333        0.0000000000000000     
   16114.867809627440       -347.57996412691620        0.0000000000000000     
   16123.136084542590       -347.76320826977184        0.0000000000000000     
   16131.404359457740       -347.91698835509249        0.0000000000000000     
   16139.672634372890       -348.04131301478202        0.0000000000000000     
   16147.940909288040       -348.14011939025306        0.0000000000000000     
   16156.209184203190       -348.22050101803421        0.0000000000000000     
   16164.477459118340       -348.29152602947755        0.0000000000000000     
   16172.745734033489       -348.36301224774076        0.0000000000000000     
   16181.014008948639       -348.44438541737964        0.0000000000000000     
   16189.282283863789       -348.54386545182842        0.0000000000000000     
   16197.550558778939       -348.66788281745630        0.0000000000000000     
   16205.818833694089       -348.82080337471450        0.0000000000000000     
   16214.087108609239       -349.00487370300897        0.0000000000000000     
   16222.355383524389       -349.22033992145992        0.0000000000000000     
   16230.623658439539       -349.46563129315416        0.0000000000000000     
   16238.891933354689       -349.73766320418207        0.0000000000000000     
   16247.160208269839       -350.03212189787445        0.0000000000000000     
   16255.428483184989       -350.34376402024151        0.0000000000000000     
   16263.696758100139       -350.66673481665310        0.0000000000000000     
   16271.965033015289       -350.99482876977066        0.0000000000000000     
   16280.233307930439       -351.32175837780505        0.0000000000000000     
   16288.501582845589       -351.64140642734907        0.0000000000000000     
   16296.769857760739       -351.94806202598431        0.0000000000000000     
   16305.038132675889       -352.23663190451504        0.0000000000000000     
   16313.306407591039       -352.50283416302852        0.0000000000000000     
   16321.574682506189       -352.74338924266164        0.0000000000000000     
   16329.842957421339       -352.95616421772240        0.0000000000000000     
   16338.111232336489       -353.14030040026921        0.0000000000000000     
   16346.379507251639       -353.29630442144452        0.0000000000000000     
   16354.647782166789       -353.42607471932672        0.0000000000000000     
   16362.916057081939       -353.53291800843590        0.0000000000000000     
   16371.184331997089       -353.62147742941585        0.0000000000000000     
   16379.452606912238       -353.69759982742403        0.0000000000000000     
   16387.720881827390       -353.76813324321165        0.0000000000000000     
   16395.989156742540       -353.84061659724273        0.0000000000000000     
   16404.257431657690       -353.92282037153996        0.0000000000000000     
   16412.525706572840       -354.02214191993363        0.0000000000000000     
   16420.793981487990       -354.14480958216740        0.0000000000000000     
   16429.062256403140       -354.29499990586504        0.0000000000000000     
   16437.330531318290       -354.47387979955960        0.0000000000000000     
   16445.598806233440       -354.67891014059961        0.0000000000000000     
   16453.867081148590       -354.90360831445986        0.0000000000000000     
   16462.135356063740       -355.13803241767715        0.0000000000000000     
   16470.403630978890       -355.37003884643320        0.0000000000000000     
   16478.671905894040       -355.58718128708841        0.0000000000000000     
   16486.940180809190       -355.77876178010655        0.0000000000000000     
   16495.208455724340       -355.93758623904023        0.0000000000000000     
   16503.476730639490       -356.06102195926593        0.0000000000000000     
   16511.745005554640       -356.15112749377289        0.0000000000000000     
   16520.013280469790       -356.21400166493805        0.0000000000000000     
   16528.281555384940       -356.25859055167251        0.0000000000000000     
   16536.549830300090       -356.29532705904779        0.0000000000000000     
   16544.818105215239       -356.33483282935128        0.0000000000000000     
   16553.086380130389       -356.38687237355049        0.0000000000000000     
   16561.354655045539       -356.45962812363621        0.0000000000000000     
   16569.622929960689       -356.55930268951420        0.0000000000000000     
   16577.891204875839       -356.68995871861512        0.0000000000000000     
   16586.159479790989       -356.85356230831695        0.0000000000000000     
   16594.427754706139       -357.05015016312518        0.0000000000000000     
   16602.696029621289       -357.27808893889272        0.0000000000000000     
   16610.964304536439       -357.53434449046097        0.0000000000000000     
   16619.232579451589       -357.81478394939444        0.0000000000000000     
   16627.500854366739       -358.11445542093117        0.0000000000000000     
   16635.769129281889       -358.42785100829042        0.0000000000000000     
   16644.037404197039       -358.74918536317716        0.0000000000000000     
   16652.305679112189       -359.07259080651966        0.0000000000000000     
   16660.573954027339       -359.39237009181949        0.0000000000000000     
   16668.842228942489       -359.70317475679281        0.0000000000000000     
   16677.110503857639       -360.00019994109920        0.0000000000000000     
   16685.378778772789       -360.27933702770298        0.0000000000000000     
   16693.647053687939       -360.53734055618179        0.0000000000000000     
   16701.915328603089       -360.77193305056551        0.0000000000000000     
   16710.183603518239       -360.98190347385901        0.0000000000000000     
   16718.451878433389       -361.16717252123891        0.0000000000000000     
   16726.720153348539       -361.32883988536497        0.0000000000000000     
   16734.988428263689       -361.46914668140738        0.0000000000000000     
   16743.256703178839       -361.59144368867493        0.0000000000000000     
   16751.524978093988       -361.70011477278894        0.0000000000000000     
   16759.793253009138       -361.80044366944503        0.0000000000000000     
   16768.061527924288       -361.89842411577172        0.0000000000000000     
   16776.329802839438       -362.00052378183841        0.0000000000000000     
   16784.598077754588       -362.11328379924288        0.0000000000000000     
   16792.866352669738       -362.24282801538254        0.0000000000000000     
   16801.134627584888       -362.39416533214779        0.0000000000000000     
   16809.402902500038       -362.57036802396630        0.0000000000000000     
   16817.671177415188       -362.77174894074216        0.0000000000000000     
   16825.939452330338       -362.99519623454387        0.0000000000000000     
   16834.207727245488       -363.23396739217691        0.0000000000000000     
   16842.476002160638       -363.47815396721222        0.0000000000000000     
   16850.744277075788       -363.71593745451571        0.0000000000000000     
   16859.012551990938       -363.93535245260892        0.0000000000000000     
   16867.280826906088       -364.12632291096236        0.0000000000000000     
   16875.549101821238       -364.28230730373980        0.0000000000000000     
   16883.817376736388       -364.40129436235429        0.0000000000000000     
   16892.085651651538       -364.48590430999337        0.0000000000000000     
   16900.353926566688       -364.54268390672286        0.0000000000000000     
   16908.622201481838       -364.58092394443980        0.0000000000000000     
   16916.890476396988       -364.61128162826952        0.0000000000000000     
   16925.158751312138       -364.64448630068273        0.0000000000000000     
   16933.427026227288       -364.69029273362315        0.0000000000000000     
   16941.695301142438       -364.75679941292088        0.0000000000000000     
   16949.963576057587       -364.85004604388388        0.0000000000000000     
   16958.231850972737       -364.97389044134331        0.0000000000000000     
   16966.500125887887       -365.13006374409110        0.0000000000000000     
   16974.768400803037       -365.31838987288756        0.0000000000000000     
   16983.036675718187       -365.53701324226739        0.0000000000000000     
   16991.304950633337       -365.78273396694340        0.0000000000000000     
   16999.573225548487       -366.05129959174110        0.0000000000000000     
   17007.841500463637       -366.33770540042894        0.0000000000000000     
   17016.109775378787       -366.63645924096096        0.0000000000000000     
   17024.378050293937       -366.94184281868979        0.0000000000000000     
   17032.646325209087       -367.24814486820202        0.0000000000000000     
   17040.914600124237       -367.54986650865123        0.0000000000000000     
   17049.182875039387       -367.84190740227746        0.0000000000000000     
   17057.451149954537       -368.11971687671610        0.0000000000000000     
   17065.719424869687       -368.37945997674672        0.0000000000000000     
   17073.987699784837       -368.61811658809228        0.0000000000000000     
   17082.255974699987       -368.83361421713715        0.0000000000000000     
   17090.524249615137       -369.02491385277943        0.0000000000000000     
   17098.792524530287       -369.19208464294195        0.0000000000000000     
   17107.060799445437       -369.33639440504629        0.0000000000000000     
   17115.329074360587       -369.46040747859405        0.0000000000000000     
   17123.597349275737       -369.56804248039589        0.0000000000000000     
   17131.865624190887       -369.66461594399567        0.0000000000000000     
   17140.133899106037       -369.75683552400324        0.0000000000000000     
   17148.402174021187       -369.85261901473831        0.0000000000000000     
   17156.670448936336       -369.96069138274021        0.0000000000000000     
   17164.938723851486       -370.08987979363673        0.0000000000000000     
   17173.206998766636       -370.24801335253812        0.0000000000000000     
   17181.475273681786       -370.44055955978536        0.0000000000000000     
   17189.743548596936       -370.66915116863515        0.0000000000000000     
   17198.011823512086       -370.93040217832117        0.0000000000000000     
   17206.280098427236       -371.21552285276726        0.0000000000000000     
   17214.548373342386       -371.51101598828188        0.0000000000000000     
   17222.816648257536       -371.80059618698334        0.0000000000000000     
   17231.084923172686       -372.06789757614752        0.0000000000000000     
   17239.353198087836       -372.29933951611514        0.0000000000000000     
   17247.621473002986       -372.48634076966459        0.0000000000000000     
   17255.889747918136       -372.62638301969366        0.0000000000000000     
   17264.158022833286       -372.72284093280251        0.0000000000000000     
   17272.426297748436       -372.78378517606933        0.0000000000000000     
   17280.694572663586       -372.82032743924844        0.0000000000000000     
   17288.962847578736       -372.84481506810437        0.0000000000000000     
   17297.231122493886       -372.86935549262739        0.0000000000000000     
   17305.499397409036       -372.90469976617987        0.0000000000000000     
   17313.767672324186       -372.95957732960130        0.0000000000000000     
   17322.035947239336       -373.04039102643674        0.0000000000000000     
   17330.304222154486       -373.15118317887215        0.0000000000000000     
   17338.572497069636       -373.29377982222439        0.0000000000000000     
   17346.840771984786       -373.46807092114915        0.0000000000000000     
   17355.109046899935       -373.67232023304189        0.0000000000000000     
   17363.377321815085       -373.90347351100581        0.0000000000000000     
   17371.645596730235       -374.15747351268817        0.0000000000000000     
   17379.913871645385       -374.42956168854187        0.0000000000000000     
   17388.182146560535       -374.71451572655303        0.0000000000000000     
   17396.450421475685       -375.00688978284876        0.0000000000000000     
   17404.718696390835       -375.30122578091084        0.0000000000000000     
   17412.986971305985       -375.59222051540911        0.0000000000000000     
   17421.255246221135       -375.87488338920559        0.0000000000000000     
   17429.523521136285       -376.14470307838315        0.0000000000000000     
   17437.791796051435       -376.39774196857553        0.0000000000000000     
   17446.060070966585       -376.63078412758824        0.0000000000000000     
   17454.328345881735       -376.84142291714704        0.0000000000000000     
   17462.596620796885       -377.02819767883216        0.0000000000000000     
   17470.864895712035       -377.19066544939704        0.0000000000000000     
   17479.133170627185       -377.32955722071154        0.0000000000000000     
   17487.401445542335       -377.44684339720538        0.0000000000000000     
   17495.669720457485       -377.54588393214323        0.0000000000000000     
   17503.937995372635       -377.63148412790724        0.0000000000000000     
   17512.206270287785       -377.70993239138141        0.0000000000000000     
   17520.474545202935       -377.78889638424039        0.0000000000000000     
   17528.742820118085       -377.87712229858056        0.0000000000000000     
   17537.011095033235       -377.98392576524327        0.0000000000000000     
   17545.279369948385       -378.11827480537573        0.0000000000000000     
   17553.547644863535       -378.28763795686501        0.0000000000000000     
   17561.815919778684       -378.49657940720772        0.0000000000000000     
   17570.084194693834       -378.74542831372082        0.0000000000000000     
   17578.352469608984       -379.02935394889624        0.0000000000000000     
   17586.620744524134       -379.33823857676282        0.0000000000000000     
   17594.889019439284       -379.65766638070471        0.0000000000000000     
   17603.157294354434       -379.97092441587432        0.0000000000000000     
   17611.425569269584       -380.26167946862347        0.0000000000000000     
   17619.693844184734       -380.51659828628243        0.0000000000000000     
   17627.962119099884       -380.72733032468238        0.0000000000000000     
   17636.230394015034       -380.89138793546510        0.0000000000000000     
   17644.498668930184       -381.01187822363420        0.0000000000000000     
   17652.766943845334       -381.09639438532264        0.0000000000000000     
   17661.035218760484       -381.15538654794858        0.0000000000000000     
   17669.303493675634       -381.20055309660182        0.0000000000000000     
   17677.571768590784       -381.24342172649409        0.0000000000000000     
   17685.840043505934       -381.29431988848319        0.0000000000000000     
   17694.108318421084       -381.36172227317621        0.0000000000000000     
   17702.376593336234       -381.45194763245962        0.0000000000000000     
   17710.644868251384       -381.56909596400885        0.0000000000000000     
   17718.913143166534       -381.71518646517978        0.0000000000000000     
   17727.181418081684       -381.89039029065691        0.0000000000000000     
   17735.449692996834       -382.09331086320771        0.0000000000000000     
   17743.717967911984       -382.32128898539685        0.0000000000000000     
   17751.986242827134       -382.57068294562515        0.0000000000000000     
   17760.254517742283       -382.83713586522481        0.0000000000000000     
   17768.522792657433       -383.11581203922697        0.0000000000000000     
   17776.791067572583       -383.40162705441719        0.0000000000000000     
   17785.059342487733       -383.68940666047143        0.0000000000000000     
   17793.327617402883       -383.97405847603136        0.0000000000000000     
   17801.595892318033       -384.25069258457603        0.0000000000000000     
   17809.864167233183       -384.51476003538238        0.0000000000000000     
   17818.132442148333       -384.76213819780827        0.0000000000000000     
   17826.400717063483       -384.98926663131903        0.0000000000000000     
   17834.668991978633       -385.19321440373960        0.0000000000000000     
   17842.937266893783       -385.37185793167612        0.0000000000000000     
   17851.205541808933       -385.52400088499581        0.0000000000000000     
   17859.473816724083       -385.64957947791856        0.0000000000000000     
   17867.742091639233       -385.74990135509728        0.0000000000000000     
   17876.010366554383       -385.82789065714667        0.0000000000000000     
   17884.278641469533       -385.88833222892390        0.0000000000000000     
   17892.546916384683       -385.93805108521531        0.0000000000000000     
   17900.815191299833       -385.98589833728641        0.0000000000000000     
   17909.083466214983       -386.04249622581102        0.0000000000000000     
   17917.351741130133       -386.11952656618990        0.0000000000000000     
   17925.620016045283       -386.22856120824463        0.0000000000000000     
   17933.888290960433       -386.37937942142327        0.0000000000000000     
   17942.156565875583       -386.57801219106864        0.0000000000000000     
   17950.424840790733       -386.82491186848159        0.0000000000000000     
   17958.693115705883       -387.11375666640259        0.0000000000000000     
   17966.961390621032       -387.43158802183945        0.0000000000000000     
   17975.229665536182       -387.76043670467328        0.0000000000000000     
   17983.497940451332       -388.08030609332764        0.0000000000000000     
   17991.766215366482       -388.37273234781611        0.0000000000000000     
   18000.034490281632       -388.62395433545441        0.0000000000000000     
   18008.302765196782       -388.82689029891691        0.0000000000000000     
   18016.571040111932       -388.98149469507086        0.0000000000000000     
   18024.839315027082       -389.09380565006148        0.0000000000000000     
   18033.107589942232       -389.17412162571185        0.0000000000000000     
   18041.375864857382       -389.23493595885031        0.0000000000000000     
   18049.644139772532       -389.28910807090250        0.0000000000000000     
   18057.912414687682       -389.34844596920783        0.0000000000000000     
   18066.180689602832       -389.42282386002898        0.0000000000000000     
   18074.448964517982       -389.51975466038073        0.0000000000000000     
   18082.717239433132       -389.64426005983506        0.0000000000000000     
   18090.985514348282       -389.79901765711645        0.0000000000000000     
   18099.253789263432       -389.98462708886939        0.0000000000000000     
   18107.522064178582       -390.19991592016424        0.0000000000000000     
   18115.790339093732       -390.44226698222337        0.0000000000000000     
   18124.058614008882       -390.70794914604448        0.0000000000000000     
   18132.326888924032       -390.99238971476530        0.0000000000000000     
   18140.595163839182       -391.29041267854774        0.0000000000000000     
   18148.863438754332       -391.59646121535962        0.0000000000000000     
   18157.131713669482       -391.90479082634056        0.0000000000000000     
   18165.399988584632       -392.20961183038526        0.0000000000000000     
   18173.668263499781       -392.50525142429831        0.0000000000000000     
   18181.936538414931       -392.78629818793502        0.0000000000000000     
   18190.204813330081       -393.04773327047536        0.0000000000000000     
   18198.473088245231       -393.28509370976860        0.0000000000000000     
   18206.741363160381       -393.49463832210643        0.0000000000000000     
   18215.009638075531       -393.67353525334636        0.0000000000000000     
   18223.277912990681       -393.82012131895840        0.0000000000000000     
   18231.546187905831       -393.93411463749203        0.0000000000000000     
   18239.814462820981       -394.01688024145102        0.0000000000000000     
   18248.082737736131       -394.07171689696963        0.0000000000000000     
   18256.351012651281       -394.10403278138187        0.0000000000000000     
   18264.619287566431       -394.12146530333428        0.0000000000000000     
   18272.887562481581       -394.13376753935012        0.0000000000000000     
   18281.155837396731       -394.15246165068891        0.0000000000000000     
   18289.424112311881       -394.19006127618883        0.0000000000000000     
   18297.692387227031       -394.25891746965937        0.0000000000000000     
   18305.960662142181       -394.36963464521699        0.0000000000000000     
   18314.228937057331       -394.52925095173720        0.0000000000000000     
   18322.497211972481       -394.73958699062541        0.0000000000000000     
   18330.765486887631       -394.99612747084166        0.0000000000000000     
   18339.033761802781       -395.28799904496935        0.0000000000000000     
   18347.302036717931       -395.59928042244337        0.0000000000000000     
   18355.570311633081       -395.91144505288338        0.0000000000000000     
   18363.838586548231       -396.20652120066876        0.0000000000000000     
   18372.106861463380       -396.47001898991800        0.0000000000000000     
   18380.375136378530       -396.69296232263241        0.0000000000000000     
   18388.643411293680       -396.87265961178457        0.0000000000000000     
   18396.911686208830       -397.01219385950702        0.0000000000000000     
   18405.179961123980       -397.11909380644022        0.0000000000000000     
   18413.448236039130       -397.20360803594559        0.0000000000000000     
   18421.716510954280       -397.27703578193501        0.0000000000000000     
   18429.984785869430       -397.35035802398113        0.0000000000000000     
   18438.253060784580       -397.43328457402089        0.0000000000000000     
   18446.521335699730       -397.53368314275662        0.0000000000000000     
   18454.789610614880       -397.65734688032887        0.0000000000000000     
   18463.057885530030       -397.80798066109213        0.0000000000000000     
   18471.326160445180       -397.98735886719749        0.0000000000000000     
   18479.594435360330       -398.19555087913812        0.0000000000000000     
   18487.862710275480       -398.43117806640402        0.0000000000000000     
   18496.130985190630       -398.69169050551045        0.0000000000000000     
   18504.399260105780       -398.97359117070783        0.0000000000000000     
   18512.667535020930       -399.27267133909305        0.0000000000000000     
   18520.935809936080       -399.58419105477958        0.0000000000000000     
   18529.204084851230       -399.90307221242597        0.0000000000000000     
   18537.472359766380       -400.22401566967062        0.0000000000000000     
   18545.740634681530       -400.54163648299044        0.0000000000000000     
   18554.008909596680       -400.85058761841231        0.0000000000000000     
   18562.277184511830       -401.14568434877765        0.0000000000000000     
   18570.545459426980       -401.42200045618279        0.0000000000000000     
   18578.813734342129       -401.67501475227448        0.0000000000000000     
   18587.082009257279       -401.90078719657146        0.0000000000000000     
   18595.350284172429       -402.09611829541518        0.0000000000000000     
   18603.618559087579       -402.25877628771400        0.0000000000000000     
   18611.886834002729       -402.38777463033068        0.0000000000000000     
   18620.155108917879       -402.48362809289398        0.0000000000000000     
   18628.423383833029       -402.54866576711692        0.0000000000000000     
   18636.691658748179       -402.58732051287762        0.0000000000000000     
   18644.959933663329       -402.60628558169384        0.0000000000000000     
   18653.228208578479       -402.61456569085186        0.0000000000000000     
   18661.496483493629       -402.62325109020742        0.0000000000000000     
   18669.764758408779       -402.64487800038813        0.0000000000000000     
   18678.033033323929       -402.69236834123944        0.0000000000000000     
   18686.301308239079       -402.77746251862686        0.0000000000000000     
   18694.569583154229       -402.90882868706268        0.0000000000000000     
   18702.837858069379       -403.09011189574295        0.0000000000000000     
   18711.106132984529       -403.31848529549870        0.0000000000000000     
   18719.374407899679       -403.58423147431876        0.0000000000000000     
   18727.642682814829       -403.87178672906026        0.0000000000000000     
   18735.910957729979       -404.16219759026171        0.0000000000000000     
   18744.179232645129       -404.43650580485945        0.0000000000000000     
   18752.447507560279       -404.67911089248588        0.0000000000000000     
   18760.715782475429       -404.88024261878257        0.0000000000000000     
   18768.984057390579       -405.03700381526994        0.0000000000000000     
   18777.252332305728       -405.15293366356576        0.0000000000000000     
   18785.520607220878       -405.23653002558336        0.0000000000000000     
   18793.788882136028       -405.29932461639595        0.0000000000000000     
   18802.057157051178       -405.35393711057696        0.0000000000000000     
   18810.325431966328       -405.41252882308743        0.0000000000000000     
   18818.593706881478       -405.48571690589444        0.0000000000000000     
   18826.861981796628       -405.58193320658467        0.0000000000000000     
   18835.130256711778       -405.70719926433890        0.0000000000000000     
   18843.398531626928       -405.86514727775233        0.0000000000000000     
   18851.666806542078       -406.05718357050205        0.0000000000000000     
   18859.935081457228       -406.28279409981303        0.0000000000000000     
   18868.203356372378       -406.53981312183618        0.0000000000000000     
   18876.471631287528       -406.82476674770550        0.0000000000000000     
   18884.739906202678       -407.13311222167141        0.0000000000000000     
   18893.008181117828       -407.45952061711193        0.0000000000000000     
   18901.276456032978       -407.79806388269157        0.0000000000000000     
   18909.544730948128       -408.14244980958932        0.0000000000000000     
   18917.813005863278       -408.48619288342496        0.0000000000000000     
   18926.081280778428       -408.82278304636839        0.0000000000000000     
   18934.349555693578       -409.14585650757670        0.0000000000000000     
   18942.617830608728       -409.44940558470438        0.0000000000000000     
   18950.886105523878       -409.72794840695428        0.0000000000000000     
   18959.154380439028       -409.97675213504272        0.0000000000000000     
   18967.422655354178       -410.19210273747717        0.0000000000000000     
   18975.690930269328       -410.37155428642859        0.0000000000000000     
   18983.959205184477       -410.51422768656607        0.0000000000000000     
   18992.227480099627       -410.62110737379214        0.0000000000000000     
   19000.495755014777       -410.69532610798291        0.0000000000000000     
   19008.764029929927       -410.74236814637055        0.0000000000000000     
   19017.032304845077       -410.77015118611700        0.0000000000000000     
   19025.300579760227       -410.78885560411555        0.0000000000000000     
   19033.568854675377       -410.81045839338043        0.0000000000000000     
   19041.837129590527       -410.84784292719627        0.0000000000000000     
   19050.105404505677       -410.91343492695273        0.0000000000000000     
   19058.373679420827       -411.01747539260231        0.0000000000000000     
   19066.641954335977       -411.16613461402557        0.0000000000000000     
   19074.910229251127       -411.35987180571351        0.0000000000000000     
   19083.178504166277       -411.59256631160946        0.0000000000000000     
   19091.446779081427       -411.85191425744785        0.0000000000000000     
   19099.715053996577       -412.12118080308818        0.0000000000000000     
   19107.983328911727       -412.38210141349248        0.0000000000000000     
   19116.251603826877       -412.61813296876437        0.0000000000000000     
   19124.519878742027       -412.81722925715621        0.0000000000000000     
   19132.788153657177       -412.97347431266616        0.0000000000000000     
   19141.056428572327       -413.08731110376419        0.0000000000000000     
   19149.324703487477       -413.16462963978370        0.0000000000000000     
   19157.592978402627       -413.21511401145358        0.0000000000000000     
   19165.861253317777       -413.25044389983913        0.0000000000000000     
   19174.129528232927       -413.28265190027486        0.0000000000000000     
   19182.397803148076       -413.32289046560021        0.0000000000000000     
   19190.666078063226       -413.38065077629108        0.0000000000000000     
   19198.934352978376       -413.46332769113906        0.0000000000000000     
   19207.202627893526       -413.57612265767489        0.0000000000000000     
   19215.470902808676       -413.72209800880336        0.0000000000000000     
   19223.739177723826       -413.90242048403081        0.0000000000000000     
   19232.007452638976       -414.11658646970176        0.0000000000000000     
   19240.275727554126       -414.36268752599699        0.0000000000000000     
   19248.544002469276       -414.63769938733577        0.0000000000000000     
   19256.812277384426       -414.93769162242103        0.0000000000000000     
   19265.080552299576       -415.25804013096706        0.0000000000000000     
   19273.348827214726       -415.59361900693921        0.0000000000000000     
   19281.617102129876       -415.93893276275207        0.0000000000000000     
   19289.885377045026       -416.28829938407910        0.0000000000000000     
   19298.153651960176       -416.63593859082283        0.0000000000000000     
   19306.421926875326       -416.97612572575218        0.0000000000000000     
   19314.690201790476       -417.30332366000636        0.0000000000000000     
   19322.958476705626       -417.61229599169457        0.0000000000000000     
   19331.226751620776       -417.89827893860439        0.0000000000000000     
   19339.495026535926       -418.15714820990138        0.0000000000000000     
   19347.763301451076       -418.38562380847327        0.0000000000000000     
   19356.031576366226       -418.58148793153242        0.0000000000000000     
   19364.299851281376       -418.74383805224397        0.0000000000000000     
   19372.568126196526       -418.87334329026856        0.0000000000000000     
   19380.836401111676       -418.97250690407560        0.0000000000000000     
   19389.104676026825       -419.04587911625680        0.0000000000000000     
   19397.372950941975       -419.10017037596435        0.0000000000000000     
   19405.641225857125       -419.14418051197407        0.0000000000000000     
   19413.909500772275       -419.18847052757621        0.0000000000000000     
   19422.177775687425       -419.24470123344196        0.0000000000000000     
   19430.446050602575       -419.32447278699885        0.0000000000000000     
   19438.714325517725       -419.43785083257427        0.0000000000000000     
   19446.982600432875       -419.59159083806270        0.0000000000000000     
   19455.250875348025       -419.78743495692521        0.0000000000000000     
   19463.519150263175       -420.02101593556677        0.0000000000000000     
   19471.787425178325       -420.28171499187800        0.0000000000000000     
   19480.055700093475       -420.55396077858643        0.0000000000000000     
   19488.323975008625       -420.81969021746357        0.0000000000000000     
   19496.592249923775       -421.06153360784077        0.0000000000000000     
   19504.860524838925       -421.26585033325642        0.0000000000000000     
   19513.128799754075       -421.42483688672894        0.0000000000000000     
   19521.397074669225       -421.53728660778836        0.0000000000000000     
   19529.665349584375       -421.60802639803893        0.0000000000000000     
   19537.933624499525       -421.64645007002775        0.0000000000000000     
   19546.201899414675       -421.66465493777400        0.0000000000000000     
   19554.470174329825       -421.67564083192576        0.0000000000000000     
   19562.738449244975       -421.69185421288364        0.0000000000000000     
   19571.006724160125       -421.72414290495738        0.0000000000000000     
   19579.274999075275       -421.78120745221088        0.0000000000000000     
   19587.543273990424       -421.86933526009398        0.0000000000000000     
   19595.811548905574       -421.99243381731162        0.0000000000000000     
   19604.079823820724       -422.15220500096001        0.0000000000000000     
   19612.348098735874       -422.34839601318697        0.0000000000000000     
   19620.616373651024       -422.57912270772044        0.0000000000000000     
   19628.884648566174       -422.84112083615645        0.0000000000000000     
   19637.152923481324       -423.13006810025183        0.0000000000000000     
   19645.421198396474       -423.44080154810939        0.0000000000000000     
   19653.689473311624       -423.76756334845095        0.0000000000000000     
   19661.957748226774       -424.10418636968598        0.0000000000000000     
   19670.226023141924       -424.44428906153496        0.0000000000000000     
   19678.494298057074       -424.78144219493504        0.0000000000000000     
   19686.762572972224       -425.10932819846238        0.0000000000000000     
   19695.030847887374       -425.42194698258538        0.0000000000000000     
   19703.299122802524       -425.71376478454295        0.0000000000000000     
   19711.567397717674       -425.97995825820755        0.0000000000000000     
   19719.835672632824       -426.21664863872434        0.0000000000000000     
   19728.103947547974       -426.42115082489363        0.0000000000000000     
   19736.372222463124       -426.59229989569320        0.0000000000000000     
   19744.640497378274       -426.73074634740004        0.0000000000000000     
   19752.908772293424       -426.83924323995109        0.0000000000000000     
   19761.177047208574       -426.92290411997345        0.0000000000000000     
   19769.445322123724       -426.98927406549694        0.0000000000000000     
   19777.713597038874       -427.04822708243660        0.0000000000000000     
   19785.981871954024       -427.11148423543943        0.0000000000000000     
   19794.250146869173       -427.19170788742196        0.0000000000000000     
   19802.518421784323       -427.30110941451261        0.0000000000000000     
   19810.786696699473       -427.44958380260687        0.0000000000000000     
   19819.054971614623       -427.64272873081535        0.0000000000000000     
   19827.323246529773       -427.88007857692088        0.0000000000000000     
   19835.591521444923       -428.15419248249634        0.0000000000000000     
   19843.859796360073       -428.45113525011567        0.0000000000000000     
   19852.128071275223       -428.75245811128457        0.0000000000000000     
   19860.396346190373       -429.03838274002823        0.0000000000000000     
   19868.664621105523       -429.29137341880005        0.0000000000000000     
   19876.932896020673       -429.49908763630947        0.0000000000000000     
   19885.201170935823       -429.65599685204506        0.0000000000000000     
   19893.469445850973       -429.76348191169882        0.0000000000000000     
   19901.737720766123       -429.82864351939440        0.0000000000000000     
   19910.005995681273       -429.86243001585376        0.0000000000000000     
   19918.274270596423       -429.87762455376605        0.0000000000000000     
   19926.542545511573       -429.88712919061925        0.0000000000000000     
   19934.810820426723       -429.90266012012074        0.0000000000000000     
   19943.079095341873       -429.93401690590912        0.0000000000000000     
   19951.347370257023       -429.98871732882259        0.0000000000000000     
   19959.615645172173       -430.07194744950112        0.0000000000000000     
   19967.883920087323       -430.18673322509659        0.0000000000000000     
   19976.152195002473       -430.33421084430847        0.0000000000000000     
   19984.420469917623       -430.51391087958240        0.0000000000000000     
   19992.688744832772       -430.72405705139573        0.0000000000000000     
   20000.957019747922       -430.96184746631457        0.0000000000000000     
   20009.225294663072       -431.22365869364057        0.0000000000000000     
   20017.493569578222       -431.50527351348615        0.0000000000000000     
   20025.761844493372       -431.80200349532828        0.0000000000000000     
   20034.030119408522       -432.10885125200616        0.0000000000000000     
   20042.298394323672       -432.42061756469849        0.0000000000000000     
   20050.566669238822       -432.73202399136329        0.0000000000000000     
   20058.834944153972       -433.03781372730015        0.0000000000000000     
   20067.103219069122       -433.33290023757877        0.0000000000000000     
   20075.371493984272       -433.61248431380193        0.0000000000000000     
   20083.639768899422       -433.87222470227334        0.0000000000000000     
   20091.908043814572       -434.10845538887202        0.0000000000000000     
   20100.176318729722       -434.31835079139682        0.0000000000000000     
   20108.444593644872       -434.50021878487337        0.0000000000000000     
   20116.712868560022       -434.65374274418764        0.0000000000000000     
   20124.981143475172       -434.78024498469819        0.0000000000000000     
   20133.249418390322       -434.88293751142186        0.0000000000000000     
   20141.517693305472       -434.96709188248008        0.0000000000000000     
   20149.785968220622       -435.04009156875219        0.0000000000000000     
   20158.054243135772       -435.11126476442814        0.0000000000000000     
   20166.322518050922       -435.19138675029586        0.0000000000000000     
   20174.590792966072       -435.29186956063995        0.0000000000000000     
   20182.859067881222       -435.42346006378745        0.0000000000000000     
   20191.127342796372       -435.59466110871995        0.0000000000000000     
   20199.395617711521       -435.80998372829936        0.0000000000000000     
   20207.663892626671       -436.06847054945257        0.0000000000000000     
   20215.932167541821       -436.36290183433368        0.0000000000000000     
   20224.200442456971       -436.68018269043978        0.0000000000000000     
   20232.468717372121       -437.00302822407753        0.0000000000000000     
   20240.736992287271       -437.31266423194035        0.0000000000000000     
   20249.005267202421       -437.59199583318775        0.0000000000000000     
   20257.273542117571       -437.82830763673456        0.0000000000000000     
   20265.541817032721       -438.01493176110910        0.0000000000000000     
   20273.810091947871       -438.15160515281644        0.0000000000000000     
   20282.078366863021       -438.24366243844105        0.0000000000000000     
   20290.346641778171       -438.30049650445267        0.0000000000000000     
   20298.614916693321       -438.33375522179239        0.0000000000000000     
   20306.883191608471       -438.35573955429737        0.0000000000000000     
   20315.151466523621       -438.37808524753200        0.0000000000000000     
   20323.419741438771       -438.41093621024299        0.0000000000000000     
   20331.688016353921       -438.46246739924879        0.0000000000000000     
   20339.956291269071       -438.53872593157325        0.0000000000000000     
   20348.224566184221       -438.64366137218235        0.0000000000000000     
   20356.492841099371       -438.77932389052938        0.0000000000000000     
   20364.761116014521       -438.94607912896311        0.0000000000000000     
   20373.029390929671       -439.14287235049795        0.0000000000000000     
   20381.297665844821       -439.36745841444770        0.0000000000000000     
   20389.565940759971       -439.61660235991150        0.0000000000000000     
   20397.834215675121       -439.88630035321330        0.0000000000000000     
   20406.102490590270       -440.17192403186499        0.0000000000000000     
   20414.370765505420       -440.46838248831847        0.0000000000000000     
   20422.639040420570       -440.77024792533030        0.0000000000000000     
   20430.907315335720       -441.07190683533946        0.0000000000000000     
   20439.175590250870       -441.36769121567619        0.0000000000000000     
   20447.443865166020       -441.65204309174396        0.0000000000000000     
   20455.712140081170       -441.91967437444646        0.0000000000000000     
   20463.980414996320       -442.16579983845401        0.0000000000000000     
   20472.248689911470       -442.38632921327064        0.0000000000000000     
   20480.516964826620       -442.57818402286171        0.0000000000000000     
   20488.785239741770       -442.73957166788995        0.0000000000000000     
   20497.053514656920       -442.87031705781908        0.0000000000000000     
   20505.321789572070       -442.97219615363753        0.0000000000000000     
   20513.590064487220       -443.04923045459788        0.0000000000000000     
   20521.858339402370       -443.10786446501578        0.0000000000000000     
   20530.126614317520       -443.15700218860911        0.0000000000000000     
   20538.394889232670       -443.20771361173593        0.0000000000000000     
   20546.663164147820       -443.27255757509442        0.0000000000000000     
   20554.931439062970       -443.36440989327076        0.0000000000000000     
   20563.199713978120       -443.49482694827873        0.0000000000000000     
   20571.467988893270       -443.67204417602773        0.0000000000000000     
   20579.736263808420       -443.89900624666035        0.0000000000000000     
   20588.004538723570       -444.17198567693970        0.0000000000000000     
   20596.272813638720       -444.48027900460426        0.0000000000000000     
   20604.541088553869       -444.80745115101928        0.0000000000000000     
   20612.809363469019       -445.13401016933182        0.0000000000000000     
   20621.077638384169       -445.44085208817330        0.0000000000000000     
   20629.345913299319       -445.71255924974395        0.0000000000000000     
   20637.614188214469       -445.93971954248684        0.0000000000000000     
   20645.882463129619       -446.11968175171796        0.0000000000000000     
   20654.150738044769       -446.25591253054381        0.0000000000000000     
   20662.419012959919       -446.35642322099551        0.0000000000000000     
