   0.0000000000000000        0.0000000000000000        679.25454484050681        35.915196381473812     
   4.8377685079999987E-005   3.0396596009001699E-004  -14.443801011371033       -40.418171547715502     
   9.6755370159999973E-005   6.0793192018003398E-004  -18.254352410198852       -8.9598698293146857     
   1.4513305523999995E-004   9.1189788027005092E-004  -9.5141092103707248       -8.8214184945189142     
   1.9351074031999995E-004   1.2158638403600680E-003  -14.368866099357268       -9.6245125663256648     
   2.4188842539999992E-004   1.5198298004500850E-003  -8.1311252687329159       -8.6004734699827381     
   2.9026611047999989E-004   1.8237957605401018E-003  -21.801707184686833       -17.185590338317638     
   3.3864379555999989E-004   2.1277617206301191E-003  -12.296552294264073       -32.287362109419618     
   3.8702148063999989E-004   2.4317276807201359E-003  -1.5571779688121536        2.6530410136166154     
   4.3539916571999984E-004   2.7356936408101527E-003 -0.30212369168939396        3.3974226599452391     
   4.8377685079999984E-004   3.0396596009001700E-003 -0.45134108214583973       -1.5732295197974584     
   5.3215453587999984E-004   3.3436255609901868E-003  -2.5188667493790593       -2.0673032091892680     
   5.8053222095999979E-004   3.6475915210802037E-003  -2.7152695264794908       -1.7860166171226979     
   6.2890990603999973E-004   3.9515574811702205E-003  -3.3482416094280429       -2.5770666499689026     
   6.7728759111999979E-004   4.2555234412602382E-003  -2.8282073490050714       -4.7858302079652200     
   7.2566527619999973E-004   4.5594894013502550E-003  -7.2070939699447800      -0.50481812613752941     
   7.7404296127999979E-004   4.8634553614402718E-003  -6.9710240712238143       -4.1967829107473245     
   8.2242064635999973E-004   5.1674213215302887E-003   5.0656430728551367       -3.0330830358203955     
   8.7079833143999968E-004   5.4713872816203055E-003  0.82106020773006927       -4.2352316556089500     
   9.1917601651999973E-004   5.7753532417103232E-003 -0.69553519348347637       -4.0654262955409113     
   9.6755370159999968E-004   6.0793192018003400E-003 -0.73480503690515764       -5.4516200456038231     
   1.0159313866799997E-003   6.3832851618903568E-003  -1.7054765738174835       -5.8590509606782613     
   1.0643090717599997E-003   6.6872511219803737E-003  0.66225704580075528       -9.1466811857575472     
   1.1126867568399996E-003   6.9912170820703905E-003   10.025006111696385       -6.5029892304240766     
   1.1610644419199996E-003   7.2951830421604073E-003  -46.326326443092292        25.501676442027762     
   1.2094421269999995E-003   7.5991490022504242E-003  -5.6814204830381296        2.0793023971401894     
   1.2578198120799995E-003   7.9031149623404410E-003  -5.0910097876858593       -1.8703537107079602     
   1.3061974971599996E-003   8.2070809224304587E-003  -4.6432506607717201       -3.8531371024747210     
   1.3545751822399996E-003   8.5110468825204764E-003  -11.525105465261941       -1.0178938810212437     
   1.4029528673199995E-003   8.8150128426104923E-003  -6.6801347546385292       -4.2924018350260846     
   1.4513305523999995E-003   9.1189788027005100E-003  -42.026077017761821       -4.7696063085806450     
   1.4997082374799994E-003   9.4229447627905260E-003  -57.358019758511617       -30.287410652277700     
   1.5480859225599996E-003   9.7269107228805437E-003  -3.0023459910188834       -6.0970095952404622     
   1.5964636076399995E-003   1.0030876682970561E-002   6.2871320835267994       -2.7952843252629775     
   1.6448412927199995E-003   1.0334842643060577E-002   1.4611080236052703       -5.0175255314260996     
   1.6932189777999994E-003   1.0638808603150595E-002  0.29314331338480515       -5.0852922950144093     
   1.7415966628799994E-003   1.0942774563240611E-002  -9.8794990998804219E-002  -3.2118124833079946     
   1.7899743479599993E-003   1.1246740523330627E-002  0.49295597534018570       -3.9306412907330350     
   1.8383520330399995E-003   1.1550706483420646E-002  -4.5946022917752689       -9.6862916290088812     
   1.8867297181199994E-003   1.1854672443510662E-002   6.6192887230531019        2.7606061245767153     
   1.9351074031999994E-003   1.2158638403600680E-002   6.5432689784285536       -1.4095592723469808     
   1.9834850882799993E-003   1.2462604363690696E-002 -0.64783177869761110       -5.2637082514922939     
   2.0318627733599995E-003   1.2766570323780714E-002  0.67924315682210912       -6.1022697410821127     
   2.0802404584399992E-003   1.3070536283870730E-002   1.0365817448128787       -5.4369537340049314     
   2.1286181435199994E-003   1.3374502243960747E-002   1.6105183078623579       -7.6835206222970180     
   2.1769958285999991E-003   1.3678468204050763E-002   2.3308607757077304       -9.1798465492592776     
   2.2253735136799993E-003   1.3982434164140781E-002   5.9279223995585051       -13.725505932377425     
   2.2737511987599994E-003   1.4286400124230799E-002   16.328076848354609       -34.485671528794683     
   2.3221288838399991E-003   1.4590366084320815E-002  -40.277013026355782        59.987449958202234     
   2.3705065689199993E-003   1.4894332044410832E-002  -8.4669302712033918        11.306193244374615     
   2.4188842539999990E-003   1.5198298004500848E-002  -3.9527257635832065        5.0108810356376745     
   2.4672619390799992E-003   1.5502263964590866E-002  -1.7105405438170769       -2.8457505212214960     
   2.5156396241599989E-003   1.5806229924680882E-002  -6.9659177794689864        8.9721693565894665     
   2.5640173092399991E-003   1.6110195884770900E-002   4.0173767875960822       -5.4101861083593166     
   2.6123949943199993E-003   1.6414161844860917E-002  -47.726433971811694        38.452036075436979     
   2.6607726793999990E-003   1.6718127804950935E-002  -124.80872722070855        19.439174492549874     
   2.7091503644799991E-003   1.7022093765040953E-002  -31.366795927964564        13.333650128264294     
   2.7575280495599989E-003   1.7326059725130967E-002  -4.7656194929452820        3.0203583899941591     
   2.8059057346399990E-003   1.7630025685220985E-002  -9.1838745998529632       -2.3262506049130471     
   2.8542834197199992E-003   1.7933991645311002E-002  -9.9792815391372667       -2.1809054776626753     
   2.9026611047999989E-003   1.8237957605401020E-002  -9.0358520425644890       0.28215598558923488     
   2.9510387898799991E-003   1.8541923565491038E-002  -6.7952532294439090       -1.1347772051158853     
   2.9994164749599988E-003   1.8845889525581052E-002  -32.723157819910043       -8.4077361697670359     
   3.0477941600399990E-003   1.9149855485671070E-002   9.3505951506470364        3.0041349567290569     
   3.0961718451199991E-003   1.9453821445761087E-002   7.4414275095116258       -1.7051140567174108     
   3.1445495301999989E-003   1.9757787405851105E-002   7.2883464734520745E-002   5.4926907201323953E-003
   3.1929272152799990E-003   2.0061753365941123E-002 -0.68745694037499483       -1.1507702266219906     
   3.2413049003599988E-003   2.0365719326031137E-002  0.31307454216287706        1.3393625297244935     
   3.2896825854399989E-003   2.0669685286121155E-002 -0.37390452646851452       0.31897756638632452     
   3.3380602705199987E-003   2.0973651246211169E-002 -0.19998769860003504       0.44916108542572847     
   3.3864379555999988E-003   2.1277617206301190E-002  -1.7891806601490203        1.0154605679594170E-002
   3.4348156406799990E-003   2.1581583166391208E-002  -4.0047892665552238        1.7226052748374765     
   3.4831933257599987E-003   2.1885549126481222E-002   1.5524528007332941       -3.5211195848244841     
   3.5315710108399989E-003   2.2189515086571240E-002 -0.52847493743398632       -1.5771302353789878     
   3.5799486959199986E-003   2.2493481046661254E-002 -0.97357333013180358       -1.2757651887959063     
   3.6283263809999988E-003   2.2797447006751275E-002  -1.3182348972872482      -0.46848200421354286     
   3.6767040660799989E-003   2.3101412966841293E-002  -1.8002400624556569       -1.3633505507385664     
   3.7250817511599987E-003   2.3405378926931307E-002  -4.5207488234083417      -0.10575221090854739     
   3.7734594362399988E-003   2.3709344887021325E-002  -2.1449634576876728       -5.8856323546074947     
   3.8218371213199986E-003   2.4013310847111342E-002   5.8195293350669344       -9.5667815900776922     
   3.8702148063999987E-003   2.4317276807201360E-002   3.4790045704388941       -5.5931946544737761     
   3.9185924914799984E-003   2.4621242767291374E-002 -0.27484752061034962       -3.0247113405824346     
   3.9669701765599986E-003   2.4925208727381392E-002 -0.52383897900840581       -1.4406951132323897     
   4.0153478616399988E-003   2.5229174687471410E-002  -1.1801755679648920       -2.3100793557217303     
   4.0637255467199989E-003   2.5533140647561427E-002  -9.6375186164965641        5.5832517340615491     
   4.1121032317999982E-003   2.5837106607651442E-002  -4.9310351121156364      -0.83887378699511705     
   4.1604809168799984E-003   2.6141072567741459E-002  -75.527333768826495        13.011146480732679     
   4.2088586019599986E-003   2.6445038527831477E-002   8.1621509153141574      -0.27915988820926507     
   4.2572362870399987E-003   2.6749004487921495E-002   11.705865910398501       -7.3695800638917746     
   4.3056139721199989E-003   2.7052970448011512E-002   1.1819776722122548       -3.2528668286271225     
   4.3539916571999982E-003   2.7356936408101527E-002  -1.0428267874592414       -4.4887152246262412     
   4.4023693422799983E-003   2.7660902368191544E-002   3.7385581596826638      -0.76138111655056528     
   4.4507470273599985E-003   2.7964868328281562E-002   2.8363613243963193       -1.3512025414433466     
   4.4991247124399987E-003   2.8268834288371580E-002   4.5000128448703407       -1.5201625169430191     
   4.5475023975199988E-003   2.8572800248461597E-002  0.42949217501094711       0.20583806801699780     
   4.5958800825999981E-003   2.8876766208551612E-002   3.7252465846524916        2.0720774827738047     
   4.6442577676799983E-003   2.9180732168641629E-002  -1.3685071240730715       -3.7247987620259808     
   4.6926354527599985E-003   2.9484698128731647E-002  0.36863405185120285       -2.3703891846107612     
   4.7410131378399986E-003   2.9788664088821665E-002  0.49514217744784289       -1.8180121310269242     
   4.7893908229199988E-003   3.0092630048911682E-002   1.8302748802869202      -0.79072140963497184     
   4.8377685079999981E-003   3.0396596009001697E-002   1.0767531314825232       -1.6932798884036733     
   4.8861461930799982E-003   3.0700561969091714E-002   2.9070549516718618        2.5669516166001851     
   4.9345238781599984E-003   3.1004527929181732E-002   3.3146487856406064       -4.0691950402332022     
   4.9829015632399986E-003   3.1308493889271753E-002  -8.1935191428448242       -13.891729225840921     
   5.0312792483199979E-003   3.1612459849361764E-002  -2.2048534361641816       -9.5443956445482367     
   5.0796569333999980E-003   3.1916425809451782E-002 -0.15611513475192915       -6.9969238301852954     
   5.1280346184799982E-003   3.2220391769541799E-002   1.7307057319828072       -5.9441923781866173     
   5.1764123035599983E-003   3.2524357729631817E-002  0.66961898042623613       -11.120090695023277     
   5.2247899886399985E-003   3.2828323689721835E-002  -1.2084924101021788        11.008317014931286     
   5.2731676737199978E-003   3.3132289649811845E-002   6.7145705549770600       -10.630148283278565     
   5.3215453587999980E-003   3.3436255609901870E-002  -98.919167969826674        111.31840304557755     
   5.3699230438799981E-003   3.3740221569991888E-002  -1.7836376711956072        11.394255473837951     
   5.4183007289599983E-003   3.4044187530081906E-002   5.0995163248189233       -11.572901789594528     
   5.4666784140399985E-003   3.4348153490171923E-002  -3.7656066371444044       -1.7293588276756462     
   5.5150560991199978E-003   3.4652119450261934E-002  -9.5660122717678533      -0.96880894423089625     
   5.5634337841999979E-003   3.4956085410351952E-002   1.4030394953857659       -2.4422325228308348     
   5.6118114692799981E-003   3.5260051370441969E-002   1.1594715476548749       -2.7134549071031899     
   5.6601891543599982E-003   3.5564017330531987E-002   4.8306799722316489       -7.2953109852529625     
   5.7085668394399984E-003   3.5867983290622005E-002 -0.90784472166127816       0.99762752647323649     
   5.7569445245199977E-003   3.6171949250712016E-002  -3.6828002791134351E-002  -1.5786165662150204     
   5.8053222095999979E-003   3.6475915210802040E-002  -1.7490581428505481       0.99408402619857805     
   5.8536998946799980E-003   3.6779881170892058E-002  -1.0863114333762089       -3.0141526825667824E-002
   5.9020775797599982E-003   3.7083847130982076E-002  -1.0551492915425014      -0.47543569709782535     
   5.9504552648399983E-003   3.7387813091072093E-002  -1.0682248187117380      -0.77735865448867258     
   5.9988329499199976E-003   3.7691779051162104E-002 -0.50918880364522923      -0.64723633092179367     
   6.0472106349999978E-003   3.7995745011252122E-002 -0.53590076303677847       -1.8686354693591101     
   6.0955883200799980E-003   3.8299710971342139E-002   2.8512537527066159E-002  -1.3685385686626768     
   6.1439660051599981E-003   3.8603676931432157E-002 -0.55542358890816645      -0.34283255355341424     
   6.1923436902399983E-003   3.8907642891522175E-002 -0.39210228093533661        4.3659495884584613E-002
   6.2407213753199976E-003   3.9211608851612186E-002 -0.10304560356593175      -0.54562221787327725     
   6.2890990603999978E-003   3.9515574811702210E-002 -0.20824510196043394      -0.18477903499678069     
   6.3374767454799979E-003   3.9819540771792228E-002  0.73445553887250548       -4.1155150632935691E-002
   6.3858544305599981E-003   4.0123506731882246E-002  -1.4282986067185146      -0.74871169296785667     
   6.4342321156399974E-003   4.0427472691972256E-002  0.45672800964310373        2.0603073409200792     
   6.4826098007199975E-003   4.0731438652062274E-002  -5.0690554760387077       -12.890002629782838     
   6.5309874857999977E-003   4.1035404612152292E-002  -2.1371971159981591       -2.6924554239942000     
   6.5793651708799979E-003   4.1339370572242309E-002  -3.9707242689754989       -2.9146757016704288     
   6.6277428559599980E-003   4.1643336532332327E-002  -1.5528124876595490       -1.9467137753618347     
   6.6761205410399973E-003   4.1947302492422338E-002 -0.39298529185026421       -4.2123151827300678     
   6.7244982261199975E-003   4.2251268452512362E-002  -3.4604053099942562       -5.5244812296650565     
   6.7728759111999976E-003   4.2555234412602380E-002   1.2927729374108181       -6.4208523353135556     
   6.8212535962799978E-003   4.2859200372692398E-002  -1.0331379218555143       -22.060401561333055     
   6.8696312813599980E-003   4.3163166332782416E-002  0.41069525318575034      -0.95104147104130676     
   6.9180089664399973E-003   4.3467132292872426E-002  0.76051500342964429       -2.9431179096719045     
   6.9663866515199974E-003   4.3771098252962444E-002 -0.36506193477173804       0.71576613411390577     
   7.0147643365999976E-003   4.4075064213052462E-002 -0.12432038414366543      -0.10713852083024686     
   7.0631420216799978E-003   4.4379030173142479E-002 -0.39827706205195279      -0.18101855242194434     
   7.1115197067599979E-003   4.4682996133232497E-002 -0.86871764146087804        8.4870701945395560E-002
   7.1598973918399972E-003   4.4986962093322508E-002  0.66726207435324325        4.3264446431605937E-002
   7.2082750769199974E-003   4.5290928053412532E-002  -1.6778679119159432      -0.45789698128965539     
   7.2566527619999975E-003   4.5594894013502550E-002  -1.2419685888872458       0.88556703358359012     
   7.3050304470799977E-003   4.5898859973592568E-002  0.32567456992738153       -1.1727136063090031     
   7.3534081321599979E-003   4.6202825933682586E-002  0.51435964724725347      -0.43986677111405881     
   7.4017858172399972E-003   4.6506791893772596E-002  0.44485607181350351       -3.2673718732583804E-002
   7.4501635023199973E-003   4.6810757853862614E-002  0.52054840029420446       0.84081200961166758     
   7.4985411873999975E-003   4.7114723813952632E-002   2.2915432628941454        1.7904416729107631     
   7.5469188724799977E-003   4.7418689774042649E-002 -0.41462023168168305        1.5842767996300331     
   7.5952965575599978E-003   4.7722655734132667E-002   4.2969419081535856        7.7391667750780648     
   7.6436742426399971E-003   4.8026621694222685E-002  -6.6657540719941650       -18.192253447108733     
   7.6920519277199973E-003   4.8330587654312702E-002  -2.7109816899475039       -6.2164703412193969     
   7.7404296127999974E-003   4.8634553614402720E-002 -0.27045786579927805       -2.7705547652562164     
   7.7888072978799976E-003   4.8938519574492738E-002  -7.0604207802597380E-002  -1.1437381744347956     
   7.8371849829599969E-003   4.9242485534582749E-002  0.99681747476391613       -4.4555448273113472     
   7.8855626680399971E-003   4.9546451494672766E-002  -6.5644230418539733       -1.9151076375653975     
   7.9339403531199972E-003   4.9850417454762784E-002 -0.85651249177566513       -7.3545818509020915     
   7.9823180381999974E-003   5.0154383414852802E-002  -25.878894745084747       -29.291264569681150     
   8.0306957232799975E-003   5.0458349374942819E-002  -4.6989550502568331       -7.5981273231875139     
   8.0790734083599977E-003   5.0762315335032837E-002  -6.7267620587953152       -9.0752553701013028     
   8.1274510934399979E-003   5.1066281295122855E-002 -0.51803100440432537       -2.9384450898407963     
   8.1758287785199980E-003   5.1370247255212872E-002 -0.18402694336747810       -3.4404810976161619     
   8.2242064635999965E-003   5.1674213215302883E-002 -0.39015801468546563       -3.2451119801307060     
   8.2725841486799966E-003   5.1978179175392901E-002 -0.74821686146235611       -1.6157084569813480     
   8.3209618337599968E-003   5.2282145135482919E-002   2.6372652902022931       -3.8148799638939237     
   8.3693395188399970E-003   5.2586111095572936E-002  -2.2835800275618086       -1.6547709809712778     
   8.4177172039199971E-003   5.2890077055662954E-002  -1.3547621645622101      -0.97336159101226261     
   8.4660948889999973E-003   5.3194043015752972E-002  -1.8210174382123718       -2.3254827452490083     
   8.5144725740799974E-003   5.3498008975842989E-002  -1.3849247550565285       -2.2680591609392082     
   8.5628502591599976E-003   5.3801974935933007E-002  -1.7347968259496644       -2.0529955726182378     
   8.6112279442399978E-003   5.4105940896023025E-002  -1.5478828003544622       -2.0537583652540605     
   8.6596056293199962E-003   5.4409906856113036E-002  -1.6612652612498540       -1.8787490694363704     
   8.7079833143999964E-003   5.4713872816203053E-002  -1.2270311125871785       -2.1190767514273423     
   8.7563609994799965E-003   5.5017838776293071E-002  -1.7096906371441349       -2.2558928730498082     
   8.8047386845599967E-003   5.5321804736383089E-002 -0.67473483330124728       -1.4406574903023865     
   8.8531163696399968E-003   5.5625770696473106E-002  -1.2537449808492493       -1.4964350074287533     
   8.9014940547199970E-003   5.5929736656563124E-002 -0.76869262945131778       -1.9482012317299373     
   8.9498717397999972E-003   5.6233702616653142E-002  -1.2751262119519080       -1.8874794710068208     
   8.9982494248799973E-003   5.6537668576743159E-002  -1.0668949785137412       -1.3577135331907928     
   9.0466271099599975E-003   5.6841634536833177E-002 -0.87115720007133746       -2.7355643987535645     
   9.0950047950399977E-003   5.7145600496923195E-002  -1.0239433373523650       -1.1739381325584057     
   9.1433824801199961E-003   5.7449566457013206E-002   3.2844638283874867       -3.2857979781779076     
   9.1917601651999963E-003   5.7753532417103223E-002   4.2671198148079383E-002  -1.4742833923804071     
   9.2401378502799964E-003   5.8057498377193241E-002  0.60972738992341802       -2.6137523067297441     
   9.2885155353599966E-003   5.8361464337283259E-002 -0.61579677821644729       -2.0829371388518432     
   9.3368932204399967E-003   5.8665430297373276E-002 -0.17316697687677660       -1.3734527303954411     
   9.3852709055199969E-003   5.8969396257463294E-002  -4.5651611859373227E-002  -4.7198244483202911     
   9.4336485905999971E-003   5.9273362217553312E-002  0.20822814756858424       -2.1035385217180900     
   9.4820262756799972E-003   5.9577328177643329E-002   6.4842268755016645       -10.199887310881962     
   9.5304039607599974E-003   5.9881294137733347E-002 -0.92795800341024037       -1.6945753542231949     
   9.5787816458399976E-003   6.0185260097823365E-002  0.26904692077564907       0.28481607107402412     
   9.6271593309199960E-003   6.0489226057913376E-002 -0.91328525862392562       -1.5188105775055767     
   9.6755370159999961E-003   6.0793192018003393E-002 -0.37351588795583229       -1.9243790327988988     
   9.7239147010799963E-003   6.1097157978093411E-002  -1.2221727120716772       -1.2715111875125418     
   9.7722923861599965E-003   6.1401123938183429E-002  -1.2478540226928008       -1.3974291107587713     
   9.8206700712399966E-003   6.1705089898273446E-002  -1.4022785961776789      -0.79771668453439926     
   9.8690477563199968E-003   6.2009055858363464E-002  -1.2540333188207784       -1.8634907725057055     
   9.9174254413999970E-003   6.2313021818453482E-002  -2.5051925109514528       -1.4725954428286698     
   9.9658031264799971E-003   6.2616987778543506E-002 -0.12824057854636339       -1.4838904040856971     
   1.0014180811559997E-002   6.2920953738633517E-002 -0.61047653240730582       -1.3298618311448889     
   1.0062558496639996E-002   6.3224919698723528E-002 -0.85713123582964212       -1.1331738046321151     
   1.0110936181719996E-002   6.3528885658813539E-002  -1.3919369191822757       -1.0403092101179514     
   1.0159313866799996E-002   6.3832851618903563E-002  -1.3137882417768880      -0.12609138093545916     
   1.0207691551879996E-002   6.4136817578993588E-002  -1.6428502860460663       -1.5717214680897071     
   1.0256069236959996E-002   6.4440783539083599E-002  -2.4621561853858513       0.77390401958830013     
   1.0304446922039997E-002   6.4744749499173623E-002   4.4497939698023936       -4.4621434872211765     
   1.0352824607119997E-002   6.5048715459263634E-002   1.2148016762212310       -2.1759598975635548     
   1.0401202292199997E-002   6.5352681419353659E-002   1.8742251525470783       -1.5556854943659288     
   1.0449579977279997E-002   6.5656647379443669E-002  -8.8315177088378091E-002  -1.0670941177312123     
   1.0497957662359997E-002   6.5960613339533694E-002   1.5807383522812681      -0.36216635688687676     
   1.0546335347439996E-002   6.6264579299623691E-002  -2.6823014592503043       -4.8639832708052664     
   1.0594713032519996E-002   6.6568545259713716E-002  0.55015634224785825      -0.85129482701369563     
   1.0643090717599996E-002   6.6872511219803740E-002  -1.4246344403305899       -22.315400202098548     
   1.0691468402679996E-002   6.7176477179893751E-002  -1.2129071697368528       -5.2315549080808132     
   1.0739846087759996E-002   6.7480443139983776E-002   2.1270218478447487       -2.7110923886655796     
   1.0788223772839996E-002   6.7784409100073786E-002  0.31555658635725520       -2.5217327933721023     
   1.0836601457919997E-002   6.8088375060163811E-002  0.35232728142459308       -3.7353927014025858     
   1.0884979142999997E-002   6.8392341020253822E-002   2.3413105303814154E-002  -1.8267045320502460     
   1.0933356828079997E-002   6.8696306980343846E-002 -0.35418487088436085       -1.8333404276212586     
   1.0981734513159997E-002   6.9000272940433857E-002  0.55753965218683554      -0.50234401043216093     
   1.1030112198239996E-002   6.9304238900523868E-002 -0.64919656895090305       -2.3496238293427565     
   1.1078489883319996E-002   6.9608204860613879E-002 -0.76309173927590146       -1.8216687901257904     
   1.1126867568399996E-002   6.9912170820703903E-002 -0.59884819139650614       -2.4755171049016549     
   1.1175245253479996E-002   7.0216136780793928E-002 -0.59676278133584559       -2.2972952492513965     
   1.1223622938559996E-002   7.0520102740883939E-002 -0.57497389663366005       -2.2574842522366745     
   1.1272000623639996E-002   7.0824068700973963E-002 -0.50855946885124648       -2.2130926617652293     
   1.1320378308719996E-002   7.1128034661063974E-002 -0.61616202535100750       -2.2182267977577341     
   1.1368755993799997E-002   7.1432000621153999E-002 -0.36912695872668411       -2.0323858643588726     
   1.1417133678879997E-002   7.1735966581244009E-002 -0.55325111256078385       -2.1838443818638975     
   1.1465511363959995E-002   7.2039932541334020E-002 -0.53282080075734561       -1.6834123103531529     
   1.1513889049039995E-002   7.2343898501424031E-002 -0.72909219450671481       -1.9592341039189094     
   1.1562266734119996E-002   7.2647864461514056E-002 -0.57622641989198653       -1.6813936265967684     
   1.1610644419199996E-002   7.2951830421604080E-002 -0.63881801846713193       -1.9527658304899218     
   1.1659022104279996E-002   7.3255796381694091E-002 -0.97773877861972136       -1.6928563503178156     
   1.1707399789359996E-002   7.3559762341784116E-002 -0.10032166951704639       -2.1411998212949666     
   1.1755777474439996E-002   7.3863728301874126E-002  -1.1618563678217579       -1.9020240338223346     
   1.1804155159519996E-002   7.4167694261964151E-002   1.9464376363309712       -1.1942297039747689     
   1.1852532844599997E-002   7.4471660222054162E-002  -8.4151687123277502E-002  -1.8702417205088786     
   1.1900910529679997E-002   7.4775626182144186E-002  0.39398030147033763       -1.8095015607812064     
   1.1949288214759995E-002   7.5079592142234183E-002  -8.9889772815436475E-002  -2.0467835033252042     
   1.1997665899839995E-002   7.5383558102324208E-002 -0.12325245156403616       -1.5719169881924688     
   1.2046043584919995E-002   7.5687524062414233E-002   1.3393819460863694       -1.9996056463829184     
   1.2094421269999996E-002   7.5991490022504243E-002  0.19932504124378903       -1.4648897902107418     
   1.2142798955079996E-002   7.6295455982594268E-002   4.0672998885766418       0.19781115670626895     
   1.2191176640159996E-002   7.6599421942684279E-002  -7.0557801776182164E-002  -1.7203650884191051     
   1.2239554325239996E-002   7.6903387902774303E-002 -0.27228015016392348      -0.86185256336715588     
   1.2287932010319996E-002   7.7207353862864314E-002 -0.52525841219255276       -1.9363006860720893     
   1.2336309695399996E-002   7.7511319822954339E-002 -0.41290196636291732       -1.7891694076841977     
   1.2384687380479997E-002   7.7815285783044350E-002 -0.58241129051685603       -1.8982349105461944     
   1.2433065065559995E-002   7.8119251743134360E-002 -0.52625975584599005       -1.9828505959208080     
   1.2481442750639995E-002   7.8423217703224371E-002 -0.82314480744207907       -1.9561175392227641     
   1.2529820435719995E-002   7.8727183663314396E-002 -0.35241386089183213       -2.0361245966683286     
   1.2578198120799996E-002   7.9031149623404420E-002 -0.75752662545405913       -2.4366444638308233     
   1.2626575805879996E-002   7.9335115583494431E-002 -0.36769578289681087       -1.5196020049037307     
   1.2674953490959996E-002   7.9639081543584456E-002 -0.53126349761761960       -1.6784512402240435     
   1.2723331176039996E-002   7.9943047503674466E-002 -0.73575322646549868       -1.5844652978033578     
   1.2771708861119996E-002   8.0247013463764491E-002 -0.84588036321414983       -1.8514330278503506     
   1.2820086546199996E-002   8.0550979423854502E-002  -1.4839794119542522       -1.5536330508099869     
   1.2868464231279995E-002   8.0854945383944513E-002 -0.54329274815306705       -2.0523230368865772     
   1.2916841916359995E-002   8.1158911344034523E-002  -2.2070635825077489       -2.0696084777145631     
   1.2965219601439995E-002   8.1462877304124548E-002   2.4462097177946300      -0.49910977689344582     
   1.3013597286519995E-002   8.1766843264214573E-002  0.62613195891234286       -1.3661355578962437     
   1.3061974971599995E-002   8.2070809224304583E-002   4.3417906457639398E-002 -0.72294769915881985     
   1.3110352656679996E-002   8.2374775184394608E-002 -0.45071315552734104       -1.5330430013435863     
   1.3158730341759996E-002   8.2678741144484619E-002 -0.34996245234023154      -0.53680152882846455     
   1.3207108026839996E-002   8.2982707104574643E-002  0.99504436389528927       -3.3272099802147190     
   1.3255485711919996E-002   8.3286673064664654E-002 -0.17243957402130983       -1.3890799788984993     
   1.3303863396999996E-002   8.3590639024754679E-002   7.6636169715756743       -4.8028784311273256     
   1.3352241082079995E-002   8.3894604984844676E-002   1.5276016087041360       -2.6008243624583409     
   1.3400618767159995E-002   8.4198570944934700E-002   2.1034650040107139       -1.6220308115748208     
   1.3448996452239995E-002   8.4502536905024725E-002  0.40356331436860271       -1.6658068875086356     
   1.3497374137319995E-002   8.4806502865114736E-002  0.54029164959965637       -1.6275999116891950     
   1.3545751822399995E-002   8.5110468825204760E-002  0.15499800760491853       -1.4784545462448027     
   1.3594129507479995E-002   8.5414434785294771E-002   5.2778604474059833E-002  -1.7161282641854967     
   1.3642507192559996E-002   8.5718400745384796E-002 -0.32658691330613038       -1.1517407345837702     
   1.3690884877639996E-002   8.6022366705474806E-002  0.14033158273494264       -1.8915948764544097     
   1.3739262562719996E-002   8.6326332665564831E-002 -0.13448520010356443       -1.8746178653130374     
   1.3787640247799996E-002   8.6630298625654842E-002  0.21153313000905291       -1.8946652743063950     
   1.3836017932879995E-002   8.6934264585744853E-002  0.15487470312825607       -1.8462556970592039     
   1.3884395617959995E-002   8.7238230545834877E-002  0.11742666999192151       -1.8775501901665237     
   1.3932773303039995E-002   8.7542196505924888E-002  0.11009135413945914       -1.8385161749318955     
   1.3981150988119995E-002   8.7846162466014913E-002   8.4076382354635285E-002  -1.9280555893747979     
   1.4029528673199995E-002   8.8150128426104923E-002   7.0858546646987083E-002  -1.7607597328547737     
   1.4077906358279995E-002   8.8454094386194948E-002  0.11524299905171792       -1.9589996558043088     
   1.4126284043359996E-002   8.8758060346284959E-002 -0.12369157706769765       -1.6549309175739502     
   1.4174661728439996E-002   8.9062026306374983E-002  -3.0392053370548820E-002  -1.8571380324316022     
   1.4223039413519996E-002   8.9365992266464994E-002 -0.12357354044438362       -1.6912064467783705     
   1.4271417098599994E-002   8.9669958226555005E-002   2.3481650451404129E-002  -1.8105111572661605     
   1.4319794783679994E-002   8.9973924186645016E-002 -0.21514801389101776       -1.9276032481431553     
   1.4368172468759995E-002   9.0277890146735040E-002  0.23175504629231872       -1.5677251247648092     
   1.4416550153839995E-002   9.0581856106825065E-002 -0.11348157731037499       -2.0010257119199961     
   1.4464927838919995E-002   9.0885822066915076E-002  0.16961537020378165      -0.50517529991932386     
   1.4513305523999995E-002   9.1189788027005100E-002   5.6918359389081886E-002  -1.4968486456779282     
   1.4561683209079995E-002   9.1493753987095111E-002  0.11625530000737945       -1.1251558244665429     
   1.4610060894159995E-002   9.1797719947185136E-002  0.17829231930488182       -1.5048715853173720     
   1.4658438579239996E-002   9.2101685907275146E-002  -6.9276352047330875E-002  -1.5355177538480980     
   1.4706816264319996E-002   9.2405651867365171E-002  0.41342898526344724      -0.93895081417947390     
   1.4755193949399994E-002   9.2709617827455168E-002   2.1706325187498623E-002  -1.4008144498094171     
   1.4803571634479994E-002   9.3013583787545193E-002   5.5830452673776745E-002  0.38820839763939102     
   1.4851949319559994E-002   9.3317549747635217E-002   6.3799635461974688E-002  -1.4241603298836774     
   1.4900327004639995E-002   9.3621515707725228E-002 -0.47530258671226977       -1.3436042809388384     
   1.4948704689719995E-002   9.3925481667815253E-002   4.1449663025262998E-002  -1.6599831298889214     
   1.4997082374799995E-002   9.4229447627905263E-002   3.4002467954829627E-002  -1.5837390038855068     
   1.5045460059879995E-002   9.4533413587995288E-002   1.7015825010423577E-002  -1.7235265892568226     
   1.5093837744959995E-002   9.4837379548085299E-002   5.6131670896469220E-002  -1.7096180298322032     
   1.5142215430039995E-002   9.5141345508175323E-002   9.8526008736751457E-003  -1.8703452623138794     
   1.5190593115119996E-002   9.5445311468265334E-002  0.10902710041841274       -1.6642462344227493     
   1.5238970800199994E-002   9.5749277428355345E-002  0.23586416103105820       -1.9628774464443366     
   1.5287348485279994E-002   9.6053243388445370E-002  -9.4116789328379302E-002  -1.5597937397865023     
   1.5335726170359994E-002   9.6357209348535380E-002  -3.8713443941326843E-002  -1.6513174731221669     
   1.5384103855439995E-002   9.6661175308625405E-002 -0.15849882579892674       -1.7443787254428891     
   1.5432481540519995E-002   9.6965141268715416E-002  -2.9602132568544767E-002  -1.8340478306355741     
   1.5480859225599995E-002   9.7269107228805440E-002 -0.31064492731945392       -2.0952886168330047     
   1.5529236910679995E-002   9.7573073188895451E-002  0.11416272920900228       -1.6956592707505500     
   1.5577614595759995E-002   9.7877039148985476E-002 -0.15109902281736687       -2.4114017473200482     
   1.5625992280839995E-002   9.8181005109075487E-002  -3.3055500744487654E-002 -0.31809950608264770     
   1.5674369965919994E-002   9.8484971069165497E-002   2.8942848132933432E-002  -1.1777929808367626     
   1.5722747650999996E-002   9.8788937029255522E-002 -0.40471684080939446       -1.0306353623884585     
   1.5771125336079994E-002   9.9092902989345533E-002  -7.5255255835490975E-002  -1.5246518889236287     
   1.5819503021159996E-002   9.9396868949435557E-002 -0.53367962384808287       -1.3870417272203419     
   1.5867880706239994E-002   9.9700834909525568E-002  0.96069404876878184       -1.3472569744838601     
   1.5916258391319993E-002  0.10000480086961558       -7.9857608289040399E-002  -1.5504116281848510     
   1.5964636076399995E-002  0.10030876682970560        2.6627615908336395       0.68221226436435611     
   1.6013013761479993E-002  0.10061273278979561       0.82456213210947771       -1.0400660512606787     
   1.6061391446559995E-002  0.10091669874988564       0.38571921965787570      -0.45471452314507260     
   1.6109769131639994E-002  0.10122066470997565       0.19403133998141076       -1.1902945428512215     
   1.6158146816719995E-002  0.10152463067006567       0.28832450690210243       -1.1571978105864502     
   1.6206524501799994E-002  0.10182859663015568        5.9135050032788419E-002  -1.3156060528065006     
   1.6254902186879996E-002  0.10213256259024571       0.13114889581606767       -1.3800248759982594     
   1.6303279871959994E-002  0.10243652855033572      -0.14033066622085388       -1.4545172641286102     
   1.6351657557039996E-002  0.10274049451042574       0.20982331952157865       -1.3901159942693071     
   1.6400035242119994E-002  0.10304446047051576       0.16648294168530903       -1.5031488792884735     
   1.6448412927199993E-002  0.10334842643060577       0.23732246486589464       -1.3762750775220300     
   1.6496790612279995E-002  0.10365239239069579       0.22525515368930973       -1.3907846608160652     
   1.6545168297359993E-002  0.10395635835078580       0.22267869145997685       -1.4129383196169809     
   1.6593545982439995E-002  0.10426032431087583       0.21132817131555129       -1.4006646959154474     
   1.6641923667519994E-002  0.10456429027096584       0.25946266284432096       -1.4392231226448953     
   1.6690301352599995E-002  0.10486825623105586       0.17597848461305765       -1.3984746144966336     
   1.6738679037679994E-002  0.10517222219114587       0.29013340736323173       -1.4315934189795552     
   1.6787056722759996E-002  0.10547618815123590        7.7809269032633896E-002  -1.4576817860792430     
   1.6835434407839994E-002  0.10578015411132591       0.20220011013963959       -1.4594677654391448     
   1.6883812092919993E-002  0.10608412007141592        8.6390718963366822E-002  -1.4930941683267518     
   1.6932189777999995E-002  0.10638808603150594       0.18290245885461992       -1.4345355161336091     
   1.6980567463079993E-002  0.10669205199159595       0.19217700067707519       -1.5846044038523819     
   1.7028945148159995E-002  0.10699601795168598       0.13574192345607661       -1.2859686167719593     
   1.7077322833239993E-002  0.10729998391177599       0.26703218363063208       -1.5388073486295486     
   1.7125700518319995E-002  0.10760394987186601      -0.26649532411957477       -1.0725630939315931     
   1.7174078203399994E-002  0.10790791583195602       0.10315681788776492       -1.3220862670501055     
   1.7222455888479996E-002  0.10821188179204605       -7.1668664208904193E-002  -1.2525732876656461     
   1.7270833573559994E-002  0.10851584775213606       0.10962511848548175       -1.2791453169302593     
   1.7319211258639992E-002  0.10881981371222607        8.7570086742713646E-002  -1.3835457887871541     
   1.7367588943719994E-002  0.10912377967231610       -8.4707586607332630E-002  -1.0793722840869167     
   1.7415966628799993E-002  0.10942774563240611        6.0815303409062105E-002  -1.3117433142702639     
   1.7464344313879995E-002  0.10973171159249613      -0.63037125736689481       -1.0294534970443838     
   1.7512721998959993E-002  0.11003567755258614        3.5555044214156804E-002  -1.2961953356800542     
   1.7561099684039995E-002  0.11033964351267617      -0.10671336733979897       -1.5008461558760811     
   1.7609477369119993E-002  0.11064360947276618       0.14555464421186479       -1.3702339292915247     
   1.7657855054199995E-002  0.11094757543285620       0.12936626062100184       -1.3702791525357010     
   1.7706232739279994E-002  0.11125154139294621       0.17929538347275883       -1.3947585638620397     
   1.7754610424359996E-002  0.11155550735303624       0.17906801595520810       -1.3718577597118553     
   1.7802988109439994E-002  0.11185947331312625       0.25980671453870346       -1.4193624365787973     
   1.7851365794519992E-002  0.11216343927321626       0.18231159338243724       -1.3476486108850454     
   1.7899743479599994E-002  0.11246740523330628       0.33710127736376672       -1.3449229574421731     
   1.7948121164679993E-002  0.11277137119339629       0.11198049904705040       -1.4097614743615305     
   1.7996498849759995E-002  0.11307533715348632       0.16492863895436058       -1.3938765447372397     
   1.8044876534839993E-002  0.11337930311357633       0.16561983494495863       -1.4926457313792825     
   1.8093254219919995E-002  0.11368326907366635       0.22925584107910910       -1.4382513419386220     
   1.8141631904999993E-002  0.11398723503375637       0.30230440147626653       -1.6279278469498593     
   1.8190009590079995E-002  0.11429120099384639       0.19576439807707210       -1.3468634891948947     
   1.8238387275159994E-002  0.11459516695393640       0.46278731945665313       -1.5922337174488908     
   1.8286764960239992E-002  0.11489913291402641      -0.32535880230056646       -1.1536626196069848     
   1.8335142645319994E-002  0.11520309887411644        1.9554722486922402E-002  -1.2666892667722656     
   1.8383520330399993E-002  0.11550706483420645      -0.17619433582234487       -1.4482985604980321     
   1.8431898015479994E-002  0.11581103079429647       0.11246052376371808       -1.3839555909533854     
   1.8480275700559993E-002  0.11611499675438648       -2.5042684467370784E-002  -1.5630834989035589     
   1.8528653385639995E-002  0.11641896271447651       0.24220653992468688      -0.93052190589904771     
   1.8577031070719993E-002  0.11672292867456652       0.16901534829023276       -1.3873821116159097     
   1.8625408755799995E-002  0.11702689463465654      -0.18920281634567182       -1.0304859546808803E-002
   1.8673786440879993E-002  0.11733086059474655       0.11813330583627721      -0.91546063204269446     
   1.8722164125959992E-002  0.11763482655483656      -0.20114581524990607      -0.92057411672053280     
   1.8770541811039994E-002  0.11793879251492659        4.9860712573660745E-002  -1.1792622074198384     
   1.8818919496119992E-002  0.11824275847501660        5.5092794296276407E-002  -1.1641802776269214     
   1.8867297181199994E-002  0.11854672443510662        7.2414548429066777E-002  -1.2705893283236365     
   1.8915674866279993E-002  0.11885069039519663       0.10853475096719412       -1.2456331451651215     
   1.8964052551359994E-002  0.11915465635528666       0.11065524721947495       -1.3668493332680294     
   1.9012430236439993E-002  0.11945862231537667       0.13821220553854763       -1.2319405702646911     
   1.9060807921519995E-002  0.11976258827546669       0.18158486055871953       -1.2640529687854178     
   1.9109185606599993E-002  0.12006655423555671       0.14623516273608256       -1.2162420833512995     
   1.9157563291679995E-002  0.12037052019564673       0.15136594839961837       -1.2165101015725406     
   1.9205940976759994E-002  0.12067448615573674       0.16584479362234342       -1.2254660908258797     
   1.9254318661839992E-002  0.12097845211582675       0.15816320678563461       -1.2261681652543710     
   1.9302696346919994E-002  0.12128241807591678       0.19454123073682786       -1.2106115985288630     
   1.9351074031999992E-002  0.12158638403600679       0.15540363860988290       -1.2387843093828750     
   1.9399451717079994E-002  0.12189034999609681       0.20386356408782502       -1.1901431941196152     
   1.9447829402159993E-002  0.12219431595618682       0.15847648903433473       -1.2934228219404156     
   1.9496207087239995E-002  0.12249828191627685       0.18788316432167795       -1.2353153443167160     
   1.9544584772319993E-002  0.12280224787636686       0.18629238439498785       -1.3015675219848795     
   1.9592962457399995E-002  0.12310621383645688       0.17845402764120608       -1.2408730844866525     
   1.9641340142479993E-002  0.12341017979654689       0.25427196476358405       -1.2706175855495987     
   1.9689717827559992E-002  0.12371414575663690       0.10941335912813320       -1.2281074518435082     
   1.9738095512639994E-002  0.12401811171672693       0.24728760780879938       -1.2199015452477076     
   1.9786473197719992E-002  0.12432207767681694       -4.8164395003063416E-002  -1.3350432702023491     
   1.9834850882799994E-002  0.12462604363690696       0.12011002921799518       -1.2388077863929692     
   1.9883228567879992E-002  0.12493000959699697        5.3477937149430180E-002  -1.3079263597431576     
   1.9931606252959994E-002  0.12523397555708701       0.10058039065390167       -1.2340810848808077     
   1.9979983938039993E-002  0.12553794151717701       0.14793723181961560       -1.2578682406888146     
   2.0028361623119995E-002  0.12584190747726703       -1.5612415800213056E-003  -1.2794213109135191     
   2.0076739308199993E-002  0.12614587343735706       0.11592768996225386       -1.2516608599939332     
   2.0125116993279991E-002  0.12644983939744706       -8.9911063858660059E-002  -1.4693316913154337     
   2.0173494678359993E-002  0.12675380535753708       0.10242284171093070       -1.2707579905205764     
   2.0221872363439992E-002  0.12705777131762708       0.15989664339715418       -1.3713950937950239     
   2.0270250048519994E-002  0.12736173727771713       0.16029543825966522       -1.2406445112676368     
   2.0318627733599992E-002  0.12766570323780713       0.16250864826001199       -1.2418933255660523     
   2.0367005418679994E-002  0.12796966919789715       0.18430074649464515       -1.2250115599707729     
   2.0415383103759992E-002  0.12827363515798718       0.17564228290287284       -1.2227890703991746     
   2.0463760788839994E-002  0.12857760111807720       0.21448094424770825       -1.1909437772713791     
   2.0512138473919993E-002  0.12888156707816720       0.17408658965363610       -1.2143192716648350     
   2.0560516158999995E-002  0.12918553303825722       0.20274880262902190       -1.1461451727881300     
   2.0608893844079993E-002  0.12948949899834725       0.19017842448998690       -1.2496498550549893     
   2.0657271529159991E-002  0.12979346495843724       0.19091647429648656       -1.2221276112611728     
   2.0705649214239993E-002  0.13009743091852727       0.24263033150278807       -1.2486151510254251     
   2.0754026899319992E-002  0.13040139687861727       0.22707106847866027       -1.2098564289806970     
   2.0802404584399994E-002  0.13070536283870732       0.33031431998965416       -1.2123741232634468     
   2.0850782269479992E-002  0.13100932879879731       0.18672941754496533       -1.2077246352784066     
   2.0899159954559994E-002  0.13131329475888734       0.33611344671940152       -1.1369181183986643     
   2.0947537639639992E-002  0.13161726071897736        3.5056698326037986E-002  -1.3619765974983788     
   2.0995915324719994E-002  0.13192122667906739       0.13389707938116591       -1.2453701613426422     
   2.1044293009799993E-002  0.13222519263915739       0.15999378337418257       -1.3800973411682222     
   2.1092670694879991E-002  0.13252915859924738       0.18781527281076596       -1.2416539332977148     
   2.1141048379959993E-002  0.13283312455933743       0.24957612883539732       -1.3275842073023025     
   2.1189426065039992E-002  0.13313709051942743        4.8776503356559989E-002  -1.1089828918771545     
   2.1237803750119993E-002  0.13344105647951746       0.21745625391881948       -1.2070672090497867     
   2.1286181435199992E-002  0.13374502243960748      -0.32571657312780317       -1.1078115547366476     
   2.1334559120279994E-002  0.13404898839969751        2.4914412086619632E-002  -1.1414734659739603     
   2.1382936805359992E-002  0.13435295435978750       -4.8670579560510303E-002  -1.2676435967095916     
   2.1431314490439994E-002  0.13465692031987753       0.10340721484434907       -1.2184045730317494     
   2.1479692175519993E-002  0.13496088627996755       0.10625094543805462       -1.2115186740465673     
   2.1528069860599991E-002  0.13526485224005755       0.15385318639277829       -1.2252788236932086     
   2.1576447545679993E-002  0.13556881820014757       0.14983438306310637       -1.2088364750889276     
   2.1624825230759991E-002  0.13587278416023757       0.19919226043041818       -1.2219842304968216     
   2.1673202915839993E-002  0.13617675012032762       0.15789956078598161       -1.1929475655229271     
   2.1721580600919992E-002  0.13648071608041762       0.17773257343355472       -1.1784434214046633     
   2.1769958285999993E-002  0.13678468204050764       0.15754721906279193       -1.1841260338723725     
   2.1818335971079992E-002  0.13708864800059767       0.15779104916087927       -1.1804586120234064     
   2.1866713656159994E-002  0.13739261396068769       0.16775453948018695       -1.1747648290538855     
   2.1915091341239992E-002  0.13769657992077769       0.16706382533708275       -1.1784310738717940     
   2.1963469026319994E-002  0.13800054588086771       0.17023641255830790       -1.1554735973626615     
   2.2011846711399993E-002  0.13830451184095774       0.17508890661539353       -1.1797672879602545     
   2.2060224396479991E-002  0.13860847780104774       0.16498919793795577       -1.1455324376336289     
   2.2108602081559993E-002  0.13891244376113776       0.20092137251102868       -1.1895505345842698     
   2.2156979766639991E-002  0.13921640972122776       0.18234199293954970       -1.1642946067760949     
   2.2205357451719993E-002  0.13952037568131781       0.21696469306754662       -1.1782588328536279     
   2.2253735136799992E-002  0.13982434164140781       0.18854902911521876       -1.1697607026439101     
   2.2302112821879994E-002  0.14012830760149783       0.21987092762162427       -1.1410826976761648     
   2.2350490506959992E-002  0.14043227356158786       0.17302857272174807       -1.1926505522761117     
   2.2398868192039994E-002  0.14073623952167788       0.19700373707826274       -1.1328488883279384     
   2.2447245877119992E-002  0.14104020548176788       0.18468601745353899       -1.2680840315181827     
   2.2495623562199991E-002  0.14134417144185787       0.17972896481707540       -1.1874000720208517     
   2.2544001247279993E-002  0.14164813740194793       0.20048582131297371       -1.2295633965339938     
   2.2592378932359991E-002  0.14195210336203792       0.17974905669505278       -1.1976445155166100     
   2.2640756617439993E-002  0.14225606932212795       0.19775747446486383       -1.1801648814659977     
   2.2689134302519991E-002  0.14256003528221797       0.18485502086979833       -1.2412373818444320     
   2.2737511987599993E-002  0.14286400124230800       0.19177677588096703       -1.1901244986468396     
   2.2785889672679992E-002  0.14316796720239799       0.24429386889040161       -1.2972495555974048     
   2.2834267357759994E-002  0.14347193316248802       0.20331309108074128       -1.2013055867657418     
   2.2882645042839992E-002  0.14377589912257804       0.25556987186433705       -1.1968107459342965     
   2.2931022727919990E-002  0.14407986508266804       0.20693456066061972       -1.1712355573776261     
   2.2979400412999992E-002  0.14438383104275807       0.20908939322033729       -1.1680384915141935     
   2.3027778098079991E-002  0.14468779700284806       0.20680566376470960       -1.1551910486726731     
   2.3076155783159993E-002  0.14499176296293811       0.20633093070069880       -1.1587309897986575     
   2.3124533468239991E-002  0.14529572892302811       0.20021731345162480       -1.1344250470236754     
   2.3172911153319993E-002  0.14559969488311814       0.20601878334911816       -1.1543843148036899     
   2.3221288838399991E-002  0.14590366084320816       0.18368623104669388       -1.1301548025994810     
   2.3269666523479993E-002  0.14620762680329819       0.22472428269057199       -1.1522029396130453     
   2.3318044208559992E-002  0.14651159276338818       0.21322380843279007       -1.1475057488081635     
   2.3366421893639994E-002  0.14681555872347821       0.24010792182023324       -1.1296400756399325     
   2.3414799578719992E-002  0.14711952468356823       0.22170543593304173       -1.1307881822081691     
   2.3463177263799991E-002  0.14742349064365823       0.24335738035802371       -1.0852503017186721     
   2.3511554948879992E-002  0.14772745660374825       0.21732696571251836       -1.1443343774137125     
   2.3559932633959991E-002  0.14803142256383825       0.21489451520178282       -1.0716877879235698     
   2.3608310319039993E-002  0.14833538852392830       0.24977320464256517       -1.2205064982083840     
   2.3656688004119991E-002  0.14863935448401830       0.22143934673490748       -1.1648012289442891     
   2.3705065689199993E-002  0.14894332044410832       0.28684781528126807       -1.1849028945719522     
   2.3753443374279992E-002  0.14924728640419835       0.23620269078760139       -1.1488927527048818     
   2.3801821059359993E-002  0.14955125236428837       0.28330355825626102       -1.1354859102648198     
   2.3850198744439992E-002  0.14985521832437837       0.16703448038038368       -1.1730454256624012     
   2.3898576429519990E-002  0.15015918428446837       0.23060879230344217       -1.1233282262952944     
   2.3946954114599992E-002  0.15046315024455842       0.11114690928388918       -1.2948273411784659     
   2.3995331799679991E-002  0.15076711620464842       0.17491002797983965       -1.1839115948832384     
   2.4043709484759992E-002  0.15107108216473844       0.20748367527168665       -1.2379233551559639     
   2.4092087169839991E-002  0.15137504812482847       0.21893253313336500       -1.1722708781574060     
   2.4140464854919993E-002  0.15167901408491849       0.21986182577609725       -1.1680959172506766     
   2.4188842539999991E-002  0.15198298004500849       0.23448527714571074       -1.1512036472842091     
   2.4237220225079993E-002  0.15228694600509851       0.22914536038696243       -1.1503207315399966     
   2.4285597910159992E-002  0.15259091196518854       0.24207582719743714       -1.1321249645955205     
   2.4333975595239990E-002  0.15289487792527853       0.22839612878291973       -1.1414090896421278     
   2.4382353280319992E-002  0.15319884388536856       0.22602433787925211       -1.1312041466626754     
   2.4430730965399990E-002  0.15350280984545855       0.22727405281532237       -1.1379993351947260     
   2.4479108650479992E-002  0.15380677580554861       0.22637263352780657       -1.1374738846271704     
   2.4527486335559991E-002  0.15411074176563860       0.22727316081274812       -1.1307055601623790     
   2.4575864020639993E-002  0.15441470772572863       0.23032016358793198       -1.1317811529796675     
   2.4624241705719991E-002  0.15471867368581865       0.22167427405733023       -1.1243757312463658     
   2.4672619390799993E-002  0.15502263964590868       0.23485185567040726       -1.1272842170242716     
   2.4720997075879991E-002  0.15532660560599867       0.21881825886974593       -1.1240171112990003     
   2.4769374760959993E-002  0.15563057156608870       0.24637942967039617       -1.1179746559649915     
   2.4817752446039992E-002  0.15593453752617872       0.23347483234997107       -1.1208186316338906     
   2.4866130131119990E-002  0.15623850348626872       0.24833482194280787       -1.1066945115652342     
   2.4914507816199992E-002  0.15654246944635875       0.24076138391930235       -1.1172539626848490     
   2.4962885501279990E-002  0.15684643540644874       0.23618642060116846       -1.0973233050664193     
   2.5011263186359992E-002  0.15715040136653879       0.24900528183483175       -1.1259488018894936     
   2.5059640871439991E-002  0.15745436732662879       0.23048399832829200       -1.1050817968809592     
   2.5108018556519993E-002  0.15775833328671882       0.27987256243412140       -1.1342892471993602     
   2.5156396241599991E-002  0.15806229924680884       0.25084257735969695       -1.1221176910447666     
   2.5204773926679993E-002  0.15836626520689887       0.27365607527560087       -1.1203630221623677     
   2.5253151611759991E-002  0.15867023116698886       0.25962985980535924       -1.1227547606359813     
   2.5301529296839990E-002  0.15897419712707886       0.25637208877847678       -1.1122215783660649     
   2.5349906981919992E-002  0.15927816308716891       0.27904467387246307       -1.1255745228547223     
   2.5398284666999990E-002  0.15958212904725891       0.26175306274278010       -1.1152477841516528     
   2.5446662352079992E-002  0.15988609500734893       0.30952470264726062       -1.1107143353257296     
   2.5495040037159990E-002  0.16019006096743896       0.27225533771447780       -1.1108916429522819     
   2.5543417722239992E-002  0.16049402692752898       0.28124293670081613       -1.0893937880242590     
   2.5591795407319991E-002  0.16079799288761898       0.26435144899558810       -1.1021088108436830     
   2.5640173092399993E-002  0.16110195884770900       0.26401397305202773       -1.0999011157767440     
   2.5688550777479991E-002  0.16140592480779903       0.25939361571981934       -1.0981117501240283     
   2.5736928462559990E-002  0.16170989076788903       0.26248970746877337       -1.0982554791752976     
   2.5785306147639991E-002  0.16201385672797905       0.25207398166797540       -1.0961496512953872     
   2.5833683832719990E-002  0.16231782268806905       0.26269483520929487       -1.0959984455579783     
   2.5882061517799992E-002  0.16262178864815910       0.25030741342203822       -1.1004912885407512     
   2.5930439202879990E-002  0.16292575460824910       0.26708281049598948       -1.0873389146656522     
   2.5978816887959992E-002  0.16322972056833912       0.26462591172131189       -1.0915521135378876     
   2.6027194573039990E-002  0.16353368652842915       0.26400743312977704       -1.0749905949867313     
   2.6075572258119992E-002  0.16383765248851917       0.26330491140290013       -1.0827435941271240     
   2.6123949943199991E-002  0.16414161844860917       0.24930907247151099       -1.0648065871922956     
   2.6172327628279993E-002  0.16444558440869919       0.26996362262731299       -1.0848563234938766     
   2.6220705313359991E-002  0.16474955036878922       0.24223072460943776       -1.0736663291014459     
   2.6269082998439990E-002  0.16505351632887921       0.30343051534229443       -1.0843790036257519     
   2.6317460683519991E-002  0.16535748228896924       0.27951105009991262       -1.0862202157898795     
   2.6365838368599990E-002  0.16566144824905923       0.30291972749067991       -1.0632643522338778     
   2.6414216053679992E-002  0.16596541420914929       0.28167323734452454       -1.0766627926743941     
   2.6462593738759990E-002  0.16626938016923928       0.28494613018421189       -1.0546134903659494     
   2.6510971423839992E-002  0.16657334612932931       0.28026701292608142       -1.1028860652370900     
   2.6559349108919991E-002  0.16687731208941933       0.27273250494798451       -1.0718237350129749     
   2.6607726793999992E-002  0.16718127804950936       0.31346945195365106       -1.1383243815146773     
   2.6656104479079991E-002  0.16748524400959935       0.28784626965384025       -1.1013354937577049     
   2.6704482164159989E-002  0.16778920996968935       0.31516341857677743       -1.0997836922009108     
   2.6752859849239991E-002  0.16809317592977940       0.29522933302443644       -1.0836876592814559     
   2.6801237534319990E-002  0.16839714188986940       0.29496180807278960       -1.0812254771869367     
   2.6849615219399992E-002  0.16870110784995943       0.29204703052365893       -1.0722269646259728     
   2.6897992904479990E-002  0.16900507381004945       0.29253349583329530       -1.0734638124179556     
   2.6946370589559992E-002  0.16930903977013947       0.28841861324965284       -1.0656524258508704     
   2.6994748274639990E-002  0.16961300573022947       0.29103469809381666       -1.0705307016565269     
   2.7043125959719992E-002  0.16991697169031950       0.28799017347907219       -1.0696992920757151     
   2.7091503644799991E-002  0.17022093765040952       0.29155554394634181       -1.0690936839773997     
   2.7139881329879989E-002  0.17052490361049952       0.29264055182215987       -1.0692238932418192     
   2.7188259014959991E-002  0.17082886957058954       0.29084538461570580       -1.0667306242444421     
   2.7236636700039989E-002  0.17113283553067954       0.29338451234762158       -1.0651630015230120     
   2.7285014385119991E-002  0.17143680149076959       0.28937154835136908       -1.0669729210821972     
   2.7333392070199990E-002  0.17174076745085959       0.29465951471056234       -1.0614228678625797     
   2.7381769755279992E-002  0.17204473341094961       0.29126209213972482       -1.0672267094499981     
   2.7430147440359990E-002  0.17234869937103964       0.29543532599915417       -1.0542255311474071     
   2.7478525125439992E-002  0.17265266533112966       0.29564047977922708       -1.0595474588967195     
   2.7526902810519990E-002  0.17295663129121966       0.29361774758726022       -1.0496911861268379     
   2.7575280495599992E-002  0.17326059725130968       0.29798021947529180       -1.0542271772589356     
   2.7623658180679991E-002  0.17356456321139971       0.29000685068726323       -1.0517026943735206     
   2.7672035865759989E-002  0.17386852917148971       0.30467992802218241       -1.0515498844086850     
   2.7720413550839991E-002  0.17417249513157973       0.29455250922656667       -1.0546957566693180     
   2.7768791235919989E-002  0.17447646109166975       0.31508851723668374       -1.0412809032873680     
   2.7817168920999991E-002  0.17478042705175978       0.30725749435348809       -1.0492206385438625     
   2.7865546606079990E-002  0.17508439301184978       0.31177521621896787       -1.0391668321743650     
   2.7913924291159992E-002  0.17538835897193980       0.31179620321514528       -1.0440572669208950     
   2.7962301976239990E-002  0.17569232493202983       0.30835309557951651       -1.0431404159238147     
   2.8010679661319992E-002  0.17599629089211985       0.31777470087283266       -1.0361399127005138     
   2.8059057346399990E-002  0.17630025685220985       0.31279947250938267       -1.0404560032989594     
   2.8107435031479989E-002  0.17660422281229984       0.31892708041360246       -1.0220884227082376     
   2.8155812716559991E-002  0.17690818877238990       0.31508834693437759       -1.0341138269895167     
   2.8204190401639989E-002  0.17721215473247989       0.30989517757547275       -1.0264337530817567     
   2.8252568086719991E-002  0.17751612069256992       0.31260992453900860       -1.0340220022045223     
   2.8300945771799989E-002  0.17782008665265994       0.31268751253967664       -1.0332491382493609     
   2.8349323456879991E-002  0.17812405261274997       0.31226133323433569       -1.0342783393345256     
   2.8397701141959990E-002  0.17842801857283996       0.31413236240383341       -1.0323208466601894     
   2.8446078827039992E-002  0.17873198453292999       0.31250928581419241       -1.0358633232173007     
   2.8494456512119990E-002  0.17903595049302001       0.31533886658960747       -1.0309350601138512     
   2.8542834197199989E-002  0.17933991645311001       0.31623447351633932       -1.0360431866474187     
   2.8591211882279990E-002  0.17964388241320003       0.31495375340703186       -1.0268437842657834     
   2.8639589567359989E-002  0.17994784837329003       0.31766254330707450       -1.0280235002002498     
   2.8687967252439991E-002  0.18025181433338008       0.31170407054127008       -1.0244057420779142     
   2.8736344937519989E-002  0.18055578029347008       0.31612368953107944       -1.0252175253167082     
   2.8784722622599991E-002  0.18085974625356011       0.30752276904094644       -1.0272532704721917     
   2.8833100307679990E-002  0.18116371221365013       0.31986139061422980       -1.0219820098362624     
   2.8881477992759991E-002  0.18146767817374015       0.31225259397699079       -1.0303530295520862     
   2.8929855677839990E-002  0.18177164413383015       0.32692149680319410       -1.0093981166844570     
   2.8978233362919992E-002  0.18207561009392018       0.32523281779555629       -1.0178879495975950     
   2.9026611047999990E-002  0.18237957605401020       0.32193022136929306       -1.0036378530321424     
   2.9074988733079989E-002  0.18268354201410020       0.32471254655582488       -1.0132123005308258     
   2.9123366418159990E-002  0.18298750797419022       0.31768187645937007       -1.0078206592606442     
   2.9171744103239989E-002  0.18329147393428025       0.33510229560110621       -1.0167423316557647     
   2.9220121788319991E-002  0.18359543989437027       0.32405446533702059       -1.0143520688925696     
   2.9268499473399989E-002  0.18389940585446027       0.35343936043164725       -1.0102828323831974     
   2.9316877158479991E-002  0.18420337181455029       0.33916984989649890       -1.0127687464783495     
   2.9365254843559990E-002  0.18450733777464032       0.34488726720663987       -1.0021815551443158     
   2.9413632528639991E-002  0.18481130373473034       0.33705408634645140       -1.0056511243700303     
   2.9462010213719990E-002  0.18511526969482034       0.33704390923463795       -1.0045169190829495     
   2.9510387898799988E-002  0.18541923565491034       0.33435231873141619       -1.0036553452566062     
   2.9558765583879990E-002  0.18572320161500039       0.33598944692220040       -1.0029683934485032     
   2.9607143268959989E-002  0.18602716757509039       0.33363004372879468       -1.0028906650072009     
   2.9655520954039991E-002  0.18633113353518041       0.33650481621377448       -1.0019808068961660     
   2.9703898639119989E-002  0.18663509949527043       0.33711256759067421       -1.0024505503790659     
   2.9752276324199991E-002  0.18693906545536046       0.33813676882958887       -1.0004369320838231     
   2.9800654009279989E-002  0.18724303141545046       0.33955086744355223      -0.99942952515244976     
   2.9849031694359991E-002  0.18754699737554048       0.33921340454171378      -0.99924629662108777     
   2.9897409379439990E-002  0.18785096333563051       0.34019225819702753      -0.99726069904869763     
   2.9945787064519988E-002  0.18815492929572050       0.34117803439959515      -0.99888268268112512     
   2.9994164749599990E-002  0.18845889525581053       0.34106786645364662      -0.99514317397698382     
   3.0042542434679988E-002  0.18876286121590052       0.34379536675496380      -0.99712918620462898     
   3.0090920119759990E-002  0.18906682717599058       0.34057262592745857      -0.99241325407493808     
   3.0139297804839989E-002  0.18937079313608057       0.34383043771634086      -0.99265281889826451     
   3.0187675489919991E-002  0.18967475909617060       0.34048527787852761      -0.99118932887508604     
   3.0236053174999989E-002  0.18997872505626062       0.34412194400314144      -0.98960472140245781     
   3.0284430860079991E-002  0.19028269101635065       0.34261731106992643      -0.99177786933022039     
   3.0332808545159989E-002  0.19058665697644064       0.34622225939331835      -0.98571489712135341     
   3.0381186230239991E-002  0.19089062293653067       0.34674067847708401      -0.98951480572610184     
   3.0429563915319990E-002  0.19119458889662069       0.34655950899922727      -0.97927592885634362     
   3.0477941600399988E-002  0.19149855485671069       0.34911155540668137      -0.98269239345348758     
   3.0526319285479990E-002  0.19180252081680071       0.34710054937537788      -0.97859633156663950     
   3.0574696970559988E-002  0.19210648677689074       0.34987380967317355      -0.97864759161268666     
   3.0623074655639990E-002  0.19241045273698076       0.35008065349353745      -0.97921608806555704     
   3.0671452340719989E-002  0.19271441869707076       0.34988311052124377      -0.97421467901865122     
   3.0719830025799991E-002  0.19301838465716079       0.35187397918747704      -0.97605251907902679     
   3.0768207710879989E-002  0.19332235061725081       0.34724783649520102      -0.97062544125300176     
   3.0816585395959991E-002  0.19362631657734083       0.35169084008407292      -0.97293526492834737     
   3.0864963081039989E-002  0.19393028253743083       0.34911820050635872      -0.97299212729785578     
   3.0913340766119988E-002  0.19423424849752083       0.35313406128717878      -0.97267815055169482     
   3.0961718451199990E-002  0.19453821445761088       0.35386047265420401      -0.97196348357061035     
   3.1010096136279988E-002  0.19484218041770088       0.35533317007935211      -0.97172275988657930     
   3.1058473821359990E-002  0.19514614637779090       0.35584034358764877      -0.97008086260369741     
   3.1106851506439989E-002  0.19545011233788093       0.35803696062578094      -0.97078698056409829     
   3.1155229191519990E-002  0.19575407829797095       0.35751728731772836      -0.96846890221063131     
   3.1203606876599989E-002  0.19605804425806095       0.36073619495092774      -0.96833355875515170     
   3.1251984561679991E-002  0.19636201021815097       0.35799506133489606      -0.96676593464257499     
   3.1300362246759993E-002  0.19666597617824100       0.36004524682521433      -0.96523487801127539     
   3.1348739931839988E-002  0.19696994213833099       0.35845602082369998      -0.96649835106783089     
   3.1397117616919989E-002  0.19727390809842102       0.36047877186842853      -0.96423058706271658     
   3.1445495301999991E-002  0.19757787405851104       0.36076298313636979      -0.96748084955010838     
   3.1493872987079986E-002  0.19788184001860104       0.36175229458483382      -0.96139842387197261     
   3.1542250672159988E-002  0.19818580597869107       0.36470909049181394      -0.96503463603757245     
   3.1590628357239990E-002  0.19848977193878109       0.36061353732762225      -0.95592880499919153     
   3.1639006042319992E-002  0.19879373789887111       0.36445904057803519      -0.95714085701182139     
   3.1687383727399987E-002  0.19909770385896111       0.35944752121802964      -0.95518066333351270     
   3.1735761412479989E-002  0.19940166981905114       0.36432857121077061      -0.95508920470618464     
   3.1784139097559991E-002  0.19970563577914116       0.36203300272635069      -0.95631889684243288     
   3.1832516782639986E-002  0.20000960173923116       0.36890586908357675      -0.95111010400340079     
   3.1880894467719988E-002  0.20031356769932118       0.36748283169298340      -0.95403375059402318     
   3.1929272152799990E-002  0.20061753365941121       0.37146010031825361      -0.94315220309239722     
   3.1977649837879991E-002  0.20092149961950123       0.37120083806143600      -0.94742193276643227     
   3.2026027522959986E-002  0.20122546557959123       0.36956460514133493      -0.94302231411673454     
   3.2074405208039988E-002  0.20152943153968125       0.37040766823527799      -0.94551124619790461     
   3.2122782893119990E-002  0.20183339749977128       0.37088378293535196      -0.94469449061933775     
   3.2171160578199992E-002  0.20213736345986130       0.37118123768772154      -0.94503157275362504     
   3.2219538263279987E-002  0.20244132941995130       0.37205766466645618      -0.94372772330430565     
   3.2267915948359989E-002  0.20274529538004132       0.37269382795052580      -0.94402075436844901     
   3.2316293633439991E-002  0.20304926134013135       0.37354490427198206      -0.94233678605397686     
   3.2364671318519986E-002  0.20335322730022135       0.37498297536054886      -0.94164020547830574     
   3.2413049003599988E-002  0.20365719326031137       0.37530069995730408      -0.94044950259175897     
   3.2461426688679990E-002  0.20396115922040139       0.37601169371074078      -0.93908013416894376     
   3.2509804373759991E-002  0.20426512518049142       0.37696912981912428      -0.93873929049816873     
   3.2558182058839986E-002  0.20456909114058142       0.37724491915025921      -0.93741199655276830     
   3.2606559743919988E-002  0.20487305710067144       0.37905917725286797      -0.93680644606851016     
   3.2654937428999990E-002  0.20517702306076147       0.37850326558079395      -0.93567453760438202     
   3.2703315114079992E-002  0.20548098902085149       0.38073505582120815      -0.93442971706912104     
   3.2751692799159987E-002  0.20578495498094149       0.37932870284544878      -0.93427543843833849     
   3.2800070484239989E-002  0.20608892094103151       0.38092395782034438      -0.93246420716719836     
   3.2848448169319991E-002  0.20639288690112154       0.38067580883553692      -0.93310351086624177     
   3.2896825854399986E-002  0.20669685286121153       0.38164173605962587      -0.93086072306501533     
   3.2945203539479988E-002  0.20700081882130156       0.38312083847415951      -0.93124282275811421     
   3.2993581224559990E-002  0.20730478478139158       0.38240498500859627      -0.92838219233307151     
   3.3041958909639992E-002  0.20760875074148161       0.38486954923424793      -0.92827865156136391     
   3.3090336594719987E-002  0.20791271670157160       0.38222378935320822      -0.92604630698418444     
   3.3138714279799988E-002  0.20821668266166163       0.38459553378255751      -0.92503816344316858     
   3.3187091964879990E-002  0.20852064862175165       0.38368170787324646      -0.92464343360877899     
   3.3235469649959985E-002  0.20882461458184165       0.38496682596898252      -0.92300432809098276     
   3.3283847335039987E-002  0.20912858054193167       0.38619916594070253      -0.92250037605097057     
   3.3332225020119989E-002  0.20943254650202170       0.38526891346815662      -0.92127192930901769     
   3.3380602705199991E-002  0.20973651246211172       0.38707778748065130      -0.92017330203314884     
   3.3428980390279986E-002  0.21004047842220172       0.38550163273110827      -0.92055174687264807     
   3.3477358075359988E-002  0.21034444438229175       0.38767726455144264      -0.91868917159393038     
   3.3525735760439990E-002  0.21064841034238177       0.38814771183462154      -0.91913275655481197     
   3.3574113445519992E-002  0.21095237630247179       0.38960144135697866      -0.91723735361285796     
   3.3622491130599987E-002  0.21125634226256179       0.39040083815570742      -0.91612884293096974     
   3.3670868815679988E-002  0.21156030822265182       0.39156920614859247      -0.91509894892618471     
   3.3719246500759990E-002  0.21186427418274184       0.39185690387723182      -0.91403755183459801     
   3.3767624185839985E-002  0.21216824014283184       0.39350979627382510      -0.91274246504306744     
   3.3816001870919987E-002  0.21247220610292186       0.39338744862028563      -0.91209459249405955     
   3.3864379555999989E-002  0.21277617206301189       0.39477786943655352      -0.91027444359334186     
   3.3912757241079991E-002  0.21308013802310191       0.39473400541892040      -0.91053278550461769     
   3.3961134926159986E-002  0.21338410398319191       0.39536113242482596      -0.90891348972806518     
   3.4009512611239988E-002  0.21368806994328193       0.39649521748866573      -0.90925485542417295     
   3.4057890296319990E-002  0.21399203590337196       0.39680417449291944      -0.90762488937933505     
   3.4106267981399992E-002  0.21429600186346198       0.39896471608319828      -0.90749300561315216     
   3.4154645666479987E-002  0.21459996782355198       0.39776236008830074      -0.90567858044869753     
   3.4203023351559989E-002  0.21490393378364200       0.40042869648508711      -0.90456878109668926     
   3.4251401036639990E-002  0.21520789974373203       0.39762173237144677      -0.90404977385952612     
   3.4299778721719985E-002  0.21551186570382203       0.39943201418662805      -0.90219466179414010     
   3.4348156406799987E-002  0.21581583166391205       0.39866626660605697      -0.90332118942223683     
   3.4396534091879989E-002  0.21611979762400207       0.40029584615540004      -0.90092241730699441     
   3.4444911776959991E-002  0.21642376358409210       0.40125241531899514      -0.90139766816902245     
   3.4493289462039986E-002  0.21672772954418210       0.40142909265358251      -0.89776031856138383     
   3.4541667147119988E-002  0.21703169550427212       0.40312552419068698      -0.89797175536776919     
   3.4590044832199990E-002  0.21733566146436215       0.40100119583924454      -0.89454552086588590     
   3.4638422517279985E-002  0.21763962742445214       0.40305034769671400      -0.89455144117177421     
   3.4686800202359987E-002  0.21794359338454217       0.40211989173719664      -0.89388265626281538     
   3.4735177887439989E-002  0.21824755934463219       0.40385879565961175      -0.89341165122145971     
   3.4783555572519990E-002  0.21855152530472222       0.40460852009500248      -0.89255211175848614     
   3.4831933257599985E-002  0.21885549126481221       0.40566256174620657      -0.89202592264996616     
   3.4880310942679987E-002  0.21915945722490224       0.40611861354877099      -0.89095710185925470     
   3.4928688627759989E-002  0.21946342318499226       0.40723874747966909      -0.89009950954176420     
   3.4977066312839991E-002  0.21976738914508229       0.40763966391830797      -0.88904398965673459     
   3.5025443997919986E-002  0.22007135510517228       0.40841451241027971      -0.88792132382889610     
   3.5073821682999988E-002  0.22037532106526231       0.40900194315364280      -0.88714169171173995     
   3.5122199368079990E-002  0.22067928702535233       0.40935989817446944      -0.88606358568649080     
   3.5170577053159985E-002  0.22098325298544233       0.41039106458874292      -0.88517303204539310     
   3.5218954738239987E-002  0.22128721894553235       0.41077673500810724      -0.88423079887592670     
   3.5267332423319989E-002  0.22159118490562238       0.41176479472032679      -0.88288361228117607     
   3.5315710108399991E-002  0.22189515086571240       0.41206449868536654      -0.88252987360954682     
   3.5364087793479985E-002  0.22219911682580240       0.41281307999979017      -0.88080924406465710     
   3.5412465478559987E-002  0.22250308278589243       0.41345772146096732      -0.88084181541301709     
   3.5460843163639989E-002  0.22280704874598245       0.41381996108951480      -0.87940966744904292     
   3.5509220848719991E-002  0.22311101470607247       0.41487877328828171      -0.87916372164681966     
   3.5557598533799986E-002  0.22341498066616247       0.41505825503519189      -0.87794281896963200     
   3.5605976218879988E-002  0.22371894662625250       0.41641125009094110      -0.87689236376102275     
   3.5654353903959990E-002  0.22402291258634252       0.41601744681589542      -0.87613570866522528     
   3.5702731589039985E-002  0.22432687854643252       0.41723141938129876      -0.87473901901075590     
   3.5751109274119987E-002  0.22463084450652254       0.41688062260764075      -0.87474512894504097     
   3.5799486959199989E-002  0.22493481046661257       0.41768838849298073      -0.87316245558323902     
   3.5847864644279991E-002  0.22523877642670259       0.41819085698338743      -0.87292306010366005     
   3.5896242329359986E-002  0.22554274238679259       0.41863954095015560      -0.87167832686701241     
   3.5944620014439987E-002  0.22584670834688261       0.41948271929705677      -0.87068761731582978     
   3.5992997699519989E-002  0.22615067430697264       0.41977799957146261      -0.87032748917834546     
   3.6041375384599984E-002  0.22645464026706263       0.42042430696573230      -0.86889993663495801     
   3.6089753069679986E-002  0.22675860622715266       0.42116948414751060      -0.86899136913057351     
   3.6138130754759988E-002  0.22706257218724268       0.42173101866973672      -0.86740369799709971     
   3.6186508439839990E-002  0.22736653814733271       0.42268090498169497      -0.86683138342085808     
   3.6234886124919985E-002  0.22767050410742271       0.42308031574502103      -0.86552985833202545     
   3.6283263809999987E-002  0.22797447006751273       0.42373040717313715      -0.86452320305514152     
   3.6331641495079989E-002  0.22827843602760275       0.42435082908356364      -0.86341654030256909     
   3.6380019180159991E-002  0.22858240198769278       0.42485819518069395      -0.86262411027820252     
   3.6428396865239986E-002  0.22888636794778278       0.42550001755918282      -0.86113796741737680     
   3.6476774550319988E-002  0.22919033390787280       0.42608888497662867      -0.86066513587637616     
   3.6525152235399989E-002  0.22949429986796283       0.42643460736081051      -0.85928193656349683     
   3.6573529920479984E-002  0.22979826582805282       0.42742144322730891      -0.85889253594755932     
   3.6621907605559986E-002  0.23010223178814285       0.42770156376482693      -0.85791039803563640     
   3.6670285290639988E-002  0.23040619774823287       0.42889407867120644      -0.85702775039434886     
   3.6718662975719990E-002  0.23071016370832290       0.42913672584075829      -0.85614387321390262     
   3.6767040660799985E-002  0.23101412966841289       0.43021020808484900      -0.85477144243933911     
   3.6815418345879987E-002  0.23131809562850292       0.43024257999710042      -0.85439009046599390     
   3.6863796030959989E-002  0.23162206158859294       0.43106690887051191      -0.85273646704111083     
   3.6912173716039991E-002  0.23192602754868297       0.43126344690592439      -0.85310908689605935     
   3.6960551401119986E-002  0.23222999350877296       0.43169075025685705      -0.85157083924741694     
   3.7008929086199988E-002  0.23253395946886299       0.43267494493412084      -0.85155578625849770     
   3.7057306771279989E-002  0.23283792542895301       0.43294326293822377      -0.85015302063982234     
   3.7105684456359984E-002  0.23314189138904301       0.43406324428147802      -0.84932693896072264     
   3.7154062141439986E-002  0.23344585734913303       0.43363306879614649      -0.84823963231116417     
   3.7202439826519988E-002  0.23374982330922306       0.43483994859247721      -0.84707055345820337     
   3.7250817511599990E-002  0.23405378926931308       0.43421249999549338      -0.84668226664678292     
   3.7299195196679985E-002  0.23435775522940308       0.43518282225161431      -0.84544720973084619     
   3.7347572881759987E-002  0.23466172118949311       0.43554151194792129      -0.84513297029330336     
   3.7395950566839989E-002  0.23496568714958313       0.43636829520388776      -0.84396509369940909     
   3.7444328251919984E-002  0.23526965310967313       0.43709677430759203      -0.84306149936027208     
   3.7492705936999986E-002  0.23557361906976315       0.43786830121664272      -0.84207235842246297     
   3.7541083622079988E-002  0.23587758502985318       0.43830360147897590      -0.84129154580026699     
   3.7589461307159990E-002  0.23618155098994320       0.43905990206325313      -0.84011316224312871     
   3.7637838992239984E-002  0.23648551695003320       0.43953595543678359      -0.83933776648754044     
   3.7686216677319986E-002  0.23678948291012322       0.43997155194320658      -0.83836197560916481     
   3.7734594362399988E-002  0.23709344887021325       0.44064818970846242      -0.83761454735173180     
   3.7782972047479990E-002  0.23739741483030327       0.44104345503738496      -0.83675520911881685     
   3.7831349732559985E-002  0.23770138079039327       0.44174898228596748      -0.83572177265674730     
   3.7879727417639987E-002  0.23800534675048329       0.44236039732725141      -0.83490066795482998     
   3.7928105102719989E-002  0.23830931271057332       0.44276091781931876      -0.83377272988503792     
   3.7976482787799984E-002  0.23861327867066331       0.44346102962493134      -0.83311342979865144     
   3.8024860472879986E-002  0.23891724463075334       0.44374460805405880      -0.83202694559486046     
   3.8073238157959988E-002  0.23922121059084336       0.44469612276940590      -0.83131527367549785     
   3.8121615843039990E-002  0.23952517655093339       0.44500073166916698      -0.83044584835229029     
   3.8169993528119985E-002  0.23982914251102339       0.44584600454906997      -0.82953381384531999     
   3.8218371213199986E-002  0.24013310847111341       0.44622645359914193      -0.82877229480101355     
   3.8266748898279988E-002  0.24043707443120343       0.44687702230394882      -0.82761875160028064     
   3.8315126583359990E-002  0.24074104039129346       0.44732898617281608      -0.82702717619958899     
   3.8363504268439985E-002  0.24104500635138346       0.44777103774491744      -0.82596106118448043     
   3.8411881953519987E-002  0.24134897231147348       0.44851923098466179      -0.82559439576487725     
   3.8460259638599989E-002  0.24165293827156351       0.44884378130578190      -0.82451951624742947     
   3.8508637323679984E-002  0.24195690423165350       0.44962001886102887      -0.82377330934769055     
   3.8557015008759986E-002  0.24226087019174353       0.44995703577398938      -0.82289981068866980     
   3.8605392693839988E-002  0.24256483615183355       0.45053867396577496      -0.82197226138758017     
   3.8653770378919990E-002  0.24286880211192358       0.45126368805023459      -0.82128711236539553     
   3.8702148063999985E-002  0.24317276807201357       0.45161218685177501      -0.82031016987026173     
   3.8750525749079986E-002  0.24347673403210360       0.45253025341064795      -0.81948176866293199     
   3.8798903434159988E-002  0.24378069999219362       0.45286841512993231      -0.81861194763031120     
   3.8847281119239983E-002  0.24408466595228362       0.45352704570140978      -0.81759779305526792     
   3.8895658804319985E-002  0.24438863191237364       0.45389999531120795      -0.81686620134806487     
   3.8944036489399987E-002  0.24469259787246367       0.45449325071434105      -0.81591127194258672     
   3.8992414174479989E-002  0.24499656383255369       0.45494435196641891      -0.81498658934804025     
   3.9040791859559984E-002  0.24530052979264369       0.45556165083890665      -0.81420010422204281     
   3.9089169544639986E-002  0.24560449575273371       0.45594307495453884      -0.81322123494098231     
   3.9137547229719988E-002  0.24590846171282374       0.45661858598607813      -0.81238980505438763     
   3.9185924914799990E-002  0.24621242767291376       0.45693311384154223      -0.81158623836699695     
   3.9234302599879985E-002  0.24651639363300376       0.45767133988064646      -0.81063563676818684     
   3.9282680284959987E-002  0.24682035959309379       0.45809611179621634      -0.80993013580601547     
   3.9331057970039988E-002  0.24712432555318381       0.45876439554653697      -0.80885037022092177     
   3.9379435655119983E-002  0.24742829151327381       0.45929521959577657      -0.80814814515583921     
   3.9427813340199985E-002  0.24773225747336383       0.45972972019879571      -0.80699035969972288     
   3.9476191025279987E-002  0.24803622343345386       0.46036455415835537      -0.80636261806811416     
   3.9524568710359989E-002  0.24834018939354388       0.46066798805907694      -0.80535660329517667     
   3.9572946395439984E-002  0.24864415535363388       0.46153133039772848      -0.80479846136881861     
   3.9621324080519986E-002  0.24894812131372390       0.46184293768336493      -0.80390267630073375     
   3.9669701765599988E-002  0.24925208727381393       0.46274434829996647      -0.80298908321577778     
   3.9718079450679990E-002  0.24955605323390395       0.46298952327111564      -0.80221334971406755     
   3.9766457135759985E-002  0.24986001919399395       0.46366986429848495      -0.80116556514003223     
   3.9814834820839987E-002  0.25016398515408400       0.46391612218319661      -0.80065543867182842     
   3.9863212505919988E-002  0.25046795111417403       0.46452397132416445      -0.79955358241169505     
   3.9911590190999983E-002  0.25077191707426399       0.46505650548278593      -0.79913846519886211     
   3.9959967876079985E-002  0.25107588303435402       0.46545055310428113      -0.79814905071586384     
   4.0008345561159987E-002  0.25137984899444404       0.46616119873649503      -0.79739766200853979     
   4.0056723246239989E-002  0.25168381495453407       0.46663505918894843      -0.79645997705384575     
   4.0105100931319984E-002  0.25198778091462404       0.46719026667104152      -0.79559202571209242     
   4.0153478616399986E-002  0.25229174687471412       0.46771431269310526      -0.79460876913993694     
   4.0201856301479988E-002  0.25259571283480414       0.46831462753649167      -0.79383142055899147     
   4.0250233986559983E-002  0.25289967879489411       0.46878900823534653      -0.79293336763676459     
   4.0298611671639985E-002  0.25320364475498414       0.46926985223254669      -0.79210401300365663     
   4.0346989356719987E-002  0.25350761071507416       0.46972610797974923      -0.79132454192815060     
   4.0395367041799989E-002  0.25381157667516419       0.47030526886323387      -0.79045116898826095     
   4.0443744726879984E-002  0.25411554263525415       0.47078239331171007      -0.78970317055495709     
   4.0492122411959985E-002  0.25441950859534423       0.47128163072631779      -0.78882804878605217     
   4.0540500097039987E-002  0.25472347455543426       0.47195862635119112      -0.78798665972979520     
   4.0588877782119989E-002  0.25502744051552428       0.47227680820933648      -0.78715636775133557     
   4.0637255467199984E-002  0.25533140647561425       0.47292184321217545      -0.78625576489167237     
   4.0685633152279986E-002  0.25563537243570428       0.47330909811560468      -0.78550264678732440     
   4.0734010837359988E-002  0.25593933839579430       0.47395183703378296      -0.78453749077097779     
   4.0782388522439983E-002  0.25624330435588427       0.47439376847007708      -0.78375238769732425     
   4.0830766207519985E-002  0.25654727031597435       0.47497998140269254      -0.78289685501854478     
   4.0879143892599987E-002  0.25685123627606438       0.47544712427100055      -0.78212250887292611     
   4.0927521577679989E-002  0.25715520223615440       0.47597935157276544      -0.78115288524660631     
   4.0975899262759984E-002  0.25745916819624437       0.47648528615095820      -0.78044726283297061     
   4.1024276947839985E-002  0.25776313415633439       0.47689434749120407      -0.77963411621573409     
   4.1072654632919987E-002  0.25806710011642442       0.47759970681515235      -0.77883027999311405     
   4.1121032317999989E-002  0.25837106607651444       0.47799824650164607      -0.77799240649774115     
   4.1169410003079984E-002  0.25867503203660441       0.47864352087553341      -0.77713301583109473     
   4.1217787688159986E-002  0.25897899799669449       0.47908817510543539      -0.77637501940033848     
   4.1266165373239988E-002  0.25928296395678452       0.47954091249443037      -0.77549059768721740     
   4.1314543058319983E-002  0.25958692991687449       0.48020320727603938      -0.77462814428609739     
   4.1362920743399985E-002  0.25989089587696451       0.48067539361658884      -0.77387780596859668     
   4.1411298428479987E-002  0.26019486183705454       0.48126130988675569      -0.77291365596433137     
   4.1459676113559989E-002  0.26049882779714456       0.48168612919153764      -0.77218521477144408     
   4.1508053798639984E-002  0.26080279375723453       0.48219889567428548      -0.77124285887022292     
   4.1556431483719986E-002  0.26110675971732461       0.48269403612464173      -0.77049694561942106     
   4.1604809168799987E-002  0.26141072567741463       0.48315070461677662      -0.76970014912618712     
   4.1653186853879982E-002  0.26171469163750460       0.48365488271398727      -0.76888121251832697     
   4.1701564538959984E-002  0.26201865759759463       0.48422332596076367      -0.76806258225854496     
   4.1749942224039986E-002  0.26232262355768465       0.48465250745977789      -0.76730293069935573     
   4.1798319909119988E-002  0.26262658951777468       0.48520169992366907      -0.76644974555850243     
   4.1846697594199983E-002  0.26293055547786465       0.48565354549700462      -0.76574485992114916     
   4.1895075279279985E-002  0.26323452143795473       0.48615850976187247      -0.76481861266400741     
   4.1943452964359987E-002  0.26353848739804475       0.48672147949975408      -0.76397825802610786     
   4.1991830649439989E-002  0.26384245335813478       0.48713546487967885      -0.76313475357411320     
   4.2040208334519984E-002  0.26414641931822475       0.48767400789613091      -0.76237645043884528     
   4.2088586019599986E-002  0.26445038527831477       0.48805451241986675      -0.76155341973423651     
   4.2136963704679987E-002  0.26475435123840479       0.48866105403707061      -0.76068351806001611     
   4.2185341389759982E-002  0.26505831719849476       0.48906992318012399      -0.75995644373571425     
   4.2233719074839984E-002  0.26536228315858484       0.48966684467206262      -0.75898461145089846     
   4.2282096759919986E-002  0.26566624911867487       0.49022806056735246      -0.75827062315419080     
   4.2330474444999988E-002  0.26597021507876489       0.49073034338124216      -0.75732336540986067     
   4.2378852130079983E-002  0.26627418103885486       0.49125030361580602      -0.75661670339884146     
   4.2427229815159985E-002  0.26657814699894489       0.49168244547965850      -0.75569403214876585     
   4.2475607500239987E-002  0.26688211295903491       0.49220722015384760      -0.75509546777209868     
   4.2523985185319989E-002  0.26718607891912494       0.49266341308389167      -0.75423291556099903     
   4.2572362870399984E-002  0.26749004487921496       0.49334354837760874      -0.75346697323401968     
   4.2620740555479986E-002  0.26779401083930499       0.49361767616111374      -0.75264606954171964     
   4.2669118240559988E-002  0.26809797679939501       0.49422321907064215      -0.75179815271811778     
   4.2717495925639982E-002  0.26840194275948498       0.49474916054314372      -0.75094673043303373     
   4.2765873610719984E-002  0.26870590871957500       0.49523427898778116      -0.75012609513996920     
   4.2814251295799986E-002  0.26900987467966503       0.49567999670188567      -0.74929359095299475     
   4.2862628980879988E-002  0.26931384063975505       0.49618620797956581      -0.74846178276647113     
   4.2911006665959983E-002  0.26961780659984502       0.49671378813500450      -0.74768587794612418     
   4.2959384351039985E-002  0.26992177255993510       0.49712368351782260      -0.74692489984842136     
   4.3007762036119987E-002  0.27022573852002513       0.49763362871528077      -0.74612133521961022     
   4.3056139721199982E-002  0.27052970448011510       0.49811886599190114      -0.74533811806000816     
   4.3104517406279984E-002  0.27083367044020512       0.49868406887576439      -0.74454388839688113     
   4.3152895091359986E-002  0.27113763640029515       0.49907439398168646      -0.74376072141453586     
   4.3201272776439988E-002  0.27144160236038517       0.49966707654016373      -0.74290578369260085     
   4.3249650461519983E-002  0.27174556832047514       0.50009083879411376      -0.74214872112522257     
   4.3298028146599984E-002  0.27204953428056522       0.50059562502646970      -0.74128654215999079     
   4.3346405831679986E-002  0.27235350024065524       0.50107199885475207      -0.74063332111687619     
   4.3394783516759988E-002  0.27265746620074527       0.50158189717998214      -0.73965358242743839     
   4.3443161201839983E-002  0.27296143216083524       0.50213457285701057      -0.73895968937712819     
   4.3491538886919985E-002  0.27326539812092526       0.50253957692285711      -0.73804786524921462     
   4.3539916571999987E-002  0.27356936408101529       0.50304625960192662      -0.73733052215237516     
   4.3588294257079982E-002  0.27387333004110526       0.50353935261257543      -0.73649697790509649     
   4.3636671942159984E-002  0.27417729600119534       0.50402593203281054      -0.73570981546395564     
   4.3685049627239986E-002  0.27448126196128536       0.50444479814559162      -0.73496045063043525     
   4.3733427312319988E-002  0.27478522792137539       0.50498562765324939      -0.73408790808699365     
   4.3781804997399983E-002  0.27508919388146535       0.50539651239458450      -0.73329564426553306     
   4.3830182682479985E-002  0.27539315984155538       0.50594193654533670      -0.73243506884966936     
   4.3878560367559986E-002  0.27569712580164540       0.50644208665950008      -0.73176739766675125     
   4.3926938052639988E-002  0.27600109176173543       0.50689848941323667      -0.73096363674834119     
   4.3975315737719983E-002  0.27630505772182545       0.50742657437771599      -0.73006225675756842     
   4.4023693422799985E-002  0.27660902368191548       0.50791895097264206      -0.72919814283767115     
   4.4072071107879987E-002  0.27691298964200550       0.50841998804943944      -0.72846636361106465     
   4.4120448792959982E-002  0.27721695560209547       0.50884049373070828      -0.72766164960506707     
   4.4168826478039984E-002  0.27752092156218550       0.50935589269444759      -0.72691790335024176     
   4.4217204163119986E-002  0.27782488752227552       0.50984772517389165      -0.72608406974853990     
   4.4265581848199988E-002  0.27812885348236555       0.51028336672019270      -0.72534195557357473     
   4.4313959533279983E-002  0.27843281944245551       0.51081759233314150      -0.72447410380155930     
   4.4362337218359985E-002  0.27873678540254559       0.51132745837249094      -0.72373165575613418     
   4.4410714903439986E-002  0.27904075136263562       0.51177482140928865      -0.72294972263679680     
   4.4459092588519981E-002  0.27934471732272559       0.51223855553587905      -0.72212925497967406     
   4.4507470273599983E-002  0.27964868328281561       0.51268296292562987      -0.72137254247432503     
   4.4555847958679985E-002  0.27995264924290564       0.51318166618658467      -0.72053612217328955     
   4.4604225643759987E-002  0.28025661520299566       0.51368454187963386      -0.71983784180923926     
   4.4652603328839982E-002  0.28056058116308563       0.51413746849480557      -0.71897544166967742     
   4.4700981013919984E-002  0.28086454712317571       0.51459598128194184      -0.71827977805627774     
   4.4749358698999986E-002  0.28116851308326574       0.51505164137416781      -0.71748733992732672     
   4.4797736384079988E-002  0.28147247904335576       0.51560126480955715      -0.71666215722571180     
   4.4846114069159983E-002  0.28177644500344573       0.51608520018011206      -0.71585225900833571     
   4.4894491754239985E-002  0.28208041096353575       0.51650945002562787      -0.71497307332972948     
   4.4942869439319987E-002  0.28238437692362578       0.51704871487504767      -0.71420832337327955     
   4.4991247124399981E-002  0.28268834288371575       0.51748235079276006      -0.71340844810653403     
   4.5039624809479983E-002  0.28299230884380583       0.51793843529003625      -0.71269155438866116     
   4.5088002494559985E-002  0.28329627480389585       0.51843832354949482      -0.71190424143474229     
   4.5136380179639987E-002  0.28360024076398588       0.51886093064119931      -0.71115913478709647     
   4.5184757864719982E-002  0.28390420672407585       0.51937701427277994      -0.71038814178927967     
   4.5233135549799984E-002  0.28420817268416587       0.51986495111634978      -0.70948802938034483     
   4.5281513234879986E-002  0.28451213864425590       0.52031145033104997      -0.70875374456208118     
   4.5329890919959988E-002  0.28481610460434592       0.52082170562436114      -0.70797371131957165     
   4.5378268605039983E-002  0.28512007056443595       0.52132458630479472      -0.70714971106069602     
   4.5426646290119985E-002  0.28542403652452597       0.52184549303286909      -0.70640376402346450     
   4.5475023975199987E-002  0.28572800248461599       0.52227280709473656      -0.70558110192057921     
   4.5523401660279982E-002  0.28603196844470596       0.52271704359303894      -0.70481792468734406     
   4.5571779345359983E-002  0.28633593440479599       0.52321188287178622      -0.70399415867293991     
   4.5620157030439985E-002  0.28663990036488601       0.52362521656602368      -0.70324831604298976     
   4.5668534715519987E-002  0.28694386632497604       0.52405923879077676      -0.70240414889340352     
   4.5716912400599982E-002  0.28724783228506601       0.52459391197039074      -0.70162848071569894     
   4.5765290085679984E-002  0.28755179824515609       0.52505716117883805      -0.70091583607236629     
   4.5813667770759986E-002  0.28785576420524611       0.52559476753265111      -0.70009438371769805     
   4.5862045455839981E-002  0.28815973016533608       0.52605270060780962      -0.69934833059634693     
   4.5910423140919983E-002  0.28846369612542611       0.52647805510020229      -0.69857418535861693     
   4.5958800825999985E-002  0.28876766208551613       0.52694453309908607      -0.69781123671458534     
   4.6007178511079987E-002  0.28907162804560615       0.52743561325849875      -0.69704097733873427     
   4.6055556196159982E-002  0.28937559400569612       0.52790925604592687      -0.69625480648028171     
   4.6103933881239983E-002  0.28967955996578620       0.52841426537689584      -0.69546839135643135     
   4.6152311566319985E-002  0.28998352592587623       0.52888016276480332      -0.69462725775080369     
   4.6200689251399987E-002  0.29028749188596625       0.52927527572628674      -0.69387663406088684     
   4.6249066936479982E-002  0.29059145784605622       0.52983860592265419      -0.69314967515262194     
   4.6297444621559984E-002  0.29089542380614625       0.53022023377987393      -0.69229665795480733     
   4.6345822306639986E-002  0.29119938976623627       0.53068342327927520      -0.69158870249967608     
   4.6394199991719981E-002  0.29150335572632624       0.53113929561332884      -0.69070626030827220     
   4.6442577676799983E-002  0.29180732168641632       0.53161035276930113      -0.68997205923872085     
   4.6490955361879985E-002  0.29211128764650635       0.53203629762887972      -0.68918696213122188     
   4.6539333046959987E-002  0.29241525360659637       0.53250259384640308      -0.68845745054872509     
   4.6587710732039982E-002  0.29271921956668634       0.53297109413958554      -0.68769106073593234     
   4.6636088417119984E-002  0.29302318552677636       0.53349772747889035      -0.68689440965476256     
   4.6684466102199985E-002  0.29332715148686639       0.53393976129953347      -0.68607181708224596     
   4.6732843787279987E-002  0.29363111744695641       0.53439426736685458      -0.68536338237153416     
   4.6781221472359982E-002  0.29393508340704644       0.53481782715452775      -0.68462455359347141     
   4.6829599157439984E-002  0.29423904936713646       0.53527152034522119      -0.68375359873092567     
   4.6877976842519986E-002  0.29454301532722649       0.53577752820314772      -0.68299724401686757     
   4.6926354527599981E-002  0.29484698128731646       0.53623374276728542      -0.68217519700759222     
   4.6974732212679983E-002  0.29515094724740648       0.53679643478391059      -0.68145518167849783     
   4.7023109897759985E-002  0.29545491320749651       0.53722824656646839      -0.68072113686328828     
   4.7071487582839987E-002  0.29575887916758653       0.53764928596533290      -0.67988659544266539     
   4.7119865267919982E-002  0.29606284512767650       0.53810328199619040      -0.67909665493510796     
   4.7168242952999984E-002  0.29636681108776658       0.53859593436080477      -0.67830287517737620     
   4.7216620638079985E-002  0.29667077704785660       0.53903520283919493      -0.67759235722671951     
   4.7264998323159980E-002  0.29697474300794657       0.53951695240443265      -0.67684027722751072     
   4.7313376008239982E-002  0.29727870896803660       0.53998409192899066      -0.67605409972312658     
   4.7361753693319984E-002  0.29758267492812662       0.54040222164846297      -0.67527702967042613     
   4.7410131378399986E-002  0.29788664088821665       0.54090846518068336      -0.67456977488857506     
   4.7458509063479981E-002  0.29819060684830662       0.54140740336675031      -0.67374219113413325     
   4.7506886748559983E-002  0.29849457280839670       0.54185465243257191      -0.67296237409920945     
   4.7555264433639985E-002  0.29879853876848672       0.54230637775122170      -0.67214479786251979     
   4.7603642118719987E-002  0.29910250472857675       0.54273867591566249      -0.67141178450634342     
   4.7652019803799982E-002  0.29940647068866671       0.54318868174064960      -0.67058179181501532     
   4.7700397488879984E-002  0.29971043664875674       0.54359112698514611      -0.66985434767524699     
   4.7748775173959986E-002  0.30001440260884676       0.54413680611362247      -0.66905189613893390     
   4.7797152859039981E-002  0.30031836856893673       0.54450453230398244      -0.66839721712849065     
   4.7845530544119982E-002  0.30062233452902681       0.54498871636357626      -0.66756876373938800     
   4.7893908229199984E-002  0.30092630048911684       0.54544600899854956      -0.66675486963400021     
   4.7942285914279986E-002  0.30123026644920686       0.54582652123896125      -0.66603948908458388     
   4.7990663599359981E-002  0.30153423240929683       0.54631561195919387      -0.66527064028517902     
   4.8039041284439983E-002  0.30183819836938686       0.54680359537754841      -0.66448047867535209     
   4.8087418969519985E-002  0.30214216432947688       0.54729503015165959      -0.66371368313963619     
   4.8135796654599987E-002  0.30244613028956691       0.54778269564088955      -0.66298816225784396     
   4.8184174339679982E-002  0.30275009624965693       0.54818624632488677      -0.66222661872036404     
   4.8232552024759984E-002  0.30305406220974695       0.54863638895445332      -0.66139203160083959     
   4.8280929709839986E-002  0.30335802816983698       0.54907951313140935      -0.66061945725048499     
   4.8329307394919981E-002  0.30366199412992695       0.54957525636399018      -0.65984269840105370     
   4.8377685079999982E-002  0.30396596009001697       0.55002928514021998      -0.65901003245475254     
   4.8426062765079984E-002  0.30426992605010700       0.55049867162236021      -0.65832984916597226     
   4.8474440450159986E-002  0.30457389201019702       0.55094504313315429      -0.65754153111524505     
   4.8522818135239981E-002  0.30487785797028699       0.55138953440457028      -0.65678131440409726     
   4.8571195820319983E-002  0.30518182393037707       0.55181465881831315      -0.65608108152684330     
   4.8619573505399985E-002  0.30548578989046710       0.55229252925094507      -0.65528505012037852     
   4.8667951190479980E-002  0.30578975585055707       0.55278031346738443      -0.65455307872425250     
   4.8716328875559982E-002  0.30609372181064709       0.55325642702721411      -0.65376743796227321     
   4.8764706560639984E-002  0.30639768777073711       0.55369625876921857      -0.65301416259847789     
   4.8813084245719986E-002  0.30670165373082714       0.55413630401838376      -0.65216111861126991     
   4.8861461930799981E-002  0.30700561969091711       0.55459232522279611      -0.65144066134066125     
   4.8909839615879983E-002  0.30730958565100719       0.55508643898340904      -0.65067162157505920     
   4.8958217300959984E-002  0.30761355161109721       0.55547478736473255      -0.64989942734639994     
   4.9006594986039986E-002  0.30791751757118724       0.55591167085868265      -0.64914256175580665     
   4.9054972671119981E-002  0.30822148353127721       0.55639721782375007      -0.64834299570742271     
   4.9103350356199983E-002  0.30852544949136723       0.55681699166050835      -0.64760984039351810     
   4.9151728041279985E-002  0.30882941545145726       0.55723181369396346      -0.64684592660529128     
   4.9200105726359980E-002  0.30913338141154723       0.55763182217049245      -0.64609064094077950     
   4.9248483411439982E-002  0.30943734737163731       0.55811817580770784      -0.64527197694483274     
   4.9296861096519984E-002  0.30974131333172733       0.55864393125316136      -0.64458223503113221     
   4.9345238781599986E-002  0.31004527929181736       0.55903810038890456      -0.64378498335304890     
   4.9393616466679981E-002  0.31034924525190732       0.55950244260128534      -0.64305347906890553     
   4.9441994151759983E-002  0.31065321121199735       0.55990517684279040      -0.64227198214138204     
   4.9490371836839984E-002  0.31095717717208737       0.56037339530301544      -0.64154866104176300     
   4.9538749521919986E-002  0.31126114313217740       0.56086604994056832      -0.64070173134621089     
   4.9587127206999981E-002  0.31156510909226742       0.56138228774789845      -0.63996264985507534     
   4.9635504892079983E-002  0.31186907505235745       0.56179444795401068      -0.63917604340347700     
   4.9683882577159985E-002  0.31217304101244747       0.56229393080851198      -0.63843563246460877     
   4.9732260262239980E-002  0.31247700697253744       0.56263174499922952      -0.63764963829735899     
   4.9780637947319982E-002  0.31278097293262747       0.56320023075737546      -0.63688726083247227     
   4.9829015632399984E-002  0.31308493889271749       0.56358819117715253      -0.63614270390286498     
   4.9877393317479986E-002  0.31338890485280751       0.56406857624038698      -0.63536315630941209     
   4.9925771002559981E-002  0.31369287081289748       0.56451614494127611      -0.63468295002027153     
   4.9974148687639983E-002  0.31399683677298756       0.56497704954101702      -0.63386480587530203     
   5.0022526372719985E-002  0.31430080273307759       0.56539966239805139      -0.63307195097520175     
   5.0070904057799979E-002  0.31460476869316756       0.56585699359376684      -0.63235424245744554     
   5.0119281742879981E-002  0.31490873465325758       0.56629373246716619      -0.63156905117257689     
   5.0167659427959983E-002  0.31521270061334761       0.56674697589753364      -0.63080881103958952     
   5.0216037113039985E-002  0.31551666657343763       0.56718419038623868      -0.63004076637279827     
   5.0264414798119980E-002  0.31582063253352760       0.56758563976603205      -0.62931931412673825     
   5.0312792483199982E-002  0.31612459849361768       0.56801352492974877      -0.62852886481327119     
   5.0361170168279984E-002  0.31642856445370771       0.56846367007407550      -0.62778068931180075     
   5.0409547853359986E-002  0.31673253041379773       0.56898130910924860      -0.62696837206152156     
   5.0457925538439981E-002  0.31703649637388770       0.56941662799028425      -0.62623489622021278     
   5.0506303223519983E-002  0.31734046233397772       0.56977902761426613      -0.62546415712289583     
   5.0554680908599985E-002  0.31764442829406775       0.57028768244421846      -0.62468602394965356     
   5.0603058593679980E-002  0.31794839425415772       0.57068259625427076      -0.62396362312379494     
   5.0651436278759981E-002  0.31825236021424780       0.57106807596450826      -0.62322826847970025     
   5.0699813963839983E-002  0.31855632617433782       0.57156906269032581      -0.62241778515058155     
   5.0748191648919985E-002  0.31886029213442785       0.57211594068571126      -0.62168928415573388     
   5.0796569333999980E-002  0.31916425809451782       0.57251779817807669      -0.62092667290349590     
   5.0844947019079982E-002  0.31946822405460784       0.57297880202993356      -0.62012509190280385     
   5.0893324704159984E-002  0.31977219001469787       0.57337690944488529      -0.61929580378731131     
   5.0941702389239986E-002  0.32007615597478789       0.57385030508656698      -0.61862751454662790     
   5.0990080074319981E-002  0.32038012193487792       0.57430490420040414      -0.61788787424487657     
   5.1038457759399983E-002  0.32068408789496794       0.57476716843131292      -0.61706694680705909     
   5.1086835444479985E-002  0.32098805385505796       0.57512755841102059      -0.61635034006914646     
   5.1135213129559980E-002  0.32129201981514793       0.57566296079114387      -0.61557354170991074     
   5.1183590814639982E-002  0.32159598577523796       0.57603005482762759      -0.61478701412764247     
   5.1231968499719983E-002  0.32189995173532798       0.57647787346267410      -0.61410434253163582     
   5.1280346184799985E-002  0.32220391769541801       0.57695012300338988      -0.61328989329069494     
   5.1328723869879980E-002  0.32250788365550798       0.57743309565704903      -0.61257155375768435     
   5.1377101554959982E-002  0.32281184961559806       0.57787503358403924      -0.61182910351323971     
   5.1425479240039984E-002  0.32311581557568808       0.57827874561811987      -0.61101412277594580     
   5.1473856925119979E-002  0.32341978153577805       0.57869798944865491      -0.61025293936642011     
   5.1522234610199981E-002  0.32372374749586807       0.57912115614646031      -0.60950195611285618     
   5.1570612295279983E-002  0.32402771345595810       0.57966123103866285      -0.60874546559723008     
   5.1618989980359985E-002  0.32433167941604812       0.58011526911317501      -0.60801487871518622     
   5.1667367665439980E-002  0.32463564537613809       0.58043005135962744      -0.60720934010875571     
   5.1715745350519982E-002  0.32493961133622817       0.58094866844391069      -0.60644660905123227     
   5.1764123035599983E-002  0.32524357729631820       0.58134651673537741      -0.60570552403366551     
   5.1812500720679985E-002  0.32554754325640822       0.58175891033632710      -0.60493313224439971     
   5.1860878405759980E-002  0.32585150921649819       0.58216458550714911      -0.60415250514425678     
   5.1909256090839982E-002  0.32615547517658822       0.58266298396277594      -0.60331812286630115     
   5.1957633775919984E-002  0.32645944113667824       0.58310729818470264      -0.60268139972380463     
   5.2006011460999979E-002  0.32676340709676821       0.58355954477374461      -0.60191438746476944     
   5.2054389146079981E-002  0.32706737305685829       0.58402113002212741      -0.60114732780033242     
   5.2102766831159983E-002  0.32737133901694832       0.58442369480980583      -0.60035010714927006     
   5.2151144516239985E-002  0.32767530497703834       0.58491091737259893      -0.59964333099751932     
   5.2199522201319980E-002  0.32797927093712831       0.58534840017987466      -0.59886369611846713     
   5.2247899886399982E-002  0.32828323689721833       0.58577027661674441      -0.59808546759107428     
   5.2296277571479984E-002  0.32858720285730836       0.58624496436613949      -0.59736081606349367     
   5.2344655256559985E-002  0.32889116881739838       0.58665091401675240      -0.59653973007398930     
   5.2393032941639980E-002  0.32919513477748841       0.58705592880170587      -0.59580336197104411     
   5.2441410626719982E-002  0.32949910073757843       0.58757223605271391      -0.59507989328809763     
   5.2489788311799984E-002  0.32980306669766846       0.58803159641308755      -0.59437830040142647     
   5.2538165996879979E-002  0.33010703265775843       0.58849941539465722      -0.59352509223227423     
   5.2586543681959981E-002  0.33041099861784845       0.58891638000027347      -0.59278189894974798     
   5.2634921367039983E-002  0.33071496457793848       0.58936642351578539      -0.59203509026632173     
   5.2683299052119985E-002  0.33101893053802850       0.58979391690684224      -0.59122350172246430     
   5.2731676737199980E-002  0.33132289649811847       0.59029126813869226      -0.59053121385669860     
   5.2780054422279982E-002  0.33162686245820855       0.59069488001447901      -0.58976869753050054     
   5.2828432107359984E-002  0.33193082841829857       0.59106923676787482      -0.58899973365994318     
   5.2876809792439979E-002  0.33223479437838854       0.59151097250039475      -0.58821501895918926     
   5.2925187477519980E-002  0.33253876033847857       0.59191948241325776      -0.58743947832870180     
   5.2973565162599982E-002  0.33284272629856859       0.59232460317321645      -0.58666972979620391     
   5.3021942847679984E-002  0.33314669225865862       0.59278848642163307      -0.58588961632767533     
   5.3070320532759979E-002  0.33345065821874859       0.59330579461927047      -0.58512091263237742     
   5.3118698217839981E-002  0.33375462417883867       0.59379676925710356      -0.58433971857358047     
   5.3167075902919983E-002  0.33405859013892869       0.59412663143087052      -0.58359126959335128     
   5.3215453587999985E-002  0.33436255609901872       0.59457284629568186      -0.58288427332637549     
   5.3263831273079980E-002  0.33466652205910868       0.59505165638795732      -0.58215360155463081     
   5.3312208958159982E-002  0.33497048801919871       0.59539262620816225      -0.58139455899986747     
   5.3360586643239984E-002  0.33527445397928873       0.59583847487130992      -0.58063049731729521     
   5.3408964328319979E-002  0.33557841993937870       0.59630894372667920      -0.57983116754213593     
   5.3457342013399980E-002  0.33588238589946878       0.59679354078528446      -0.57902080555694480     
   5.3505719698479982E-002  0.33618635185955881       0.59722718760559912      -0.57827445640099373     
   5.3554097383559984E-002  0.33649031781964883       0.59762040042528719      -0.57751457688961250     
   5.3602475068639979E-002  0.33679428377973880       0.59809499447582593      -0.57684446927384059     
   5.3650852753719981E-002  0.33709824973982883       0.59850356450405484      -0.57612318774195614     
   5.3699230438799983E-002  0.33740221569991885       0.59901200077816152      -0.57529781141205927     
   5.3747608123879985E-002  0.33770618166000888       0.59938231670177444      -0.57446429462270132     
   5.3795985808959980E-002  0.33801014762009890       0.59981976236664192      -0.57375697718543284     
   5.3844363494039982E-002  0.33831411358018892       0.60029993109545376      -0.57297195057513628     
   5.3892741179119984E-002  0.33861807954027895       0.60068906064754102      -0.57228153206709220     
   5.3941118864199979E-002  0.33892204550036892       0.60111589710666680      -0.57158019010082461     
   5.3989496549279981E-002  0.33922601146045894       0.60164008180973083      -0.57066690027838318     
   5.4037874234359982E-002  0.33952997742054897       0.60201972423569328      -0.56999358860736227     
   5.4086251919439984E-002  0.33983394338063899       0.60248692140211735      -0.56916226896386068     
   5.4134629604519979E-002  0.34013790934072896       0.60282813174664829      -0.56839950559971775     
   5.4183007289599981E-002  0.34044187530081904       0.60325766604664111      -0.56765220696320917     
   5.4231384974679983E-002  0.34074584126090907       0.60381569953246872      -0.56689708342776124     
   5.4279762659759978E-002  0.34104980722099904       0.60428782564064254      -0.56619155689461531     
   5.4328140344839980E-002  0.34135377318108906       0.60463541142248467      -0.56538486727551174     
   5.4376518029919982E-002  0.34165773914117908       0.60504718594825568      -0.56460684578255427     
   5.4424895714999984E-002  0.34196170510126911       0.60547200064465012      -0.56383534539632862     
   5.4473273400079979E-002  0.34226567106135908       0.60593458222890406      -0.56311022751147144     
   5.4521651085159981E-002  0.34256963702144916       0.60634316212919814      -0.56226764934390216     
   5.4570028770239982E-002  0.34287360298153918       0.60681352688818280      -0.56148076617187137     
   5.4618406455319984E-002  0.34317756894162921       0.60727082619290995      -0.56078299237090667     
   5.4666784140399979E-002  0.34348153490171918       0.60765679840263942      -0.56009615148339875     
   5.4715161825479981E-002  0.34378550086180920       0.60817446282251653      -0.55925402641741695     
   5.4763539510559983E-002  0.34408946682189923       0.60861894514587445      -0.55846103531096558     
   5.4811917195639978E-002  0.34439343278198919       0.60900905639027236      -0.55775535194082615     
   5.4860294880719980E-002  0.34469739874207928       0.60947460215019744      -0.55703592569181359     
   5.4908672565799982E-002  0.34500136470216930       0.60985850223297988      -0.55619125856661911     
   5.4957050250879984E-002  0.34530533066225932       0.61028973495225380      -0.55542330724852595     
   5.5005427935959979E-002  0.34560929662234929       0.61080279020863204      -0.55469192162041037     
   5.5053805621039981E-002  0.34591326258243932       0.61116075004084036      -0.55388908670370507     
   5.5102183306119983E-002  0.34621722854252934       0.61158614766826069      -0.55314454980500904     
   5.5150560991199984E-002  0.34652119450261937       0.61208814475158946      -0.55245101595176971     
   5.5198938676279979E-002  0.34682516046270939       0.61251257280763227      -0.55166917077175825     
   5.5247316361359981E-002  0.34712912642279942       0.61296614245200820      -0.55084762545459487     
   5.5295694046439983E-002  0.34743309238288944       0.61337296721158252      -0.55007112504967681     
   5.5344071731519978E-002  0.34773705834297941       0.61386510661378535      -0.54934821796854505     
   5.5392449416599980E-002  0.34804102430306944       0.61430345799471042      -0.54863089073443339     
   5.5440827101679982E-002  0.34834499026315946       0.61470979334744802      -0.54784978729566602     
   5.5489204786759984E-002  0.34864895622324948       0.61504168201168918      -0.54704174049427934     
   5.5537582471839979E-002  0.34895292218333951       0.61552881906471080      -0.54623774586338325     
   5.5585960156919981E-002  0.34925688814342953       0.61596250765883187      -0.54546231369486675     
   5.5634337841999983E-002  0.34956085410351956       0.61642917640361383      -0.54472194707027266     
   5.5682715527079978E-002  0.34986482006360953       0.61683388842422071      -0.54389729413153554     
   5.5731093212159979E-002  0.35016878602369955       0.61731249299761892      -0.54317860144320407     
   5.5779470897239981E-002  0.35047275198378958       0.61781685006219855      -0.54237160270010465     
   5.5827848582319983E-002  0.35077671794387960       0.61816763136697628      -0.54161269332126438     
   5.5876226267399978E-002  0.35108068390396957       0.61863549016947961      -0.54088523435785885     
   5.5924603952479980E-002  0.35138464986405965       0.61905803899957523      -0.54016312882066841     
   5.5972981637559982E-002  0.35168861582414968       0.61944928773343266      -0.53934057363802290     
   5.6021359322639984E-002  0.35199258178423970       0.61990451472041730      -0.53862290021300407     
   5.6069737007719979E-002  0.35229654774432967       0.62029693308714984      -0.53780054849626524     
   5.6118114692799981E-002  0.35260051370441969       0.62078130424599398      -0.53696615566880945     
   5.6166492377879983E-002  0.35290447966450972       0.62121380505986357      -0.53626223982087495     
   5.6214870062959978E-002  0.35320844562459969       0.62164841720031283      -0.53550850447645648     
   5.6263247748039980E-002  0.35351241158468977       0.62210614517598117      -0.53474257288998139     
   5.6311625433119981E-002  0.35381637754477979       0.62253237707815290      -0.53405502664158089     
   5.6360003118199983E-002  0.35412034350486982       0.62300062163440650      -0.53323738246019792     
   5.6408380803279978E-002  0.35442430946495979       0.62343685969132778      -0.53236529604328064     
   5.6456758488359980E-002  0.35472827542504981       0.62381814182758266      -0.53164468110395280     
   5.6505136173439982E-002  0.35503224138513984       0.62430446226049641      -0.53094414764453546     
   5.6553513858519984E-002  0.35533620734522986       0.62471996128227603      -0.53014744982256612     
   5.6601891543599979E-002  0.35564017330531988       0.62509679143875896      -0.52941740379149127     
   5.6650269228679981E-002  0.35594413926540991       0.62559259828021418      -0.52851670884631075     
   5.6698646913759983E-002  0.35624810522549993       0.62600545396570129      -0.52782177481867942     
   5.6747024598839978E-002  0.35655207118558990       0.62641854710625156      -0.52703611147940610     
   5.6795402283919980E-002  0.35685603714567993       0.62681737332217613      -0.52626300189328512     
   5.6843779968999981E-002  0.35716000310576995       0.62721307089035216      -0.52546097301405548     
   5.6892157654079983E-002  0.35746396906585998       0.62774104149373766      -0.52476506252922750     
   5.6940535339159978E-002  0.35776793502595000       0.62827237070863395      -0.52400086035027960     
   5.6988913024239980E-002  0.35807190098604003       0.62863527258245377      -0.52316982047495286     
   5.7037290709319982E-002  0.35837586694613005       0.62900672503890431      -0.52239243141627789     
   5.7085668394399977E-002  0.35867983290622002       0.62943866263194526      -0.52166939831210879     
   5.7134046079479979E-002  0.35898379886631004       0.62991403331220575      -0.52082761979445857     
   5.7182423764559981E-002  0.35928776482640007       0.63035883843117313      -0.52003364829262388     
   5.7230801449639983E-002  0.35959173078649009       0.63078170999679695      -0.51920515293068781     
   5.7279179134719978E-002  0.35989569674658006       0.63126492743993079      -0.51851539155312998     
   5.7327556819799980E-002  0.36019966270667014       0.63164446847831346      -0.51777286470679307     
   5.7375934504879982E-002  0.36050362866676017       0.63209330658049678      -0.51701295096079325     
   5.7424312189959983E-002  0.36080759462685019       0.63262562332419980      -0.51619814595732183     
   5.7472689875039978E-002  0.36111156058694016       0.63298767490132446      -0.51547771106838014     
   5.7521067560119980E-002  0.36141552654703019       0.63340932302146291      -0.51476950526528864     
   5.7569445245199982E-002  0.36171949250712021       0.63390977050793340      -0.51385974818591218     
   5.7617822930279977E-002  0.36202345846721018       0.63432584797473057      -0.51307367956491745     
   5.7666200615359979E-002  0.36232742442730026       0.63471092573940990      -0.51238482304957234     
   5.7714578300439981E-002  0.36263139038739028       0.63520579329278049      -0.51159617383886369     
   5.7762955985519983E-002  0.36293535634748031       0.63560124543867835      -0.51077614491121270     
   5.7811333670599978E-002  0.36323932230757028       0.63610534219110737      -0.50996493997439440     
   5.7859711355679980E-002  0.36354328826766030       0.63653488430723260      -0.50924479111940169     
   5.7908089040759982E-002  0.36384725422775033       0.63689622626332620      -0.50841023238016370     
   5.7956466725839983E-002  0.36415122018784035       0.63733131037327762      -0.50770040730376154     
   5.8004844410919978E-002  0.36445518614793038       0.63775299592328594      -0.50687972714134422     
   5.8053222095999980E-002  0.36475915210802040       0.63820152359430127      -0.50613003046765004     
   5.8101599781079982E-002  0.36506311806811043       0.63864981449597547      -0.50536085121675400     
   5.8149977466159977E-002  0.36536708402820040       0.63906734635729012      -0.50453782186453489     
   5.8198355151239979E-002  0.36567104998829042       0.63951940519988071      -0.50370134621511919     
   5.8246732836319981E-002  0.36597501594838044       0.63995450138866616      -0.50295930728863791     
   5.8295110521399983E-002  0.36627898190847047       0.64044012927979244      -0.50219220068781989     
   5.8343488206479978E-002  0.36658294786856049       0.64079407422666113      -0.50138994523773039     
   5.8391865891559980E-002  0.36688691382865052       0.64132100488965005      -0.50062619510215001     
   5.8440243576639982E-002  0.36719087978874054       0.64176294266232758      -0.49979832598887414     
   5.8488621261719977E-002  0.36749484574883051       0.64215782044161251      -0.49908184307675235     
   5.8536998946799979E-002  0.36779881170892054       0.64260106689605001      -0.49834429246693818     
   5.8585376631879980E-002  0.36810277766901056       0.64309248779890293      -0.49751802001586892     
   5.8633754316959982E-002  0.36840674362910059       0.64343394439835377      -0.49674732514158088     
   5.8682132002039977E-002  0.36871070958919056       0.64387435073135169      -0.49605330457769042     
   5.8730509687119979E-002  0.36901467554928064       0.64434640745739047      -0.49515586844834425     
   5.8778887372199981E-002  0.36931864150937066       0.64482588077678826      -0.49428419836849696     
   5.8827265057279983E-002  0.36962260746946068       0.64519259832855258      -0.49355858787636070     
   5.8875642742359978E-002  0.36992657342955065       0.64566613777176995      -0.49285494330138324     
   5.8924020427439980E-002  0.37023053938964068       0.64615842073883178      -0.49204092169863933     
   5.8972398112519982E-002  0.37053450534973070       0.64656733882373862      -0.49127338750352600     
   5.9020775797599977E-002  0.37083847130982067       0.64704696632173309      -0.49057152765646961     
   5.9069153482679979E-002  0.37114243726991075       0.64745047648752230      -0.48968319735208332     
   5.9117531167759980E-002  0.37144640323000078       0.64783728419095232      -0.48890492261697943     
   5.9165908852839982E-002  0.37175036919009080       0.64832690872384435      -0.48814092603382686     
   5.9214286537919977E-002  0.37205433515018077       0.64876264541709538      -0.48730620032042787     
   5.9262664222999979E-002  0.37235830111027080       0.64917001334290036      -0.48656769423694129     
   5.9311041908079981E-002  0.37266226707036082       0.64960983282560714      -0.48568211302675790     
   5.9359419593159983E-002  0.37296623303045084       0.65009676160250818      -0.48496547961010328     
   5.9407797278239978E-002  0.37327019899054087       0.65047049343847652      -0.48415900327826511     
   5.9456174963319980E-002  0.37357416495063089       0.65091576480948221      -0.48335945288746895     
   5.9504552648399982E-002  0.37387813091072092       0.65126974802878090      -0.48253380786355327     
   5.9552930333479977E-002  0.37418209687081089       0.65175536180524873      -0.48186243633557896     
   5.9601308018559979E-002  0.37448606283090091       0.65232220230820193      -0.48103356447470341     
   5.9649685703639981E-002  0.37479002879099094       0.65269709713896296      -0.48019114783362349     
   5.9698063388719982E-002  0.37509399475108096       0.65305872157852951      -0.47947082520187512     
   5.9746441073799977E-002  0.37539796071117099       0.65352821049507281      -0.47861015436665238     
   5.9794818758879979E-002  0.37570192667126101       0.65399941958893992      -0.47785037509639844     
   5.9843196443959981E-002  0.37600589263135104       0.65439940500395932      -0.47703487547149726     
   5.9891574129039976E-002  0.37630985859144100       0.65484729371419304      -0.47621338769770427     
   5.9939951814119978E-002  0.37661382455153103       0.65529005272561902      -0.47541244647376207     
   5.9988329499199980E-002  0.37691779051162105       0.65580420022532293      -0.47463302247392569     
   6.0036707184279982E-002  0.37722175647171108       0.65614013209629896      -0.47384598555280338     
   6.0085084869359977E-002  0.37752572243180105       0.65663447526988206      -0.47309975408041327     
   6.0133462554439979E-002  0.37782968839189113       0.65707671627053277      -0.47229702042321242     
   6.0181840239519981E-002  0.37813365435198115       0.65746650641961968      -0.47162705786915160     
   6.0230217924599982E-002  0.37843762031207118       0.65795966771646364      -0.47074938067314032     
   6.0278595609679977E-002  0.37874158627216115       0.65842851530258084      -0.46987705488588416     
   6.0326973294759979E-002  0.37904555223225117       0.65884654577991153      -0.46914367766540865     
   6.0375350979839981E-002  0.37934951819234120       0.65934981712576157      -0.46838601678038033     
   6.0423728664919976E-002  0.37965348415243116       0.65973942315049539      -0.46761342597146405     
   6.0472106349999978E-002  0.37995745011252124       0.66018215943791358      -0.46667810307199242     
  -6.0423728664919976E-002 -0.37965348415243116       0.66072161540348617      -0.46594975563098934     
  -6.0375350979839981E-002 -0.37934951819234120       0.66101398252954480      -0.46516147419422249     
  -6.0326973294759979E-002 -0.37904555223225117       0.66145921461143176      -0.46435476630458106     
  -6.0278595609679977E-002 -0.37874158627216115       0.66190459261152190      -0.46348567653345146     
  -6.0230217924599982E-002 -0.37843762031207118       0.66227769822361282      -0.46263104953439105     
  -6.0181840239519981E-002 -0.37813365435198115       0.66283940156655285      -0.46191706917889752     
  -6.0133462554439979E-002 -0.37782968839189113       0.66325255980678499      -0.46107767216056245     
  -6.0085084869359977E-002 -0.37752572243180105       0.66366051227310829      -0.46028494975849538     
  -6.0036707184279982E-002 -0.37722175647171108       0.66418146288293323      -0.45946203700757676     
  -5.9988329499199980E-002 -0.37691779051162105       0.66459273207465352      -0.45875808145783820     
  -5.9939951814119978E-002 -0.37661382455153103       0.66505579094754053      -0.45789345795664249     
  -5.9891574129039976E-002 -0.37630985859144100       0.66546607819110082      -0.45703642867734690     
  -5.9843196443959981E-002 -0.37600589263135104       0.66589733014548191      -0.45625735154200331     
  -5.9794818758879979E-002 -0.37570192667126101       0.66637003507841031      -0.45546492296470825     
  -5.9746441073799977E-002 -0.37539796071117099       0.66679130471423409      -0.45474099972391252     
  -5.9698063388719982E-002 -0.37509399475108096       0.66725735591313395      -0.45386267817164716     
  -5.9649685703639981E-002 -0.37479002879099094       0.66767694429189273      -0.45309773791933805     
  -5.9601308018559979E-002 -0.37448606283090091       0.66806624823941607      -0.45231311284170345     
  -5.9552930333479977E-002 -0.37418209687081089       0.66853082996944035      -0.45145856629876496     
  -5.9504552648399982E-002 -0.37387813091072092       0.66907740387745640      -0.45058650953424201     
  -5.9456174963319980E-002 -0.37357416495063089       0.66945146137488210      -0.44985603124337376     
  -5.9407797278239978E-002 -0.37327019899054087       0.66992188353428228      -0.44907628052659876     
  -5.9359419593159983E-002 -0.37296623303045084       0.67036870282908589      -0.44829161389425537     
  -5.9311041908079981E-002 -0.37266226707036082       0.67080635992389837      -0.44742719415509474     
  -5.9262664222999979E-002 -0.37235830111027080       0.67129771460308729      -0.44672198508630173     
  -5.9214286537919977E-002 -0.37205433515018077       0.67161490958506997      -0.44587631305965841     
  -5.9165908852839982E-002 -0.37175036919009080       0.67206451818173496      -0.44501746030005906     
  -5.9117531167759980E-002 -0.37144640323000078       0.67258143598012954      -0.44418522016864953     
  -5.9069153482679979E-002 -0.37114243726991075       0.67296773122018272      -0.44333478663868081     
  -5.9020775797599977E-002 -0.37083847130982067       0.67349712942881457      -0.44254274236220809     
  -5.8972398112519982E-002 -0.37053450534973070       0.67389880970325888      -0.44179770269650798     
  -5.8924020427439980E-002 -0.37023053938964068       0.67437780685766169      -0.44090892630236633     
  -5.8875642742359978E-002 -0.36992657342955065       0.67474758414823155      -0.44004709288692428     
  -5.8827265057279983E-002 -0.36962260746946068       0.67523263875345652      -0.43928197526403090     
  -5.8778887372199981E-002 -0.36931864150937066       0.67567907603526201      -0.43847838345234641     
  -5.8730509687119979E-002 -0.36901467554928064       0.67610837838979310      -0.43771616410484787     
  -5.8682132002039977E-002 -0.36871070958919056       0.67655657708637540      -0.43685880396706273     
  -5.8633754316959982E-002 -0.36840674362910059       0.67709009702145895      -0.43599291807742557     
  -5.8585376631879980E-002 -0.36810277766901056       0.67739441601502881      -0.43525856381962347     
  -5.8536998946799979E-002 -0.36779881170892054       0.67792324234995216      -0.43439311900354916     
  -5.8488621261719977E-002 -0.36749484574883051       0.67837249398404531      -0.43360085176980268     
  -5.8440243576639982E-002 -0.36719087978874054       0.67881467508305149      -0.43274581771635767     
  -5.8391865891559980E-002 -0.36688691382865052       0.67922140142772180      -0.43190684000515467     
  -5.8343488206479978E-002 -0.36658294786856049       0.67969562232272740      -0.43106590679908258     
  -5.8295110521399983E-002 -0.36627898190847047       0.68013982664443040      -0.43028236517198987     
  -5.8246732836319981E-002 -0.36597501594838044       0.68066110672695523      -0.42948536706670665     
  -5.8198355151239979E-002 -0.36567104998829042       0.68104032647264234      -0.42863641957598009     
  -5.8149977466159977E-002 -0.36536708402820040       0.68152157414082515      -0.42791269847210622     
  -5.8101599781079982E-002 -0.36506311806811043       0.68190585297082662      -0.42707532164625200     
  -5.8053222095999980E-002 -0.36475915210802040       0.68232381214372084      -0.42624615912409497     
  -5.8004844410919978E-002 -0.36445518614793038       0.68281160125745521      -0.42536840300733586     
  -5.7956466725839983E-002 -0.36415122018784035       0.68330186644160751      -0.42459050696238926     
  -5.7908089040759982E-002 -0.36384725422775033       0.68374407020092498      -0.42379310002913001     
  -5.7859711355679980E-002 -0.36354328826766030       0.68423472397019813      -0.42297029731550401     
  -5.7811333670599978E-002 -0.36323932230757028       0.68462905107928573      -0.42208490272892951     
  -5.7762955985519983E-002 -0.36293535634748031       0.68514935607230498      -0.42125683254597235     
  -5.7714578300439981E-002 -0.36263139038739028       0.68554897121449176      -0.42038430180213499     
  -5.7666200615359979E-002 -0.36232742442730026       0.68601296729952743      -0.41960466925895479     
  -5.7617822930279977E-002 -0.36202345846721018       0.68647804731689388      -0.41876947579480600     
  -5.7569445245199982E-002 -0.36171949250712021       0.68689778916755984      -0.41787683674336606     
  -5.7521067560119980E-002 -0.36141552654703019       0.68735410304343791      -0.41705496347130228     
  -5.7472689875039978E-002 -0.36111156058694016       0.68778523602687625      -0.41625909319676913     
  -5.7424312189959983E-002 -0.36080759462685019       0.68821261025305380      -0.41535158676430428     
  -5.7375934504879982E-002 -0.36050362866676017       0.68865978363759972      -0.41456820659849175     
  -5.7327556819799980E-002 -0.36019966270667014       0.68915215684404429      -0.41382934825345091     
  -5.7279179134719978E-002 -0.35989569674658006       0.68965349134792164      -0.41297296799458827     
  -5.7230801449639983E-002 -0.35959173078649009       0.69011054526704740      -0.41198117782182081     
  -5.7182423764559981E-002 -0.35928776482640007       0.69049586482777536      -0.41121552689110219     
  -5.7134046079479979E-002 -0.35898379886631004       0.69099057218019788      -0.41035449674873481     
  -5.7085668394399977E-002 -0.35867983290622002       0.69144395193897312      -0.40956095292173805     
  -5.7037290709319982E-002 -0.35837586694613005       0.69184374922750469      -0.40869157803364270     
  -5.6988913024239980E-002 -0.35807190098604003       0.69234814776919251      -0.40788135348499271     
  -5.6940535339159978E-002 -0.35776793502595000       0.69278135796270213      -0.40708712455847673     
  -5.6892157654079983E-002 -0.35746396906585998       0.69326611773116675      -0.40616833036371097     
  -5.6843779968999981E-002 -0.35716000310576995       0.69371296663948745      -0.40536663162627884     
  -5.6795402283919980E-002 -0.35685603714567993       0.69416411810946466      -0.40455212805410173     
  -5.6747024598839978E-002 -0.35655207118558990       0.69460181074227201      -0.40376527267876006     
  -5.6698646913759983E-002 -0.35624810522549993       0.69505458752899352      -0.40290807085869002     
  -5.6650269228679981E-002 -0.35594413926540991       0.69554259880085978      -0.40198658500727236     
  -5.6601891543599979E-002 -0.35564017330531988       0.69599737122743932      -0.40125546395075501     
  -5.6553513858519984E-002 -0.35533620734522986       0.69639624211682627      -0.40035110593645656     
  -5.6505136173439982E-002 -0.35503224138513984       0.69687207012999763      -0.39946491979170989     
  -5.6456758488359980E-002 -0.35472827542504981       0.69733986964786798      -0.39863896572565244     
  -5.6408380803279978E-002 -0.35442430946495979       0.69778110067643162      -0.39777494038927952     
  -5.6360003118199983E-002 -0.35412034350486982       0.69828441569068478      -0.39691669511371458     
  -5.6311625433119981E-002 -0.35381637754477979       0.69866544384378793      -0.39610971419298552     
  -5.6263247748039980E-002 -0.35351241158468977       0.69918137966993965      -0.39522645394843070     
  -5.6214870062959978E-002 -0.35320844562459969       0.69962516279140718      -0.39430628757733666     
  -5.6166492377879983E-002 -0.35290447966450972       0.70002768046133046      -0.39354250113943251     
  -5.6118114692799981E-002 -0.35260051370441969       0.70054472518485200      -0.39270600437538833     
  -5.6069737007719979E-002 -0.35229654774432967       0.70102279534104539      -0.39185780627610733     
  -5.6021359322639984E-002 -0.35199258178423970       0.70140389023148197      -0.39095189974791927     
  -5.5972981637559982E-002 -0.35168861582414968       0.70195209355584576      -0.39008492011299584     
  -5.5924603952479980E-002 -0.35138464986405965       0.70241959179586233      -0.38925803367138306     
  -5.5876226267399978E-002 -0.35108068390396957       0.70281937146277318      -0.38840331353695001     
  -5.5827848582319983E-002 -0.35077671794387960       0.70331286002891935      -0.38755150365030222     
  -5.5779470897239981E-002 -0.35047275198378958       0.70377836166267238      -0.38672644722292382     
  -5.5731093212159979E-002 -0.35016878602369955       0.70424628390698218      -0.38584342867292637     
  -5.5682715527079978E-002 -0.34986482006360953       0.70469255024076538      -0.38493146696220293     
  -5.5634337841999983E-002 -0.34956085410351956       0.70515072508451260      -0.38410835518426040     
  -5.5585960156919981E-002 -0.34925688814342953       0.70557601936743330      -0.38327856681553901     
  -5.5537582471839979E-002 -0.34895292218333951       0.70601697332591173      -0.38239244377753551     
  -5.5489204786759984E-002 -0.34864895622324948       0.70656605803377082      -0.38157820564927863     
  -5.5440827101679982E-002 -0.34834499026315946       0.70694953369964586      -0.38069508783473377     
  -5.5392449416599980E-002 -0.34804102430306944       0.70739122055698767      -0.37984544867285219     
  -5.5344071731519978E-002 -0.34773705834297941       0.70787444036065683      -0.37894911448429558     
  -5.5295694046439983E-002 -0.34743309238288944       0.70832443777587684      -0.37810979806153711     
  -5.5247316361359981E-002 -0.34712912642279942       0.70877964350653588      -0.37727291842140637     
  -5.5198938676279979E-002 -0.34682516046270939       0.70931471361932108      -0.37642341801245649     
  -5.5150560991199984E-002 -0.34652119450261937       0.70972959215844855      -0.37552196596407184     
  -5.5102183306119983E-002 -0.34621722854252934       0.71023011410481673      -0.37460835930850955     
  -5.5053805621039981E-002 -0.34591326258243932       0.71074023999103297      -0.37373106307099863     
  -5.5005427935959979E-002 -0.34560929662234929       0.71112680221637281      -0.37291150306270221     
  -5.4957050250879984E-002 -0.34530533066225932       0.71165595332790754      -0.37204237080368802     
  -5.4908672565799982E-002 -0.34500136470216930       0.71211854064091640      -0.37112331481484073     
  -5.4860294880719980E-002 -0.34469739874207928       0.71247503609427953      -0.37024090555882261     
  -5.4811917195639978E-002 -0.34439343278198919       0.71299710630269142      -0.36935222317868627     
  -5.4763539510559983E-002 -0.34408946682189923       0.71350385795623916      -0.36852563717957920     
  -5.4715161825479981E-002 -0.34378550086180920       0.71394202276285679      -0.36762888824193352     
  -5.4666784140399979E-002 -0.34348153490171918       0.71438071165707306      -0.36680580766982401     
  -5.4618406455319984E-002 -0.34317756894162921       0.71490328522438773      -0.36593498731503926     
  -5.4570028770239982E-002 -0.34287360298153918       0.71534306173603057      -0.36501023535502519     
  -5.4521651085159981E-002 -0.34256963702144916       0.71585324006430351      -0.36413617409852850     
  -5.4473273400079979E-002 -0.34226567106135908       0.71635235344956094      -0.36324207870662995     
  -5.4424895714999984E-002 -0.34196170510126911       0.71675570115978848      -0.36234428231598903     
  -5.4376518029919982E-002 -0.34165773914117908       0.71724356397753641      -0.36149442645982127     
  -5.4328140344839980E-002 -0.34135377318108906       0.71775213507277535      -0.36061901169162502     
  -5.4279762659759978E-002 -0.34104980722099904       0.71817189886973520      -0.35975983701081909     
  -5.4231384974679983E-002 -0.34074584126090907       0.71859761811077982      -0.35885550991939452     
  -5.4183007289599981E-002 -0.34044187530081904       0.71907775122373863      -0.35798193992275629     
  -5.4134629604519979E-002 -0.34013790934072896       0.71952277554156585      -0.35708714637259364     
  -5.4086251919439984E-002 -0.33983394338063899       0.72001903772490394      -0.35622444097456318     
  -5.4037874234359982E-002 -0.33952997742054897       0.72051570354704164      -0.35539354527139416     
  -5.3989496549279981E-002 -0.33922601146045894       0.72099249328033732      -0.35441313505972522     
  -5.3941118864199979E-002 -0.33892204550036892       0.72151849956892766      -0.35354954919258791     
  -5.3892741179119984E-002 -0.33861807954027895       0.72198430610121145      -0.35266708837587724     
  -5.3844363494039982E-002 -0.33831411358018892       0.72243213179451216      -0.35174529125358750     
  -5.3795985808959980E-002 -0.33801014762009890       0.72287872824062172      -0.35091583636903817     
  -5.3747608123879985E-002 -0.33770618166000888       0.72337667742762468      -0.34998869284221817     
  -5.3699230438799983E-002 -0.33740221569991885       0.72377068658531329      -0.34901785452742989     
  -5.3650852753719981E-002 -0.33709824973982883       0.72431566650112034      -0.34812965688014719     
  -5.3602475068639979E-002 -0.33679428377973880       0.72466042544732467      -0.34723083560657581     
  -5.3554097383559984E-002 -0.33649031781964883       0.72525826067569021      -0.34639739934900077     
  -5.3505719698479982E-002 -0.33618635185955881       0.72569928593989330      -0.34548485898548292     
  -5.3457342013399980E-002 -0.33588238589946878       0.72617629882990631      -0.34463313469566548     
  -5.3408964328319979E-002 -0.33557841993937870       0.72659718481875879      -0.34367142831279562     
  -5.3360586643239984E-002 -0.33527445397928873       0.72711323664177874      -0.34272570288974108     
  -5.3312208958159982E-002 -0.33497048801919871       0.72768196206279168      -0.34186034998491166     
  -5.3263831273079980E-002 -0.33466652205910868       0.72815071386755725      -0.34101030543972710     
  -5.3215453587999985E-002 -0.33436255609901872       0.72859313544160054      -0.34011547054897462     
  -5.3167075902919983E-002 -0.33405859013892869       0.72909150819895585      -0.33920542036550771     
  -5.3118698217839981E-002 -0.33375462417883867       0.72955554950571189      -0.33829543390677747     
  -5.3070320532759979E-002 -0.33345065821874859       0.73004034581887278      -0.33736973792771069     
  -5.3021942847679984E-002 -0.33314669225865862       0.73051602340888588      -0.33644649298628965     
  -5.2973565162599982E-002 -0.33284272629856859       0.73097674374024790      -0.33554200061188388     
  -5.2925187477519980E-002 -0.33253876033847857       0.73147592782421633      -0.33463640742844908     
  -5.2876809792439979E-002 -0.33223479437838854       0.73191778121613493      -0.33373764239872789     
  -5.2828432107359984E-002 -0.33193082841829857       0.73246100843378259      -0.33280574095784243     
  -5.2780054422279982E-002 -0.33162686245820855       0.73290204473097387      -0.33192988323113293     
  -5.2731676737199980E-002 -0.33132289649811847       0.73341374014886807      -0.33103498985193303     
  -5.2683299052119985E-002 -0.33101893053802850       0.73388913149363055      -0.33009118638142393     
  -5.2634921367039983E-002 -0.33071496457793848       0.73431935605952880      -0.32922762470173439     
  -5.2586543681959981E-002 -0.33041099861784845       0.73482426870639939      -0.32828062080015125     
  -5.2538165996879979E-002 -0.33010703265775843       0.73531872927645547      -0.32729566119456166     
  -5.2489788311799984E-002 -0.32980306669766846       0.73580969429508469      -0.32643619038985888     
  -5.2441410626719982E-002 -0.32949910073757843       0.73623351713631202      -0.32544843683815550     
  -5.2393032941639980E-002 -0.32919513477748841       0.73677800054736942      -0.32463891777324044     
  -5.2344655256559985E-002 -0.32889116881739838       0.73723245256616976      -0.32364883335398520     
  -5.2296277571479984E-002 -0.32858720285730836       0.73773325245685029      -0.32275220159100310     
  -5.2247899886399982E-002 -0.32828323689721833       0.73824560702407016      -0.32177117273358435     
  -5.2199522201319980E-002 -0.32797927093712831       0.73869882607528947      -0.32080397551544643     
  -5.2151144516239985E-002 -0.32767530497703834       0.73916006839611770      -0.31987627571700566     
  -5.2102766831159983E-002 -0.32737133901694832       0.73968826009059174      -0.31908343845968923     
  -5.2054389146079981E-002 -0.32706737305685829       0.74014881995261250      -0.31813813048421469     
  -5.2006011460999979E-002 -0.32676340709676821       0.74061005376961764      -0.31712899715843423     
  -5.1957633775919984E-002 -0.32645944113667824       0.74110685104409935      -0.31620294604821647     
  -5.1909256090839982E-002 -0.32615547517658822       0.74164619608102922      -0.31527595911347056     
  -5.1860878405759980E-002 -0.32585150921649819       0.74213814494128660      -0.31437204465216356     
  -5.1812500720679985E-002 -0.32554754325640822       0.74262838227616035      -0.31336176867697879     
  -5.1764123035599983E-002 -0.32524357729631820       0.74309985972109238      -0.31247410736201275     
  -5.1715745350519982E-002 -0.32493961133622817       0.74355544097357973      -0.31163007706795376     
  -5.1667367665439980E-002 -0.32463564537613809       0.74415213276208825      -0.31061173147263421     
  -5.1618989980359985E-002 -0.32433167941604812       0.74456737524359906      -0.30970465765086003     
  -5.1570612295279983E-002 -0.32402771345595810       0.74499582980128021      -0.30873923957525051     
  -5.1522234610199981E-002 -0.32372374749586807       0.74548206497355263      -0.30779756639894995     
  -5.1473856925119979E-002 -0.32341978153577805       0.74595394665391124      -0.30684273020795655     
  -5.1425479240039984E-002 -0.32311581557568808       0.74652527570621829      -0.30590551224319862     
  -5.1377101554959982E-002 -0.32281184961559806       0.74698968195220949      -0.30500810870490602     
  -5.1328723869879980E-002 -0.32250788365550798       0.74751537601740314      -0.30408089920645287     
  -5.1280346184799985E-002 -0.32220391769541801       0.74804037921261957      -0.30306482728037804     
  -5.1231968499719983E-002 -0.32189995173532798       0.74852783494122954      -0.30216438019646352     
  -5.1183590814639982E-002 -0.32159598577523796       0.74902898958659569      -0.30117595348848120     
  -5.1135213129559980E-002 -0.32129201981514793       0.74946017044250379      -0.30026482892440493     
  -5.1086835444479985E-002 -0.32098805385505796       0.75006351978577723      -0.29930132709352569     
  -5.1038457759399983E-002 -0.32068408789496794       0.75046056272866257      -0.29828356445163245     
  -5.0990080074319981E-002 -0.32038012193487792       0.75101686388663613      -0.29727020910707314     
  -5.0941702389239986E-002 -0.32007615597478789       0.75142085485485521      -0.29635854295419062     
  -5.0893324704159984E-002 -0.31977219001469787       0.75194143316311501      -0.29541385076777776     
  -5.0844947019079982E-002 -0.31946822405460784       0.75245388110869960      -0.29460548012995103     
  -5.0796569333999980E-002 -0.31916425809451782       0.75295267107857844      -0.29348747637089784     
  -5.0748191648919985E-002 -0.31886029213442785       0.75341706972562361      -0.29256682532009337     
  -5.0699813963839983E-002 -0.31855632617433782       0.75390998737668447      -0.29151870118581286     
  -5.0651436278759981E-002 -0.31825236021424780       0.75450529338463335      -0.29061368039398344     
  -5.0603058593679980E-002 -0.31794839425415772       0.75497684458605308      -0.28965189343529829     
  -5.0554680908599985E-002 -0.31764442829406775       0.75542610176031244      -0.28875192431480695     
  -5.0506303223519983E-002 -0.31734046233397772       0.75594223372891178      -0.28773562365329391     
  -5.0457925538439981E-002 -0.31703649637388770       0.75649179544880540      -0.28683598087540579     
  -5.0409547853359986E-002 -0.31673253041379773       0.75698895774400299      -0.28576192605623429     
  -5.0361170168279984E-002 -0.31642856445370771       0.75748139064250275      -0.28485543269785962     
  -5.0312792483199982E-002 -0.31612459849361768       0.75793966127116241      -0.28384841458006965     
  -5.0264414798119980E-002 -0.31582063253352760       0.75848972381367430      -0.28286562906870838     
  -5.0216037113039985E-002 -0.31551666657343763       0.75900794983461406      -0.28191577721996969     
  -5.0167659427959983E-002 -0.31521270061334761       0.75950407160957056      -0.28089622606306242     
  -5.0119281742879981E-002 -0.31490873465325758       0.76000263080157571      -0.27998405868854104     
  -5.0070904057799979E-002 -0.31460476869316756       0.76055371587589338      -0.27903527363702890     
  -5.0022526372719985E-002 -0.31430080273307759       0.76105767778261557      -0.27802398356484442     
  -4.9974148687639983E-002 -0.31399683677298756       0.76148473185023702      -0.27704809004038727     
  -4.9925771002559981E-002 -0.31369287081289748       0.76208537658566200      -0.27605761177813720     
  -4.9877393317479986E-002 -0.31338890485280751       0.76252582124283885      -0.27507313756375390     
  -4.9829015632399984E-002 -0.31308493889271749       0.76309379868905580      -0.27408613231073614     
  -4.9780637947319982E-002 -0.31278097293262747       0.76350288831479540      -0.27311182968302289     
  -4.9732260262239980E-002 -0.31247700697253744       0.76410627446386725      -0.27212051671484933     
  -4.9683882577159985E-002 -0.31217304101244747       0.76452446559907616      -0.27116965006301419     
  -4.9635504892079983E-002 -0.31186907505235745       0.76510868617808614      -0.27002637323859718     
  -4.9587127206999981E-002 -0.31156510909226742       0.76565036991245705      -0.26911736099654876     
  -4.9538749521919986E-002 -0.31126114313217740       0.76612583295231007      -0.26810195606473181     
  -4.9490371836839984E-002 -0.31095717717208737       0.76665106709842601      -0.26710809284389181     
  -4.9441994151759983E-002 -0.31065321121199735       0.76706836082154228      -0.26612558457385938     
  -4.9393616466679981E-002 -0.31034924525190732       0.76763171498735350      -0.26515862422167757     
  -4.9345238781599986E-002 -0.31004527929181736       0.76813437148960129      -0.26401171156928782     
  -4.9296861096519984E-002 -0.30974131333172733       0.76863117823736282      -0.26304489234243672     
  -4.9248483411439982E-002 -0.30943734737163731       0.76921196230438915      -0.26207091412623545     
  -4.9200105726359980E-002 -0.30913338141154723       0.76971821818176600      -0.26109376131884471     
  -4.9151728041279985E-002 -0.30882941545145726       0.77018109110358268      -0.26008317603035463     
  -4.9103350356199983E-002 -0.30852544949136723       0.77074967809575456      -0.25909132665484902     
  -4.9054972671119981E-002 -0.30822148353127721       0.77122926420284021      -0.25815036944680153     
  -4.9006594986039986E-002 -0.30791751757118724       0.77177850855910379      -0.25707681501238466     
  -4.8958217300959984E-002 -0.30761355161109721       0.77229041477382776      -0.25604630914423082     
  -4.8909839615879983E-002 -0.30730958565100719       0.77274503329215560      -0.25503119540097557     
  -4.8861461930799981E-002 -0.30700561969091711       0.77330797204620927      -0.25401818258100045     
  -4.8813084245719986E-002 -0.30670165373082714       0.77376448336129988      -0.25298387242790638     
  -4.8764706560639984E-002 -0.30639768777073711       0.77436738618567380      -0.25199157790749266     
  -4.8716328875559982E-002 -0.30609372181064709       0.77488688564739483      -0.25095558294676285     
  -4.8667951190479980E-002 -0.30578975585055707       0.77541725347025958      -0.24998708552096105     
  -4.8619573505399985E-002 -0.30548578989046710       0.77588015959243128      -0.24896271278747836     
  -4.8571195820319983E-002 -0.30518182393037707       0.77646233862520031      -0.24797475084870890     
  -4.8522818135239981E-002 -0.30487785797028699       0.77700044926179379      -0.24689321787313803     
  -4.8474440450159986E-002 -0.30457389201019702       0.77755752821676061      -0.24586415717648141     
  -4.8426062765079984E-002 -0.30426992605010700       0.77801145498212831      -0.24485914361367367     
  -4.8377685079999982E-002 -0.30396596009001697       0.77855805144336565      -0.24378957612613758     
  -4.8329307394919981E-002 -0.30366199412992695       0.77909305833988107      -0.24275503576133933     
  -4.8280929709839986E-002 -0.30335802816983698       0.77957689583742174      -0.24173628704679978     
  -4.8232552024759984E-002 -0.30305406220974695       0.78010683418214555      -0.24073117097401450     
  -4.8184174339679982E-002 -0.30275009624965693       0.78068606083143444      -0.23972204804248581     
  -4.8135796654599987E-002 -0.30244613028956691       0.78124052503661323      -0.23859212571561267     
  -4.8087418969519985E-002 -0.30214216432947688       0.78173840928393912      -0.23753482550993663     
  -4.8039041284439983E-002 -0.30183819836938686       0.78226577230228944      -0.23650297587226915     
  -4.7990663599359981E-002 -0.30153423240929683       0.78274407356406883      -0.23544066280121007     
  -4.7942285914279986E-002 -0.30123026644920686       0.78331047902684792      -0.23441368753309985     
  -4.7893908229199984E-002 -0.30092630048911684       0.78375379766310205      -0.23340013441660717     
  -4.7845530544119982E-002 -0.30062233452902681       0.78434681142066998      -0.23230656764921101     
  -4.7797152859039981E-002 -0.30031836856893673       0.78494647575279120      -0.23131836922048737     
  -4.7748775173959986E-002 -0.30001440260884676       0.78546017040776361      -0.23021043624572654     
  -4.7700397488879984E-002 -0.29971043664875674       0.78598387676335402      -0.22918949677304817     
  -4.7652019803799982E-002 -0.29940647068866671       0.78646647996345243      -0.22809799254932342     
  -4.7603642118719987E-002 -0.29910250472857675       0.78706287449238432      -0.22707629198808812     
  -4.7555264433639985E-002 -0.29879853876848672       0.78760406147406492      -0.22607120123814917     
  -4.7506886748559983E-002 -0.29849457280839670       0.78813594795492814      -0.22498695731791049     
  -4.7458509063479981E-002 -0.29819060684830662       0.78862794933840730      -0.22391571950813635     
  -4.7410131378399986E-002 -0.29788664088821665       0.78924531767360762      -0.22290641093358440     
  -4.7361753693319984E-002 -0.29758267492812662       0.78983132117671107      -0.22180389703965347     
  -4.7313376008239982E-002 -0.29727870896803660       0.79028415997490997      -0.22074445640527210     
  -4.7264998323159980E-002 -0.29697474300794657       0.79082326777821887      -0.21963031322256948     
  -4.7216620638079985E-002 -0.29667077704785660       0.79136190430849274      -0.21858307304875360     
  -4.7168242952999984E-002 -0.29636681108776658       0.79187755044709862      -0.21751385978277885     
  -4.7119865267919982E-002 -0.29606284512767650       0.79242060635630829      -0.21646555066066359     
  -4.7071487582839987E-002 -0.29575887916758653       0.79301226931399260      -0.21536744127798874     
  -4.7023109897759985E-002 -0.29545491320749651       0.79354870149910361      -0.21433106392072368     
  -4.6974732212679983E-002 -0.29515094724740648       0.79411737087962930      -0.21323213538598110     
  -4.6926354527599981E-002 -0.29484698128731646       0.79467723469768337      -0.21212804650937386     
  -4.6877976842519986E-002 -0.29454301532722649       0.79518110135907050      -0.21107802740140577     
  -4.6829599157439984E-002 -0.29423904936713646       0.79569574683859268      -0.20989611781591594     
  -4.6781221472359982E-002 -0.29393508340704644       0.79621390717034524      -0.20886740908487414     
  -4.6732843787279987E-002 -0.29363111744695641       0.79678474862670268      -0.20772430733111832     
  -4.6684466102199985E-002 -0.29332715148686639       0.79738081807144756      -0.20658676780536325     
  -4.6636088417119984E-002 -0.29302318552677636       0.79786982403708928      -0.20548862819925789     
  -4.6587710732039982E-002 -0.29271921956668634       0.79854813748013098      -0.20450507778677701     
  -4.6539333046959987E-002 -0.29241525360659637       0.79896532342228199      -0.20334045996426076     
  -4.6490955361879985E-002 -0.29211128764650635       0.79956911172294987      -0.20228510035202152     
  -4.6442577676799983E-002 -0.29180732168641632       0.80008563244211295      -0.20119831188169782     
  -4.6394199991719981E-002 -0.29150335572632624       0.80062989351350788      -0.20014937223849061     
  -4.6345822306639986E-002 -0.29119938976623627       0.80121208528544297      -0.19899005969581035     
  -4.6297444621559984E-002 -0.29089542380614625       0.80174640734565006      -0.19785239600304266     
  -4.6249066936479982E-002 -0.29059145784605622       0.80227585972961502      -0.19679052020117210     
  -4.6200689251399987E-002 -0.29028749188596625       0.80292875911887318      -0.19565461033074436     
  -4.6152311566319985E-002 -0.28998352592587623       0.80340209480236724      -0.19458854865891523     
  -4.6103933881239983E-002 -0.28967955996578620       0.80396469281239491      -0.19343409958642793     
  -4.6055556196159982E-002 -0.28937559400569612       0.80457802539110879      -0.19234398209543929     
  -4.6007178511079987E-002 -0.28907162804560615       0.80513003884084722      -0.19120374586217978     
  -4.5958800825999985E-002 -0.28876766208551613       0.80564920216081937      -0.19009482989497220     
  -4.5910423140919983E-002 -0.28846369612542611       0.80620237772234260      -0.18895896578930907     
  -4.5862045455839981E-002 -0.28815973016533608       0.80681569983078949      -0.18789783963419904     
  -4.5813667770759986E-002 -0.28785576420524611       0.80738217770995391      -0.18673388020221476     
  -4.5765290085679984E-002 -0.28755179824515609       0.80792692372874364      -0.18558053986143583     
  -4.5716912400599982E-002 -0.28724783228506601       0.80844499152661442      -0.18450865274887993     
  -4.5668534715519987E-002 -0.28694386632497604       0.80904559330223913      -0.18334282690811779     
  -4.5620157030439985E-002 -0.28663990036488601       0.80955641173072312      -0.18222148355868134     
  -4.5571779345359983E-002 -0.28633593440479599       0.81011991062431699      -0.18107261389931145     
  -4.5523401660279982E-002 -0.28603196844470596       0.81080367019314836      -0.17992831015762367     
  -4.5475023975199987E-002 -0.28572800248461599       0.81132555124231731      -0.17868800226877238     
  -4.5426646290119985E-002 -0.28542403652452597       0.81191787931428017      -0.17765912911290749     
  -4.5378268605039983E-002 -0.28512007056443595       0.81248801439558394      -0.17646875324667471     
  -4.5329890919959988E-002 -0.28481610460434592       0.81304976694513320      -0.17534518180094555     
  -4.5281513234879986E-002 -0.28451213864425590       0.81357144659020830      -0.17414482143377932     
  -4.5233135549799984E-002 -0.28420817268416587       0.81410123573721926      -0.17301590150393717     
  -4.5184757864719982E-002 -0.28390420672407585       0.81473421672528745      -0.17186930605837661     
  -4.5136380179639987E-002 -0.28360024076398588       0.81536034310398131      -0.17073177166424433     
  -4.5088002494559985E-002 -0.28329627480389585       0.81590799929634628      -0.16955222431530886     
  -4.5039624809479983E-002 -0.28299230884380583       0.81646526080741655      -0.16840614908810139     
  -4.4991247124399981E-002 -0.28268834288371575       0.81699835728163761      -0.16727142760231653     
  -4.4942869439319987E-002 -0.28238437692362578       0.81757714070290755      -0.16614170072054515     
  -4.4894491754239985E-002 -0.28208041096353575       0.81818804144367774      -0.16505557217454569     
  -4.4846114069159983E-002 -0.28177644500344573       0.81872933369868117      -0.16382588324182534     
  -4.4797736384079988E-002 -0.28147247904335576       0.81933601806168732      -0.16267054935518924     
  -4.4749358698999986E-002 -0.28116851308326574       0.81988817436174033      -0.16147533466914324     
  -4.4700981013919984E-002 -0.28086454712317571       0.82054417142995062      -0.16033713336994948     
  -4.4652603328839982E-002 -0.28056058116308563       0.82104423154281669      -0.15911021177356455     
  -4.4604225643759987E-002 -0.28025661520299566       0.82165136645548520      -0.15792352501717311     
  -4.4555847958679985E-002 -0.27995264924290564       0.82222546207335057      -0.15672866693865259     
  -4.4507470273599983E-002 -0.27964868328281561       0.82280664799742809      -0.15556591425538721     
  -4.4459092588519981E-002 -0.27934471732272559       0.82339024985870235      -0.15438561012248211     
  -4.4410714903439986E-002 -0.27904075136263562       0.82399545274667885      -0.15321905720896484     
  -4.4362337218359985E-002 -0.27873678540254559       0.82459878745729076      -0.15205796746292266     
  -4.4313959533279983E-002 -0.27843281944245551       0.82520707782566771      -0.15080759260958057     
  -4.4265581848199988E-002 -0.27812885348236555       0.82581044745044840      -0.14967281898183693     
  -4.4217204163119986E-002 -0.27782488752227552       0.82639196739723031      -0.14844783716592552     
  -4.4168826478039984E-002 -0.27752092156218550       0.82692376016600011      -0.14722717242890895     
  -4.4120448792959982E-002 -0.27721695560209547       0.82751710959835856      -0.14599389715996031     
  -4.4072071107879987E-002 -0.27691298964200550       0.82817882371564244      -0.14480744453021907     
  -4.4023693422799985E-002 -0.27660902368191548       0.82877058126687020      -0.14355990333274041     
  -4.3975315737719983E-002 -0.27630505772182545       0.82932409204736413      -0.14238903818193893     
  -4.3926938052639988E-002 -0.27600109176173543       0.82999673286035736      -0.14113925759064463     
  -4.3878560367559986E-002 -0.27569712580164540       0.83055564630935752      -0.13990964775966441     
  -4.3830182682479985E-002 -0.27539315984155538       0.83113473344236100      -0.13871132621345950     
  -4.3781804997399983E-002 -0.27508919388146535       0.83173160238382693      -0.13751200575715525     
  -4.3733427312319988E-002 -0.27478522792137539       0.83223516706512490      -0.13634776920306443     
  -4.3685049627239986E-002 -0.27448126196128536       0.83290667780720673      -0.13505668074425517     
  -4.3636671942159984E-002 -0.27417729600119534       0.83342397909853172      -0.13385557599437520     
  -4.3588294257079982E-002 -0.27387333004110526       0.83399420267846014      -0.13258624113389370     
  -4.3539916571999987E-002 -0.27356936408101529       0.83472111618378897      -0.13138177338228160     
  -4.3491538886919985E-002 -0.27326539812092526       0.83527462746600090      -0.13020154962576616     
  -4.3443161201839983E-002 -0.27296143216083524       0.83586034896578587      -0.12894570083635043     
  -4.3394783516759988E-002 -0.27265746620074527       0.83647233568925672      -0.12772949319415883     
  -4.3346405831679986E-002 -0.27235350024065524       0.83711124928008029      -0.12645794775637950     
  -4.3298028146599984E-002 -0.27204953428056522       0.83774524276627049      -0.12520758955861794     
  -4.3249650461519983E-002 -0.27174556832047514       0.83834363893398656      -0.12402433304210372     
  -4.3201272776439988E-002 -0.27144160236038517       0.83889012863402823      -0.12275128624455046     
  -4.3152895091359986E-002 -0.27113763640029515       0.83963222932941750      -0.12153586239732812     
  -4.3104517406279984E-002 -0.27083367044020512       0.84015647534545623      -0.12019752420607810     
  -4.3056139721199982E-002 -0.27052970448011510       0.84078813682537001      -0.11901334486521882     
  -4.3007762036119987E-002 -0.27022573852002513       0.84138956739403326      -0.11770188560180141     
  -4.2959384351039985E-002 -0.26992177255993510       0.84196744649382693      -0.11643051721265128     
  -4.2911006665959983E-002 -0.26961780659984502       0.84260008640926265      -0.11519328480976565     
  -4.2862628980879988E-002 -0.26931384063975505       0.84326390114965466      -0.11391769750196090     
  -4.2814251295799986E-002 -0.26900987467966503       0.84386488832439077      -0.11260224569031034     
  -4.2765873610719984E-002 -0.26870590871957500       0.84450822289640870      -0.11133737282231777     
  -4.2717495925639982E-002 -0.26840194275948498       0.84519044132324928      -0.11008330764956845     
  -4.2669118240559988E-002 -0.26809797679939501       0.84581424474143807      -0.10880474946179693     
  -4.2620740555479986E-002 -0.26779401083930499       0.84639391101148098      -0.10750927780374514     
  -4.2572362870399984E-002 -0.26749004487921496       0.84696865842378133      -0.10621700973443730     
  -4.2523985185319989E-002 -0.26718607891912494       0.84760308037395482      -0.10496578689173075     
  -4.2475607500239987E-002 -0.26688211295903491       0.84822637524828570      -0.10367023519815684     
  -4.2427229815159985E-002 -0.26657814699894489       0.84882971864832180      -0.10234769121029567     
  -4.2378852130079983E-002 -0.26627418103885486       0.84950991667846754      -0.10101687444488816     
  -4.2330474444999988E-002 -0.26597021507876489       0.85008008676338265       -9.9779962347243414E-002
  -4.2282096759919986E-002 -0.26566624911867487       0.85061830141740336       -9.8506074109494191E-002
  -4.2233719074839984E-002 -0.26536228315858484       0.85125801196568796       -9.7280164635473107E-002
  -4.2185341389759982E-002 -0.26505831719849476       0.85191163972032902       -9.5933484548888642E-002
  -4.2136963704679987E-002 -0.26475435123840479       0.85257725769895065       -9.4603619884026560E-002
  -4.2088586019599986E-002 -0.26445038527831477       0.85319740159543200       -9.3332016183944183E-002
  -4.2040208334519984E-002 -0.26414641931822475       0.85386179124064188       -9.1980249927944263E-002
  -4.1991830649439989E-002 -0.26384245335813478       0.85444968036238367       -9.0649603376331656E-002
  -4.1943452964359987E-002 -0.26353848739804475       0.85505224456554840       -8.9321513323382715E-002
  -4.1895075279279985E-002 -0.26323452143795473       0.85578317141642113       -8.7993188788517959E-002
  -4.1846697594199983E-002 -0.26293055547786465       0.85639849350836972       -8.6715479446728749E-002
  -4.1798319909119988E-002 -0.26262658951777468       0.85704149325223844       -8.5351475050250522E-002
  -4.1749942224039986E-002 -0.26232262355768465       0.85771385788543408       -8.4012911305035270E-002
  -4.1701564538959984E-002 -0.26201865759759463       0.85833402581339358       -8.2701896093036742E-002
  -4.1653186853879982E-002 -0.26171469163750460       0.85903779360974075       -8.1358048469783534E-002
  -4.1604809168799987E-002 -0.26141072567741463       0.85966549851957275       -7.9967781465501542E-002
  -4.1556431483719986E-002 -0.26110675971732461       0.86031211044995703       -7.8701261773896705E-002
  -4.1508053798639984E-002 -0.26080279375723453       0.86092515182568274       -7.7262115185194630E-002
  -4.1459676113559989E-002 -0.26049882779714456       0.86153219542298498       -7.5981040433998129E-002
  -4.1411298428479987E-002 -0.26019486183705454       0.86228438663446938       -7.4626870804409912E-002
  -4.1362920743399985E-002 -0.25989089587696451       0.86292705280007354       -7.3322120500415616E-002
  -4.1314543058319983E-002 -0.25958692991687449       0.86348708000848218       -7.1920535499242572E-002
  -4.1266165373239988E-002 -0.25928296395678452       0.86421892158771474       -7.0467518433755871E-002
  -4.1217787688159986E-002 -0.25897899799669449       0.86496076962335533       -6.9120927351171216E-002
  -4.1169410003079984E-002 -0.25867503203660441       0.86548953391692862       -6.7756081657746242E-002
  -4.1121032317999989E-002 -0.25837106607651444       0.86614433901801802       -6.6353345565259542E-002
  -4.1072654632919987E-002 -0.25806710011642442       0.86671782589638202       -6.4972649116866107E-002
  -4.1024276947839985E-002 -0.25776313415633439       0.86742904700750278       -6.3574686565187583E-002
  -4.0975899262759984E-002 -0.25745916819624437       0.86803547533319980       -6.2266318531829526E-002
  -4.0927521577679989E-002 -0.25715520223615440       0.86869437958299245       -6.0922817003905672E-002
  -4.0879143892599987E-002 -0.25685123627606438       0.86946127165208342       -5.9513071886509714E-002
  -4.0830766207519985E-002 -0.25654727031597435       0.87010110265777107       -5.8109246453284275E-002
  -4.0782388522439983E-002 -0.25624330435588427       0.87069069747471617       -5.6701922850589198E-002
  -4.0734010837359988E-002 -0.25593933839579430       0.87138965767256082       -5.5381360892699467E-002
  -4.0685633152279986E-002 -0.25563537243570428       0.87206998460038998       -5.3969148907810315E-002
  -4.0637255467199984E-002 -0.25533140647561425       0.87272773613482857       -5.2580657041614451E-002
  -4.0588877782119989E-002 -0.25502744051552428       0.87344153235075317       -5.1182970242902096E-002
  -4.0540500097039987E-002 -0.25472347455543426       0.87406146205659174       -4.9726290056856172E-002
  -4.0492122411959985E-002 -0.25441950859534423       0.87480087337537749       -4.8290838713233870E-002
  -4.0443744726879984E-002 -0.25411554263525415       0.87551460313283391       -4.6869301036072057E-002
  -4.0395367041799989E-002 -0.25381157667516419       0.87610022188823600       -4.5442953171441335E-002
  -4.0346989356719987E-002 -0.25350761071507416       0.87679277370822417       -4.3965512910980942E-002
  -4.0298611671639985E-002 -0.25320364475498414       0.87748167551207212       -4.2533066989468987E-002
  -4.0250233986559983E-002 -0.25289967879489411       0.87812016006458904       -4.1113974001127096E-002
  -4.0201856301479988E-002 -0.25259571283480414       0.87885056889565316       -3.9728071958915735E-002
  -4.0153478616399986E-002 -0.25229174687471412       0.87947796976884052       -3.8217776957591876E-002
  -4.0105100931319984E-002 -0.25198778091462404       0.88021632328779420       -3.6821154722977145E-002
  -4.0056723246239989E-002 -0.25168381495453407       0.88101857354461099       -3.5500411169378777E-002
  -4.0008345561159987E-002 -0.25137984899444404       0.88167258508807678       -3.3911557183449306E-002
  -3.9959967876079985E-002 -0.25107588303435402       0.88236936453828496       -3.2468453392671202E-002
  -3.9911590190999983E-002 -0.25077191707426399       0.88299562989333502       -3.0920087474941328E-002
  -3.9863212505919988E-002 -0.25046795111417403       0.88365733384147027       -2.9461795353781052E-002
  -3.9814834820839987E-002 -0.25016398515408400       0.88426676170907192       -2.8110748769458040E-002
  -3.9766457135759985E-002 -0.24986001919399395       0.88498705646988107       -2.6668676514163509E-002
  -3.9718079450679990E-002 -0.24955605323390395       0.88576688876536103       -2.5202135377136892E-002
  -3.9669701765599988E-002 -0.24925208727381393       0.88645750435783099       -2.3641072771380459E-002
  -3.9621324080519986E-002 -0.24894812131372390       0.88699060754789039       -2.2184431998342417E-002
  -3.9572946395439984E-002 -0.24864415535363388       0.88766034615456701       -2.0817315795944934E-002
  -3.9524568710359989E-002 -0.24834018939354388       0.88832510898938122       -1.9364907589504991E-002
  -3.9476191025279987E-002 -0.24803622343345386       0.88907148240046463       -1.7840537394702961E-002
  -3.9427813340199985E-002 -0.24773225747336383       0.88978561353342234       -1.6398329073949117E-002
  -3.9379435655119983E-002 -0.24742829151327381       0.89057654134434450       -1.4887164261739963E-002
  -3.9331057970039988E-002 -0.24712432555318381       0.89122380448699590       -1.3291687622555856E-002
  -3.9282680284959987E-002 -0.24682035959309379       0.89190308034744559       -1.1812498022621094E-002
  -3.9234302599879985E-002 -0.24651639363300376       0.89269217334224527       -1.0274937426162159E-002
  -3.9185924914799990E-002 -0.24621242767291376       0.89345467908922183       -8.7185129528438658E-003
  -3.9137547229719988E-002 -0.24590846171282374       0.89413863950196171       -7.2882828953470379E-003
  -3.9089169544639986E-002 -0.24560449575273371       0.89483962820458141       -5.6364088290524706E-003
  -3.9040791859559984E-002 -0.24530052979264369       0.89558893326428590       -4.1481213321225372E-003
  -3.8992414174479989E-002 -0.24499656383255369       0.89632475966275871       -2.6242236615275942E-003
  -3.8944036489399987E-002 -0.24469259787246367       0.89700611171784150       -1.0900522017082040E-003
  -3.8895658804319985E-002 -0.24438863191237364       0.89774538516813440        3.3410631156916682E-004
  -3.8847281119239983E-002 -0.24408466595228362       0.89845311945147954        1.9347155145098896E-003
  -3.8798903434159988E-002 -0.24378069999219362       0.89917053775529110        3.4441432604447983E-003
  -3.8750525749079986E-002 -0.24347673403210360       0.89990786685474833        5.0620280843348157E-003
  -3.8702148063999985E-002 -0.24317276807201357       0.90070650155651000        6.6687167562462495E-003
  -3.8653770378919990E-002 -0.24286880211192358       0.90131571918025910        8.2299086467666708E-003
  -3.8605392693839988E-002 -0.24256483615183355       0.90205003234461034        9.8155176276134622E-003
  -3.8557015008759986E-002 -0.24226087019174353       0.90292188193444378        1.1404929797177511E-002
  -3.8508637323679984E-002 -0.24195690423165350       0.90365222882556429        1.2990463013451654E-002
  -3.8460259638599989E-002 -0.24165293827156351       0.90427531902181812        1.4688156290283132E-002
  -3.8411881953519987E-002 -0.24134897231147348       0.90488600692938526        1.6170117908962448E-002
  -3.8363504268439985E-002 -0.24104500635138346       0.90550687123707108        1.7720064427991473E-002
  -3.8315126583359990E-002 -0.24074104039129346       0.90622022979049366        1.9204625394295727E-002
  -3.8266748898279988E-002 -0.24043707443120343       0.90699910398407901        2.0716481550252682E-002
  -3.8218371213199986E-002 -0.24013310847111341       0.90787927402208957        2.2300432926655050E-002
  -3.8169993528119985E-002 -0.23982914251102339       0.90863768009343515        2.4016259861263642E-002
  -3.8121615843039990E-002 -0.23952517655093339       0.90925622446427401        2.5645238867501075E-002
  -3.8073238157959988E-002 -0.23922121059084336       0.90998157046064465        2.7053626170303595E-002
  -3.8024860472879986E-002 -0.23891724463075334       0.91083933027179231        2.8671156842582514E-002
  -3.7976482787799984E-002 -0.23861327867066331       0.91153879602703747        3.0218055378647749E-002
  -3.7928105102719989E-002 -0.23830931271057332       0.91237312404086024        3.1982438624065482E-002
  -3.7879727417639987E-002 -0.23800534675048329       0.91312177842675724        3.3634164363822674E-002
  -3.7831349732559985E-002 -0.23770138079039327       0.91387246588727433        3.5343648150938635E-002
  -3.7782972047479990E-002 -0.23739741483030327       0.91464706187569422        3.6944294959064289E-002
  -3.7734594362399988E-002 -0.23709344887021325       0.91537762161024916        3.8628401362094431E-002
  -3.7686216677319986E-002 -0.23678948291012322       0.91614764151328654        4.0304331942988846E-002
  -3.7637838992239984E-002 -0.23648551695003320       0.91692630454572011        4.1940892731695975E-002
  -3.7589461307159990E-002 -0.23618155098994320       0.91763294922705174        4.3695037993288818E-002
  -3.7541083622079988E-002 -0.23587758502985318       0.91847886870836959        4.5323605961946484E-002
  -3.7492705936999986E-002 -0.23557361906976315       0.91916910498320481        4.7060414806577321E-002
  -3.7444328251919984E-002 -0.23526965310967313       0.91998695520670193        4.8745190387852744E-002
  -3.7395950566839989E-002 -0.23496568714958313       0.92089094482736877        5.0176634469322655E-002
  -3.7347572881759987E-002 -0.23466172118949311       0.92177505154872175        5.1937463746196316E-002
  -3.7299195196679985E-002 -0.23435775522940308       0.92256099848535722        5.3855118549062900E-002
  -3.7250817511599990E-002 -0.23405378926931308       0.92322193955556797        5.5588475074229517E-002
  -3.7202439826519988E-002 -0.23374982330922306       0.92374551640259628        5.7335856837200029E-002
  -3.7154062141439986E-002 -0.23344585734913303       0.92445292504604182        5.8824964146563886E-002
  -3.7105684456359984E-002 -0.23314189138904301       0.92525244741011814        6.0401398447506062E-002
  -3.7057306771279989E-002 -0.23283792542895301       0.92620553916404902        6.2029350361338581E-002
  -3.7008929086199988E-002 -0.23253395946886299       0.92699883203242239        6.3867736422168669E-002
  -3.6960551401119986E-002 -0.23222999350877296       0.92751425007297461        6.5714437405133372E-002
  -3.6912173716039991E-002 -0.23192602754868297       0.92818967623890947        6.7179280793403628E-002
  -3.6863796030959989E-002 -0.23162206158859294       0.92895146508074400        6.8689373796096881E-002
  -3.6815418345879987E-002 -0.23131809562850292       0.92980622673116264        7.0362191252437201E-002
  -3.6767040660799985E-002 -0.23101412966841289       0.93073275135851041        7.2034021451484756E-002
  -3.6718662975719990E-002 -0.23071016370832290       0.93155642503486102        7.3912382460060141E-002
  -3.6670285290639988E-002 -0.23040619774823287       0.93233511038390293        7.5834992225454700E-002
  -3.6621907605559986E-002 -0.23010223178814285       0.93306442929612454        7.7587554621620439E-002
  -3.6573529920479984E-002 -0.22979826582805282       0.93400083270990764        7.9282860181677822E-002
  -3.6525152235399989E-002 -0.22949429986796283       0.93485314121514751        8.1082698762778502E-002
  -3.6476774550319988E-002 -0.22919033390787280       0.93567462137532498        8.2813878254379053E-002
  -3.6428396865239986E-002 -0.22888636794778278       0.93646370342354834        8.4795840519397786E-002
  -3.6380019180159991E-002 -0.22858240198769278       0.93729472300492034        8.6642915913077198E-002
  -3.6331641495079989E-002 -0.22827843602760275       0.93809744199397538        8.8435169691074497E-002
  -3.6283263809999987E-002 -0.22797447006751273       0.93888829825574627        9.0233207100147317E-002
  -3.6234886124919985E-002 -0.22767050410742271       0.93953663860243364        9.1932119835775442E-002
  -3.6186508439839990E-002 -0.22736653814733271       0.94041316302634137        9.3658364631981655E-002
  -3.6138130754759988E-002 -0.22706257218724268       0.94136004260914996        9.5437812340904926E-002
  -3.6089753069679986E-002 -0.22675860622715266       0.94230752484139302        9.7326206329726217E-002
  -3.6041375384599984E-002 -0.22645464026706263       0.94318474548584785        9.9434878941412175E-002
  -3.5992997699519989E-002 -0.22615067430697264       0.94392338314217772       0.10136296741830920     
  -3.5944620014439987E-002 -0.22584670834688261       0.94471111763144344       0.10316328075653519     
  -3.5896242329359986E-002 -0.22554274238679259       0.94583600769245313       0.10495959599172251     
  -3.5847864644279991E-002 -0.22523877642670259       0.94669865517289165       0.10701322959148220     
  -3.5799486959199989E-002 -0.22493481046661257       0.94716954865730563       0.10917036201650235     
  -3.5751109274119987E-002 -0.22463084450652254       0.94769046527820466       0.11086728780646854     
  -3.5702731589039985E-002 -0.22432687854643252       0.94819475148510979       0.11235691365379580     
  -3.5654353903959990E-002 -0.22402291258634252       0.94906025403342920       0.11393671290148413     
  -3.5605976218879988E-002 -0.22371894662625250       0.95009375250429762       0.11552301676740286     
  -3.5557598533799986E-002 -0.22341498066616247       0.95118766464650872       0.11748523657723872     
  -3.5509220848719991E-002 -0.22311101470607247       0.95195581096354620       0.11956146361168285     
  -3.5460843163639989E-002 -0.22280704874598245       0.95252969508815477       0.12145032355117000     
  -3.5412465478559987E-002 -0.22250308278589243       0.95342717565311119       0.12296707735629439     
  -3.5364087793479985E-002 -0.22219911682580240       0.95438604154155382       0.12473657529442161     
  -3.5315710108399991E-002 -0.22189515086571240       0.95538592947816392       0.12667232862294464     
  -3.5267332423319989E-002 -0.22159118490562238       0.95638038228693445       0.12872843056719085     
  -3.5218954738239987E-002 -0.22128721894553235       0.95725870799077240       0.13091296955394927     
  -3.5170577053159985E-002 -0.22098325298544233       0.95799073270140722       0.13296952237263432     
  -3.5122199368079990E-002 -0.22067928702535233       0.95884616623077978       0.13501066057315561     
  -3.5073821682999988E-002 -0.22037532106526231       0.95974873505853897       0.13695082119493537     
  -3.5025443997919986E-002 -0.22007135510517228       0.96063298501178218       0.13895908064335677     
  -3.4977066312839991E-002 -0.21976738914508229       0.96141692681196511       0.14099989844077282     
  -3.4928688627759989E-002 -0.21946342318499226       0.96238605995144921       0.14302634362796912     
  -3.4880310942679987E-002 -0.21915945722490224       0.96332833892971026       0.14513095955404823     
  -3.4831933257599985E-002 -0.21885549126481221       0.96419051492859253       0.14736612335993488     
  -3.4783555572519990E-002 -0.21855152530472222       0.96510634438517262       0.14917188521149527     
  -3.4735177887439989E-002 -0.21824755934463219       0.96641267234312067       0.15072743533241748     
  -3.4686800202359987E-002 -0.21794359338454217       0.96773978638179581       0.15301847190096340     
  -3.4638422517279985E-002 -0.21763962742445214       0.96861502301365343       0.15582361232246203     
  -3.4590044832199990E-002 -0.21733566146436215       0.96912148839872081       0.15794343461369409     
  -3.4541667147119988E-002 -0.21703169550427212       0.96936906938038481       0.15976940763647071     
  -3.4493289462039986E-002 -0.21672772954418210       0.96985790682434014       0.16145115639977722     
  -3.4444911776959991E-002 -0.21642376358409210       0.97094559697524252       0.16267048652853092     
  -3.4396534091879989E-002 -0.21611979762400207       0.97241654690453139       0.16456950972051909     
  -3.4348156406799987E-002 -0.21581583166391205       0.97321138666356488       0.16715248814283476     
  -3.4299778721719985E-002 -0.21551186570382203       0.97326828239929619       0.16943892574705452     
  -3.4251401036639990E-002 -0.21520789974373203       0.97378830071672651       0.17071000275011139     
  -3.4203023351559989E-002 -0.21490393378364200       0.97475157605298013       0.17195178080338347     
  -3.4154645666479987E-002 -0.21459996782355198       0.97595132147849528       0.17367804745902776     
  -3.4106267981399992E-002 -0.21429600186346198       0.97735695663641220       0.17566454712834939     
  -3.4057890296319990E-002 -0.21399203590337196       0.97853638723810510       0.17823365605264280     
  -3.4009512611239988E-002 -0.21368806994328193       0.97917236719368561       0.18076049885254453     
  -3.3961134926159986E-002 -0.21338410398319191       0.97988791274548326       0.18292302755364725     
  -3.3912757241079991E-002 -0.21308013802310191       0.98108948192201328       0.18476799889891307     
  -3.3864379555999989E-002 -0.21277617206301189       0.98220541964194141       0.18686741578965738     
  -3.3816001870919987E-002 -0.21247220610292186       0.98320886431470300       0.18930661481871866     
  -3.3767624185839985E-002 -0.21216824014283184       0.98419848080330308       0.19172568361131090     
  -3.3719246500759990E-002 -0.21186427418274184       0.98497068443018665       0.19408682211070372     
  -3.3670868815679988E-002 -0.21156030822265182       0.98589395248702927       0.19632372622624511     
  -3.3622491130599987E-002 -0.21125634226256179       0.98668319288453654       0.19851938862648350     
  -3.3574113445519992E-002 -0.21095237630247179       0.98736792032543164       0.20050530929108945     
  -3.3525735760439990E-002 -0.21064841034238177       0.98837552419595553       0.20238062192484144     
  -3.3477358075359988E-002 -0.21034444438229175       0.98981330924158861       0.20448632493961200     
  -3.3428980390279986E-002 -0.21004047842220172       0.99123283909953530       0.20685315627151329     
  -3.3380602705199991E-002 -0.20973651246211172       0.99227486230390782       0.20985650712621909     
  -3.3332225020119989E-002 -0.20943254650202170       0.99289688233004636       0.21275031707879608     
  -3.3283847335039987E-002 -0.20912858054193167       0.99375796912031178       0.21475719080825614     
  -3.3235469649959985E-002 -0.20882461458184165       0.99568854128905582       0.21678233919682260     
  -3.3187091964879990E-002 -0.20852064862175165       0.99670694793048609       0.22003565250304100     
  -3.3138714279799988E-002 -0.20821668266166163       0.99638053416213701       0.22323446719810663     
  -3.3090336594719987E-002 -0.20791271670157160       0.99623970928824168       0.22471499091802011     
  -3.3041958909639992E-002 -0.20760875074148161       0.99654437153360009       0.22546145842054183     
  -3.2993581224559990E-002 -0.20730478478139158       0.99739865043041975       0.22654384039801040     
  -3.2945203539479988E-002 -0.20700081882130156       0.99932082340596262       0.22788327132020844     
  -3.2896825854399986E-002 -0.20669685286121153        1.0012557630929626       0.23054395008112333     
  -3.2848448169319991E-002 -0.20639288690112154        1.0016308350108287       0.23367420391168181     
  -3.2800070484239989E-002 -0.20608892094103151        1.0016593344442224       0.23580579169134061     
  -3.2751692799159987E-002 -0.20578495498094149        1.0029509824485108       0.23704133998981006     
  -3.2703315114079992E-002 -0.20548098902085149        1.0045546456024268       0.23858044980344784     
  -3.2654937428999990E-002 -0.20517702306076147        1.0060727085772603       0.24119818423691614     
  -3.2606559743919988E-002 -0.20487305710067144        1.0076724686270095       0.24400334554537986     
  -3.2558182058839986E-002 -0.20456909114058142        1.0085088980377510       0.24724369480183378     
  -3.2509804373759991E-002 -0.20426512518049142        1.0089950424247360       0.25001516228125054     
  -3.2461426688679990E-002 -0.20396115922040139        1.0097396412905257       0.25245238068172593     
  -3.2413049003599988E-002 -0.20365719326031137        1.0111542271031921       0.25501034173719273     
  -3.2364671318519986E-002 -0.20335322730022135        1.0122233896882178       0.25772939601827022     
  -3.2316293633439991E-002 -0.20304926134013135        1.0129063625596286       0.26059776886118363     
  -3.2267915948359989E-002 -0.20274529538004132        1.0140118307740102       0.26286548729047654     
  -3.2219538263279987E-002 -0.20244132941995130        1.0153831807923446       0.26560804153633460     
  -3.2171160578199992E-002 -0.20213736345986130        1.0164639634272112       0.26913582901111022     
  -3.2122782893119990E-002 -0.20183339749977128        1.0174293127209559       0.27115301300750028     
  -3.2074405208039988E-002 -0.20152943153968125        1.0200547551566734       0.27212482175443758     
  -3.2026027522959986E-002 -0.20122546557959123        1.0228609419760142       0.27591108187423313     
  -3.1977649837879991E-002 -0.20092149961950123        1.0237013140802860       0.28145563947749264     
  -3.1929272152799990E-002 -0.20061753365941121        1.0232186960525225       0.28423085738161724     
  -3.1880894467719988E-002 -0.20031356769932118        1.0222341143671885       0.28543486914860233     
  -3.1832516782639986E-002 -0.20000960173923116        1.0217468677363122       0.28653101214692739     
  -3.1784139097559991E-002 -0.19970563577914116        1.0233020343787718       0.28633454683942383     
  -3.1735761412479989E-002 -0.19940166981905114        1.0266834582003030       0.28827834524226592     
  -3.1687383727399987E-002 -0.19909770385896111        1.0272994603118213       0.29292177185258195     
  -3.1639006042319992E-002 -0.19879373789887111        1.0253244024263539       0.29630159764493708     
  -3.1590628357239990E-002 -0.19848977193878109        1.0255262449205114       0.29595887029984680     
  -3.1542250672159988E-002 -0.19818580597869107        1.0269390064616228       0.29517556264810690     
  -3.1493872987079986E-002 -0.19788184001860104        1.0292032702456837       0.29663134196384827     
  -3.1445495301999991E-002 -0.19757787405851104        1.0321498474533284       0.29890591971881902     
  -3.1397117616919989E-002 -0.19727390809842102        1.0339995032396512       0.30334524677903452     
  -3.1348739931839988E-002 -0.19696994213833099        1.0340413224085450       0.30728461015291014     
  -3.1300362246759993E-002 -0.19666597617824100        1.0340093362888365       0.31003820306125845     
  -3.1251984561679991E-002 -0.19636201021815097        1.0361490805801927       0.31188501885306014     
  -3.1203606876599989E-002 -0.19605804425806095        1.0381459128390698       0.31446620455487212     
  -3.1155229191519990E-002 -0.19575407829797095        1.0395439527259958       0.31819099075318880     
  -3.1106851506439989E-002 -0.19545011233788093        1.0405962117195162       0.32182968830365916     
  -3.1058473821359990E-002 -0.19514614637779090        1.0409456129549723       0.32509268728963941     
  -3.1010096136279988E-002 -0.19484218041770088        1.0420290029255119       0.32803486666500775     
  -3.0961718451199990E-002 -0.19453821445761088        1.0427319823289727       0.33084143446378483     
  -3.0913340766119988E-002 -0.19423424849752083        1.0429824487168931       0.33319067409121089     
  -3.0864963081039989E-002 -0.19393028253743083        1.0443188727078381       0.33490967536597455     
  -3.0816585395959991E-002 -0.19362631657734083        1.0471253989759981       0.33704684962149378     
  -3.0768207710879989E-002 -0.19332235061725081        1.0497598300425646       0.34046564590632822     
  -3.0719830025799991E-002 -0.19301838465716079        1.0514807115896490       0.34575958907572996     
  -3.0671452340719989E-002 -0.19271441869707076        1.0510482142566453       0.35136536087698977     
  -3.0623074655639990E-002 -0.19241045273698076        1.0517006512692482       0.35369239914949369     
  -3.0574696970559988E-002 -0.19210648677689074        1.0563875491947339       0.35560343962580743     
  -3.0526319285479990E-002 -0.19180252081680071        1.0579895176328338       0.36251485162649799     
  -3.0477941600399988E-002 -0.19149855485671069        1.0539640891282964       0.36904365659793648     
  -3.0429563915319990E-002 -0.19119458889662069        1.0516836058581513       0.36853980413319837     
  -3.0381186230239991E-002 -0.19089062293653067        1.0507839276799471       0.36524422023428216     
  -3.0332808545159989E-002 -0.19058665697644064        1.0520662299810450       0.36414608219789535     
  -3.0284430860079991E-002 -0.19028269101635065        1.0563523822167404       0.36363790512439126     
  -3.0236053174999989E-002 -0.18997872505626062        1.0609632547197632       0.36805582705031947     
  -3.0187675489919991E-002 -0.18967475909617060        1.0602503855382173       0.37382519265546105     
  -3.0139297804839989E-002 -0.18937079313608057        1.0575875155007570       0.37658901046162718     
  -3.0090920119759990E-002 -0.18906682717599058        1.0603174208736430       0.37550145837349969     
  -3.0042542434679988E-002 -0.18876286121590052        1.0641477520486426       0.37585557832304911     
  -2.9994164749599990E-002 -0.18845889525581053        1.0670338746381254       0.37968344227151102     
  -2.9945787064519988E-002 -0.18815492929572050        1.0698926252614069       0.38446036190256927     
  -2.9897409379439990E-002 -0.18785096333563051        1.0703558950263112       0.39035201455921886     
  -2.9849031694359991E-002 -0.18754699737554048        1.0696809283068156       0.39472613302173376     
  -2.9800654009279989E-002 -0.18724303141545046        1.0697715523010338       0.39774102880284956     
  -2.9752276324199991E-002 -0.18693906545536046        1.0724668985265182       0.40135799480787382     
  -2.9703898639119989E-002 -0.18663509949527043        1.0742097233139116       0.40580368112279463     
  -2.9655520954039991E-002 -0.18633113353518041        1.0739387157234939       0.41025800539060658     
  -2.9607143268959989E-002 -0.18602716757509039        1.0747493277661813       0.41302921677669363     
  -2.9558765583879990E-002 -0.18572320161500039        1.0773692827489856       0.41650184269964047     
  -2.9510387898799988E-002 -0.18541923565491034        1.0790170119192768       0.42398216547772372     
  -2.9462010213719990E-002 -0.18511526969482034        1.0798799080640564       0.42661052341457401     
  -2.9413632528639991E-002 -0.18481130373473034        1.0864095763187720       0.42399870102005088     
  -2.9365254843559990E-002 -0.18450733777464032        1.0947842243367301       0.43215346011135186     
  -2.9316877158479991E-002 -0.18420337181455029        1.0948826958141582       0.44789874292880721     
  -2.9268499473399989E-002 -0.18389940585446027        1.0906915479123160       0.45178008038977796     
  -2.9220121788319991E-002 -0.18359543989437027        1.0845514296117065       0.44886857494389798     
  -2.9171744103239989E-002 -0.18329147393428025        1.0810825252974969       0.44701015961818930     
  -2.9123366418159990E-002 -0.18298750797419022        1.0838226968096836       0.44089390424346275     
  -2.9074988733079989E-002 -0.18268354201410020        1.0933698123443432       0.44192810230060986     
  -2.9026611047999990E-002 -0.18237957605401020        1.0934493397581670       0.45267966767995421     
  -2.8978233362919992E-002 -0.18207561009392018        1.0840022590729685       0.46025626259392932     
  -2.8929855677839990E-002 -0.18177164413383015        1.0829447883606274       0.45241664942758064     
  -2.8881477992759991E-002 -0.18146767817374015        1.0869098969952928       0.44342335307485026     
  -2.8833100307679990E-002 -0.18116371221365013        1.0921900389468291       0.44330031794551766     
  -2.8784722622599991E-002 -0.18085974625356011        1.0997358813851565       0.44602754638204278     
  -2.8736344937519989E-002 -0.18055578029347008        1.1029815306615507       0.45528025157500918     
  -2.8687967252439991E-002 -0.18025181433338008        1.1008841813721586       0.46350883054348962     
  -2.8639589567359989E-002 -0.17994784837329003        1.0979145395207304       0.46717243416577675     
  -2.8591211882279990E-002 -0.17964388241320003        1.1031989402881768       0.46821796271096228     
  -2.8542834197199989E-002 -0.17933991645311001        1.1080361985099783       0.47125339748371586     
  -2.8494456512119990E-002 -0.17903595049302001        1.1099050912986601       0.47836963648507952     
  -2.8446078827039992E-002 -0.17873198453292999        1.1105640312175380       0.48511727935355264     
  -2.8397701141959990E-002 -0.17842801857283996        1.1091399468447787       0.49054963845387267     
  -2.8349323456879991E-002 -0.17812405261274997        1.1104459612915705       0.49446336706849670     
  -2.8300945771799989E-002 -0.17782008665265994        1.1109624249885088       0.49880796023385049     
  -2.8252568086719991E-002 -0.17751612069256992        1.1092699646522073       0.50120230029797519     
  -2.8204190401639989E-002 -0.17721215473247989        1.1111858067336602       0.50117980155465158     
  -2.8155812716559991E-002 -0.17690818877238990        1.1185982325881281       0.50275493769409552     
  -2.8107435031479989E-002 -0.17660422281229984        1.1242256470290197       0.50789297527103461     
  -2.8059057346399990E-002 -0.17630025685220985        1.1274522261533269       0.52018222406132497     
  -2.8010679661319992E-002 -0.17599629089211985        1.1237884221852472       0.53374589565040242     
  -2.7962301976239990E-002 -0.17569232493202983        1.1221521139984267       0.53741963922877933     
  -2.7913924291159992E-002 -0.17538835897193980        1.1364816617288593       0.53623890351746761     
  -2.7865546606079990E-002 -0.17508439301184978        1.1396527806261101       0.55541391319837119     
  -2.7817168920999991E-002 -0.17478042705175978        1.1235021937126486       0.57451165935861515     
  -2.7768791235919989E-002 -0.17447646109166975        1.1124563991420311       0.56533888562727397     
  -2.7720413550839991E-002 -0.17417249513157973        1.1096845986520567       0.54543463304381479     
  -2.7672035865759989E-002 -0.17386852917148971        1.1115772226284366       0.53659355161346067     
  -2.7623658180679991E-002 -0.17356456321139971        1.1239685767782521       0.52923508468902591     
  -2.7575280495599992E-002 -0.17326059725130968        1.1358625101129016       0.53775026420687089     
  -2.7526902810519990E-002 -0.17295663129121966        1.1319505445606053       0.55190413601071164     
  -2.7478525125439992E-002 -0.17265266533112966        1.1188230335621863       0.55603718807471436     
  -2.7430147440359990E-002 -0.17234869937103964        1.1275860910825697       0.54644722682124680     
  -2.7381769755279992E-002 -0.17204473341094961        1.1391683248762154       0.54091899998112625     
  -2.7333392070199990E-002 -0.17174076745085959        1.1456806548969236       0.54844332966116349     
  -2.7285014385119991E-002 -0.17143680149076959        1.1514591376486061       0.55820418837814356     
  -2.7236636700039989E-002 -0.17113283553067954        1.1500911035060331       0.57132414767770423     
  -2.7188259014959991E-002 -0.17082886957058954        1.1450254051048512       0.57964546215943247     
  -2.7139881329879989E-002 -0.17052490361049952        1.1427985066120210       0.58382581731286798     
  -2.7091503644799991E-002 -0.17022093765040952        1.1495357428633766       0.58952210853676767     
  -2.7043125959719992E-002 -0.16991697169031950        1.1526224513012502       0.59833103720430048     
  -2.6994748274639990E-002 -0.16961300573022947        1.1491288883084387       0.60694306433620215     
  -2.6946370589559992E-002 -0.16930903977013947        1.1471611928456593       0.61010166920654096     
  -2.6897992904479990E-002 -0.16900507381004945        1.1530995733107314       0.61495175402220759     
  -2.6849615219399992E-002 -0.16870110784995943        1.1577122483742397       0.63352125484525623     
  -2.6801237534319990E-002 -0.16839714188986940        1.1570517733489174       0.64024666665922236     
  -2.6752859849239991E-002 -0.16809317592977940        1.1751612299453584       0.62211536168020665     
  -2.6704482164159989E-002 -0.16778920996968935        1.2016713786744473       0.64370047638067596     
  -2.6656104479079991E-002 -0.16748524400959935        1.2025098544748878       0.69729156927501135     
  -2.6607726793999992E-002 -0.16718127804950936        1.1829289355864714       0.70428140665902661     
  -2.6559349108919991E-002 -0.16687731208941933        1.1604359869822001       0.68126208350667028     
  -2.6510971423839992E-002 -0.16657334612932931        1.1467667730740738       0.66927663297642481     
  -2.6462593738759990E-002 -0.16626938016923928        1.1525276743183468       0.64151004321342509     
  -2.6414216053679992E-002 -0.16596541420914929        1.1799646930644303       0.63794884534059315     
  -2.6365838368599990E-002 -0.16566144824905923        1.1808099256150806       0.66783337746437976     
  -2.6317460683519991E-002 -0.16535748228896924        1.1443008503239978       0.69202192223997738     
  -2.6269082998439990E-002 -0.16505351632887921        1.1415121207561723       0.65707511653365469     
  -2.6220705313359991E-002 -0.16474955036878922        1.1549276054766056       0.61699542271048502     
  -2.6172327628279993E-002 -0.16444558440869919        1.1700742353223286       0.61174205883199795     
  -2.6123949943199991E-002 -0.16414161844860917        1.1899770390816193       0.61492638064077687     
  -2.6075572258119992E-002 -0.16383765248851917        1.1969466783152825       0.63789404863636956     
  -2.6027194573039990E-002 -0.16353368652842915        1.1872572298467821       0.65893903306892554     
  -2.5978816887959992E-002 -0.16322972056833912        1.1749179381798498       0.66509932837181729     
  -2.5930439202879990E-002 -0.16292575460824910        1.1897635036417742       0.66143781863341022     
  -2.5882061517799992E-002 -0.16262178864815910        1.2045827306418555       0.66522318401965463     
  -2.5833683832719990E-002 -0.16231782268806905        1.2058617366727591       0.68112925087565857     
  -2.5785306147639991E-002 -0.16201385672797905        1.2049604720523053       0.69680392750266906     
  -2.5736928462559990E-002 -0.16170989076788903        1.1968911132796938       0.70753957865957895     
  -2.5688550777479991E-002 -0.16140592480779903        1.1987187670298800       0.71287999384173328     
  -2.5640173092399993E-002 -0.16110195884770900        1.1989774495201673       0.72029878374807155     
  -2.5591795407319991E-002 -0.16079799288761898        1.1905853899222321       0.72389582693451970     
  -2.5543417722239992E-002 -0.16049402692752898        1.1927517158324177       0.71551652006854061     
  -2.5495040037159990E-002 -0.16019006096743896        1.2152022312175919       0.71280259508384447     
  -2.5446662352079992E-002 -0.15988609500734893        1.2303669049427142       0.72180497095989826     
  -2.5398284666999990E-002 -0.15958212904725891        1.2343184599583334       0.75285356615837828     
  -2.5349906981919992E-002 -0.15927816308716891        1.2244502251006413       0.79370508084247560     
  -2.5301529296839990E-002 -0.15897419712707886        1.2105781642932121       0.80028191633511681     
  -2.5253151611759991E-002 -0.15867023116698886        1.2537610609011884       0.78862641028218017     
  -2.5204773926679993E-002 -0.15836626520689887        1.2673248619398305       0.84186831727636635     
  -2.5156396241599991E-002 -0.15806229924680884        1.2083288493277091       0.91387749061539303     
  -2.5108018556519993E-002 -0.15775833328671882        1.1714682905303617       0.87079011662615158     
  -2.5059640871439991E-002 -0.15745436732662879        1.1634978619334433       0.79082201588618350     
  -2.5011263186359992E-002 -0.15715040136653879        1.1702106797631953       0.75508911070563556     
  -2.4962885501279990E-002 -0.15684643540644874        1.2039599138193531       0.72700116655901037     
  -2.4914507816199992E-002 -0.15654246944635875        1.2383645615368173       0.74362338523192650     
  -2.4866130131119990E-002 -0.15623850348626872        1.2236350976077648       0.78656309960296034     
  -2.4817752446039992E-002 -0.15593453752617872        1.1781982130886071       0.79594903791058824     
  -2.4769374760959993E-002 -0.15563057156608870        1.2036875223128569       0.75754746153208508     
  -2.4720997075879991E-002 -0.15532660560599867        1.2464343862412903       0.72987182598493017     
  -2.4672619390799993E-002 -0.15502263964590868        1.2584225877216846       0.74856474764459235     
  -2.4624241705719991E-002 -0.15471867368581865        1.2730512669827281       0.77143549988683202     
  -2.4575864020639993E-002 -0.15441470772572863        1.2631709484370206       0.80399690835123239     
  -2.4527486335559991E-002 -0.15411074176563860        1.2464251477235990       0.82382722193747837     
  -2.4479108650479992E-002 -0.15380677580554861        1.2343922921924693       0.82964955792089168     
  -2.4430730965399990E-002 -0.15350280984545855        1.2552461825240380       0.84119323086948028     
  -2.4382353280319992E-002 -0.15319884388536856        1.2624340500464959       0.85974807793773800     
  -2.4333975595239990E-002 -0.15289487792527853        1.2456043890356363       0.88069659364119801     
  -2.4285597910159992E-002 -0.15259091196518854        1.2350782504788542       0.88437575291620651     
  -2.4237220225079993E-002 -0.15228694600509851        1.2448053317118699       0.88904230958091834     
  -2.4188842539999991E-002 -0.15198298004500849        1.2669042238710055       0.94227436594124769     
  -2.4140464854919993E-002 -0.15167901408491849        1.2586259349127906       0.96271257708452940     
  -2.4092087169839991E-002 -0.15137504812482847        1.3030811481698148       0.89675519954807792     
  -2.4043709484759992E-002 -0.15107108216473844        1.3943548130177825       0.94751252452052070     
  -2.3995331799679991E-002 -0.15076711620464842        1.4035420227775619        1.1451652135278165     
  -2.3946954114599992E-002 -0.15046315024455842        1.3365344282079681        1.1603035559166022     
  -2.3898576429519990E-002 -0.15015918428446837        1.2556047296492940        1.0575027376076169     
  -2.3850198744439992E-002 -0.14985521832437837        1.2129920779897685        1.0083051974702855     
  -2.3801821059359993E-002 -0.14955125236428837        1.2231446117120919       0.91606670906632881     
  -2.3753443374279992E-002 -0.14924728640419835        1.2994361762313023       0.88621444466623289     
  -2.3705065689199993E-002 -0.14894332044410832        1.3086884682880315       0.98301267637276235     
  -2.3656688004119991E-002 -0.14863935448401830        1.1896878787674778        1.0653058706798260     
  -2.3608310319039993E-002 -0.14833538852392830        1.1771586823329816       0.94878487385437604     
  -2.3559932633959991E-002 -0.14803142256383825        1.2327173973641861       0.79332482963133377     
  -2.3511554948879992E-002 -0.14772745660374825        1.2708410650398989       0.77827340708601922     
  -2.3463177263799991E-002 -0.14742349064365823        1.3272005161631788       0.77805327968379712     
  -2.3414799578719992E-002 -0.14711952468356823        1.3396060191748635       0.84135457918051326     
  -2.3366421893639994E-002 -0.14681555872347821        1.3113065724807749       0.89801606099149434     
  -2.3318044208559992E-002 -0.14651159276338818        1.2657544993098064       0.91600912150787883     
  -2.3269666523479993E-002 -0.14620762680329819        1.3139147829026476       0.89313271792398063     
  -2.3221288838399991E-002 -0.14590366084320816        1.3579598548413998       0.89690866589057228     
  -2.3172911153319993E-002 -0.14559969488311814        1.3552704581116450       0.93703020529211511     
  -2.3124533468239991E-002 -0.14529572892302811        1.3485871285685898       0.97663833587913906     
  -2.3076155783159993E-002 -0.14499176296293811        1.3205888102735557        1.0020488691731286     
  -2.3027778098079991E-002 -0.14468779700284806        1.3215187736461369        1.0088885863536921     
  -2.2979400412999992E-002 -0.14438383104275807        1.3248775865674907        1.0228023832171518     
  -2.2931022727919990E-002 -0.14407986508266804        1.2933881515674930        1.0340130218960382     
  -2.2882645042839992E-002 -0.14377589912257804        1.2934789799620947        1.0003747892840174     
  -2.2834267357759994E-002 -0.14347193316248802        1.3634239423302359       0.96978594565853327     
  -2.2785889672679992E-002 -0.14316796720239799        1.4045911418122901       0.99284688095918994     
  -2.2737511987599993E-002 -0.14286400124230800        1.4097671746645144        1.0695904331042256     
  -2.2689134302519991E-002 -0.14256003528221797        1.3792372373649902        1.1942545881486388     
  -2.2640756617439993E-002 -0.14225606932212795        1.3352332357135777        1.2224637179397098     
  -2.2592378932359991E-002 -0.14195210336203792        1.4395888940975645        1.1558516823044800     
  -2.2544001247279993E-002 -0.14164813740194793        1.5124576151738038        1.3269139629654811     
  -2.2495623562199991E-002 -0.14134417144185787        1.3184201169017882        1.5748910566882148     
  -2.2447245877119992E-002 -0.14104020548176788        1.2021014944684285        1.4490076113222601     
  -2.2398868192039994E-002 -0.14073623952167788        1.1861790460571109        1.1360613813597007     
  -2.2350490506959992E-002 -0.14043227356158786        1.2080047718089906        1.0340754050515208     
  -2.2302112821879994E-002 -0.14012830760149783        1.2968454790609658       0.93212998530666702     
  -2.2253735136799992E-002 -0.13982434164140781        1.3910590112154542       0.97538262473978743     
  -2.2205357451719993E-002 -0.13952037568131781        1.3521023994926196        1.0944687831804898     
  -2.2156979766639991E-002 -0.13921640972122776        1.2039175555412813        1.1472486358595522     
  -2.2108602081559993E-002 -0.13891244376113776        1.2841256823734828        1.0042673526159158     
  -2.2060224396479991E-002 -0.13860847780104774        1.4256283810428252       0.90961461914406827     
  -2.2011846711399993E-002 -0.13830451184095774        1.4497907374832995       0.95519833794168629     
  -2.1963469026319994E-002 -0.13800054588086771        1.4811744144919465        1.0169569646959549     
  -2.1915091341239992E-002 -0.13769657992077769        1.4482999848282485        1.0954594963034499     
  -2.1866713656159994E-002 -0.13739261396068769        1.3964816134787175        1.1522046644083801     
  -2.1818335971079992E-002 -0.13708864800059767        1.3586634422513999        1.1603478810805030     
  -2.1769958285999993E-002 -0.13678468204050764        1.4159084853864656        1.1841215332096651     
  -2.1721580600919992E-002 -0.13648071608041762        1.4440177938682845        1.2317404170989434     
  -2.1673202915839993E-002 -0.13617675012032762        1.3792721245743746        1.2766161488734626     
  -2.1624825230759991E-002 -0.13587278416023757        1.3361411286263312        1.2964897376295830     
  -2.1576447545679993E-002 -0.13556881820014757        1.3582502369740048        1.2834304601754665     
  -2.1528069860599991E-002 -0.13526485224005755        1.4279033251227233        1.4310328765774472     
  -2.1479692175519993E-002 -0.13496088627996755        1.4258680432333257        1.5154575127776369     
  -2.1431314490439994E-002 -0.13465692031987753        1.4851662725700892        1.2835658065778044     
  -2.1382936805359992E-002 -0.13435295435978750        1.8024277455813587        1.4206527785016336     
  -2.1334559120279994E-002 -0.13404898839969751        1.8763800712271215        2.0800982837009179     
  -2.1286181435199992E-002 -0.13374502243960748        1.6741624335304230        2.1734432671955446     
  -2.1237803750119993E-002 -0.13344105647951746        1.3886691864202083        1.7462832889379136     
  -2.1189426065039992E-002 -0.13313709051942743        1.2725820937983994        1.5933104349790244     
  -2.1141048379959993E-002 -0.13283312455933743        1.2644103715054060        1.3038675387194862     
  -2.1092670694879991E-002 -0.13252915859924738        1.4733669422258922        1.1939764181418762     
  -2.1044293009799993E-002 -0.13222519263915739        1.5132237168711211        1.4615068120225250     
  -2.0995915324719994E-002 -0.13192122667906739        1.1780092273023925        1.8000199131789119     
  -2.0947537639639992E-002 -0.13161726071897736        1.1169901418022947        1.4075658362154491     
  -2.0899159954559994E-002 -0.13131329475888734        1.3207491933208817       0.89437770961728180     
  -2.0850782269479992E-002 -0.13100932879879731        1.4118139439172184       0.83893787117284413     
  -2.0802404584399994E-002 -0.13070536283870732        1.5633084576542571       0.84147000824986029     
  -2.0754026899319992E-002 -0.13040139687861727        1.5773491622509996       0.99801135387794326     
  -2.0705649214239993E-002 -0.13009743091852727        1.5095034045383866        1.1677895091487509     
  -2.0657271529159991E-002 -0.12979346495843724        1.3671056698054016        1.2159285397970687     
  -2.0608893844079993E-002 -0.12948949899834725        1.5048236416273049        1.1471766238864394     
  -2.0560516158999995E-002 -0.12918553303825722        1.6483906643017581        1.1273386372593843     
  -2.0512138473919993E-002 -0.12888156707816720        1.6164379988032389        1.2416747565039326     
  -2.0463760788839994E-002 -0.12857760111807720        1.6007787002817968        1.3386227750539375     
  -2.0415383103759992E-002 -0.12827363515798718        1.5164003761368683        1.4076857957101878     
  -2.0367005418679994E-002 -0.12796966919789715        1.5102680712042544        1.4126222677551781     
  -2.0318627733599992E-002 -0.12766570323780713        1.5260501810208713        1.4407604604111723     
  -2.0270250048519994E-002 -0.12736173727771713        1.4401255835627860        1.4875718819919554     
  -2.0221872363439992E-002 -0.12705777131762708        1.4050672173286329        1.3876975627967101     
  -2.0173494678359993E-002 -0.12675380535753708        1.6285982463283670        1.2439422444818833     
  -2.0125116993279991E-002 -0.12644983939744706        1.7371981243366765        1.2816811146394669     
  -2.0076739308199993E-002 -0.12614587343735706        1.7258635300034582        1.5103087509126329     
  -2.0028361623119995E-002 -0.12584190747726703        1.6832653798121948        1.8202590621020238     
  -1.9979983938039993E-002 -0.12553794151717701        1.5069125935074259        1.9864795839030689     
  -1.9931606252959994E-002 -0.12523397555708701        1.7931597289875851        1.7091552303898752     
  -1.9883228567879992E-002 -0.12493000959699697        2.0070953459302450        2.1901205374652752     
  -1.9834850882799994E-002 -0.12462604363690696        1.5549372909629018        3.0967036802263466     
  -1.9786473197719992E-002 -0.12432207767681694        1.1112766450888856        2.7168579908828856     
  -1.9738095512639994E-002 -0.12401811171672693        1.1422950927036606        1.6634992130439645     
  -1.9689717827559992E-002 -0.12371414575663690        1.1593086372400705        1.3476669802527599     
  -1.9641340142479993E-002 -0.12341017979654689        1.4156265673417583        1.0615483638164409     
  -1.9592962457399995E-002 -0.12310621383645688        1.6069092137361731        1.1427594999364021     
  -1.9544584772319993E-002 -0.12280224787636686        1.5695361273987936        1.4986110934147849     
  -1.9496207087239995E-002 -0.12249828191627685        1.0978705653364218        1.6943194720807060     
  -1.9447829402159993E-002 -0.12219431595618682        1.3463967100115841        1.2923121474944992     
  -1.9399451717079994E-002 -0.12189034999609681        1.7773999098815882       0.92303508831860803     
  -1.9351074031999992E-002 -0.12158638403600679        1.8169742391068502        1.0830862841618327     
  -1.9302696346919994E-002 -0.12128241807591678        1.8794140741494172        1.2198309104038261     
  -1.9254318661839992E-002 -0.12097845211582675        1.7863841644998513        1.4253600724258804     
  -1.9205940976759994E-002 -0.12067448615573674        1.6522783731394461        1.5674841743233576     
  -1.9157563291679995E-002 -0.12037052019564673        1.5353073571666982        1.6103064298490462     
  -1.9109185606599993E-002 -0.12006655423555671        1.7071993991210446        1.6306951237710321     
  -1.9060807921519995E-002 -0.11976258827546669        1.7822016967080176        1.7630712573678422     
  -1.9012430236439993E-002 -0.11945862231537667        1.5979201656265754        1.8748071157117339     
  -1.8964052551359994E-002 -0.11915465635528666        1.4347441558560350        1.9225618990273003     
  -1.8915674866279993E-002 -0.11885069039519663        1.4752394901817021        1.9101642865002200     
  -1.8867297181199994E-002 -0.11854672443510662        1.7271580649483644        2.1885117192152435     
  -1.8818919496119992E-002 -0.11824275847501660        1.7272339582406406        2.5679201721363047     
  -1.8770541811039994E-002 -0.11793879251492659        1.7876100086912592        1.8424583959420351     
  -1.8722164125959992E-002 -0.11763482655483656        2.6196490561314372        2.1183339495558124     
  -1.8673786440879993E-002 -0.11733086059474655        3.2526722493521860        4.2724770040112814     
  -1.8625408755799995E-002 -0.11702689463465654        2.5722276472793046        4.6672955746964124     
  -1.8577031070719993E-002 -0.11672292867456652        1.6813096238902137        3.1602388194621471     
  -1.8528653385639995E-002 -0.11641896271447651        1.2947685617373272        2.6889996810627759     
  -1.8480275700559993E-002 -0.11611499675438648        1.2537840196003043        1.8559205688970204     
  -1.8431898015479994E-002 -0.11581103079429647        1.6356581380336901        1.5279235971209171     
  -1.8383520330399993E-002 -0.11550706483420645        1.9443832110804025        2.2148014741508435     
  -1.8335142645319994E-002 -0.11520309887411644       0.96094902057708531        3.4186299910437055     
  -1.8286764960239992E-002 -0.11489913291402641       0.84369947937855250        2.3384552642660017     
  -1.8238387275159994E-002 -0.11459516695393640        1.3762025450644608       0.61675132325282689     
  -1.8190009590079995E-002 -0.11429120099384639        1.6350903660203371       0.53414165958329540     
  -1.8141631904999993E-002 -0.11398723503375637        1.9663754407998968       0.51170520146494969     
  -1.8093254219919995E-002 -0.11368326907366635        1.9985011110158739       0.91253960665619160     
  -1.8044876534839993E-002 -0.11337930311357633        1.8223448040950911        1.3526391118313246     
  -1.7996498849759995E-002 -0.11307533715348632        1.4756989193279724        1.5572869920878529     
  -1.7948121164679993E-002 -0.11277137119339629        1.7893185499908733        1.3040674062095663     
  -1.7899743479599994E-002 -0.11246740523330628        2.2530576121537176        1.2365235338272333     
  -1.7851365794519992E-002 -0.11216343927321626        2.1101241671189852        1.5081857030334889     
  -1.7802988109439994E-002 -0.11185947331312625        2.0787197560048400        1.7654032411856060     
  -1.7754610424359996E-002 -0.11155550735303624        1.8668827758180617        1.9385666026139918     
  -1.7706232739279994E-002 -0.11125154139294621        1.8274163896029794        1.9447752786937498     
  -1.7657855054199995E-002 -0.11094757543285620        1.8800426139617339        1.9772262939899556     
  -1.7609477369119993E-002 -0.11064360947276618        1.6808101393557069        2.1899004256388821     
  -1.7561099684039995E-002 -0.11033964351267617        1.5183723607366755        1.9203935168268662     
  -1.7512721998959993E-002 -0.11003567755258614        2.0964859925045340        1.3870011963737237     
  -1.7464344313879995E-002 -0.10973171159249613        2.4799526648786974        1.4130459866968017     
  -1.7415966628799993E-002 -0.10942774563240611        2.2866821186814419        2.0090030360707347     
  -1.7367588943719994E-002 -0.10912377967231610        2.3608777461917447        2.8560551877866165     
  -1.7319211258639992E-002 -0.10881981371222607        1.8504196494349674        3.3057120562979172     
  -1.7270833573559994E-002 -0.10851584775213606        2.3369779735606340        2.6587731225442903     
  -1.7222455888479996E-002 -0.10821188179204605        3.2518681256290933        3.6026752377382256     
  -1.7174078203399994E-002 -0.10790791583195602        2.0805549901178515        6.8473424600726185     
  -1.7125700518319995E-002 -0.10760394987186601       0.99059046344521995        5.8030185559254681     
  -1.7077322833239993E-002 -0.10729998391177599       0.83768748616185695        2.4723958750867787     
  -1.7028945148159995E-002 -0.10699601795168598       0.98590648136685011        1.5767910637349549     
  -1.6980567463079993E-002 -0.10669205199159595        1.4815023371350065       0.87381800681236821     
  -1.6932189777999995E-002 -0.10638808603150594        1.9378921572721570       0.96622105081071719     
  -1.6883812092919993E-002 -0.10608412007141592        1.8516796381140983        1.9422320434873608     
  -1.6835434407839994E-002 -0.10578015411132591       0.77985670042449928        2.6792802557705393     
  -1.6787056722759996E-002 -0.10547618815123590        1.1796074174085185        1.5749496439402320     
  -1.6738679037679994E-002 -0.10517222219114587        2.5990201436664915       0.39004663470278683     
  -1.6690301352599995E-002 -0.10486825623105586        2.5028671891358827       0.81812573645125342     
  -1.6641923667519994E-002 -0.10456429027096584        2.6864431011312502        1.1714324540217469     
  -1.6593545982439995E-002 -0.10426032431087583        2.3979663212914386        1.6393725169896658     
  -1.6545168297359993E-002 -0.10395635835078580        2.1570841569844181        2.0177090769849717     
  -1.6496790612279995E-002 -0.10365239239069579        1.7950029520902004        2.1410930809477597     
  -1.6448412927199993E-002 -0.10334842643060577        2.2687114059612745        2.1765895395703270     
  -1.6400035242119994E-002 -0.10304446047051576        2.5310530525621355        2.4050258153310029     
  -1.6351657557039996E-002 -0.10274049451042574        1.9102024574668497        2.7760872184119916     
  -1.6303279871959994E-002 -0.10243652855033572        1.5841638254563137        2.9130967177632816     
  -1.6254902186879996E-002 -0.10213256259024571        1.4633559090020205        2.8341392286241534     
  -1.6206524501799994E-002 -0.10182859663015568        2.3511298925397339        3.4605500101964739     
  -1.6158146816719995E-002 -0.10152463067006567        2.4817664158306738        4.3325827050539987     
  -1.6109769131639994E-002 -0.10122066470997565        2.0485903222626098        2.8932136271150597     
  -1.6061391446559995E-002 -0.10091669874988564        4.4131998848121192        2.7522397627576969     
  -1.6013013761479993E-002 -0.10061273278979561        6.9943747431728847        9.5301461543153732     
  -1.5964636076399995E-002 -0.10030876682970560        5.7024313500896966        10.881857213391369     
  -1.5916258391319993E-002 -0.10000480086961558        2.3630711000959672        6.1841938411318100     
  -1.5867880706239994E-002  -9.9700834909525568E-002   1.4090872921700559        4.6963452139030126     
  -1.5819503021159996E-002  -9.9396868949435557E-002   1.0719459790649495        2.7560381318631966     
  -1.5771125336079994E-002  -9.9092902989345533E-002   1.6863245792994137        1.6175953792956774     
  -1.5722747650999996E-002  -9.8788937029255522E-002   2.5843337118582936        3.4815090172552687     
  -1.5674369965919994E-002  -9.8484971069165497E-002  0.73475442304506433        7.0491223325247701     
  -1.5625992280839995E-002  -9.8181005109075487E-002 -0.20225905498068458        4.6661173552595789     
  -1.5577614595759995E-002  -9.7877039148985476E-002   1.5259194512939074      -0.80383823492948903     
  -1.5529236910679995E-002  -9.7573073188895451E-002   1.8056765091999725      -0.78453223434382324     
  -1.5480859225599995E-002  -9.7269107228805440E-002   2.6796743631038176      -0.89517190497975530     
  -1.5432481540519995E-002  -9.6965141268715416E-002   2.5836376706290998       0.13081135947865533     
  -1.5384103855439995E-002  -9.6661175308625405E-002   2.3794955667009949        1.0977822828218435     
  -1.5335726170359994E-002  -9.6357209348535380E-002   1.4270377892619817        1.8513311238755730     
  -1.5287348485279994E-002  -9.6053243388445370E-002   2.2811139678013066        1.1349895981897355     
  -1.5238970800199994E-002  -9.5749277428355345E-002   3.3797951741209196       0.78186563316118374     
  -1.5190593115119996E-002  -9.5445311468265334E-002   3.0563371174473830        1.5204276795675062     
  -1.5142215430039995E-002  -9.5141345508175323E-002   2.9554204215534985        2.0729511683650799     
  -1.5093837744959995E-002  -9.4837379548085299E-002   2.5347424819848285        2.5230137898488678     
  -1.5045460059879995E-002  -9.4533413587995288E-002   2.3741970152793068        2.5507248837468897     
  -1.4997082374799995E-002  -9.4229447627905263E-002   2.5202805276312454        2.5410393061421912     
  -1.4948704689719995E-002  -9.3925481667815253E-002   2.1287869160509723        3.2127744702115528     
  -1.4900327004639995E-002  -9.3621515707725228E-002   1.6217847189973160        2.8094871924286569     
  -1.4851949319559994E-002  -9.3317549747635217E-002   2.8783280688674857       0.87144313291182773     
  -1.4803571634479994E-002  -9.3013583787545193E-002   3.9641857317777793       0.80347559260556445     
  -1.4755193949399994E-002  -9.2709617827455168E-002   3.4899081851228955        2.3492350682712178     
  -1.4706816264319996E-002  -9.2405651867365171E-002   3.5298735892484170        4.1486377945489776     
  -1.4658438579239996E-002  -9.2101685907275146E-002   2.9864856707755725        5.8615027461263312     
  -1.4610060894159995E-002  -9.1797719947185136E-002   2.9454584728165023        3.7152248788910818     
  -1.4561683209079995E-002  -9.1493753987095111E-002   5.9047258863718799        6.2723554816741327     
  -1.4513305523999995E-002  -9.1189788027005100E-002   4.2227729921230628        14.961321823714179     
  -1.4464927838919995E-002  -9.0885822066915076E-002  0.98895621954464863        14.145998904591769     
  -1.4416550153839995E-002  -9.0581856106825065E-002  0.38998828534355984        3.2089346745627112     
  -1.4368172468759995E-002  -9.0277890146735040E-002  0.34481457907024471        1.5772339644340496     
  -1.4319794783679994E-002  -8.9973924186645016E-002   1.4420804750875817      -0.47704304230794170     
  -1.4271417098599994E-002  -8.9669958226555005E-002   2.1512974941589755        8.3454812991393831E-002
  -1.4223039413519996E-002  -8.9365992266464994E-002   2.3425411978623232        1.8343340545829221     
  -1.4174661728439996E-002  -8.9062026306374983E-002 -0.20259470261002460        4.8206851574444887     
  -1.4126284043359996E-002  -8.8758060346284959E-002  0.75889380862179978        1.6944144147225459     
  -1.4077906358279995E-002  -8.8454094386194948E-002   4.0240259152665683       -1.5782297802868042     
  -1.4029528673199995E-002  -8.8150128426104923E-002   3.8602663128214552      -0.54845726824896845     
  -1.3981150988119995E-002  -8.7846162466014913E-002   4.0398872652071942       0.33714394256427693     
  -1.3932773303039995E-002  -8.7542196505924888E-002   3.5007021264413374        1.2889850560991385     
  -1.3884395617959995E-002  -8.7238230545834877E-002   3.0213299279049859        2.2066135906748756     
  -1.3836017932879995E-002  -8.6934264585744853E-002   2.3439200608763473        2.6125570023353952     
  -1.3787640247799996E-002  -8.6630298625654842E-002   3.1671360299077080        2.4830553631521881     
  -1.3739262562719996E-002  -8.6326332665564831E-002   4.2235401781406701        3.0272570417401354     
  -1.3690884877639996E-002  -8.6022366705474806E-002   2.4490477332425131        3.7936345627464214     
  -1.3642507192559996E-002  -8.5718400745384796E-002   1.4953676297734833        4.5713031765908774     
  -1.3594129507479995E-002  -8.5414434785294771E-002   1.6167121783550749        4.1629315246361136     
  -1.3545751822399995E-002  -8.5110468825204760E-002   2.9075310415909992        5.0772982401051401     
  -1.3497374137319995E-002  -8.4806502865114736E-002   4.9832061071220188        7.4548169394458181     
  -1.3448996452239995E-002  -8.4502536905024725E-002   1.6463460378860608        4.0077928632173236     
  -1.3400618767159995E-002  -8.4198570944934700E-002   7.4255078680611710        3.6706962274575994     
  -1.3352241082079995E-002  -8.3894604984844676E-002   17.442330319818826        19.571798698536345     
  -1.3303863396999996E-002  -8.3590639024754679E-002   15.640767827757555        26.751043466829298     
  -1.3255485711919996E-002  -8.3286673064664654E-002   4.6732908907734227        11.586077985030261     
  -1.3207108026839996E-002  -8.2982707104574643E-002   1.9584369621347788        8.6150187787315335     
  -1.3158730341759996E-002  -8.2678741144484619E-002  0.43889970905783682        3.5508600709339815     
  -1.3110352656679996E-002  -8.2374775184394608E-002   1.3380877498106543        1.8191215908592959     
  -1.3061974971599995E-002  -8.2070809224304583E-002   3.3745562589968534        4.2861225570464532     
  -1.3013597286519995E-002  -8.1766843264214573E-002  0.94108681910870418        15.988624109770363     
  -1.2965219601439995E-002  -8.1462877304124548E-002  -1.9849438385022178        9.6378524948072073     
  -1.2916841916359995E-002  -8.1158911344034523E-002   1.2010111369471079       -4.4246979913524020     
  -1.2868464231279995E-002  -8.0854945383944513E-002   1.8572008236633977       -4.6035286820343329     
  -1.2820086546199996E-002  -8.0550979423854502E-002   3.4279372171035267       -4.3684872602114355     
  -1.2771708861119996E-002  -8.0247013463764491E-002   3.1287903342533498       -2.3806497999205352     
  -1.2723331176039996E-002  -7.9943047503674466E-002   2.9802992401981099       -9.7245359275683410E-002
  -1.2674953490959996E-002  -7.9639081543584456E-002   1.2556069448631832        1.5710067794988396     
  -1.2626575805879996E-002  -7.9335115583494431E-002   2.4801825379818516       0.46232963520908971     
  -1.2578198120799996E-002  -7.9031149623404420E-002   5.5456025551545682       -1.2864839225242146     
  -1.2529820435719995E-002  -7.8727183663314396E-002   4.4294886474497481       0.69710718689439599     
  -1.2481442750639995E-002  -7.8423217703224371E-002   4.4773775316851427        1.8208082334651225     
  -1.2433065065559995E-002  -7.8119251743134360E-002   3.6952662412354553        2.7821270332484986     
  -1.2384687380479997E-002  -7.7815285783044350E-002   3.2977858757669005        2.9670935032143935     
  -1.2336309695399996E-002  -7.7511319822954339E-002   3.4822346668512028        2.7734102951719102     
  -1.2287932010319996E-002  -7.7207353862864314E-002   3.1743021590856180        4.5172136656992654     
  -1.2239554325239996E-002  -7.6903387902774303E-002   1.5752692344640153        4.3968662566010446     
  -1.2191176640159996E-002  -7.6599421942684279E-002   3.9764401980460309       -1.1312504094602815     
  -1.2142798955079996E-002  -7.6295455982594268E-002   6.5115219144156669       -2.5440395773896993     
  -1.2094421269999996E-002  -7.5991490022504243E-002   5.2840709439039779        2.3243862920240557     
  -1.2046043584919995E-002  -7.5687524062414233E-002   6.2296546815780367        4.7236719990365987     
  -1.1997665899839995E-002  -7.5383558102324208E-002   4.6118295847997963        9.7739695553827044     
  -1.1949288214759995E-002  -7.5079592142234183E-002   4.7831493884503953        5.6348022850715909     
  -1.1900910529679997E-002  -7.4775626182144186E-002   9.1044437044659681        8.2043677375555166     
  -1.1852532844599997E-002  -7.4471660222054162E-002   12.726767502809381        33.501619552046378     
  -1.1804155159519996E-002  -7.4167694261964151E-002   2.6024071869906309        31.929834870397787     
  -1.1755777474439996E-002  -7.3863728301874126E-002   7.4999217697341289E-002   4.5272500764815033     
  -1.1707399789359996E-002  -7.3559762341784116E-002  -1.2882484301312163      -0.25236559100742523     
  -1.1659022104279996E-002  -7.3255796381694091E-002   1.1934635089680088       -3.6860221805481248     
  -1.1610644419199996E-002  -7.2951830421604080E-002   1.3070845019138269       -2.8391744081947641     
  -1.1562266734119996E-002  -7.2647864461514056E-002   3.0057488158761290        1.0755038973562292     
  -1.1513889049039995E-002  -7.2343898501424031E-002  -1.8938094404298564        7.6333175622701139     
  -1.1465511363959995E-002  -7.2039932541334020E-002 -0.67107342229242439        3.3147043788240276     
  -1.1417133678879997E-002  -7.1735966581244009E-002   6.5451805145183313       -7.6935770346633685     
  -1.1368755993799997E-002  -7.1432000621153999E-002   5.5771689046492687       -3.8974288167989246     
  -1.1320378308719996E-002  -7.1128034661063974E-002   6.0001095817560790       -2.5506822243301577     
  -1.1272000623639996E-002  -7.0824068700973963E-002   4.9946297672044659      -0.33128148617508468     
  -1.1223622938559996E-002  -7.0520102740883939E-002   4.4465212961178127        1.0721683701633542     
  -1.1175245253479996E-002  -7.0216136780793928E-002   3.1147635665649229        2.6912385094018174     
  -1.1126867568399996E-002  -6.9912170820703903E-002   4.8590331524770205        1.7067937159191966     
  -1.1078489883319996E-002  -6.9608204860613879E-002   6.9590018647047840        2.4674381384003716     
  -1.1030112198239996E-002  -6.9304238900523868E-002   3.6209392507826328        5.1192597596653826     
  -1.0981734513159997E-002  -6.9000272940433857E-002  0.69667923013886834        6.1490352504254027     
  -1.0933356828079997E-002  -6.8696306980343846E-002   1.4254114687625632        6.9282726233742160     
  -1.0884979142999997E-002  -6.8392341020253822E-002   4.3840597068810512        5.6249612320616142     
  -1.0836601457919997E-002  -6.8088375060163811E-002   8.3633734141768006        11.539683116407607     
  -1.0788223772839996E-002  -6.7784409100073786E-002   2.7571299008019512        6.3349176651549470     
  -1.0739846087759996E-002  -6.7480443139983776E-002   6.8441702147732268        1.5105956976479376     
  -1.0691468402679996E-002  -6.7176477179893751E-002   46.325127769295769        39.184742560309545     
  -1.0643090717599996E-002  -6.6872511219803740E-002   42.899945884844868        57.512665700174800     
  -1.0594713032519996E-002  -6.6568545259713716E-002   12.093714083472692        21.926355602577509     
  -1.0546335347439996E-002  -6.6264579299623691E-002   2.9628452834381873        13.906655624550750     
  -1.0497957662359997E-002  -6.5960613339533694E-002  0.61622772066303766        3.9308080544848645     
  -1.0449579977279997E-002  -6.5656647379443669E-002  -1.6914023057943777        1.7069956218802202     
  -1.0401202292199997E-002  -6.5352681419353659E-002   5.5802131195635392        5.3809725264297104     
  -1.0352824607119997E-002  -6.5048715459263634E-002   2.0971795384298120        30.341741268332104     
  -1.0304446922039997E-002  -6.4744749499173623E-002  -1.9757356164102562        24.685758267749986     
  -1.0256069236959996E-002  -6.4440783539083599E-002  -1.0223757340084723       -15.011986763284021     
  -1.0207691551879996E-002  -6.4136817578993588E-002  0.75178887708258990       -11.464274013424101     
  -1.0159313866799996E-002  -6.3832851618903563E-002   3.0257780925440021       -11.816715153282537     
  -1.0110936181719996E-002  -6.3528885658813539E-002   3.0471087751733101       -7.1853289340369377     
  -1.0062558496639996E-002  -6.3224919698723528E-002   2.6009918992212864       -3.9619412838366466     
  -1.0014180811559997E-002  -6.2920953738633517E-002  0.87268430736802494       0.99046716662223933     
  -9.9658031264799971E-003  -6.2616987778543506E-002   1.8084384315316175       -2.2904725937303803     
  -9.9174254413999970E-003  -6.2313021818453482E-002   7.9981731322758014       -5.4278349859084116     
  -9.8690477563199968E-003  -6.2009055858363464E-002   6.1077010012262578       -2.1635316814812717     
  -9.8206700712399966E-003  -6.1705089898273446E-002   6.2081543765956093       0.37367677677718603     
  -9.7722923861599965E-003  -6.1401123938183429E-002   5.3945267766119143        1.8403689759522568     
  -9.7239147010799963E-003  -6.1097157978093411E-002   4.6554102163083497        2.5583290929040605     
  -9.6755370159999961E-003  -6.0793192018003393E-002   4.5433267932432502        1.8856807960631776     
  -9.6271593309199960E-003  -6.0489226057913376E-002   4.9290041774350035        5.6517704168623570     
  -9.5787816458399976E-003  -6.0185260097823365E-002   2.2507664850827802        6.9387240230034806     
  -9.5304039607599974E-003  -5.9881294137733347E-002   4.0297854780692557       -5.2749067746658200     
  -9.4820262756799972E-003  -5.9577328177643329E-002   9.6840173330072314       -11.926853966493361     
  -9.4336485905999971E-003  -5.9273362217553312E-002   7.2855672480395759      -0.45558273779377711     
  -9.3852709055199969E-003  -5.8969396257463294E-002   9.2834945334117851        5.1774318688402099     
  -9.3368932204399967E-003  -5.8665430297373276E-002   9.9088310710316225        10.865041037194292     
  -9.2885155353599966E-003  -5.8361464337283259E-002   3.8618750038036085        10.342188135436032     
  -9.2401378502799964E-003  -5.8057498377193241E-002   17.513873667168088        7.0531495599745311     
  -9.1917601651999963E-003  -5.7753532417103223E-002   28.019517601008278        63.013286143707830     
  -9.1433824801199961E-003  -5.7449566457013206E-002   20.756652397632223        70.838589264652001     
  -9.0950047950399977E-003  -5.7145600496923195E-002  -3.7042693891448746        1.5934757994992259     
  -9.0466271099599975E-003  -5.6841634536833177E-002  -3.0870756561686834       -3.9058046649823353     
  -8.9982494248799973E-003  -5.6537668576743159E-002  -2.0464818532468780       -10.715156653950741     
  -8.9498717397999972E-003  -5.6233702616653142E-002 -0.15231188264200973       -8.0645729916819597     
  -8.9014940547199970E-003  -5.5929736656563124E-002  0.34033487596753975       -2.8669721894191187     
  -8.8531163696399968E-003  -5.5625770696473106E-002  -1.2354648206040835        12.794891659016413     
  -8.8047386845599967E-003  -5.5321804736383089E-002  -5.8085385922891195        4.4783520213325918     
  -8.7563609994799965E-003  -5.5017838776293071E-002   10.090535972079063       -17.689856624817061     
  -8.7079833143999964E-003  -5.4713872816203053E-002   6.4993781126853740       -11.426483929486606     
  -8.6596056293199962E-003  -5.4409906856113036E-002   7.4924105189758468       -7.8095534670393212     
  -8.6112279442399978E-003  -5.4105940896023025E-002   5.9221180565930887       -4.5443706525136056     
  -8.5628502591599976E-003  -5.3801974935933007E-002   6.0763934226923535       -2.2106465883703348     
  -8.5144725740799974E-003  -5.3498008975842989E-002   4.0951965317576633       0.34918756388483196     
  -8.4660948889999973E-003  -5.3194043015752972E-002   6.2012355830096091      -0.23766228271120271     
  -8.4177172039199971E-003  -5.2890077055662954E-002   11.612543061370864       -2.3929237618881589     
  -8.3693395188399970E-003  -5.2586111095572936E-002   3.7375318831019597        5.6341148748502645     
  -8.3209618337599968E-003  -5.2282145135482919E-002 -0.51789638609947175        9.0351612129219738     
  -8.2725841486799966E-003  -5.1978179175392901E-002  -4.0183292119583894E-002   7.5394031920441904     
  -8.2242064635999965E-003  -5.1674213215302883E-002   5.0071212052414964        9.0769685936931612     
  -8.1758287785199980E-003  -5.1370247255212872E-002   15.320072860377451        7.4172254815688294     
  -8.1274510934399979E-003  -5.1066281295122855E-002 -0.81310016221744708        14.514609929338505     
  -8.0790734083599977E-003  -5.0762315335032837E-002   6.9446183871749003       -7.5050872559991140     
  -8.0306957232799975E-003  -5.0458349374942819E-002   91.412299054398090        63.795473017324227     
  -7.9823180381999974E-003  -5.0154383414852802E-002   126.94464351776810        107.96890640205680     
  -7.9339403531199972E-003  -4.9850417454762784E-002   21.784890628165222        32.205965273215909     
  -7.8855626680399971E-003  -4.9546451494672766E-002   8.7968685665756574        19.594033644753821     
  -7.8371849829599969E-003  -4.9242485534582749E-002  -1.8834409112793353        4.0258082431231026     
  -7.7888072978799976E-003  -4.8938519574492738E-002  -2.9089608318474252      -0.10299246099930279     
  -7.7404296127999974E-003  -4.8634553614402720E-002 -0.45658276880854409        6.1497728464357948     
  -7.6920519277199973E-003  -4.8330587654312702E-002   17.935092186434019        49.597174387200162     
  -7.6436742426399971E-003  -4.8026621694222685E-002  -5.3910885404423015        50.957721951298176     
  -7.5952965575599978E-003  -4.7722655734132667E-002  -2.2052821170227763       -31.072233526005697     
  -7.5469188724799977E-003  -4.7418689774042649E-002  -4.8864596982483519       -23.840186029426505     
  -7.4985411873999975E-003  -4.7114723813952632E-002  0.52114509336341130       -21.514155029679394     
  -7.4501635023199973E-003  -4.6810757853862614E-002   8.1834870242216182E-002  -13.797338727267293     
  -7.4017858172399972E-003  -4.6506791893772596E-002   1.4708640966217137       -10.326012963427624     
  -7.3534081321599979E-003  -4.6202825933682586E-002  -2.0146986583645017       -2.4869326072137259     
  -7.3050304470799977E-003  -4.5898859973592568E-002   1.2776156285337184       -3.7260748298804480     
  -7.2566527619999975E-003  -4.5594894013502550E-002   7.2279718209618382       -14.291159964253751     
  -7.2082750769199974E-003  -4.5290928053412532E-002   6.2958155695534437       -6.6546063079239000     
  -7.1598973918399972E-003  -4.4986962093322508E-002   7.1537097332374540       -3.2539678920206261     
  -7.1115197067599979E-003  -4.4682996133232497E-002   6.4939734275503866       -1.1261790357357766     
  -7.0631420216799978E-003  -4.4379030173142479E-002   6.0632136161289178       0.29824290885079646     
  -7.0147643365999976E-003  -4.4075064213052462E-002   4.8423760945573866      -0.72809512850125790     
  -6.9663866515199974E-003  -4.3771098252962444E-002   7.0290166569090342        4.3333988481236778     
  -6.9180089664399973E-003  -4.3467132292872426E-002   5.2090310737732235        11.870725145436968     
  -6.8696312813599980E-003  -4.3163166332782416E-002  0.33545509305492432       -12.266051790691401     
  -6.8212535962799978E-003  -4.2859200372692398E-002   8.2864555096541626       -29.074985501710454     
  -6.7728759111999976E-003  -4.2555234412602380E-002   9.7308780933360080       -6.2184094226435054     
  -6.7244982261199975E-003  -4.2251268452512362E-002   8.5033174378481569        3.5558423321818189E-002
  -6.6761205410399973E-003  -4.1947302492422338E-002   17.487083032483781        13.579077691076527     
  -6.6277428559599980E-003  -4.1643336532332327E-002   6.1740690146147870        6.5588291795406404     
  -6.5793651708799979E-003  -4.1339370572242309E-002   12.305016947488991        12.213079575779661     
  -6.5309874857999977E-003  -4.1035404612152292E-002   75.776698056811810        81.712051176385089     
  -6.4826098007199975E-003  -4.0731438652062274E-002   51.682277696103043        141.89961883361329     
  -6.4342321156399974E-003  -4.0427472691972256E-002 -0.30557509433713675       -11.323075785329374     
  -6.3858544305599981E-003  -4.0123506731882246E-002  -11.872592310832781       -12.072097364583179     
  -6.3374767454799979E-003  -3.9819540771792228E-002  -6.7516638598545917       -22.003029972291984     
  -6.2890990603999978E-003  -3.9515574811702210E-002  -5.2734467028934571       -12.704869039418865     
  -6.2407213753199976E-003  -3.9211608851612186E-002  -1.8497379892504222       -12.416620489329256     
  -6.1923436902399983E-003  -3.8907642891522175E-002  -5.7819035791359905        15.305035969848646     
  -6.1439660051599981E-003  -3.8603676931432157E-002  -1.7902349405766360        9.4397719628697025     
  -6.0955883200799980E-003  -3.8299710971342139E-002   4.0722908246708851       -33.459829767950090     
  -6.0472106349999978E-003  -3.7995745011252122E-002   5.3566975403228714       -19.961170947552791     
  -5.9988329499199976E-003  -3.7691779051162104E-002   4.4785522443615804       -15.274687166285023     
  -5.9504552648399983E-003  -3.7387813091072093E-002   4.8420541371718890       -11.072972337927308     
  -5.9020775797599982E-003  -3.7083847130982076E-002   4.7629042514638558       -8.7555272320297135     
  -5.8536998946799980E-003  -3.6779881170892058E-002   5.5153886460522461       -4.8153450646372127     
  -5.8053222095999979E-003  -3.6475915210802040E-002   4.6973354485902696       -6.9815503500611698     
  -5.7569445245199977E-003  -3.6171949250712016E-002   14.396564641560632       -10.525727807401983     
  -5.7085668394399984E-003  -3.5867983290622005E-002   4.8842888606933066       0.92887248612185935     
  -5.6601891543599982E-003  -3.5564017330531987E-002  -9.2072719783539760        15.543164461058410     
  -5.6118114692799981E-003  -3.5260051370441969E-002   2.3372670474430390        6.7766710297655690     
  -5.5634337841999979E-003  -3.4956085410351952E-002  -3.9547714371691969        6.8695115628047247     
  -5.5150560991199978E-003  -3.4652119450261934E-002   24.849187535251538        7.2918018028031293     
  -5.4666784140399985E-003  -3.4348153490171923E-002  -2.5293661132020513        2.7606047670542568     
  -5.4183007289599983E-003  -3.4044187530081906E-002  -19.876517568986770        10.786256400725518     
  -5.3699230438799981E-003  -3.3740221569991888E-002   174.50887562901397        39.064602885243389     
  -5.3215453587999980E-003  -3.3436255609901870E-002   270.11446992794265        183.79892626923666     
  -5.2731676737199978E-003  -3.3132289649811845E-002   50.170796428860619        24.567171738404951     
  -5.2247899886399985E-003  -3.2828323689721835E-002   9.2361199959201787        22.600256973290225     
  -5.1764123035599983E-003  -3.2524357729631817E-002  -5.2012227197136420       -4.2928246542353046     
  -5.1280346184799982E-003  -3.2220391769541799E-002  -2.0930956575642168        5.3053479210193322     
  -5.0796569333999980E-003  -3.1916425809451782E-002  -4.5635899709504217       -8.0800984751911074     
  -5.0312792483199979E-003  -3.1612459849361764E-002   24.000728584357478        70.165609702832484     
  -4.9829015632399986E-003  -3.1308493889271753E-002   30.184763883878706        71.219681986333740     
  -4.9345238781599984E-003  -3.1004527929181732E-002  -23.901820657407399       -46.027152815457512     
  -4.8861461930799982E-003  -3.0700561969091714E-002  -10.347599409357059       -34.169535252822946     
  -4.8377685079999981E-003  -3.0396596009001697E-002  -9.0620911173102687       -26.986518813970516     
  -4.7893908229199988E-003  -3.0092630048911682E-002  -5.5671857803722524       -18.970522553320915     
  -4.7410131378399986E-003  -2.9788664088821665E-002  -4.4817167774267244       -14.295725376786237     
  -4.6926354527599985E-003  -2.9484698128731647E-002  -2.9216004081709674       -10.299829676935010     
  -4.6442577676799983E-003  -2.9180732168641629E-002  -8.2953870970793968       -4.5014583722962316     
  -4.5958800825999981E-003  -2.8876766208551612E-002   5.5958191795410039       -19.901634154308599     
  -4.5475023975199988E-003  -2.8572800248461597E-002   1.9447904085603649       -11.627920787891281     
  -4.4991247124399987E-003  -2.8268834288371580E-002   6.1418195385492815       -6.8481966134426857     
  -4.4507470273599985E-003  -2.7964868328281562E-002   4.8885314314070083       -5.8669437250728880     
  -4.4023693422799983E-003  -2.7660902368191544E-002   6.1067299103262496       -3.8018653682327463     
  -4.3539916571999982E-003  -2.7356936408101527E-002   3.4199206794530270       -4.6150412142257089     
  -4.3056139721199989E-003  -2.7052970448011512E-002   7.1068246238421651      -0.45404573973822626     
  -4.2572362870399987E-003  -2.6749004487921495E-002   8.9893015032268160        13.809962559549714     
  -4.2088586019599986E-003  -2.6445038527831477E-002  -1.9270361850755060       -15.152718802722113     
  -4.1604809168799984E-003  -2.6141072567741459E-002  -12.100421471374474       -49.638290895925088     
  -4.1121032317999982E-003  -2.5837106607651442E-002   5.3781046852278527       -13.168333849563810     
  -4.0637255467199989E-003  -2.5533140647561427E-002   8.6166830069875555       -4.7810954867121316     
  -4.0153478616399988E-003  -2.5229174687471410E-002   7.4335297688534236        1.5658783060232571     
  -3.9669701765599986E-003  -2.4925208727381392E-002   22.360736419214572        13.132860210908126     
  -3.9185924914799984E-003  -2.4621242767291374E-002  -9.5685190852207622       -17.165116174128134     
  -3.8702148063999987E-003  -2.4317276807201360E-002   112.81793324680430        110.72255286871037     
  -3.8218371213199986E-003  -2.4013310847111342E-002   143.29879443615269        153.42433425666763     
  -3.7734594362399988E-003  -2.3709344887021325E-002  -19.416138978867451       -13.477754726362683     
  -3.7250817511599987E-003  -2.3405378926931307E-002  -16.130018864601816       -27.754076120725834     
  -3.6767040660799989E-003  -2.3101412966841293E-002  -18.307533372450219       -24.151720985273688     
  -3.6283263809999988E-003  -2.2797447006751275E-002  -11.299778338967755       -17.906440392756164     
  -3.5799486959199986E-003  -2.2493481046661254E-002  -8.9893251638956251       -12.311676973655512     
  -3.5315710108399989E-003  -2.2189515086571240E-002  -4.0851728205874638       -4.7552428300808618     
  -3.4831933257599987E-003  -2.1885549126481222E-002  -13.235176239877642        26.946610375402788     
  -3.4348156406799990E-003  -2.1581583166391208E-002   3.9624490306057183       -46.310683558153734     
  -3.3864379555999988E-003  -2.1277617206301190E-002  -1.8109380995929365       -23.172954945692982     
  -3.3380602705199987E-003  -2.0973651246211169E-002  -1.6923755494066697       -18.936339128088662     
  -3.2896825854399989E-003  -2.0669685286121155E-002   8.5657495730315447E-002  -15.698148342418056     
  -3.2413049003599988E-003  -2.0365719326031137E-002   1.2197925187593708       -15.431516571261154     
  -3.1929272152799990E-003  -2.0061753365941123E-002   2.0098372806592808       -11.446161929583706     
  -3.1445495301999989E-003  -1.9757787405851105E-002   4.9754605613200615       -12.893414933614928     
  -3.0961718451199991E-003  -1.9453821445761087E-002   5.3813245026634524       -26.083310283391341     
  -3.0477941600399990E-003  -1.9149855485671070E-002   3.7690122915625239       -2.1608404497465274     
  -2.9994164749599988E-003  -1.8845889525581052E-002  -20.258906372811634        22.072798716668959     
  -2.9510387898799991E-003  -1.8541923565491038E-002  -6.7066489272987644        7.5766936361651664     
  -2.9026611047999989E-003  -1.8237957605401020E-002 -0.41125397326976126        3.3914202915163179     
  -2.8542834197199992E-003  -1.7933991645311002E-002  -6.9324485922897701       0.86651990674213741     
  -2.8059057346399990E-003  -1.7630025685220985E-002   29.215148478054616        2.5339058492241282     
  -2.7575280495599989E-003  -1.7326059725130967E-002  -89.758336876615289       -15.120658995369359     
  -2.7091503644799991E-003  -1.7022093765040953E-002   227.48485687279123        60.342513220680878     
  -2.6607726793999990E-003  -1.6718127804950935E-002   460.09936930238155        85.422074666537071     
  -2.6123949943199993E-003  -1.6414161844860917E-002   50.069274082525283        31.937406303444494     
  -2.5640173092399991E-003  -1.6110195884770900E-002   10.841515601363513       -2.2458790164522608     
  -2.5156396241599989E-003  -1.5806229924680882E-002  -10.167413897017527       -2.3339240877411624     
  -2.4672619390799992E-003  -1.5502263964590866E-002  -3.5492535582401086       -2.1569455370601704     
  -2.4188842539999990E-003  -1.5198298004500848E-002  -1.4693990398647230        3.5815255810095921     
  -2.3705065689199993E-003  -1.4894332044410832E-002   15.404882580228197        9.6081490095358202     
  -2.3221288838399991E-003  -1.4590366084320815E-002   54.020172695670873        129.13498116386580     
  -2.2737511987599994E-003  -1.4286400124230799E-002  -28.731026622506462       -72.348993561997347     
  -2.2253735136799993E-003  -1.3982434164140781E-002  -19.328654039547416       -31.936843665191997     
  -2.1769958285999991E-003  -1.3678468204050763E-002  -13.149907352004410       -21.361132327918504     
  -2.1286181435199994E-003  -1.3374502243960747E-002  -9.7391673188637817       -17.914662260875314     
  -2.0802404584399992E-003  -1.3070536283870730E-002  -8.2036103984818531       -14.389118474266033     
  -2.0318627733599995E-003  -1.2766570323780714E-002  -5.8944400267271373       -14.415452534028299     
  -1.9834850882799993E-003  -1.2462604363690696E-002  -4.3221297004384809       -12.489232127187323     
  -1.9351074031999994E-003  -1.2158638403600680E-002  -10.886906128069114       -8.4756899265742049     
  -1.8867297181199994E-003  -1.1854672443510662E-002  -6.6155068256535161       -8.7507716846017320     
  -1.8383520330399995E-003  -1.1550706483420646E-002   3.8541787333962056       -7.9979991276281046     
  -1.7899743479599993E-003  -1.1246740523330627E-002   1.0904935422970374       -7.5065543606211929     
  -1.7415966628799994E-003  -1.0942774563240611E-002   1.1192714460830875       -7.4952303668441145     
  -1.6932189777999994E-003  -1.0638808603150595E-002   2.3063824451887092       -7.0242228648355871     
  -1.6448412927199995E-003  -1.0334842643060577E-002  0.15308381134497978       -8.5175446111348965     
  -1.5964636076399995E-003  -1.0030876682970561E-002   17.735001005927124        5.5896568757069129     
  -1.5480859225599996E-003  -9.7269107228805437E-003  -11.333881958536608        2.6607214266177097     
  -1.4997082374799994E-003  -9.4229447627905260E-003  -31.689832695893465       -56.382996320755346     
  -1.4513305523999995E-003  -9.1189788027005100E-003  -7.0125342696404109       -11.784493257598605     
  -1.4029528673199995E-003  -8.8150128426104923E-003   3.3150828882435905       -8.7415787989634897     
  -1.3545751822399996E-003  -8.5110468825204764E-003   3.9151643528576852       -2.7615587952499565     
  -1.3061974971599996E-003  -8.2070809224304587E-003   9.3975253868311999       -2.2975762252778007     
  -1.2578198120799995E-003  -7.9031149623404410E-003   11.059505448437218        1.2790864658397143     
  -1.2094421269999995E-003  -7.5991490022504242E-003   28.203898253519284       -6.2537185507796611     
  -1.1610644419199996E-003  -7.2951830421604073E-003   264.54729595497105        207.60805310699234     
  -1.1126867568399996E-003  -6.9912170820703905E-003  -46.503085561756833       -62.548082624373656     
  -1.0643090717599997E-003  -6.6872511219803737E-003  -28.944440159837484       -30.061108308569587     
  -1.0159313866799997E-003  -6.3832851618903568E-003  -20.483368610194411       -19.869292715216613     
  -9.6755370159999968E-004  -6.0793192018003400E-003  -16.680287307880214       -19.048350422713597     
  -9.1917601651999973E-004  -5.7753532417103232E-003  -12.759532258621441       -15.394340152111580     
  -8.7079833143999968E-004  -5.4713872816203055E-003  -12.333620933003923       -19.454305232325716     
  -8.2242064635999973E-004  -5.1674213215302887E-003  -5.7946034307789036       -19.162676001120861     
  -7.7404296127999979E-004  -4.8634553614402718E-003  -7.3430206567676750       -4.7084872284115944     
  -7.2566527619999973E-004  -4.5594894013502550E-003  -7.2662119264485581       -6.2010505964334852     
  -6.7728759111999979E-004  -4.2555234412602382E-003  -6.5499199129719772       -11.014056879746315     
  -6.2890990603999973E-004  -3.9515574811702205E-003  -6.2060687987995289       -11.701158662683120     
  -5.8053222095999979E-004  -3.6475915210802037E-003  -5.0331779653279005       -11.698746276994553     
  -5.3215453587999984E-004  -3.3436255609901868E-003  -3.7448529924469534       -14.611724944734023     
  -4.8377685079999984E-004  -3.0396596009001700E-003  -2.8489122378941536       -10.551472528711782     
  -4.3539916571999984E-004  -2.7356936408101527E-003   4.6456516233177769       -33.167084310860282     
  -3.8702148063999989E-004  -2.4317276807201359E-003  -13.536804218779045       -15.009292465237980     
  -3.3864379555999989E-004  -2.1277617206301191E-003  -21.614840603965170        44.053813887119098     
  -2.9026611047999989E-004  -1.8237957605401018E-003  -15.599525473260158        8.4291525207877704     
  -2.4188842539999992E-004  -1.5198298004500850E-003  -8.4163998724894871       0.78265360292627928     
  -1.9351074031999995E-004  -1.2158638403600680E-003  -8.1281947818439519        1.4642775450625893     
  -1.4513305523999995E-004  -9.1189788027005092E-004  -7.0997560864411495       -6.3069078733759669     
  -9.6755370159999973E-005  -6.0793192018003398E-004  -9.6588052260151542        3.1668947316933651     
  -4.8377685079999987E-005  -3.0396596009001699E-004  -44.482829926406396       -38.740975789231676     
