   0.0000000000000000        3708.6810893007050        0.0000000000000000        13754315.422136664     
   8.2682749151502009        3610.0804390620174       -642.75142140779701        13445810.166219952     
   16.536549830300402        3093.6435410685663       -1732.9610446016245        12573784.341302011     
   24.804824745450603        2290.9584490484390       -2455.4504337051326        11277727.447649153     
   33.073099660600803        1426.5123912254921       -2775.9608975689853        9740896.5071518775     
   41.341374575751004        671.94491014036248       -2773.4613748710162        8143597.9601649670     
   49.609649490901205        111.06364040922459       -2572.1570885733267        6628327.2205189625     
   57.877924406051406       -246.76080604334200       -2285.6066620042507        5284888.7087973729     
   66.146199321201607       -434.03874834098178       -1991.1612308703791        4153112.6823826493     
   74.414474236351808       -496.36746617365503       -1728.8871479382608        3235431.4317817483     
   82.682749151502009       -475.83608142914119       -1511.7193024569235        2511715.2258106875     
   90.951024066652209       -404.86132162380176       -1337.0769983092578        1951687.5891546663     
   99.219298981802410       -306.15463742909759       -1195.6402983245830        1523286.3849970400     
   107.48757389695261       -195.05852226512917       -1076.6706330231168        1197267.4791226548     
   115.75584881210281       -82.008204764839604       -970.76602270093429        949112.01647934271     
   124.02412372725301        25.563274729937941       -871.01653705670651        759323.28884117526     
   132.29239864240321        122.19678440064961       -773.30541989680557        612933.32655963372     
   140.56067355755340        203.92348319822636       -676.12308918012604        498727.21872217400     
   148.82894847270359        268.23617924707520       -580.08851885361878        408453.33756285429     
   157.09722338785377        314.13268329114317       -487.29356371758860        336134.35995228123     
   165.36549830300396        342.18921517204745       -400.51644340266972        277506.88041598571     
   173.63377321815415        354.37817856948544       -322.48247151073798        229578.83787790005     
   181.90204813330433        353.72980432390261       -255.25700514052377        190280.91314033582     
   190.17032304845452        343.87263960322048       -199.85565133334035        158190.67363756007     
   198.43859796360471        328.52414835125819       -156.17080026591088        132317.43490561453     
   206.70687287875489        311.11377084915722       -123.10162178227239        111945.78769740755     
   214.97514779390508        294.57124541618538       -98.839256254528991        96541.417202990953     
   223.24342270905527        281.31043013594268       -81.157735476582772        85722.136130956060     
   231.51169762420545        273.35227626001426       -67.618932416662446        79293.786957700315     
   239.77997253935564        272.51746582378553       -55.543639819268023        77350.865103390694     
   248.04824745450583        280.54529201944769       -41.753304273506885        80448.999292033230     
   256.31652236965601        298.97219267707027       -22.011156012974279        89868.862983162719     
   264.58479728480620        328.47912718108813        9.6882496131159019        107992.39917421550     
   272.85307219995639        367.40904423831802        61.460610548235280        138766.81243707618     
   281.12134711510657        409.62817579263327        142.45848307273539        188089.66180258532     
   289.38962203025676        443.29410275595552        259.21727956540241        263703.25956349564     
   297.65789694540695        453.64713368625394        410.15479074635567        374022.67427394073     
   305.92617186055713        431.58873957011906        582.57355250139460        525660.78419781919     
   314.19444677570732        383.81316089664995        757.04532087480118        720430.16033590841     
   322.46272169085751        335.84024656079890        916.86740681342610        953434.51288679487     
   330.73099660600769        324.41038693719435        1052.6194832830643        1213249.8757398452     
   338.99927152115788        384.43959613135763        1155.7376737287145        1483523.3735495019     
   347.26754643630807        535.98140883391488        1207.1870648774884        1744576.6802231136     
   355.53582135145825        772.50399767561430        1173.8190092383991        1974613.4928742223     
   363.80409626660844        1053.4022380565668        1020.6785671835023        2151441.0126503510     
   372.07237118175863        1309.7598063990033        734.96891423758029        2255650.0553539223     
   380.34064609690881        1468.2966459231768        345.00393856943958        2274922.7580576763     
   388.60892101205900        1483.5208483803440       -83.088996280676355        2207737.8888820657     
   396.87719592720919        1357.1977688605173       -471.67958636683284        2064467.4159951527     
   405.14547084235937        1132.5547829734028       -763.10780990298838        1865013.8659708670     
   413.41374575750956        870.13743255161467       -936.35372712093329        1633897.4538207790     
   421.68202067265975        622.88204085332666       -1003.4181601277754        1394830.0408918152     
   429.95029558780993        423.02072550873896       -993.84940710894978        1166683.1782207508     
   438.21857050296012        281.80048533635926       -939.31230816804589        961719.12581178965     
   446.48684541811031        196.05066403706203       -864.52821980011538        785844.90570012957     
   454.75512033326049        155.71732087654098       -784.73442268227120        640055.99816344515     
   463.02339524841068        149.10503457633797       -707.09520039489587        522215.93375750887     
   471.29167016356087        165.49518632396664       -633.42195405821099        428612.02857932681     
   479.55994507871105        195.96749424955263       -562.72313817033751        355060.58903472120     
   487.82821999386124        233.31579210902524       -493.07978462237247        297563.93285070709     
   496.09649490901143        271.71944051657601       -422.83887276112370        252624.16667253885     
   504.36476982416161        306.50823282460470       -351.27169136810420        217339.09794587072     
   512.63304473931180        334.13103955352523       -278.81240700521516        189379.90989316121     
   520.90131965446199        352.24007722134968       -206.99541378971293        166920.17333087686     
   529.16959456961217        359.82711921838916       -138.12663186967634        148554.52215666595     
   537.43786948476236        357.25445486610533       -74.809477014627873        133227.20337288023     
   545.70614439991255        346.12530982834812       -19.382938842640186        120178.42842194751     
   553.97441931506273        328.94044590395271        26.519250725091489        108905.08761051152     
   562.24269423021292        308.63163303673940        62.266403320997910        99130.589893457742     
   570.51096914536311        288.07107331265433        88.277039676075859        90777.779013476145     
   578.77924406051329        269.68727961632334        105.88503438428474        83942.869293414129     
   587.04751897566348        255.27797059988183        117.08827914692917        78876.507387183330     
   595.31579389081367        246.02848034671791        124.33176498189889        75988.400925229493     
   603.58406880596385        242.69303086859574        130.39317716823686        75902.287884212376     
   611.85234372111404        245.80478249765292        138.49351717824931        79600.445399120494     
   620.12061863626423        255.77773617456899        152.62507164104409        88716.662816021257     
   628.38889355141441        272.62309134948117        178.17700288346313        106070.39429348119     
   636.65716846656460        294.97516925632306        222.63357000632556        136576.05697155790     
   644.92544338171479        318.01043849566037        295.84748090629182        188656.37095080089     
   653.19371829686497        330.50872605002002        408.48227657918312        276093.78827451944     
   661.46199321201516        313.14497520442433        567.10744373298178        419670.62823313661     
   669.73026812716535        242.55943097559009        766.95804704773366        647059.72348647565     
   677.99854304231553        104.37784837633167        989.09349294191463        989200.67301170982     
   686.26681795746572       -90.998938834700851        1210.3665625055057        1473268.0225004361     
   694.53509287261591       -303.42939306927514        1422.4783033209105        2115513.9199971249     
   702.80336778776609       -472.98230239344571        1641.3170719460043        2917633.9890388097     
   711.07164270291628       -532.78298725295792        1892.6671123608326        3866046.5097184782     
   719.33991761806647       -417.10346493197648        2180.7682981594608        4929725.6707155714     
   727.60819253321665       -74.465514107661363        2459.4476217019128        6054427.7166865133     
   735.87646744836684        503.40834745743513        2627.5251588417491        7157308.4246361842     
   744.14474236351703        1248.9140286089244        2563.2194649598309        8129880.2764051352     
   752.41301727866721        2016.2163790251252        2188.5656720635338        8854948.1879840940     
   760.68129219381740        2629.3306887507611        1523.7168317047635        9235092.8540269546     
   768.94956710896759        2957.5923628782261        688.55349706048685        9221458.5032698344     
   777.21784202411777        2967.4745977540720       -151.75525712035756        8828935.1463793553     
   785.48611693926796        2719.6089110765024       -856.74591019042066        8130286.1838347316     
   793.75439185441815        2324.1424140687864       -1353.2576673012534        7232944.2749831164     
   802.02266676956833        1890.1182901276022       -1636.2947893754185        6250007.7884120364     
   810.29094168471852        1494.8547162806751       -1744.2431065664161        5276974.6375910398     
   818.55921659986871        1177.4949823080201       -1730.1719925379923        4379989.5571234506     
   826.82749151501889        947.17520568717566       -1642.5087557739910        3594975.8830627678     
   835.09576643016908        795.41549652967683       -1516.8414643086335        2933493.8399655116     
   843.36404134531927        706.19805947798034       -1375.5580674104388        2390875.6960284063     
   851.63231626046945        662.23811572918180       -1230.8915176880582        1953653.2502409485     
   859.90059117561964        648.04427953692016       -1088.5954967272041        1605001.5437352743     
   868.16886609076982        650.85909014693755       -951.04390378865355        1328102.0621604612     
   876.43714100592001        660.77964848660258       -819.29609003891414        1107875.8270071305     
   884.70541592107020        670.52543505811661       -694.29410115353267        931648.65795646841     
   892.97369083622038        675.15229525227812       -577.39520792476276        789215.84791889938     
   901.24196575137057        671.81408798095345       -470.41522061512768        672624.64859605953     
   909.51024066652076        659.50000817089438       -375.39003859214966        575857.94185162545     
   917.77851558167094        638.73243473736443       -294.16441587709090        494511.82675383158     
   926.04679049682113        611.15799752047246       -227.99962624356763        425497.92750044039     
   934.31506541197132        579.08588172566328       -177.28533666010512        366770.54900867568     
   942.58334032712150        545.04621686206963       -141.41781524843577        317074.37698529498     
   950.85161524227169        511.44521597627880       -118.90496940787502        275714.60069491016     
   959.11989015742188        480.41111661566021       -107.56981646803823        242366.10638287291     
   967.38816507257206        453.82549598031187       -104.84889711535024        216950.87202808136     
   975.65643998772225        433.50976805093916       -108.09866250997801        199616.03983202521     
   983.92471490287244        421.51297568050893       -114.74252192158484        190839.03500396269     
   992.19298981802262        420.40822696312006       -122.21863570060444        191680.47221079131     
   1000.4612647331728        433.51258239882708       -127.58228867286107        204210.39948110509     
   1008.7295396483230        464.86523277732817       -126.65238392650373        232140.51099938600     
   1016.9978145634732        518.61529667786965       -112.71502730690591        281666.50332907127     
   1025.2660894786234        597.24967391604616       -75.333967385847146        362382.37963491533     
   1033.5343643937736        698.41918197064979      -0.55309416777214615        487789.65965771000     
   1041.8026393089237        811.64789733087457        125.28358940287643        674468.28701529838     
   1050.0709142240739        918.84409500669926        307.60076896048184        938892.70399375993     
   1058.3391891392241        1002.5466487092184        535.55934727480451        1291923.5972914996     
   1066.6074640543743        1059.3427257668413        781.54747371760948        1733023.4643094987     
   1074.8757389695245        1107.8973466557450        1009.8469794315201        2247227.4525938053     
   1083.1440138846747        1182.7321153418679        1186.2650286551752        2806079.9748713132     
   1091.4122887998249        1316.4221967476790        1279.7800824874930        3370804.4596216790     
   1099.6805637149751        1519.8137094588762        1259.2306942177070        3895495.6527191577     
   1107.9488386301252        1768.9212369291554        1096.0692417297462        4330450.1251249937     
   1116.2171135452754        2005.2953904736073        778.73704295490109        4627640.9851248404     
   1124.4853884604256        2154.0770674437531        330.65154475383332        4749378.4565351754     
   1132.7536633755758        2155.0146267119821       -184.47580254896587        4678119.3630686682     
   1141.0219382907260        1990.2172465277827       -679.70679702023654        4422966.0182921374     
   1149.2902132058762        1691.2809988170682       -1076.3401622295944        4018939.5617880896     
   1157.5584881210264        1322.4325801985724       -1330.3112873691755        3518556.0504724868     
   1165.8267630361765        952.65279941221672       -1439.2999042923107        2979131.5707237879     
   1174.0950379513267        633.37458284416175       -1431.6895911665727        2450898.4476477238     
   1182.3633128664769        390.10080099113208       -1348.1556855402371        1969702.3873883896     
   1190.6315877816271        226.00347136291873       -1226.4403227013843        1555233.4342159652     
   1198.8998626967773        130.67133718391852       -1093.7703263903072        1213408.5252533925     
   1207.1681376119275        88.298553587488598       -965.84575026159621        940654.64786402823     
   1215.4364125270777        83.111984041964448       -849.29904183104065        728216.46434651548     
   1223.7046874422279        101.76180729484263       -745.06638843165490        565479.38859450235     
   1231.9729623573780        133.88614163800469       -651.25961404522275        442064.58380904439     
   1240.2412372725282        171.75596940091845       -565.14486082464271        348888.82674135396     
   1248.5095121876784        209.67754876752895       -484.31039407174723        278521.23226309055     
   1256.7777871028286        243.51616601938957       -407.23877540822292        225143.54330877191     
   1265.0460620179788        270.42224456400146       -333.47195262451140        184331.73354223699     
   1273.3143369331290        288.70088750534768       -263.51280810188450        152787.20248011604     
   1281.5826118482792        297.76618600484170       -198.54398299851175        128084.41471278330     
   1289.8508867634293        298.07514871081980       -140.04592369665770        108461.65502302742     
   1298.1191616785795        290.97296145794547       -89.393924019086938        92656.537951137303     
   1306.3874365937297        278.42908062273972       -47.529413710364757        79781.798104075104     
   1314.6557115088799        262.70787602396842       -14.745550613996530        69232.859387934688     
   1322.9239864240301        246.02909431085396        9.3519523350157119        60617.774259895479     
   1331.1922613391803        230.30525174167195        25.761399954512463        53704.158707411247     
   1339.4605362543305        217.00792748425690        35.900361457893538        48381.276543819906     
   1347.7288111694807        207.17831869724128        41.435650441365105        44639.768865714679     
   1355.9970860846308        201.55858590642643        44.149435035792955        42575.036166577986     
   1364.2653609997810        200.78282012031562        45.933474967154886        42423.624978025262     
   1372.5336359149312        205.56146281454375        48.900061283637200        44646.730987998526     
   1380.8019108300814        216.75229374765965        55.687708297734559        50082.677700325316     
   1389.0701857452316        235.17793120012718        69.932912091871600        60199.271517221190     
   1397.3384606603818        260.96006809380128        96.821931835320711        77474.643623844895     
   1405.6067355755320        292.17084135016546        143.26462605744851        105888.55361464410     
   1413.8750104906821        323.03696587780820        216.82811087182989        151367.31098778677     
   1422.1432854058323        343.15384997492538        322.56014695501801        221799.61315625638     
   1430.4115603209825        340.31001237103135        458.60379370023611        326128.34411622025     
   1438.6798352361327        307.96536382111071        614.46410900203000        472408.80656512768     
   1446.9481101512829        253.34118259329466        775.52551117841801        665621.57328631554     
   1455.2163850664331        199.27806098587160        931.00980556136687        906491.00364170293     
   1463.4846599815833        178.00146982895251        1077.0184507603080        1191653.2665394016     
   1471.7529348967334        221.51882989019657        1210.3678153301496        1514060.8403830011     
   1480.0212098118836        352.65507187584342        1318.3164150841656        1862323.7700001223     
   1488.2894847270338        576.25664296319258        1373.6873749351648        2219088.7226154725     
   1496.5577596421840        871.88466475155428        1341.6030453613687        2560081.5999518288     
   1504.8260345573342        1193.6303039996503        1196.2380585558478        2855738.7953637615     
   1513.0943094724844        1482.1183517341130        937.80394348944276        3076151.0449713944     
   1521.3625843876346        1685.4181886340020        597.81925847556158        3198022.3363825907     
   1529.6308593027848        1777.2289735158713        228.60866536909370        3210804.7461861158     
   1537.8991342179349        1762.3328557263869       -115.96237907707055        3119264.3677339368     
   1546.1674091330851        1668.5316137862478       -396.85225610787586        2941489.4593820516     
   1554.4356840482353        1532.3245081925024       -596.26223920328027        2703547.0563071044     
   1562.7039589633855        1386.5147708101592       -714.69183019590844        2433207.6218235255     
   1570.9722338785357        1253.7106841934587       -763.62300027571928        2154910.5662109219     
   1579.2405087936859        1145.4209542289661       -758.29790090200186        1887004.8688991775     
   1587.5087837088361        1064.2237854296357       -713.15401405076864        1641160.9132309072     
   1595.7770586239862        1006.9010149514967       -639.82520517745536        1423225.9470907270     
   1604.0453335391364        967.17721450476404       -547.06071859099927        1234707.1940824948     
   1612.3136084542866        937.77380015796564       -441.44943716714738        1074297.3058379032     
   1620.5818833694368        911.72978467644555       -328.45373930676033        939133.05913075106     
   1628.8501582845870        883.34560701667078       -213.06646783144413        825696.78114981845     
   1637.1184331997372        848.73478862286368       -100.23179004386205        730397.15315409389     
   1645.3867081148874        806.15102150970392        5.2518053250912899        649907.05094031175     
   1653.6549830300376        755.99700456551011        99.058437053214021        581344.04486344953     
   1661.9232579451877        700.52766141775010        177.80633293530767        522354.09644332336     
   1670.1915328603379        643.27264114302841        239.46290685829356        471142.17460415117     
   1678.4598077754881        588.28054931706197        283.54742007288667        426473.14413477422     
   1686.7280826906383        539.38140379560082        310.99003425479094        387647.10016630898     
   1694.9963576057885        499.58297701686683        323.83811263486416        354454.27411994629     
   1703.2646325209387        470.78754720090916        324.77287381042987        327118.33416253369     
   1711.5329074360889        453.80442958243293        316.72049006801802        306250.32913756283     
   1719.8011823512390        448.63749800446089        302.61402909108534        292850.85521844286     
   1728.0694572663892        454.96141299601828        285.34266442225845        288410.32345492707     
   1736.3377321815394        472.65535046647432        267.88630286721263        295166.15158844966     
   1744.6060070966896        502.25466040903780        253.62013754570393        316582.91807129967     
   1752.8742820118398        545.20590666907481        246.72733986967557        358123.86090601428     
   1761.1425569269900        603.73595810837492        252.69913257622173        428353.95871781232     
   1769.4108318421402        680.11361378793640        278.80435891491936        540286.39820964553     
   1777.6791067572904        775.26976455907175        333.92801449893676        712551.12670668063     
   1785.9473816724405        887.20017950399949        426.93953430386637        969401.52446353110     
   1794.2156565875907        1010.5711022740055        562.90508821724598        1338116.0910921642     
   1802.4839315027409        1139.4988923989420        737.82024816297155        1842836.4443776845     
   1810.7522064178911        1273.5304226622707        934.89506219190150        2495908.5147571410     
   1819.0204813330413        1423.0103758879513        1124.8164552091177        3290170.5877939737     
   1827.2887562481915        1607.6278658868218        1269.3174887726959        4195634.2424800405     
   1835.5570311633417        1845.4531735667390        1324.8601660286643        5160951.8753570486     
   1843.8253060784918        2136.2068959342555        1246.6027902603628        6117398.4189219885     
   1852.0935809936420        2447.2562025686989        997.43655702894932        6983942.6063087331     
   1860.3618559087922        2712.1636882415905        564.79039565336689        7674820.0628385143     
   1868.6301308239424        2848.0398477882704       -21.356285901415326        8111787.0655373381     
   1876.8984057390926        2787.9413825380216       -683.78227363712199        8240175.3502083672     
   1885.1666806542428        2512.2023076771325       -1316.1898109471406        8043516.0531393792     
   1893.4349555693930        2059.6966204819764       -1818.6473802100388        7549828.4619697118     
   1901.7032304845432        1512.2979697667818       -2130.4074286904715        6825680.9615802765     
   1909.9715053996933        962.95131408175939       -2243.3665505893773        5959968.7135950681     
   1918.2397803148435        485.97298428940070       -2192.6648337395268        5043948.8145771325     
   1926.5080552299937        122.22069946686744       -2034.6292474472589        4154654.0739459693     
   1934.7763301451439       -119.65017959244621       -1825.2483409863485        3345847.6717499220     
   1943.0446050602941       -252.94464500350404       -1607.0992439626643        2646748.9733813158     
   1951.3128799754443       -300.89622079222374       -1405.5495155695810        2066107.9764049265     
   1959.5811548905945       -288.01031211676747       -1231.0917415732579        1598536.8160554750     
   1967.8494298057446       -235.37608958008414       -1084.1173012836141        1230712.2264884782     
   1976.1177047208948       -159.43864782651576       -959.57306358820426        946201.14678479964     
   1984.3859796360450       -72.474198707158877       -850.50198565335040        728606.13707853656     
   1992.6542545511952        16.356423466017691       -750.33130464754879        563264.59932269237     
   2000.9225294663454        100.05838978261083       -654.15063175270188        437924.73038834782     
   2009.1908043814956        173.26701543292464       -559.26920904221834        342803.50681974186     
   2017.4590792966458        232.13348791852746       -465.23832983295972        270332.65975898295     
   2025.7273542117960        274.41808349572227       -373.47201343051285        214786.62936530638     
   2033.9956291269461        299.62302344470106       -286.58280886847399        171903.66251708817     
   2042.2639040420963        308.98178616265523       -207.55460259437356        138548.65723837313     
   2050.5321789572467        305.15871157873545       -138.97162986522792        112434.95315979177     
   2058.8004538723972        291.72979065585770       -82.454479465109657        91905.011939972755     
   2067.0687287875476        272.55586453081497       -38.396275336937464        75760.973249889881     
   2075.3370037026980        251.19874914507284       -6.0235436652825101        63137.094650336803     
   2083.6052786178484        230.52432909227562        16.292066439110247        53406.897732300175     
   2091.8735535329988        212.55431411555278        30.673832436502924        46120.220445475738     
   2100.1418284481492        198.53605675651886        39.377755604002985        40967.173468836270     
   2108.4101033632996        189.15244373874961        44.593957489818052        37767.268016944538     
   2116.6783782784501        184.78091670579335        48.371179074092346        36483.758143651248     
   2124.9466531936005        185.70625567854182        52.715265496684296        37265.712614529861     
   2133.2149281087509        192.22020853329067        59.791904227714248        40523.680379757905     
   2141.4832030239013        204.52921458934375        72.207916463679169        47046.182820559494     
   2149.7514779390517        222.39800064488585        93.244268106400071        58155.364225540863     
   2158.0197528542021        244.53062623002313        126.77976307084596        75868.335488747121     
   2166.2880277693525        267.94798837068782        176.55409430697048        102967.47268845289     
   2174.5563026845030        288.09377123436673        244.57498333306941        142814.94349641079     
   2182.8245775996534        300.56324559500280        329.28628737409900        198767.72365521968     
   2191.0928525148038        304.40620213525767        424.96423737303962        273257.73894446052     
   2199.3611274299542        305.16302334510897        523.24293236674748        366907.63708888018     
   2207.6294023451046        314.98718932563725        615.54940802917190        478118.00316432875     
   2215.8976772602550        349.21920145079923        693.72307670206283        603205.75781091000     
   2224.1659521754054        420.77838226425223        748.12713448549721        736748.65633440239     
   2232.4342270905559        534.42114855075079        765.62980044746780        871794.95535153290     
   2240.7025020057063        682.44989656620601        730.93807629566925        1000008.3327020388     
   2248.9707769208567        843.89685926342963        632.44089127398195        1112143.3900301093     
   2257.2390518360071        989.19043822538958        469.74205806644841        1199155.3241930408     
   2265.5073267511575        1089.6478952973939        257.84125435236757        1253814.6481720428     
   2273.7756016663079        1127.6880395517474        24.280091355324135        1272269.8373842861     
   2282.0438765814583        1102.3114928551724       -199.52287728960931        1254900.0058425234     
   2290.3121514966087        1027.4515588318709       -387.86876538292159        1206098.8849057131     
   2298.5804264117592        925.11591916030773       -526.57078256135856        1133116.2529311026     
   2306.8487013269096        817.56816192160807       -613.20852397225065        1044442.3932601031     
   2315.1169762420600        721.92615479562562       -653.53671928885478        948287.61643683701     
   2323.3852511572104        648.12123359378279       -656.85848387087617        851524.20126827282     
   2331.6535260723608        599.49807241226574       -632.29459908679087        759194.39886034781     
   2339.9218009875112        574.47480390336250       -586.91503299991382        674490.55628109677     
   2348.1900759026616        568.36428168762757       -525.34670684632431        599027.11909257062     
   2356.4583508178121        574.78919624837272       -450.38793926537301        533231.91595955961     
   2364.7266257329625        586.68082743796026       -364.06314360861768        476736.36581747863     
   2372.9949006481129        597.13688585323382       -268.56931425806539        428701.93700754549     
   2381.2631755632633        600.14179628383567       -167.01394022429363        388063.83187603281     
   2389.5314504784137        591.31475492544735       -63.607559365563404        353699.06100098550     
   2397.7997253935641        568.50174646946527        36.631459104706266        324536.09953497193     
   2406.0680003087145        532.06241253078281        128.59360667994522        299626.72650703334     
   2414.3362752238650        484.71009625640937        207.96944615088591        278195.16794520390     
   2422.6045501390154        430.88223499713052        272.05790624256514        259675.00478521077     
   2430.8728250541658        375.79385214383177        320.18470744444039        243739.26619038195     
   2439.1410999693162        324.45207862561193        353.63092304164257        230323.98105576439     
   2447.4093748844666        280.86106324254098        375.18512912310479        219646.81796085142     
   2455.6776497996170        247.62830588681706        388.46903292626769        212227.96741904470     
   2463.9459247147674        225.97503388645080        397.32456098396722        208931.52270108488     
   2472.2141996299179        215.99138131097973        405.47214601910906        211059.93799796674     
   2480.4824745450683        217.05872407752662        416.45705400999469        220550.96753284748     
   2488.7507494602187        228.18724126577996        433.90799608360589        240345.56614177782     
   2497.0190243753691        248.18666110246954        461.97284106105525        275015.52462721511     
   2505.2872992905195        275.58018900089974        505.77327290510760        331751.04415491608     
   2513.5555742056699        308.14376645392167        571.67999018227863        421770.59197921923     
   2521.8238491208203        342.20731571112685        667.03226688320660        562037.89198956417     
   2530.0921240359708        372.23772111430253        798.86265523843963        776742.46295497939     
   2538.3603989511212        391.70567230711498        971.55088098543035        1097344.4480611349     
   2546.6286738662716        396.61442333646647        1184.1651880666222        1559550.1934273767     
   2554.8969487814220        391.51512055731945        1429.3158384015824        2196227.8555306308     
   2563.1652236965724        395.38762995013451        1694.4037807488139        3027335.5501334593     
   2571.4334986117228        443.09160685371887        1963.0874652816046        4050042.5684099658     
   2579.7017735268732        579.49315628987119        2212.7820423522944        5232216.6851435881     
   2587.9700484420237        846.20505410161934        2407.1541944102173        6510454.3092538267     
   2596.2383233571741        1262.6602417854629        2489.6379348990913        7792607.9330743356     
   2604.5065982723245        1805.5731971651965        2388.6266671520821        8965631.9253514130     
   2612.7748731874749        2396.9322655030232        2040.8370153887736        9910300.0087904129     
   2621.0431481026253        2913.0579315497780        1426.9980655499962        10522229.991648503     
   2629.3114230177757        3221.0218195770040        599.33145027520845        10734179.749480138     
   2637.5796979329261        3229.3504428334045       -320.76237535627689        10531592.784072507     
   2645.8479728480766        2926.0802725027938       -1180.2621690454391        9954964.5488098692     
   2654.1162477632270        2381.7529950577291       -1848.0937467349679        9088197.8261873554     
   2662.3845226783774        1717.2929132951156       -2255.8496921428323        8037952.7835945357     
   2670.6527975935278        1057.3928700615743       -2406.9794986795769        6911629.9887208408     
   2678.9210725086782        494.08340314458053       -2357.1692431223901        5800365.2499851109     
   2687.1893474238286        72.913739392479272       -2182.8111811997401        4769981.0661627995     
   2695.4576223389790       -200.99134659248239       -1954.2503630597989        3859492.0029244153     
   2703.7258972541294       -347.39253987263197       -1721.6658980405825        3084815.0412350437     
   2711.9941721692799       -395.76256361130072       -1512.7104428684909        2444920.8907195744     
   2720.2624470844303       -375.09438853858126       -1336.9857556024010        1928226.7109968553     
   2728.5307219995807       -309.35448172586490       -1192.5767928212492        1517939.6021396953     
   2736.7989969147311       -216.86251558735913       -1071.8414455516049        1195873.4350690315     
   2745.0672718298815       -111.27508535327229       -965.61634020273505        944797.06108690216     
   2753.3355467450319       -3.1343851134504517       -865.80470399427588        749627.60982865503     
   2761.6038216601823        99.193000454065555       -766.81223587304657        597840.25642370107     
   2769.8720965753328        189.04732755407264       -666.08984442304620        479414.57289885473     
   2778.1403714904832        261.64949748137565       -563.99454560441632        386550.30700378848     
   2786.4086464056336        314.35865732355251       -463.11802109236373        313299.66689477378     
   2794.6769213207840        346.87052734555385       -367.26047842251222        255199.42175211519     
   2802.9451962359344        361.07295954930976       -280.29745671689392        208940.34635965648     
   2811.2134711510848        360.50376227607160       -205.24041631512387        172086.59110440771     
   2819.4817460662352        349.57921450366103       -143.67316689331824        142847.60609815194     
   2827.7500209813857        332.80323950461542       -95.618213864467634        119900.83904739747     
   2836.0182958965361        314.14717841610474       -59.789520419721853        102263.23645882029     
   2844.2865708116865        296.73655110756476       -34.017422423717754        89209.765791566053     
   2852.5548457268369        282.82520470078748       -15.693821777534451        80236.392456027359     
   2860.8231206419873        273.97149359540674       -2.0577269732829788        75064.613543194573     
   2869.0913955571377        271.27737644325015        9.6980693213535929        73685.467518494639     
   2877.3596704722881        275.56589246517194        22.518219891537058        76443.631317210326     
   2885.6279453874386        287.37731653753087        39.728323042315253        84164.061712066774     
   2893.8962203025890        306.67881941264596        65.301021373778227        98316.121668792955     
   2902.1644952177394        332.25060952583868        103.87834420655462        121181.17792538676     
   2910.4327701328898        360.94637012394429        160.14999431084044        155930.30278341362     
   2918.7010450480402        387.45583070272772        237.32641910141552        206445.84994904153     
   2926.9693199631906        405.55840439894513        335.00442015850734        276705.58090435603     
   2935.2375948783410        411.29399079435103        447.80700778546077        369693.86308531149     
   2943.5058697934915        406.80666783469258        566.23245490823456        486110.85798617179     
   2951.7741447086419        402.18301195821857        679.44015315724982        623390.09683013172     
   2960.0424196237923        413.41477386796481        777.50811245050659        775430.64017865015     
   2968.3106945389427        457.21714258870531        850.89611512367367        933071.71420954063     
   2976.5789694540931        544.62903301290487        887.94241130700811        1085062.5093982758     
   2984.8472443692435        675.34035297136256        873.63485814656963        1219322.4577202615     
   2993.1155192843939        834.22519355330462        792.78824793702904        1324444.8796261128     
   3001.3837941995444        992.47423107832697        637.45982792689165        1391360.1315750987     
   3009.6520691146948        1114.8367998975170        414.72330133469205        1414856.5070756820     
   3017.9203440298452        1171.4267628644720        149.20383450869912        1394502.4449872354     
   3026.1886189449956        1148.7333114812691       -122.60283785913607        1334619.6767578360     
   3034.4568938601460        1053.9614745583299       -363.93256885068240        1243281.7045234258     
   3042.7251687752964        910.67354658523300       -548.93844829940826        1130659.7284714887     
   3050.9934436904468        748.94683460826252       -668.05597908296193        1007220.1522582311     
   3059.2617186055973        595.65635096236406       -726.24372307409681        882236.43374632439     
   3067.5299935207477        468.77233533443956       -736.97415140318321        762878.40221134620     
   3075.7982684358981        376.43976320544067       -715.68465404664050        653911.41936002776     
   3084.0665433510485        319.08467593922342       -675.32002081684971        557872.16093530960     
   3092.3348182661989        292.42793512292616       -624.50445886200646        475519.91637878580     
   3100.6030931813493        290.00479795966527       -567.69128991157118        406376.18348108989     
   3108.8713680964997        304.70693264378315       -506.33631657117087        349222.78028004395     
   3117.1396430116502        329.53045142783964       -440.34392017909283        302493.08645692706     
   3125.4079179268006        357.94412818270644       -369.34775329423525        264541.76176397700     
   3133.6761928419510        384.16007307239272       -293.64823216291427        233808.24599539093     
   3141.9444677571014        403.50040544349486       -214.68344657114892        208901.55942473208     
   3150.2127426722518        412.78080431670344       -135.08234998794728        188635.23369061088     
   3158.4810175874022        410.65929049553444       -58.245200493410252        172033.55625081330     
   3166.7492925025526        397.71276743931918        12.302681656096810        158326.80136017324     
   3175.0175674177030        376.19360071562630        73.647610476141040        146945.59574823349     
   3183.2858423328535        349.46890654036201        124.05008088681194        137516.93920654085     
   3191.5541172480039        321.30383242216453        163.17775461076894        129863.13232898271     
   3199.8223921631543        295.17300966009890        192.03250155154777        124003.58728394602     
   3208.0906670783047        273.79514540657954        212.59929238467228        120162.24077067341     
   3216.3589419934551        258.94780965779017        227.45455586615887        118789.54311083871     
   3224.6272169086055        251.53442613454894        239.47299801685799        120616.88431001891     
   3232.8954918237559        251.80326495719692        251.72805471504643        126771.89777372572     
   3241.1637667389064        259.56066592823584        267.62525854137090        138995.01830644486     
   3249.4320416540568        274.25657828334988        291.19394762653093        160010.58586601407     
   3257.7003165692072        294.74468362731352        327.47443527792461        194113.93428716078     
   3265.9685914843576        318.63869636533929        382.73584776255336        248017.34798392333     
   3274.2368663995080        341.24413649986678        464.17258983184507        331903.75384674198     
   3282.5051413146584        354.55278065582553        578.53269969937492        460407.75889222510     
   3290.7734162298088        347.44693737448551        729.49819813611998        652886.99537475535     
   3299.0416911449593        308.75315696638518        914.73985372134246        932077.51192285225     
   3307.3099660601097        233.35066940817762        1125.1756254257921        1320472.7229655669     
   3315.5782409752601        128.96706751949046        1348.3730325458953        1834742.3394015909     
   3323.8465158904105        19.344511861902216        1574.5742085950303        2479658.1485118414     
   3332.1147908055609       -58.490439049455013        1799.9768374295732        3243337.7467431664     
   3340.3830657207113       -61.050246027690328        2022.6870654787451        4094990.0973950587     
   3348.6513406358617        53.041073568182114        2232.2178064025675        4985609.6907059550     
   3356.9196155510122        312.49726942666939        2398.7920129259369        5851857.6646763925     
   3365.1878904661626        720.09488829669033        2470.7667351183022        6623224.9075181782     
   3373.4561653813130        1239.9673799430345        2386.2705401530643        7231806.1941251913     
   3381.7244402964634        1794.5748281377723        2098.1935528253134        7622914.9989034263     
   3389.9927152116138        2279.9392807724216        1601.8644964260493        7764092.9889193475     
   3398.2609901267642        2598.1289731796023        948.69157208782326        7650289.8602257604     
   3406.5292650419146        2692.3790555297496        234.59592289407999        7303940.2256937921     
   3414.7975399570651        2565.7000781807637       -432.60590097107297        6769964.7567317709     
   3423.0658148722155        2273.4102458043167       -968.83399530891711        6107033.4561942825     
   3431.3340897873659        1896.5826277552701       -1334.2890342534424        5377352.8908320693     
   3439.6023647025163        1512.6227955623012       -1532.7862458181735        4637461.3970240820     
   3447.8706396176667        1176.3925810226226       -1596.2506314407174        3931915.5830599563     
   3456.1389145328171        915.31718557755732       -1566.1427437104310        3290608.6438904572     
   3464.4071894479675        734.45108642358718       -1479.8283451975462        2729310.3295988953     
   3472.6754643631180        624.94749334789981       -1364.4582762470261        2252305.7570608291     
   3480.9437392782684        571.61160076759245       -1236.5804638262664        1855871.0656488738     
   3489.2120141934188        557.97501689318892       -1104.6579861557573        1531605.3858546477     
   3497.4802891085692        568.81814212650374       -972.38045157020917        1269077.8214081314     
   3505.7485640237196        591.35097473272526       -841.39242684332658        1057637.1912666468     
   3514.0168389388700        615.53767366793988       -713.15265955362577        887473.34353294899     
   3522.2851138540204        634.25735776673446       -589.78060754974069        750123.56092298066     
   3530.5533887691709        643.26919561226498       -474.15703681643373        638620.15358619136     
   3538.8216636843213        641.00340426386492       -369.52687630064406        547435.47658637539     
   3547.0899385994717        628.14583150966905       -278.86053990214123        472330.38635748724     
   3555.3582135146221        606.99524076026387       -204.26167988447222        410166.05617483734     
   3563.6264884297725        580.70332190780107       -146.60801751874371        358710.25887553149     
   3571.8947633449229        552.56303614070407       -105.48544898472539        316453.08885654213     
   3580.1630382600733        525.49589535486371       -79.360345015370541        282444.00039576850     
   3588.4313131752237        501.81412862443943       -65.934560228451659        256164.78591962476     
   3596.6995880903742        483.27279603560453       -62.474691198905283        237455.68242846959     
   3604.9678630055246        471.31973825039950       -66.102088727450720        226511.78179855685     
   3613.2361379206750        467.43600311277015       -73.937825218569685        223963.21900409344     
   3621.5044128358254        473.44921183489316       -83.028097351206483        231047.82113684295     
   3629.7726877509758        491.68996651608410       -90.097926042478790        249876.65944974389     
   3638.0409626661262        524.86625777356358       -91.042608021666851        283773.34502461174     
   3646.3092375812766        575.47567582286069       -80.289241770292264        337618.61580782669     
   3654.5775124964271        644.58516732743294       -50.429104218729904        418033.13249083830     
   3662.8457874115775        730.09958370922595        7.2020991899022313        533097.27236512629     
   3671.1140623267279        825.33202636165788        100.27651054801565        691228.33230592660     
   3679.3823372418783        919.46542259428293        231.45233464004562        898986.84655681089     
   3687.6506121570287        1001.2004912268744        394.56637382241973        1158085.0469843082     
   3695.9188870721791        1064.7099937329012        573.53035695352412        1462544.4411019515     
   3704.1871619873295        1114.2128401663103        745.53021345707566        1797285.5523688286     
   3712.4554369024800        1163.4769171712660        886.20835410248412        2139043.7836713870     
   3720.7237118176304        1229.5482653534784        973.53227984940690        2459554.0367425317     
   3728.9919867327808        1323.6760865005044        988.90928004741193        2730059.9461371815     
   3737.2602616479312        1443.4747137553850        917.74631599937891        2925877.5497816224     
   3745.5285365630816        1569.6068339411459        752.53015545783455        3029967.2480281405     
   3753.7968114782320        1669.2264471521023        498.65881211088873        3034977.5427678730     
   3762.0650863933824        1706.3022257577659        179.50152080049338        2943688.0815955955     
   3770.3333613085329        1655.5735866104121       -164.64549541884284        2768032.0398437800     
   3778.6016362236833        1513.5621238197791       -485.88866686825952        2526958.0992528549     
   3786.8699111388337        1300.5819966715658       -742.93004936027864        2243458.5883086631     
   3795.1381860539841        1052.6632686247265       -912.75985327755416        1941230.5068669552     
   3803.4064609691345        808.31486156954725       -994.08521302324493        1641578.3261856665     
   3811.6747358842849        597.25139847133062       -1002.2202160029603        1361154.5943409805     
   3819.9430107994353        435.25356033134705       -959.92359174463354        1110898.9637690315     
   3828.2112857145858        325.28618704487894       -889.02161248910454        896170.53095492360     
   3836.4795606297362        261.66026421039339       -805.78066542151350        717748.57463379006     
   3844.7478355448866        234.66090316715380       -719.84072401399283        573236.40742421371     
   3853.0161104600370        233.71176484216130       -635.47642904264183        458451.48089442548     
   3861.2843853751874        249.09246043079960       -553.62066330367350        368542.89268026891     
   3869.5526602903378        272.59891149720482       -473.74682039281936        298746.21638176718     
   3877.8209352054882        297.64317527802416       -395.23799137707857        244804.52961737226     
   3886.0892101206387        319.25137655552783       -318.15075734819783        203141.34583383129     
   3894.3574850357891        334.07515750552545       -243.45257179066908        170875.36557383253     
   3902.6257599509395        340.40742918398951       -172.85087506039841        145754.64285279828     
   3910.8940348660899        338.09574507514975       -108.40053981419334        126059.40986992916     
   3919.1623097812403        328.32814011612044       -51.994589341450315        110502.80491289687     
   3927.4305846963907        313.24148925433633       -4.9471332887000203        98144.704718050663     
   3935.6988596115411        295.43623695912248        32.235161164665236        88321.675723878710     
   3943.9671345266916        277.49844228167581        59.899377631551282        80593.320909403745     
   3952.2354094418420        261.63233848452165        79.066977451015362        74703.067464118678     
   3960.5036843569924        249.46581631524634        91.210126336711340        70552.480656191066     
   3968.7719592721428        242.03741772140768        98.022984223938082        68190.617013413605     
   3977.0402341872932        239.92848786047168        101.27814738306542        67822.942424358422     
   3985.3085091024436        243.46785036262921        102.81538680796099        69847.597924670248     
   3993.5767840175940        252.94063335193354        104.64570746262743        74929.688090831070     
   4001.8450589327445        268.71716787798732        109.16392631420028        84125.679120698565     
   4010.1133338478949        291.21155380560720        119.42741030319439        99067.075401603593     
   4018.3816087630453        320.54477529541316        139.45755690988651        122197.36314846114     
   4026.6498836781957        355.84091132905286        174.33694106093961        157016.12319397638     
   4034.9181585933461        394.23081153752565        229.76755812380185        208211.06353171074     
   4043.1864335084965        430.06926843099961        310.66688123014069        281473.48674203758     
   4051.4547084236469        455.35868729303900        418.83322504006702        382772.80449070310     
   4059.7229833387973        462.29928852729546        550.72740540275288        517021.30723449169     
   4067.9912582539478        447.63062389576487        697.16415222512694        686411.03059709165     
   4076.2595331690982        416.51559011877811        845.91190832079371        889052.19345092087     
   4084.5278080842486        383.31074201187346        985.71628293010576        1118563.7153752374     
   4092.7960829993990        368.39050689510685        1108.6651045365763        1364849.8795875316     
   4101.0643579145490        392.67631681882125        1208.9271351981517        1615699.5080088056     
   4109.3326328296989        471.94629510705687        1278.9631537248638        1858480.0540511268     
   4117.6009077448489        611.93440384558619        1306.4598468710078        2081301.0460960702     
   4125.8691826599988        804.76357484536629        1275.0785423332024        2273469.7005164577     
   4134.1374575751488        1027.8515223913089        1170.0700167558516        2425542.5961931702     
   4142.4057324902988        1247.4923596775036        986.53535755788289        2529489.1991656059     
   4150.6740074054487        1427.5740934555572        735.76969122532182        2579324.8308312614     
   4158.9422823205987        1540.7515221284282        445.25699086827910        2572169.0408581430     
   4167.2105572357486        1576.8178796498137        151.45576770256474        2509293.4751537074     
   4175.4788321508986        1544.1074718028858       -110.96025789355483        2396580.0633093040     
   4183.7471070660486        1463.8860066639566       -317.87504079805200        2244006.7820689087     
   4192.0153819811985        1361.4755808863363       -458.89515976761754        2064200.5250079341     
   4200.2836568963485        1258.5468616796015       -535.30210360917874        1870488.5451719859     
   4208.5519318114984        1168.9838755788730       -555.44193744804977        1675039.0472394451     
   4216.8202067266484        1098.4030462144974       -530.15843615990093        1487557.2193647991     
   4225.0884816417984        1045.8106154041188       -470.10574035805348        1314719.2504095354     
   4233.3567565569483        1006.1388321080917       -384.63764648804835        1160261.4685716997     
   4241.6250314720983        972.61557720680128       -281.97525544981795        1025491.1057113094     
   4249.8933063872482        938.71393477865274       -169.65135013970237        909965.43195184460     
   4258.1615813023982        899.52552408028851       -54.823558498354785        812151.79103834031     
   4266.4298562175481        852.55978069065065        55.787103059347757        729970.38051904459     
   4274.6981311326981        797.97252042597211        156.29764306389868        661189.09658230841     
   4282.9664060478481        738.25170930215984        242.22491337518261        603688.49494717550     
   4291.2346809629980        677.49920064168828        310.84453391148918        555629.49113277753     
   4299.5029558781480        620.48409029901961        361.32132775257850        515553.60820308817     
   4307.7712307932979        571.72859460204938        394.42045389508803        482441.08033644175     
   4316.0395057084479        534.81939333003538        411.95963566933801        455742.52490272082     
   4324.3077806235979        512.02810947476121        416.20096031950857        435396.02426317916     
   4332.5760555387478        504.26435498236862        409.34068239760421        421842.33397152054     
   4340.8443304538978        511.28631772579445        393.24774928943975        416057.49101481208     
   4349.1126053690477        532.06916163393726        369.50339400157765        419630.35094052600     
   4357.3808802841977        565.30677305594361        339.62627157498235        434917.75200684776     
   4365.6491551993477        609.94417814152405        305.41166931927683        465308.18820512656     
   4373.9174301144976        665.65007329491891        269.29084118989323        515607.57722629124     
   4382.1857050296476        733.12981857458544        234.60290435152632        592517.85361337604     
   4390.4539799447975        814.09208652377356        205.78080267553500        705091.66409041861     
   4398.7222548599475        910.70496805324899        188.44359670943462        864894.52797765727     
   4406.9905297750975        1024.5279151337654        189.07840586751661        1085408.0924537415     
   4415.2588046902474        1155.1101060899443        214.00583025157283        1380077.8525727873     
   4423.5270796053974        1298.9046255469959        267.27165734059508        1758587.3650849704     
   4431.7953545205473        1449.4330750375195        347.60208003087399        2221683.4450545097     
   4440.0636294356973        1599.2626614419987        445.50372719636243        2756114.6312283962     
   4448.3319043508473        1742.9980641923896        542.42313981233065        3332265.1143822847     
   4456.6001792659972        1879.1812706031128        612.70151211627808        3906725.3907351033     
   4464.8684541811472        2008.8192933256478        628.12592958821483        4429897.1366584133     
   4473.1367290962971        2130.3750096926187        563.37576560483808        4855889.9351936625     
   4481.4050040114471        2233.6679032065440        401.70707619497978        5150640.8768802378     
   4489.6732789265970        2296.9183640505548        140.47984754821053        5295568.5586798452     
   4497.9415538417470        2290.2723946401647       -203.80107493360165        5286882.5197948860     
   4506.2098287568970        2186.3013267799411       -593.95606460802412        5132697.2981643816     
   4514.4781036720469        1973.4951211388441       -977.47169574951920        4850133.9091502614     
   4522.7463785871969        1665.5547312486651       -1299.6886179414435        4463263.0663913526     
   4531.0146535023468        1300.3420408991947       -1520.0438775902530        4001422.8131294949     
   4539.2829284174968        928.14054746586851       -1623.4467541385300        3497024.2393731708     
   4547.5512033326468        595.59973504375307       -1621.0251349553259        2982461.5325411218     
   4555.8194782477967        333.69378022146435       -1541.1782795264423        2486582.0282425755     
   4564.0877531629467        153.90774846371139       -1417.0389150296460        2031686.8817455652     
   4572.3560280780966        51.775896737673961       -1276.4173313024394        1631921.9471322314     
   4580.6243029932466        13.607281334075408       -1137.1735242525333        1293348.7823662315     
   4588.8925779083966        22.557905128510626       -1007.4012884127860        1015366.2149795281     
   4597.1608528235465        62.430470883674431       -888.20791272026156        792810.85991364112     
   4605.4291277386965        119.29817758125610       -777.07264046726095        618073.94373696996     
   4613.6974026538464        181.82914769086710       -670.62825424170956        482804.09433727019     
   4621.9656775689964        241.16380740939093       -566.46299801959958        379040.31012954668     
   4630.2339524841464        290.78369676930970       -463.96558212191707        299819.21970055520     
   4638.5022273992963        326.55237029945175       -364.35726844813098        239392.66961917363     
   4646.7705023144463        346.70503622196060       -270.18730545111129        193205.56216860312     
   4655.0387772295962        351.72661319036729       -184.50292191640440        157752.93862205709     
   4663.3070521447462        343.93794912701713       -110.01097856018977        130395.72825346916     
   4671.5753270598962        326.85363088610518       -48.441642357209247        109179.88873769405     
   4679.8436019750461        304.43172020039765      -0.26960969122385631        92678.744953558809     
   4688.1118768901961        280.39873462521632        35.237019879591912        79865.097949417250     
   4696.3801518053460        257.77607335220637        59.698641136921736        70012.431746477043     
   4704.6484267204960        238.67751888245874        75.201719486437099        62622.256633603225     
   4712.9167016356459        224.34015112557327        83.940977658120033        57374.591137246061     
   4721.1849765507959        215.31520354440610        87.970566231237768        54099.457400413623     
   4729.4532514659459        211.72681509922486        89.107832263274162        52768.450002721162     
   4737.7215263810958        213.51494968332415        88.981054314126425        53506.261765125964     
   4745.9898012962458        220.62658284432285        89.141603018156275        56622.314446209428     
   4754.2580762113957        233.09914956786304        91.248254272934545        62661.457437119097     
   4762.5263511265457        251.02630453518100        97.227911396127979        72467.472323042748     
   4770.7946260416957        274.35390068820294        109.41104148635610        87240.838821961457     
   4779.0629009568456        302.53565047688454        130.47181079948626        108550.71322276859     
   4787.3311758719956        334.12893086095977        163.07454585902940        138235.44994541671     
   4795.5994507871455        366.59718843500701        209.10046406585064        178116.50264100614     
   4803.8677257022955        396.70794628473726        268.54247778486075        229492.25702028640     
   4812.1360006174455        421.71607971835590        338.60275878009975        292496.28014651313     
   4820.4042755325954        441.07193464632229        413.54387037447344        365562.98425694893     
   4828.6725504477454        457.67922269412406        485.64599715783396        445322.30544132448     
   4836.9408253628953        477.74052099693870        546.69680460939674        527113.40157255135     
   4845.2091002780453        508.87756235428270        589.08548134021567        605978.07779347047     
   4853.4773751931953        557.15159266024637        606.02861011705443        677688.57348425779     
   4861.7456501083452        624.17545977136979        591.39604805269539        739344.29023314686     
   4870.0139250234952        705.33585081776846        540.24434268079358        789362.61224742804     
   4878.2821999386451        789.92253274148095        450.63123662304758        827046.11915313313     
   4886.5504748537951        863.59119289220735        326.02027187619456        852078.96611521346     
   4894.8187497689451        912.71510590732260        176.60029559238757        864236.52895473375     
   4903.0870246840950        929.01717583440745        18.110465235509093        863400.90194638493     
   4911.3552995992450        912.36992228683664       -131.82672778876969        849797.16125318280     
   4919.6235745143949        870.39136785756352       -258.24863419929432        824273.49030676135     
   4927.8918494295449        815.26772310702188       -351.84320372116412        788455.10034488025     
   4936.1601243446949        759.56827895871868       -409.55920742764698        744682.71478907228     
   4944.4283992598448        712.93411577767699       -432.98528232082919        695751.30814614624     
   4952.6966741749948        680.47429150192750       -426.02753499313741        644544.72196737910     
   4960.9649490901447        662.74201223581963       -393.01084065129805        593684.49565182324     
   4969.2332240052947        656.62157482337261       -337.83111517103725        545281.75490123255     
   4977.5014989204446        656.60115371283825       -264.01149326281927        500827.14363189391     
   4985.7697738355946        656.11970368151447       -175.24406685179545        461203.54852587491     
   4994.0380487507446        648.84917175046144       -75.991969166466362        426780.02705905697     
   5002.3063236658945        629.87311848586717        28.320831226581181        397542.21487247577     
   5010.5745985810445        596.58140937358428        131.59421690448266        373226.41593287617     
   5018.8428734961944        549.12359638134342        227.81480782399404        353436.31076666393     
   5027.1111484113444        490.28778234658256        312.02243840443219        337740.11158617761     
   5035.3794233264944        424.84103180731984        381.13095840276299        325750.70976011676     
   5043.6476982416443        358.51382171042758        434.35080037112664        317192.77814045455     
   5051.9159731567943        296.94276207719759        473.06524195849568        311965.72709928523     
   5060.1842480719442        244.85700602640057        500.25239146965288        310207.40857131960     
   5068.4525229870942        205.66497091806767        519.67913061119077        312364.47905553266     
   5076.7207979022442        181.41028182026383        535.13363158241282        319277.69400068908     
   5084.9890728173941        173.04374753713543        549.86515728567724        332295.82975849847     
   5093.2573477325441        180.73906457067366        566.36864056042691        353440.04647214821     
   5101.5256226476940        204.23016741838018        586.46374340959756        385649.68361773790     
   5109.7938975628440        242.98876106936575        611.63816878183184        433144.78751681792     
   5118.0621724779940        296.38218992967080        643.49866441242568        501932.93360808311     
   5126.3304473931439        363.64933705996333        684.25994204393510        600452.50863012020     
   5134.5987223082939        443.81886632812837        737.07314371651785        740252.00529693568     
   5142.8669972234438        535.46006229547970        806.04218585965077        936421.48369888274     
   5151.1352721385938        636.36070216868370        895.68632135536075        1207208.9295277186     
   5159.4035470537438        743.35032872696240        1009.6508541952761        1571964.5585957337     
   5167.6718219688937        852.78941532481861        1148.6135765483318        2046562.9351211966     
   5175.9400968840437        962.11473656921498        1307.8946568416782        2636253.1997186611     
   5184.2083717991936        1072.5453828355789        1475.6038468437250        3327760.3110619183     
   5192.4766467143436        1191.6339246828195        1632.3725352002270        4084631.5041309963     
   5200.7449216294935        1333.3645889971529        1752.7853131117961        4850117.4810519628     
   5209.0131965446435        1513.7777780198762        1807.4869680098157        5558532.3007521098     
   5217.2814714597935        1742.0720042511823        1765.1340513255714        6150513.0871447567     
   5225.5497463749434        2009.7172737180531        1595.5272945077679        6584670.8678000011     
   5233.8180212900934        2282.8277091708928        1276.5547447901206        6840894.3662045971     
   5242.0862962052433        2503.1622486856686        806.57177920347124        6916379.2782525467     
   5250.3545711203933        2602.3234212729067        217.12648442745373        6819231.0991453510     
   5258.6228460355433        2526.7849007658297       -423.50114492492372        6563995.1544909049     
   5266.8911209506932        2262.9656136930507       -1024.4293429467064        6170468.8474473860     
   5275.1593958658432        1847.3140932836820       -1500.6186828747539        5664425.7906372733     
   5283.4276707809931        1353.8653333520267       -1801.3757467529445        5077905.9218421225     
   5291.6959456961431        866.37251613824617       -1922.7220509701135        4447461.4220064357     
   5299.9642206112931        451.07793827789766       -1899.1665426507511        3810304.8631250462     
   5308.2324955264430        143.07128020190382       -1783.0192631976449        3199627.0841524843     
   5316.5007704415930       -52.186757569100642       -1624.2020022850993        2640755.6018925020     
   5324.7690453567429       -148.57639083489863       -1458.4992095709813        2149294.8882327019     
   5333.0373202718929       -168.12438121976794       -1305.0546679281581        1731433.4938416048     
   5341.3055951870429       -133.41356910000439       -1169.6225989639647        1385816.2044272211     
   5349.5738701021928       -64.031402261419871       -1049.7511763710968        1106077.5527680654     
   5357.8421450173428        24.147054021170241       -939.51183080061935        883265.56043223292     
   5366.1104199324927        118.42052578231984       -832.88371306948954        707718.70042298094     
   5374.3786948476427        208.70493695652090       -725.75632208482864        570279.98975612281     
   5382.6469697627927        287.31518736636394       -616.75187792036002        462932.89580965950     
   5390.9152446779426        349.02095726936875       -507.15756585102577        379024.42521316407     
   5399.1835195930926        391.27121866006826       -400.18186046731120        313238.68799881346     
   5407.4517945082425        414.13307190870154       -299.89804820119292        261445.04056342278     
   5415.7200694233925        419.93417788492479       -210.13578088240271        220501.76016294485     
   5423.9883443385424        412.55561568460286       -133.63479953752503        188060.39568033622     
   5432.2566192536924        396.55984329812367       -71.642196191516675        162392.31359177615     
   5440.5248941688424        376.39695026215179       -23.891170915228013        142245.45221434938     
   5448.7931690839923        355.82402107547830        11.054088989260972        126732.92685770494     
   5457.0614439991423        337.64159007809639        35.369076862378868        115252.81494856214     
   5465.3297189142922        323.70173333318587        51.525915096698327        107437.73208946113     
   5473.5979938294422        315.09606767241985        62.026808734216871        103132.85686437330     
   5481.8662687445922        312.41553815061872        69.262440763600907        102400.75417847202     
   5490.1345436597421        315.98306454766504        75.533700392146130        105550.63697586434     
   5498.4028185748921        325.99288574698386        83.164184550526642        113187.64314960013     
   5506.6710934900420        342.51371908086310        94.634678077406122        126271.37005341869     
   5514.9393684051920        365.31827616355844        112.70223463147448        146159.23659004190     
   5523.2076433203420        393.56044590894248        140.34502809461353        174586.55149492351     
   5531.4759182354919        425.40535031531999        180.37654602254244        213505.41043192250     
   5539.7441931506419        457.83396748985302        234.68613315726222        264689.52288380801     
   5548.0124680657918        487.03964608371496        303.06446928117975        329055.68939803343     
   5556.2807429809418        509.66372354053414        382.15951320271608        405803.00462453894     
   5564.5490178960918        524.70467154065045        465.18399359047743        491711.14022936719     
   5572.8172928112417        535.11785763748946        542.90395600271904        581095.82700593874     
   5581.0855677263917        547.91360566317633        605.42462753289612        666748.29889416869     
   5589.3538426415416        571.98867908086163        643.78198530432758        741626.29359905026     
   5597.6221175566916        614.43548995016522        650.36287813300112        800502.84456374054     
   5605.8903924718416        676.75697474807703        618.68540365432318        840771.63156508212     
   5614.1586673869915        752.52556070870844        543.96107489301562        862188.37051872094     
   5622.4269423021415        827.70165483967048        425.30716755221448        865976.21619561652     
   5630.6952172172914        884.13994713892566        268.75550348281246        853932.96677912225     
   5638.9634921324414        905.57121727758704        88.776905219802273        827940.56846201653     
   5647.2317670475913        883.79365988188260       -93.905802240273346        789909.53294180217     
   5655.5000419627413        821.86601035486910       -257.85686374550266        741953.90115729650     
   5663.7683168778913        732.61422525444584       -387.07363759339336        686549.60396495357     
   5672.0365917930412        633.50324109292683       -474.54581084795728        626520.08306858828     
   5680.3048667081912        540.87070107298462       -521.81134699452195        564828.19713141932     
   5688.5731416233411        466.07689879309481       -535.75542817124494        504261.55440354277     
   5696.8414165384911        414.45551832845655       -524.74972879829056        447135.65454678907     
   5705.1096914536411        386.19707136907675       -495.94433796200616        395108.96429062437     
   5713.3779663687910        378.03404689563155       -454.12842269232715        349142.36490930954     
   5721.6462412839410        384.74203229747417       -401.93553654042591        309578.60695043072     
   5729.9145161990909        400.28203324327865       -340.68187986224609        276289.84940384713     
   5738.1827911142409        418.55653425429790       -271.38883936936770        248841.47450122173     
   5746.4510660293909        434.04095649682938       -195.56469989525021        226637.10376180182     
   5754.7193409445408        442.33797935373201       -115.60997312587263        209028.55386490765     
   5762.9876158596908        440.66119083111249       -34.766421451223309        195390.98916521823     
   5771.2558907748407        428.12618032489149        43.316823489324555        185168.37347678680     
   5779.5241656899907        405.74397115838724        115.20475454684495        177900.30560157695     
   5787.7924406051407        376.08732386821254        178.32333760796442        173240.88790999784     
   5796.0607155202906        342.70948654751754        231.35612456367897        170975.44854278764     
   5804.3289904354406        309.45725023714647        274.36815420511829        171041.67376625945     
   5812.5972653505905        279.88555110495258        308.58304045190289        173559.41457186377     
   5820.8655402657405        256.85858027855511        336.00148527291583        178873.32836832042     
   5829.1338151808905        242.40844340829037        358.95996924526867        187614.11295619456     
   5837.4020900960404        237.75110950984501        379.81942807968903        200788.38801994437     
   5845.6703650111904        243.43998458546145        400.81082094633013        219912.34028264083     
   5853.9386399263403        259.52273385020254        424.09691016210684        247210.23859412916     
   5862.2069148414903        285.63951273378802        452.00953014713048        285902.54657862551     
   5870.4751897566402        321.02530555211348        487.38619683041082        340602.55166563980     
   5878.7434646717902        364.34518606288481        533.91352615941037        417811.06802317355     
   5887.0117395869402        413.33161270434692        596.30277187948354        526420.01781193167     
   5895.2800145020901        464.14730348010823        680.10392336560540        677974.06590514490     
   5903.5482894172401        510.74301279284794        790.77681494379863        886186.39616937400     
   5911.8165643323900        544.72845185978520        931.79103383070026        1164963.6169928436     
   5920.0848392475400        556.70776696734492        1101.9902737034374        1524306.1011387447     
   5928.3531141626900        540.02892101708187        1293.3705659034449        1964438.6562802712     
   5936.6213890778399        496.44853036098687        1491.3167611823133        2470486.8254808886     
   5944.8896639929899        440.94283146708204        1678.4401947960446        3011592.0681291916     
   5953.1579389081398        401.75244607280814        1840.0231950542013        3547090.3862629561     
   5961.4262138232898        414.18385918848514        1966.2417738866000        4037654.9825889901     
   5969.6944887384398        510.48585352088412        2048.0292328292740        4455019.5451682098     
   5977.9627636535897        709.19447230482069        2069.2682891715863        4784828.0521188164     
   5986.2310385687397        1006.0671484917193        2002.5791667945618        5022494.4265538603     
   5994.4993134838896        1367.7310386097436        1815.4329438983621        5166484.9677679613     
   6002.7675883990396        1732.9851154372143        1486.7914411375020        5213786.1997666657     
   6011.0358633141896        2026.5300963074383        1026.0986460439810        5159702.6626531258     
   6019.3041382293395        2183.9782271718759        481.16907371188614        5001284.5742575647     
   6027.5724131444895        2176.3717968054139       -73.257244163625401        4741960.8217524746     
   6035.8406880596394        2019.7696912484776       -561.43785927792419        4394682.0755165480     
   6044.1089629747894        1764.6185749500482       -931.65254171987260        3981855.1735518379     
   6052.3772378899394        1473.1045837825639       -1167.0420765062884        3532024.3230973100     
   6060.6455128050893        1198.0969005950067       -1280.3602397793400        3074758.5268231705     
   6068.9137877202393        972.39937541822655       -1300.0785435016719        2635764.7645871858     
   6077.1820626353892        808.49555678347861       -1257.0135501976554        2233748.1307191406     
   6085.4503375505392        704.16754557208867       -1176.2847253052241        1879497.6872234060     
   6093.7186124656891        649.08572596646832       -1074.9205242725675        1576766.4131558286     
   6101.9868873808391        629.97916321405205       -962.92889573417517        1324105.8043237152     
   6110.2551622959891        633.73724206155680       -845.72487136387724        1116873.4500192350     
   6118.5234372111390        648.98081267790201       -726.46408201043710        948926.15767533716     
   6126.7917121262890        666.74123239424318       -607.67850309196024        813817.03409467975     
   6135.0599870414389        680.69927572453992       -492.10225806556144        705516.13636513765     
   6143.3282619565889        687.18134710475863       -382.81425403976903        618764.95690473553     
   6151.5965368717389        684.92093363237859       -282.97809219566506        549193.28599054751     
   6159.8648117868888        674.62383449925164       -195.41216020084963        493303.23042883619     
   6168.1330867020388        658.38107409954910       -122.16744085115191        448390.52233659569     
   6176.4013616171887        638.99031453679572       -64.325677228130090        412446.41482269071     
   6184.6696365323387        619.33749590543800       -21.981901891063096        384062.13784516673     
   6192.9379114474887        601.92574784758995        5.6025675372723258        362345.99468489015     
   6201.2061863626386        588.61396876840445        19.788491468456442        346857.98862388934     
   6209.4744612777886        580.57588491593674        22.307831654108934        337565.99749903107     
   6217.7427361929385        578.44547948140575        15.147504754877451        334828.61963277246     
   6226.0110111080885        582.58938349126799       0.46333225553284424        339410.60443351470     
   6234.2792860232385        593.43031717588394       -19.375179922780372        352534.93894051033     
   6242.5475609383884        611.74411108500362       -41.690487986327476        375968.95423571934     
   6250.8158358535384        638.83754027451346       -63.342543132920511        412125.68063453655     
   6259.0841107686883        676.50004839963617       -80.482271737298262        464129.71154870640     
   6267.3523856838383        726.60724640482670       -88.223108134640015        535741.40733694099     
   6275.6206605989883        790.24193342106389       -80.470330541858289        630957.78743457713     
   6283.8889355141382        866.33383833165249       -50.203388809101192        753054.69968637160     
   6292.1572104292882        950.17402988169692        9.1850211134985784        902915.05167447927     
   6300.4254853444381        1032.7890390966991        101.05852926559967        1076866.0256156090     
   6308.6937602595881        1102.5891939436458        221.91366564800259        1264948.6056026320     
   6316.9620351747380        1149.8696617364935        359.03873228154589        1451109.0502603375     
   6325.2303100898880        1172.3266377380248        491.91302584101902        1616328.1705422092     
   6333.4985850050380        1177.5608586680951        597.66136693707097        1743848.6853962296     
   6341.7668599201879        1179.7381211286081        657.26010351863579        1823772.8781213863     
   6350.0351348353379        1191.8697722266079        658.71613319106916        1854460.4980737006     
   6358.3034097504878        1218.2433214156099        596.95548227512302        1840472.6379920617     
   6366.5716846656378        1251.0466533548374        473.17519482721156        1789012.4938701084     
   6374.8399595807878        1272.6147791335131        295.89632349996327        1707103.0103298353     
   6383.1082344959377        1262.4095463695974        82.706656371733260        1600518.2537732846     
   6391.3765094110877        1205.9892493301870       -140.58577676583729        1474174.4301288419     
   6399.6447843262376        1101.7472687600423       -345.30135136715438        1333080.0674761957     
   6407.9130592413876        961.86872618626262       -507.75967738492096        1183011.3363932224     
   6416.1813341565376        807.20016221283527       -615.56802911277589        1030496.1003422148     
   6424.4496090716875        659.40507630499997       -668.84127220728703        882163.70206466503     
   6432.7178839868375        534.58461845712782       -676.79288317050452        743829.32100119721     
   6440.9861589019874        440.70474612460879       -652.31538783492556        619736.03846298519     
   6449.2544338171374        378.45522943386192       -607.44444306650382        512217.11209821212     
   6457.5227087322874        343.68999264244155       -551.07437209427690        421805.77462166309     
   6465.7909836474373        329.97123012268776       -488.63916471477665        347649.24600183440     
   6474.0592585625873        330.34960924478042       -422.96650797550257        288031.53119716997     
   6482.3275334777372        338.41184407932985       -355.42598128445883        240850.20438519312     
   6490.5958083928872        348.78760787865872       -286.90691957698118        203968.37591086933     
   6498.8640833080372        357.37152963518571       -218.43791314946063        175429.53209488373     
   6507.1323582231871        361.43878414281124       -151.39934264784756        153559.75563683404     
   6515.4006331383371        359.64781965946611       -87.447471247605364        136993.61441340862     
   6523.6689080534870        351.93458101002636       -28.275033267013281        124657.42681695352     
   6531.9371829686370        339.30001512729604        24.693137030720653        115734.25128180126     
   6540.2054578837869        323.49584988420054        70.540177878585212        109625.48158744365     
   6548.4737327989369        306.66834544811098        108.95771438615587        105917.25762413706     
   6556.7420077140869        291.02553031845906        140.21415726432147        104355.86919448421     
   6565.0102826292368        278.57705180459942        165.01067001687784        104833.69501156142     
   6573.2785575443868        270.97590837595152        184.27841886446208        107386.47857935821     
   6581.5468324595367        269.45630163214969        198.98774084761769        112202.81949691469     
   6589.8151073746867        274.84021764255692        210.02507924559166        119647.67914592511     
   6598.0833822898367        287.58982058366661        218.16289206168028        130302.95237606190     
   6606.3516572049866        307.87414022772793        224.14926216933080        145029.37795201808     
   6614.6199321201366        335.64367716978944        228.90505115035270        165054.20046620342     
   6622.8882070352865        370.70632473375940        233.79867222508781        192084.99833182554     
   6631.1564819504365        412.75183029480411        240.98301799487967        228436.88837363126     
   6639.4247568655865        461.24814051934578        253.72529862797816        277126.37429641088     
   6647.6930317807364        515.08113992574056        276.60979087358771        341821.55711433024     
   6655.9613066958864        571.83127488341643        315.37088056901001        426449.79924566613     
   6664.2295816110363        626.78080038843427        375.97271201783474        534209.65191761195     
   6672.4978565261863        672.27062706133347        462.52122642925877        665873.68090706412     
   6680.7661314413363        698.64213268045057        574.19187078975153        817797.13403732306     
   6689.0344063564862        697.88058577765707        702.72712194789938        980862.71992654365     
   6697.3026812716362        669.19093164754497        833.10137415197630        1141874.4026132203     
   6705.5709561867861        622.94481606343413        948.46993481956360        1287655.4611169330     
   6713.8392311019361        579.09760292703618        1036.5401487756376        1409769.5137396601     
   6722.1075060170861        560.25111045616063        1092.2065469251124        1506796.4479134390     
   6730.3757809322360        583.76539113880665        1114.5044578974614        1582902.2185647583     
   6738.6440558473860        656.60496017117941        1101.3651207561581        1644135.2029396228     
   6746.9123307625359        773.47370604650189        1047.1871457487796        1694862.4921667862     
   6755.1806056776859        917.62298826943743        945.41556746817321        1735842.5438117001     
   6763.4488805928358        1064.3886178820403        794.50308603448389        1764158.2835951585     
   6771.7171555079858        1187.8451075690966        602.98128187298562        1774562.4258650276     
   6779.9854304231358        1268.6666247318046        389.94707749509473        1761573.7279553548     
   6788.2537053382857        1299.6563640368361        180.24515654162724        1721594.9810381648     
   6796.5219802534357        1286.2190185589648       -2.9065146448374106        1654367.8115301672     
   6804.7902551685856        1242.0539118986001       -143.62970653605532        1563327.4126622486     
   6813.0585300837356        1182.9968129353201       -235.30963529505092        1454852.0838778147     
   6821.3268049988856        1122.0278232417475       -279.05282256039010        1336816.9139075344     
   6829.5950799140355        1066.8996456494567       -280.65414033594004        1217041.6003746418     
   6837.8633548291855        1020.1307397474227       -247.88273751608679        1102112.5777360930     
   6846.1316297443354        980.38318351363000       -188.77989240513531        996789.03429281432     
   6854.3999046594854        944.26696537468763       -110.92356553305721        903944.13928848796     
   6862.6681795746354        907.96665452413254       -21.273556148031599        824856.00991892884     
   6870.9364544897853        868.44654965084146        73.791991057096652        759644.66754462209     
   6879.2047294049353        824.17836300346471        168.63267175389609        707706.95202592807     
   6887.4730043200852        775.40171443454221        258.50320425700585        668071.72535916662     
   6895.7412792352352        724.00168851582202        339.81460772149956        639652.41259467800     
   6904.0095541503852        673.13367983255739        410.24257592490346        621407.92202642001     
   6912.2778290655351        626.68490834006559        468.72279338957742        612435.03138412489     
   6920.5461039806851        588.76608002788703        515.14251103370634        612017.30366551655     
   6928.8143788958350        563.24732724279829        549.91355659067301        619652.47136835917     
   6937.0826538109850        553.41127653365811        573.42114437468456        635075.84981058585     
   6945.3509287261350        561.66187154109593        585.51663219463751        658293.78451959696     
   6953.6192036412849        589.29020214869331        585.12893792340583        689638.81634382065     
   6961.8874785564349        636.16668845795743        570.21786789871771        729856.47237452341     
   6970.1557534715848        700.52174593264158        538.05217780029795        780230.86256015999     
   6978.4240283867348        778.84712518761489        485.95259654736839        842752.77050414169     
   6986.6923033018847        866.20388302828701        412.31740377753863        920314.80843113223     
   6994.9605782170347        957.05462870360429        317.71015208909012        1016893.3030634667     
   7003.2288531321847        1046.5641666905481        205.73380116642809        1137622.9519430685     
   7011.4971280473346        1132.0977684792003        83.207606895182380        1288568.8632408082     
   7019.7654029624846        1214.1936005877305       -40.145057260675472        1475877.7253306604     
   7028.0336778776345        1296.3873678793493       -152.56774885565454        1703897.1255880296     
   7036.3019527927845        1383.3984483711349       -241.28986392208597        1972012.0653872024     
   7044.5702277079345        1477.8850408158889       -294.14840664524269        2270667.4789993167     
   7052.8385026230844        1577.0137671407535       -302.46250070984524        2578455.9860871239     
   7061.1067775382344        1671.2128330244777       -265.37154667200275        2863374.3910487918     
   7069.3750524533843        1747.1991271064448       -193.95166449683967        3090322.0379226175     
   7077.6433273685343        1794.5137484944235       -111.29146623748352        3232665.3839927958     
   7085.9116022836843        1810.8289986271848       -46.630997611438211        3281276.1122073708     
   7094.1798771988342        1801.2546305018489       -26.139542628978283        3245201.5195932044     
   7102.4481521139842        1772.0042487944870       -65.753378544932843        3144322.5645357873     
   7110.7164270291341        1723.7581409622510       -168.26366176435661        2999654.7884039856     
   7118.9847019442841        1649.8458025773703       -323.70321224282077        2826774.9418984875     
   7127.2529768594341        1540.4110249664179       -511.17116272521156        2634162.0834399350     
   7135.5212517745840        1389.7980305297717       -702.58520020981882        2425164.5292183035     
   7143.7895266897340        1202.5902046021617       -868.98803332825014        2201363.4022727692     
   7152.0578016048839        994.58946335267535       -988.08019494456425        1965510.6722538508     
   7160.3260765200339        788.16966584554518       -1049.6684529775346        1723015.2833353290     
   7168.5943514351839        604.93809157397050       -1056.3164127711359        1481754.4585268381     
   7176.8626263503338        459.74666565414145       -1019.4541157625290        1250653.6907252609     
   7185.1309012654838        358.40125739324327       -953.62366764424837        1037849.5607923258     
   7193.3991761806337        298.81338720496086       -871.74276741680069        849224.89291640406     
   7201.6674510957837        273.85311821908914       -782.78777718754009        687752.23447252833     
   7209.9357260109336        274.23792192848248       -691.69377084576206        553646.71045048209     
   7218.2040009260836        290.54711003686077       -600.52106607997530        445043.17395660176     
   7226.4722758412336        314.39695850609758       -509.89997852681159        358843.43561952777     
   7234.7405507563835        338.96917601466424       -420.20370705285990        291471.25770902610     
   7243.0088256715335        359.23492747264947       -332.20715567517959        239411.32739807275     
   7251.2771005866834        371.99559694318441       -247.26623241953931        199521.31384006975     
   7259.5453755018334        375.79612498145411       -167.15630706894959        169163.95854400564     
   7267.8136504169834        370.72887742275611       -93.708577351322234        146221.19802434568     
   7276.0819253321333        358.10206506012446       -28.445523903909152        129046.23683049348     
   7284.3502002472833        340.03496239770135        27.693338489744011        116390.69664951372     
   7292.6184751624332        319.03525742762554        74.465241955978371        107328.56774147369     
   7300.8867500775832        297.63466833242279        112.25882041949144        101188.43855532694     
   7309.1550249927332        278.12026878987240        141.94063981342248        97498.029142394604     
   7317.4232999078831        262.38799697526429        164.60289527539064        95941.574089732516     
   7325.6915748230331        251.89258575113212        181.32677791415219        96329.275145119711     
   7333.9598497381830        247.65634646381400        192.98797255541263        98578.023494853376     
   7342.2281246533330        250.30778093327251        200.12319460843435        102703.27821602442     
   7350.4963995684830        260.09234052816868        202.91612869959411        108822.98088785110     
   7358.7646744836329        276.88018447205872        201.27569697373582        117174.54274554440     
   7367.0329493987829        300.17569313349713        195.03607785580220        128144.51841354999     
   7375.3012243139328        329.16750762880338        184.27084512361384        142306.99244112920     
   7383.5694992290828        362.86654777625949        169.65745441369569        160455.78333319566     
   7391.8377741442328        400.29592951325657        152.84311179828063        183597.84800906377     
   7400.1060490593827        440.64172955778531        136.69512797286757        212850.69183919506     
   7408.3743239745327        483.16810514294735        125.34157613380663        249161.92853513308     
   7416.6425988896826        526.74112991239929        123.80115380268751        292782.94362426782     
   7424.9108738048326        569.01586572544011        136.98988833128303        342545.28495228948     
   7433.1791487199825        605.85284449261258        167.92761171409546        395257.35195578978     
   7441.4474236351325        631.95806120563748        215.50849282871499        445814.90160409251     
   7449.7156985502825        643.30596701033494        273.22243981472548        488493.06880941341     
   7457.9839734654324        640.23395559729238        330.40436143421675        519066.55995450827     
   7466.2522483805824        628.64783189155287        375.88022689202779        536484.04151035240     
   7474.5205232957323        617.79331069173475        401.59832264607047        542949.78748759162     
   7482.7887982108823        616.00099262105061        403.78018986962627        542495.66464127111     
   7491.0570731260323        627.20178295430662        381.79053626248532        539146.09012065735     
   7499.3253480411822        649.81064567647252        336.77550231586747        535671.61419457896     
   7507.5936229563322        677.87251172747426        271.45436177169341        533198.61268059211     
   7515.8618978714821        703.57899121125229        190.81439214624100        531433.52912398288     
   7524.1301727866321        720.19794012507532        102.43606084825883        529178.21952250972     
   7532.3984477017821        724.34417864873251        15.592906208424443        524917.62786633172     
   7540.6667226169320        716.71609557867100       -60.560289359977062        517349.51030889881     
   7548.9349975320820        701.16767812168996       -118.86270497875303        505764.45547742787     
   7557.2032724472319        682.76367721136819       -155.08064680969616        490216.24593410309     
   7565.4715473623819        665.82198569553100       -167.79883188757483        471475.36461837450     
   7573.7398222775319        652.67153920395549       -157.61071845625446        450821.27665915713     
   7582.0080971926818        643.27358735111659       -126.36242328875548        429768.37020298123     
   7590.2763721078318        635.57387681736770       -76.572597580727773        409817.51559291856     
   7598.5446470229817        626.22900349950135       -11.297383140832517        392290.39568980923     
   7606.8129219381317        611.48909013900300        65.894289608840495        378260.96476207947     
   7615.0811968532817        588.03749217930783        150.92550310760859        368566.59969681432     
   7623.3494717684316        553.66113270894209        239.43093786674882        363867.82388029969     
   7631.6177466835816        507.67354486028785        327.10149269541495        364727.81467457931     
   7639.8860215987315        451.03738237709160        410.19002043761662        371690.57316819113     
   7648.1542965138815        386.22511561662179        485.97805748779706        385344.51229268545     
   7656.4225714290314        316.86427288000368        553.13838004381887        406365.03490527358     
   7664.6908463441814        247.32471551337966        611.85076615457285        435530.87494771200     
   7672.9591212593314        182.34864957019963        663.67350469498535        473713.55083420023     
   7681.2273961744813        126.85165586628798        711.16052961523064        521840.64147863450     
   7689.4956710896313        85.858560484529676        757.27744897995615        580840.82714206574     
   7697.7639460047812        64.579169232162883        804.62673580253056        651594.65306695155     
   7706.0322209199312        68.444870324491092        854.54494806831724        734931.76854281942     
   7714.3004958350812        102.87190154430368        906.17183539966959        831730.02339894685     
   7722.5687707502311        172.54258158687676        955.71947424311031        943170.65590819111     
   7730.8370456653811        280.16687423567834        996.33216427789000        1071171.2589936547     
   7739.1053205805310        424.92344740261581        1019.0082819898198        1218937.8149163676     
   7747.3735954956810        601.29168855995511        1014.8445121423359        1391461.0785566978     
   7755.6418704108310        799.10650166334324        978.29774717467399        1595637.6831276692     
   7763.9101453259809        1005.3665664462472        910.36909435120947        1839533.8208777579     
   7772.1784202411309        1207.1734568351951        820.31067155737617        2130177.3527583480     
   7780.4466951562808        1394.3721242445592        724.62937290278740        2469361.3489437713     
   7788.7149700714308        1560.0754379439618        643.35699222009043        2847743.5915145259     
   7796.9832449865808        1699.0342883982667        593.96531995057262        3239512.3144569905     
   7805.2515199017307        1805.7486288204766        584.47137524950313        3602334.8989730766     
   7813.5197948168807        1875.4053022656453        608.19943329039768        3887051.5984208575     
   7821.7880697320306        1908.1970862744411        643.61804776089798        4055460.3114698161     
   7830.0563446471806        1912.9225352823164        660.84788719515655        4095992.5560012273     
   7838.3246195623306        1904.4794506191788        631.75554715344867        4026157.0491898824     
   7846.5928944774805        1895.3019017280396        537.19561420470302        3880748.4266146920     
   7854.8611693926305        1886.4752435932835        369.49002600134094        3695311.7240048097     
   7863.1294443077804        1864.7133161321947        132.72573528403717        3494771.8721674145     
   7871.3977192229304        1807.2085592865697       -156.13864623487916        3290382.0536066992     
   7879.6659941380804        1692.3970352407432       -467.37786523626272        3082649.7938044635     
   7887.9342690532303        1511.5259153193745       -762.85274353183047        2866654.9009961137     
   7896.2025439683803        1275.0392501456026       -1005.7276932819798        2637213.2824461525     
   7904.4708188835302        1009.9655224697842       -1171.5299684488177        2392512.8235513521     
   7912.7390937986802        750.17434179477323       -1254.1428236814165        2135635.7652788181     
   7921.0073687138301        525.11927881283634       -1264.2265599519010        1874019.0518687307     
   7929.2756436289801        352.76823033567848       -1221.8982209743344        1617480.6867544097     
   7937.5439185441301        238.44220710478149       -1148.4487444619115        1375789.2047851405     
   7945.8121934592800        177.86569107579498       -1060.6845575254854        1156687.9346349048     
   7954.0804683744300        161.44552211960320       -968.92164554778969        964873.81182350789     
   7962.3487432895799        177.84235217586200       -877.67622565064596        801943.45929980685     
   7970.6170182047299        216.03250338749572       -787.60619923582829        666993.56759457558     
   7978.8852931198799        266.31976011475189       -697.53698662382669        557484.06233582762     
   7987.1535680350298        320.57506655317957       -606.04732503816240        470061.73348148755     
   7995.4218429501798        372.29994418251135       -512.42671207480078        401188.38368609187     
   8003.6901178653297        416.64597630473605       -417.06829007868504        347539.82816008484     
   8011.9583927804797        450.43959461126354       -321.42153918218202        306207.63424380240     
   8020.2266676956297        472.14067216353322       -227.69813804622947        274763.25638075272     
   8028.4949426107796        481.74746049179913       -138.42009004567561        251240.73701855051     
   8036.7632175259296        480.56392945957606       -55.991712099286481        234076.76212143779     
   8045.0314924410795        470.87671067177234        17.620125286240000        222035.34546817080     
   8053.2997673562295        455.58793048224743        81.076106859554073        214133.69750459894     
   8061.5680422713795        437.84149934376217        133.68862678908789        209577.82748034570     
   8069.8363171865294        420.69711752314134        175.29400577787831        207714.05315393463     
   8078.1045921016794        406.85295345241013        206.08701044277413        208001.18160618911     
   8086.3728670168293        398.43705935850937        226.39674954533760        210007.57847495066     
   8094.6411419319793        396.84496454707460        236.53321891951850        213433.88953879778     
   8102.9094168471293        402.62644104918098        236.74715233872092        218157.26517242315     
   8111.1776917622792        415.44921121043234        227.34908772107778        224285.65478297672     
   8119.4459666774292        434.20889490467135        208.96577771066961        232204.06066856091     
   8127.7142415925791        457.31686001005420        182.89850628752015        242590.57405166156     
   8135.9825165077291        483.14437092232856        151.48789753557489        256377.06625368143     
   8144.2507914228790        510.52212267573520        118.28611486954968        274624.44271227071     
   8152.5190663380290        539.00069889317729        88.022704103840496        298269.74984508584     
   8160.7873412531790        568.59697285085258        66.303929148108182        327698.72855563054     
   8169.0556161683289        598.89584523309952        58.935689532664775        362149.64893815934     
   8177.3238910834789        627.80462526290876        70.625341376837255        399126.58634609613     
   8185.5921659986288        650.89431102451658        102.97611886651254        434267.48518089025     
   8193.8604409137788        662.56462160229091        152.31897208390154        462192.94705568335     
   8202.1287158289288        659.23898036521598        209.19569645088851        478358.87264654192     
   8210.3969907440787        642.57397678567031        260.90863211734649        480974.62995549600     
   8218.6652656592287        619.68003083836402        296.05360969510360        471651.08043333649     
   8226.9335405743786        599.63158553768221        307.86862066506046        454341.12596464157     
   8235.2018154895286        588.88317614549180        294.39866287760992        433453.96785132692     
   8243.4700904046786        588.57458470375457        256.79460633070767        412363.51159974025     
   8251.7383653198285        594.66792265345111        198.03574731294032        392848.09544676566     
   8260.0066402349785        600.13643556911995        122.92379893326012        375274.00164179306     
   8268.2749151501284        598.02236776344739        38.418409293805539        359106.72651806631     
   8276.5431900652784        584.17082635681243       -46.849109321116934        343450.39341058308     
   8284.8114649804284        558.61777106968748       -124.19379351944959        327477.91250361741     
   8293.0797398955783        525.16621355900372       -186.82622069388583        310703.58860266162     
   8301.3480148107283        489.61976077505733       -231.00267765712911        293089.74722618784     
   8309.6162897258782        457.67532864653293       -256.01187962872541        275008.78896274487     
   8317.8845646410282        433.42590805769112       -263.15795242751108        257110.12570147429     
   8326.1528395561782        418.73799688156805       -254.58589377623059        240155.48734223025     
   8334.4211144713281        413.37983206697959       -232.36884813062582        224878.16714127810     
   8342.6893893864781        415.49753983712333       -198.14004918646276        211897.68470231575     
   8350.9576643016280        422.19993882098845       -153.10673029718077        201694.45920274005     
   8359.2259392167780        430.06924355866528       -98.343655079758619        194631.02874956909     
   8367.4942141319279        435.62589719073554       -35.077076302347869        191000.32358515402     
   8375.7624890470779        435.71896800246139        35.095202495168813        191082.69231530689     
   8384.0307639622279        427.86892425790859        110.12762120204722        195199.90929724151     
   8392.2990388773778        410.55270478301861        187.62939081105816        203758.31170078123     
   8400.5673137925278        383.39871816470782        265.10697118880495        217276.28326324292     
   8408.8355887076777        347.29312081803766        340.26243436121996        236391.03600495565     
   8417.1038636228277        304.36342884144602        411.33824993667815        261836.25267709108     
   8425.3721385379777        257.90487064394046        477.35674796343420        294384.38712809328     
   8433.6404134531276        212.20333651083237        538.25579492849090        334749.55680043122     
   8441.9086883682776        172.34459456494946        594.77640626187065        383461.63272154261     
   8450.1769632834275        143.99413718521686        648.08468603154392        440748.07181231992     
   8458.4452381985775        133.08990915817927        699.12385821591113        506487.09304643382     
   8466.7135131137275        145.35397499867764        747.78979544827780        580317.35622449336     
   8474.9817880288774        185.50940381077061        792.18662705073939        661973.39098025486     
   8483.2500629440274        256.13516999767347        828.39706656518069        751846.92520353361     
   8491.5183378591773        356.50904911076924        851.21499454072705        851665.66902883491     
   8499.7866127743273        481.82173887256857        856.10743026361865        965072.12020276231     
   8508.0548876894773        623.55952714560135        842.00945393477400        1097806.4044095823     
   8516.3231626046272        771.16254217997528        813.90325824283889        1257130.1802397915     
   8524.5914375197772        914.12683678240660        783.84523198564148        1450041.2214324328     
   8532.8597124349271        1042.9354776173159        769.49361362333843        1679834.8318799622     
   8541.1279873500771        1147.8423368843789        789.67896558648829        1941134.8990339383     
   8549.3962622652271        1216.7115077894964        857.25555706190175        2215273.9833009010     
   8557.6645371803770        1235.9437652100119        970.94660079434902        2470294.2923556021     
   8565.9328120955270        1197.9998530204150        1111.0569797185631        2669651.2600182714     
   8574.2010870106769        1112.1806354813768        1245.2584520026955        2787614.3782239091     
   8582.4693619258269        1008.0501609283157        1343.5700200276522        2821345.5256647086     
   8590.7376368409768        925.32396285460425        1390.6974236438766        2790263.7603626652     
   8599.0059117561268        897.27205111629132        1385.2742169356040        2724081.7898209877     
   8607.2741866712768        939.35604021433414        1329.2249463046214        2649228.7281656777     
   8615.5424615864267        1046.3244556482407        1219.1739288633853        2581179.9353077700     
   8623.8107365015767        1194.5108076773913        1047.1930924210810        2523469.4424725203     
   8632.0790114167266        1347.3777573521163        809.41740171073639        2470583.3511993783     
   8640.3472863318766        1465.0512075273136        515.56918580100501        2412186.6260247510     
   8648.6155612470266        1516.7478228353064        191.94398311816389        2337366.4507309077     
   8656.8838361621765        1490.8227905233832       -124.99506814009705        2238176.3598032747     
   8665.1521110773265        1396.9552443500870       -400.48167050183719        2111869.5231251535     
   8673.4203859924764        1259.7613811854878       -611.87939371495327        1961395.1299793466     
   8681.6886609076264        1108.2592367367081       -752.32364582175921        1794229.4038747745     
   8689.9569358227764        966.88231184340361       -827.83887597479179        1620178.6095308515     
   8698.2252107379263        851.10540714647334       -851.27667686266102        1449052.3946442995     
   8706.4934856530763        767.32714289998739       -836.74598772704496        1288934.7922083656     
   8714.7617605682262        715.15404132154015       -796.18522354377887        1145356.2130079884     
   8723.0300354833762        690.18966231758691       -738.17608343816505        1021265.7001301735     
   8731.2983103985262        686.26062786699981       -668.24115276413909        917499.88760795421     
   8739.5665853136761        696.86141462620640       -589.76055133122850        833433.33910135215     
   8747.8348602288261        715.99257132611376       -504.92070371618672        767590.27923542936     
   8756.1031351439760        738.55326250400151       -415.50964528575958        718109.18688080227     
   8764.3714100591260        760.55445938841819       -323.40581117431560        683034.40439692617     
   8772.6396849742760        779.21086931558432       -230.83822019585125        660455.86276273697     
   8780.9079598894259        792.97198537372481       -140.45947043159876        648533.43242147204     
   8789.1762348045759        801.49377099346043       -55.261051101524799        645446.04871016298     
   8797.4445097197258        805.50479742542086        21.559860599129749        649302.80626442214     
   8805.7127846348758        806.55679496627386        86.746552774393663        658058.82792450860     
   8813.9810595500257        806.64274659791749        137.14737880649633        669481.92415252468     
   8822.2493344651757        807.68418974993085        169.89494778350283        681218.04365436139     
   8830.5176093803257        810.96478186359434        182.54924584567121        690988.10458189039     
   8838.7858842954756        816.59586796825454        173.44462463912740        696911.84939903487     
   8847.0541592106256        823.23243544271554        142.07516707636034        697896.99586472055     
   8855.3224341257755        828.21117553369538        89.668564978943493        693974.20282428851     
   8863.5907090409255        828.28675280760922        19.637732718089044        686444.58542288060     
   8871.8589839560755        820.89679829451848       -62.318545804208902        677755.15460134263     
   8880.1272588712254        805.60993075225042       -148.67710639374161        671112.24249226158     
   8888.3955337863754        785.16585273979433       -231.16106288067940        669920.85330073372     
   8896.6638087015253        765.54157216554142       -301.80382821234133        677139.44943731325     
   8904.9320836166753        754.74078665245008       -353.46217322343955        694569.16293659597     
   8913.2003585318253        760.35593665773899       -379.34899135541502        722046.80765303841     
   8921.4686334469752        786.16485383556414       -372.24071636311226        756618.32832481689     
   8929.7369083621252        828.50737883667705       -325.11497420986973        792124.22324230545     
   8938.0051832772751        874.54713402667232       -234.88528276794696        820003.78569524467     
   8946.2734581924251        905.60166227265108       -108.30643991375069        831844.65563777962     
   8954.5417331075751        906.42466139721080        35.226799464836539        822846.59418958402     
   8962.8100080227250        874.85422299084939        169.15536142261089        793983.44778293697     
   8971.0782829378750        823.31960640787167        270.78949018666225        751182.12229116517     
   8979.3465578530249        770.68111050964092        329.03241196046042        702211.70221689146     
   8987.6148327681749        731.77162398005714        343.61067873744457        653558.00820481754     
   8995.8831076833249        711.81421630034026        319.68657491830305        608878.98471026332     
   9004.1513825984748        706.73640244111152        263.80470423514930        569069.26451199932     
   9012.4196575136248        706.80928147545274        183.24649713512969        533158.63909214083     
   9020.6879324287747        701.27300344698529        87.053954188200308        499362.21630335675     
   9028.9562073439247        682.46250820612272       -13.768138741693695        465944.63675140264     
   9037.2244822590746        648.19767273509001       -107.80477481068277        431782.09241116885     
   9045.4927571742246        601.73625502790924       -185.77472483848706        396598.76900382864     
   9053.7610320893746        549.70370269516241       -242.35295799294980        360909.11700470402     
   9062.0293070045245        499.31530682148605       -276.47553807803155        325754.49878177181     
   9070.2975819196745        456.24106617146492       -290.18220838178189        292361.62452260288     
   9078.5658568348244        423.63709924978355       -287.01270128736309        261844.68256104007     
   9086.8341317499744        402.25005866657705       -270.59130996461664        235024.76672563193     
   9095.1024066651244        391.03093055734996       -243.87045010572908        212377.98508731794     
   9103.3706815802743        387.84508032688223       -208.93893681097572        194079.28564946665     
   9111.6389564954243        390.06745242915616       -167.15929221976458        180094.84641998465     
   9119.9072314105742        394.97572149628485       -119.48662073866510        170282.87310705637     
   9128.1755063257242        400.03126329103674       -66.741233849526836        164479.40390597997     
   9136.4437812408742        403.06428845245284       -9.8498608725887440        162557.84038489146     
   9144.7120561560241        402.44186372628258        50.031310555582692        164462.58571539295     
   9152.9803310711741        397.21967235985983        111.50476999912048        170216.78184223117     
   9161.2486059863240        387.28103673016903        172.96538379305051        179903.62540147180     
   9169.5168809014740        373.43495995929931        232.74194011965952        193622.48001046665     
   9177.7851558166240        357.46492965185314        289.19916986681761        211417.33578266075     
   9186.0534307317739        342.06084149870009        340.84729317529747        233182.49655172601     
   9194.3217056469239        330.65021243182201        386.30601469940507        258561.89997414598     
   9202.5899805620738        327.04728768198748        424.16534116394450        286876.16502487013     
   9210.8582554772238        334.92641927494429        452.71582753928669        317127.32683291694     
   9219.1265303923738        357.11527410548882        469.68074978855498        348131.32572137762     
   9227.3948053075237        394.76185206167202        472.18737730855048        378797.83913268882     
   9235.6630802226737        446.60671255286877        457.22823748272651        408515.21684884129     
   9243.9313551378236        508.72438826000882        422.76596047287165        437531.56054506986     
   9252.1996300529736        575.20397421959240        369.23379400140021        467193.20659068192     
   9260.4679049681235        639.82749329431942        300.91854070421482        499931.18931484659     
   9268.7361798832735        698.34082851920493        226.41063776610562        538941.68967054423     
   9277.0044547984235        750.04828022875313        157.95879573071394        587523.40382280760     
   9285.2727297135734        797.42359677849902        110.05495351590750        647996.48549254669     
   9293.5410046287234        842.96285952178346        97.825694719675269        720156.24908052909     
   9301.8092795438733        884.01312465147225        134.54607520898645        799581.85091020167     
   9310.0775544590233        908.62394536117824        226.59446087619264        876942.52378348575     
   9318.3458293741733        897.73501283581697        366.14076374414560        939987.21214647067     
   9326.6141042893232        836.76708122640150        527.66667279027411        978611.26579770935     
   9334.8823792044732        729.86435536566944        676.40567553305414        990226.61512667150     
   9343.1506541196231        602.61004082186412        786.18253336015152        981221.83705991448     
   9351.4189290347731        489.25127494155726        850.91392942724463        963421.32532525319     
   9359.6872039499231        416.66750285132127        880.39781270097649        948712.11654101952     
   9367.9554788650730        397.63107238843054        887.30232122187977        945415.87897450919     
   9376.2237537802230        432.51460663853936        877.61723332806798        957280.89319010300     
   9384.4920286953729        512.99349137331899        849.03277633626419        984018.97748465231     
   9392.7603036105229        624.46826648596266        795.17928376246584        1022270.7091729714     
   9401.0285785256729        748.29982494176090        711.79265885354550        1066601.4172056699     
   9409.2968534408228        865.51340769540366        601.22295438014567        1110582.4997741007     
   9417.5651283559728        961.28676524926050        473.22387452167214        1148013.0804606902     
   9425.8334032711227        1028.1209815502436        342.18386698877799        1174122.5515312301     
   9434.1016781862727        1066.2334452964167        222.67849972106430        1186439.4741066908     
   9442.3699531014227        1081.2957658274563        125.96955331111893        1185068.8615577880     
   9450.6382280165726        1081.1729029209935        58.431240634371903        1172349.0558926798     
   9458.9065029317226        1073.1318917126530        21.944877832227512        1152093.6346738485     
   9467.1747778468725        1062.3073998640330        15.158081808519226        1128726.7792499962     
   9475.4430527620225        1051.3574866590891        34.832285238481589        1106565.8528490516     
   9483.7113276771724        1040.8939837227329        76.876585552749262        1089370.2947564302     
   9491.9796025923224        1030.2479011053831        136.88713162083323        1080148.8245354265     
   9500.2478775074724        1018.2727452152571        210.38582445528235        1081141.5787799449     
   9508.5161524226223        1004.0385287290537        292.88771049857820        1093876.5781335018     
   9516.7844273377723        987.34618270912495        379.94881237766390        1119213.5845374779     
   9525.0527022529222        969.06952432409594        467.14427525560478        1157319.5168778140     
   9533.3209771680722        951.30186395561395        550.06755952587389        1207549.5564081762     
   9541.5892520832222        937.25583542604249        624.33428041160323        1268241.7947372431     
   9549.8575269983721        930.97922782213755        685.38909236085976        1336480.5305635466     
   9558.1258019135221        936.71756585464254        728.34792404292466        1407930.4966382845     
   9566.3940768286720        958.00660536117664        747.74083518147131        1476893.0125135295     
   9574.6623517438220        996.45156581216315        737.44526110881770        1536741.2361413641     
   9582.9306266589720        1050.3255254537651        691.11654925242169        1580825.7940703027     
   9591.1989015741219        1113.4717281364631        603.28850144278579        1603776.3053322835     
   9599.4671764892719        1175.0139196315358        471.41669129640735        1602891.4081607175     
   9607.7354514044218        1220.7068114248723        298.34991755216458        1579137.7927624620     
   9616.0037263195718        1236.3120907439377        94.032838840742144        1537309.7605000953     
   9624.2720012347218        1212.2914370832309       -124.65329365760043        1485188.9720450132     
   9632.5402761498717        1148.1843628298320       -337.07407358693109        1431946.2621314351     
   9640.8085510650217        1054.3776364644154       -523.99513634136201        1386283.1031856895     
   9649.0768259801716        950.14617738830293       -672.29772554813769        1354761.9901828035     
   9657.3451008953216        858.62408403472205       -776.70609098740340        1340507.6694613979     
   9665.6133758104716        800.89316044001725       -837.15497601528443        1342258.3083067506     
   9673.8816507256215        790.58062680995681       -853.73658391268793        1353883.8821981302     
   9682.1499256407715        829.29291309308303       -822.95220150068144        1364977.0616612299     
   9690.4182005559214        903.70379303945970       -739.38894209472721        1363376.5532458664     
   9698.6864754710714        987.46495320874487       -603.73269303595669        1339580.1984559975     
   9706.9547503862213        1051.2721217476342       -431.09005796580249        1291011.7120407315     
   9715.2230253013713        1077.2412347394481       -250.39839327472222        1223148.0331775332     
   9723.4913002165213        1066.6999517513013       -93.172649244882450        1146529.9296335385     
   9731.7595751316712        1035.1557144748133        18.834761470374509        1071902.1014495071     
   9740.0278500468212        1000.2642253819796        77.814992776851057        1006583.6936798730     
   9748.2961249619711        972.57589872951462        86.197234080574248        953333.84195266431     
   9756.5643998771211        953.10070406606303        51.530507445729164        911056.34528883942     
   9764.8326747922711        935.91847503731663       -16.150268979666990        876204.22310429194     
   9773.1009497074210        912.79487111418268       -104.92337248848328        844203.39082671446     
   9781.3692246225710        877.54069621407757       -201.47919732286334        810671.54046575329     
   9789.6374995377209        828.63716196524933       -292.77598859465667        772357.32568740135     
   9797.9057744528709        769.47555493966263       -368.26113405539934        727708.89250547055     
   9806.1740493680209        706.58887977291192       -421.56434301423150        676984.34031975921     
   9814.4423242831708        647.09823450438796       -450.75620149502953        621917.27828492352     
   9822.7105991983208        596.61563033151185       -457.32059126066429        565092.33354687085     
   9830.9788741134707        558.19759992275465       -444.61089714455625        509263.41041921079     
   9839.2471490286207        532.35128316050816       -416.43518193882818        456816.14943906444     
   9847.5154239437707        517.61344005524563       -376.23012811952077        409472.78263065638     
   9855.7836988589206        511.33046346593966       -326.75829292507478        368229.82486360159     
   9864.0519737740706        510.33709787708892       -270.20294856324341        333453.58688188018     
   9872.3202486892205        511.48126712348488       -208.40742215631082        305046.74022808444     
   9880.5885236043705        511.99733972905193       -143.10195765392035        282619.44617401063     
   9888.8567985195205        509.74471593640590       -76.073584656148739        265626.86570752336     
   9897.1250734346704        503.36326920020804       -9.2361093068222004        253459.88649504867     
   9905.3933483498204        492.36280412308747        55.411347482729781        245491.54831380164     
   9913.6616232649703        477.14148797273600        115.86196396368112        241087.99423835793     
   9921.9298981801203        458.92232753887282        170.25016499109140        239594.82139319030     
   9930.1981730952702        439.60865303310783        216.92626018127078        240312.77017781575     
   9938.4664480104202        421.55126136171771        254.50516900724753        242478.34700706287     
   9946.7347229255702        407.22292196595663        281.84265557004909        245265.79067326893     
   9955.0029978407201        398.83035351102325        297.92728843600651        247826.32007655920     
   9963.2712727558701        397.87056858292556        301.78296466786094        249373.94710822386     
   9971.5395476710200        404.69876860864423        292.45585017630890        249311.51761570061     
   9979.8078225861700        418.22215050866134        269.18325182739414        247369.39024045964     
   9988.0760975013200        435.84709324664919        231.83844798766265        243711.75465688147     
   9996.3443724164699        453.88550128183334        181.53141912427330        238965.70440313371     
   10004.612647331620        468.48931506583932        121.11913502999877        234152.08320127433     
   10012.880922246770        476.93947098696606        55.332362527170808        230532.92932816528     
   10021.149197161920        478.87216877068107       -9.7615315136467622        229413.84152062758     
   10029.417472077070        476.81624061652781       -67.655492147829094        231930.99293344351     
   10037.685746992220        475.64093471355386       -112.17095035448915        238816.62087861248     
   10045.954021907370        480.81196066764738       -137.58693733762826        250110.30684701575     
   10054.222296822520        495.69500581278925       -138.25473560916959        264827.91070610256     
   10062.490571737670        518.54638355367706       -108.94606813452513        280759.59765856981     
   10070.758846652820        540.84153542491549       -47.389389437181080        294755.32067200891     
   10079.027121567970        549.58368606547799        41.436552492895039        303759.21587181429     
   10087.295396483119        534.50702637244365        143.35353081914468        306247.99603982759     
   10095.563671398269        495.66517620726461        239.61291554485763        303098.31620048574     
   10103.831946313419        444.39106433089631        315.75789171826182        297186.46423950838     
   10112.100221228569        396.69284112170078        367.06025382910576        292098.44013829448     
   10120.368496143719        365.56371755060707        396.60142742069525        290929.52382155304     
   10128.636771058869        357.51699076205801        409.78063713300463        295738.56925268867     
   10136.905045974019        373.09213428122092        410.30503341627036        307547.96110924333     
   10145.173320889169        408.68301097401326        399.39503569567557        326538.19799713540     
   10153.441595804319        458.17263311996459        377.22146308279849        352218.19395040878     
   10161.709870719469        514.43764677276408        344.81432632050502        383543.01205296291     
   10169.978145634619        570.83961813924793        305.26360855326124        419043.74034432106     
   10178.246420549769        622.49727986016876        263.67802030754342        457028.96182661451     
   10186.514695464919        666.85057238051843        226.21007049955040        495860.68187963660     
   10194.782970380069        703.37007564774751        198.79262728322220        534247.97197888419     
   10203.051245295219        732.68321057733363        186.15376179948936        571477.91009401041     
   10211.319520210369        755.57948021356526        191.37499186518821        607524.73843120236     
   10219.587795125519        772.30771136196563        215.79361792718541        643026.08656726137     
   10227.856070040669        782.28340186258117        259.21134870963272        679157.84412955947     
   10236.124344955819        784.21931949308714        320.09089280593662        717458.12072350236     
   10244.392619870969        776.52585987191026        395.79147036825151        759643.29906607210     
   10252.660894786119        757.84605499403858        482.80824927202178        807434.44863514206     
   10260.929169701269        727.60708895050334        577.04442033887096        862392.33893524925     
   10269.197444616419        686.47946065451697        674.15802364981880        925743.09075194621     
   10277.465719531569        636.69455097524769        769.92690905183292        998167.39652368170     
   10285.733994446718        582.16405158184682        860.59715878828297        1079542.4526686564     
   10294.002269361868        528.37333066041742        943.11848271311601        1168650.8489882729     
   10302.270544277018        482.10984778626778        1015.1237087359279        1262906.0493702835     
   10310.538819192168        450.87563813345287        1074.6668514849530        1358197.6827428304     
   10318.807094107318        442.15515734178689        1119.5981975219406        1449001.3070583185     
   10327.075369022468        462.34156646937674        1146.7929999540513        1528893.9088289698     
   10335.343643937618        515.41992390292148        1151.4674545386138        1591534.9968177278     
   10343.611918852768        601.37947370522124        1127.0923573884118        1631994.4534773363     
   10351.880193767918        714.84854810890329        1066.3423607988641        1648094.4771675018     
   10360.148468683068        844.56202181422714        963.33644973952960        1641302.1240876964     
   10368.416743598218        974.49903413597735        816.77998930743263        1616777.9184650024     
   10376.685018513368        1087.2850989811284        632.68240199484285        1582475.9082603659     
   10384.953293428518        1169.1067884694160        425.13391527041858        1547549.5287584271     
   10393.221568343668        1214.3525681076192        214.16587504766892        1520519.1817045037     
   10401.489843258818        1227.6533456081065        21.313479329826755        1507587.0013839200     
   10409.758118173968        1221.9213775264634       -134.79936276564891        1511262.7210581950     
   10418.026393089118        1212.9863005590560       -240.90855339331361        1529372.6964420036     
   10426.294668004268        1212.8868808723228       -289.28044569730582        1554777.7620550240     
   10434.562942919418        1224.5205852537149       -277.67257593733927        1576552.7231377778     
   10442.831217834568        1240.4472839012283       -211.10458461181588        1583274.6097820618     
   10451.099492749718        1247.7253462578233       -104.40696759132049        1567719.3545758200     
   10459.367767664868        1236.9712867622336        18.301352509774532        1530432.9037779029     
   10467.636042580018        1209.4233176738362        130.03918581699361        1479614.9511811356     
   10475.904317495168        1176.2665658253563        209.21357532265952        1427373.3539778676     
   10484.172592410318        1151.3133312047876        243.90386711160397        1385011.4830018599     
   10492.440867325467        1143.1891058017861        230.28547596629360        1359912.7320649098     
   10500.709142240617        1151.5167833868888        169.23056550078431        1354629.8867214022     
   10508.977417155767        1167.5459875444244        64.692313620358931        1367348.7284726400     
   10517.245692070917        1177.7573439385865       -75.627194610462695        1392831.8337659228     
   10525.513966986067        1168.8681396084621       -239.25211403172150        1423494.3018603951     
   10533.782241901217        1132.5948475313940       -409.72330042252241        1450644.2715637861     
   10542.050516816367        1068.3911934865876       -569.62313023559580        1465930.2528190934     
   10550.318791731517        983.21386317723193       -704.34959528338368        1462817.8531197631     
   10558.587066646667        888.68239554508841       -804.96620827394702        1437726.9966146923     
   10566.855341561817        797.28606692918720       -868.80071361509033        1390479.7524975026     
   10575.123616476967        719.24716667714324       -898.12574720888358        1323946.3445726137     
   10583.391891392117        660.86018905718447       -897.96494315634175        1243077.2286184696     
   10591.660166307267        624.36618247478157       -873.99068789493481        1153692.8523451935     
   10599.928441222417        608.65638409168810       -831.22573303486320        1061398.8131549142     
   10608.196716137567        610.31522778892645       -773.53949779248910        970848.03191610542     
   10616.464991052717        624.61869511520399       -703.74013357996182        885398.68989856262     
   10624.733265967867        646.32881127005192       -623.98170935678525        807094.10588957393     
   10633.001540883017        670.26366476519206       -536.27052331426000        736839.45448021602     
   10641.269815798167        691.77282816379102       -442.84524494633786        674661.55675731192     
   10649.538090713317        707.06659708692609       -346.45168553259026        619971.94312445831     
   10657.806365628467        713.52733696317807       -250.34311523852531        571792.93594109418     
   10666.074640543617        709.87523362228467       -158.16134722096001        528937.85906504234     
   10674.342915458767        696.22834335392508       -73.612050799456583        490152.64011225279     
   10682.611190373917        673.96757414584010      -0.13320904889023100        454232.30874467921     
   10690.879465289067        645.43188979587194        59.519385656164381        420124.88163435779     
   10699.147740204216        613.44712907829330        103.49120182431841        387027.80902944203     
   10707.416015119366        580.78705829702528        130.98388522069044        354470.38527281926     
   10715.684290034516        549.67007122665814        142.22533592130637        322365.23338024790     
   10723.952564949666        521.39515076354849        138.40034047405561        291007.55748307798     
   10732.220839864816        496.23438061093594        121.49012764696319        261008.41161599464     
   10740.489114779966        473.60219611799573        94.174602175448598        233167.89586269250     
   10748.757389695116        452.49698172097709        59.694511130715249        208316.95312572937     
   10757.025664610266        432.08848135947085        21.693633246699989        187171.06944697612     
   10765.293939525416        412.28015200847528       -16.064669625896112        170232.99735032069     
   10773.562214440566        394.02572662317255       -50.002493135586732        157756.52256069350     
   10781.830489355716        379.25195914045116       -76.940271619337096        149751.85390872782     
   10790.098764270866        370.32855383193311       -94.069536733099056        145992.31552443086     
   10798.367039186016        369.11203480845830       -98.698554457379302        145985.09889241681     
   10806.635314101166        375.70672008949953       -88.035564749996396        148905.80018126036     
   10814.903589016316        387.28717615870733       -59.766840596036708        153563.43205181765     
   10823.171863931466        397.91088589465528       -13.703965336689398        158520.87177941855     
   10831.440138846616        400.40206059970444        46.166369218266766        162453.14377928674     
   10839.708413761766        390.17055494917349        111.35248538084315        164632.43794983689     
   10847.976688676916        368.46914297159435        171.65759048591994        165235.83769365304     
   10856.244963592066        342.16945105335481        219.46809296884877        165246.17706553743     
   10864.513238507216        320.24932222363196        251.93814307508669        166032.45632081851     
   10872.781513422366        309.93269716591703        269.89369452937353        168900.88311925484     
   10881.049788337516        314.80358847737682        275.17902542380710        174824.79535142990     
   10889.318063252666        334.80357452777560        268.82618531291149        184360.95142646763     
   10897.586338167815        367.01224024012907        250.91760057261277        197657.62676319547     
   10905.854613082965        406.68101800048606        221.56913571918378        214482.33230525773     
   10914.122887998115        448.43995996631639        182.09497023955595        234256.97588113623     
   10922.391162913265        487.58481222399143        135.59312698269468        256124.44519645013     
   10930.659437828415        521.11088604549002        86.670627911574257        279068.35329770227     
   10938.927712743565        548.12147024226749        40.535383066305940        302080.26342087705     
   10947.195987658715        569.50363891637392        2.0428235285432215        324338.56786696042     
   10955.464262573865        587.13421167828528       -24.984490793666843        345350.80730330036     
   10963.732537489015        602.97703899764667       -37.972113020987976        365023.19092564820     
   10972.000812404165        618.37696645148026       -35.475835214432337        383648.60752189672     
   10980.269087319315        633.67465352548265       -16.952409266460119        401830.95070057805     
   10988.537362234465        648.13004688619571        17.421036591382361        420376.05019262055     
   10996.805637149615        660.08580948299959        66.808811379982046        440176.69315883284     
   11005.073912064765        667.29806883652748        129.69401440017927        462107.25004419289     
   11013.342186979915        667.37752022467669        203.80808875306161        486930.49154241459     
   11021.610461895065        658.29815838617003        286.09859361872140        515208.87060523330     
   11029.878736810215        638.90993916292439        372.83455303325792        547211.51429668092     
   11038.147011725365        609.37337737307735        459.86568142424193        582812.35800285335     
   11046.415286640515        571.45788380018553        542.97444687146901        621385.36291276407     
   11054.683561555665        528.57497794894709        618.32941089057897        661722.76768602035     
   11062.951836470815        485.51114928368577        682.85856632641094        702016.89768412674     
   11071.220111385965        447.90648348180821        734.39903775616449        739962.16460221959     
   11079.488386301115        421.44734846284734        771.62621329154445        773024.88056501281     
   11087.756661216265        410.99614677686634        793.70608414264166        798887.18067047757     
   11096.024936131415        419.67379307548441        799.92209182059423        816001.44557699969     
   11104.293211046564        448.14313805903475        789.48091383360145        824112.38549693755     
   11112.561485961714        494.24428831093479        761.76868078226073        824568.93954872829     
   11120.829760876864        553.16846949605849        717.14662165422146        820294.63259467483     
   11129.098035792014        618.41456393457611        658.00070238412627        815401.49722439540     
   11137.366310707164        683.29116250287643        589.63639046354137        814557.88571340614     
   11145.634585622314        742.56472749502871        520.44516165339508        822265.54080819478     
   11153.902860537464        793.39472985593409        461.15685747031523        842140.84455506736     
   11162.171135452614        834.83539581557466        423.37565528711133        876197.08359633805     
   11170.439410367764        865.85993638163870        417.62434664662197        924123.52434283332     
   11178.707685282914        882.95854809607783        450.72766676724370        982771.22724537726     
   11186.975960198064        879.31843748276856        522.69544904000281        1046411.4469442677     
   11195.244235113214        847.74948324465015        624.26034485916512        1108380.1645052552     
   11203.512510028364        786.96508836624980        737.99380499768347        1163948.9065222582     
   11211.780784943514        706.78602661848015        844.67117561755242        1213015.8823422771     
   11220.049059858664        627.27915759438054        931.33949856182187        1260872.4031337015     
   11228.317334773814        571.99638731318362        994.70020180406902        1316608.3585683892     
   11236.585609688964        560.74810596908662        1037.2604923992053        1390347.7674401598     
   11244.853884604114        605.74589765818553        1060.0973278589490        1490734.4370634048     
   11253.122159519264        710.53299778808105        1057.5018026647781        1623167.2035849725     
   11261.390434434414        869.10789234593562        1016.4523267459392        1788523.8610852282     
   11269.658709349564        1064.8795299516794        920.95577784359978        1982127.9580536196     
   11277.926984264714        1271.4482930066069        759.35371597812752        2193198.8277592054     
   11286.195259179864        1457.0726266676688        531.33866927027827        2405381.4208461302     
   11294.463534095014        1592.4101822614646        251.11731483068780        2598830.0943777659     
   11302.731809010163        1658.5069952558474       -55.174564714582289        2753689.6859040232     
   11311.000083925313        1651.3550885282343       -356.46859321031349        2854043.4863534323     
   11319.268358840463        1581.2912702384174       -624.92418889200871        2891012.3231945625     
   11327.536633755613        1468.1792901612180       -841.68762904852736        2863988.4929516292     
   11335.804908670763        1334.9632564741371       -998.82960494265592        2779787.4758459348     
   11344.073183585913        1202.2276063482548       -1097.7021607529148        2650301.2511874721     
   11352.341458501063        1085.0177961712845       -1145.5794120870607        2489615.8074061270     
   11360.609733416213        991.96288975284642       -1152.1582133267209        2311458.9231830398     
   11368.878008331363        925.98071545426126       -1126.9550810115495        2127468.0400109338     
   11377.146283246513        885.64772522543558       -1077.9566938146872        1946362.5269368801     
   11385.414558161663        866.72281562721003       -1011.2557608186331        1773846.6529176312     
   11393.682833076813        863.40455894548074       -931.40017388433785        1612973.7163196150     
   11401.951107991963        869.29638241789519       -842.05054998803564        1464725.3292199927     
   11410.219382907113        878.17571839266259       -746.61985183937861        1328633.7955351248     
   11418.487657822263        884.59522938836437       -648.72890782761249        1203357.9157078599     
   11426.755932737413        884.34483471505882       -552.36864167837280        1087176.9029968153     
   11435.024207652563        874.74238992431754       -461.75862975434410        978395.28088311618     
   11443.292482567713        854.72108754598867       -380.93705256385488        875661.17551183468     
   11451.560757482863        824.64326117708003       -313.29254217636890        778188.72518810164     
   11459.829032398013        785.96468712185265       -261.00898459501906        685866.17944187461     
   11468.097307313163        740.73790311738105       -224.79888629804250        599227.18039557477     
   11476.365582228313        691.20090131107713       -203.77344982152465        519282.30482541083     
   11484.633857143463        639.50665733043934       -195.64270796003228        447244.83394788648     
   11492.902132058613        587.68828829224799       -197.08816406571506        384221.26861066656     
   11501.170406973763        537.78309585164288       -204.31561050319675        330955.52687907132     
   11509.438681888912        492.01998546259534       -213.56815921243955        287695.02472400246     
   11517.706956804062        452.88941811926054       -221.55927203130798        254197.33606744552     
   11525.975231719212        423.04017995255015       -225.55553276452801        229838.29221497607     
   11534.243506634362        404.92325771850540       -223.12884729978532        213749.32713869808     
   11542.511781549512        400.16960280819671       -211.61257231349822        204915.59177280543     
   11550.780056464662        408.65796641203326       -187.61040918513879        202198.99914663369     
   11559.048331379812        427.36890881094234       -147.18514215428002        204307.65028923115     
   11567.316606294962        449.62446599688280       -87.370097867453524        209795.69442435043     
   11575.584881210112        465.96401445635519       -8.8280220715766031        217200.39674197865     
   11583.853156125262        467.55618722162785        82.100024549006619        225349.20224017341     
   11592.121431040412        450.87758665604321        174.41413682323940        233710.88927257343     
   11600.389705955562        420.24240212485250        256.83184931555326        242566.27536651329     
   11608.657980870712        385.95952782735844        322.34082817840266        252868.36663145595     
   11616.926255785862        359.70272645388525        369.44165046204273        265873.18451447674     
   11625.194530701012        350.56208227262329        399.78978789125682        282725.64802945359     
   11633.462805616162        363.29931528250785        414.89528927736313        304124.49354928592     
   11641.731080531312        398.20963807239832        414.15025096508185        330091.34622819070     
   11649.999355446462        451.43234175140282        395.02347374266827        359834.70398687990     
   11658.267630361612        515.57321098124066        354.84634048025782        391731.66123373795     
   11666.535905276762        581.00416820528130        293.10401353530051        423475.80622241244     
   11674.804180191912        638.01110791344627        212.97346622364532        452415.87113625737     
   11683.072455107062        679.19885285269777        121.34336669757165        476035.29435792193     
   11691.340730022212        701.21160836944580        27.310820123006572        492443.60060785624     
   11699.609004937362        705.06387631307666       -60.074115246060302        500723.96900421841     
   11707.877279852511        695.10222634572176       -133.66425918826926        501033.23925512779     
   11716.145554767661        677.24945878807500       -189.16813997238725        494451.41460935317     
   11724.413829682811        657.28244936462670       -225.04328367986858        482664.69777218089     
   11732.682104597961        639.65438835422719       -241.75040569202588        467600.99519307958     
   11740.950379513111        626.98465310697975       -240.84814374613146        451117.58357763692     
   11749.218654428261        620.05647615115231       -224.32462004817609        434791.56877674308     
   11757.486929343411        618.14822899219564       -194.19082936957932        419817.31121743302     
   11765.755204258561        619.47016037359788       -152.45469419132951        406985.71337426285     
   11774.023479173711        621.66468649082685       -101.21353056366081        396711.16119889915     
   11782.291754088861        622.28560204760299       -42.860807276998912        389076.41931618372     
   11790.560029004011        619.26204365991293        19.799982656995773        383877.51803106925     
   11798.828303919161        611.29549151666720        83.549805933525008        380662.74802013347     
   11807.096578834311        598.14016678160624        144.91196340642691        378771.13625583332     
   11815.364853749461        580.69394423003359        200.44650080102645        377384.25654880924     
   11823.633128664611        560.84806622539691        247.09373544070706        375605.86748280929     
   11831.901403579761        541.11456942296252        282.44552142348005        372580.44981397968     
   11840.169678494911        524.07724345482472        304.94418912345901        367647.91558737156     
   11848.437953410061        511.81205373076295        313.93787616262176        360508.56843359902     
   11856.706228325211        505.41705619966177        309.69129057169550        351355.09615349438     
   11864.974503240361        504.81959294190813        293.39764543883467        340924.99976708600     
   11873.242778155511        508.93007205617084        267.27758814992723        330447.12737034139     
   11881.511053070661        516.16702023041080        234.66271892381891        321494.98442626058     
   11889.779327985811        525.13967176738220        200.05587576458566        315794.02829188923     
   11898.047602900961        535.23522579028736        168.99487250199769        315036.01385874639     
   11906.315877816111        546.69891328465542        147.80078223318120        320724.77301536343     
   11914.584152731260        559.91858148516326        143.26993862189198        334035.09320507810     
   11922.852427646410        573.88858501890604        162.17004666671684        355647.23205088725     
   11931.120702561560        584.33290471596024        210.05719582098453        385568.96904996689     
   11939.388977476710        582.74427253575061        288.94088668877032        423077.72317371395     
   11947.657252391860        558.18270407355556        394.27226502433132        467018.55009428307     
   11955.925527307010        502.50068492978482        513.90123662651399        516601.41936116316     
   11964.193802222160        416.45017745404175        631.71049793229724        572488.90349937382     
   11972.462077137310        311.68744104191592        735.18555408140708        637646.85983324330     
   11980.730352052460        206.71858979643048        821.45976634187878        717528.72308587900     
   11988.998626967610        120.47051078059356        897.26153834847730        819591.41216721304     
   11997.266901882760        68.642348824921015        973.48509836321784        952385.00878744607     
   12005.535176797910        63.787330159829260        1058.4153656071173        1124311.9096421669     
   12013.803451713060        116.64618274636385        1152.5240160796893        1341917.9395897540     
   12022.071726628210        235.45205663923383        1245.8660841803137        1607619.9706864336     
   12030.340001543360        422.48053069039202        1318.5981728400300        1917190.9402295009     
   12038.608276458510        669.46660066267657        1345.2470037618671        2257875.0305331205     
   12046.876551373660        955.03149359672466        1302.3801953279840        2608279.3269441486     
   12055.144826288810        1246.9212318631633        1177.2894261629958        2940822.9514263449     
   12063.413101203960        1509.3796875612975        973.80371912471537        3226520.7246037675     
   12071.681376119110        1712.6828691427556        712.35937146022445        3440738.4843622679     
   12079.949651034260        1840.7012749894377        424.05097934106607        3568000.4168278584     
   12088.217925949410        1893.1908997972844        141.90382355731140        3604308.4782154355     
   12096.486200864560        1882.8303931752841       -107.07415543787036        3556515.1642273283     
   12104.754475779710        1829.1287522732341       -306.08699891906957        3439401.2432999206     
   12113.022750694859        1752.2321735182202       -448.79053085671296        3271730.5304990364     
   12121.291025610009        1668.5903046151950       -536.98351390233131        3072544.8988587246     
   12129.559300525159        1589.0606313643593       -577.38072024608073        2858482.1862639789     
   12137.827575440309        1518.9606356466982       -578.88688902061415        2642351.4429241861     
   12146.095850355459        1459.2532348036193       -550.79166029360215        2432791.4563338095     
   12154.364125270609        1408.0699602357959       -501.99388760605319        2234658.8761122744     
   12162.632400185759        1362.1842094809620       -440.72857317786872        2049787.4957746733     
   12170.900675100909        1318.1754992571377       -374.55023893603277        1877874.5283288434     
   12179.168950016059        1273.1981505583105       -310.32762404313746        1717336.7648293613     
   12187.437224931209        1225.3579672800631       -254.09185298782063        1566064.8177315125     
   12195.705499846359        1173.7316825136820       -210.76303665196852        1422067.1201551580     
   12203.973774761509        1118.1234155013562       -183.77427310169378        1283972.9557464744     
   12212.242049676659        1058.6788564572171       -174.80646605069794        1151358.2216826947     
   12220.510324591809        995.57066936637000       -183.55094942026761        1024851.9087356837     
   12228.778599506959        928.89483210963294       -207.72598406421980        905995.69357543171     
   12237.046874422109        858.88090428543535       -243.32811624391380        796884.97990097874     
   12245.315149337259        786.35861358383363       -285.18351610381484        699689.50701482373     
   12253.583424252409        713.27305896871144       -327.77811905478262        616196.95198167418     
   12261.851699167559        642.98652635881365       -366.16555581230142        547508.88734230504     
   12270.119974082709        580.15682529110939       -396.69920009026049        493952.19728411140     
   12278.388248997859        530.17757104014595       -417.23832093526755        455176.07329091034     
   12286.656523913009        498.32088909027988       -426.63469487197693        430340.87137223186     
   12294.924798828159        488.76854732140788       -423.56212939519571        418299.57030847186     
   12303.193073743309        503.46776843690520       -405.26105374630652        417716.31553840393     
   12311.461348658459        540.76167317452553       -367.04095851113203        427142.25239928288     
   12319.729623573608        594.17627906751545       -303.45952929761211        445133.13652804634     
   12327.997898488758        652.52784062616536       -211.42340735327437        470492.43996911484     
   12336.266173403908        702.75301777442758       -93.619119765705676        502626.34357677045     
   12344.534448319058        735.00641367003425        40.285895034771876        541857.38147483813     
   12352.802723234208        747.24345285798870        176.40231594004010        589490.55490813893     
   12361.070998149358        746.11171122627900        301.38223364835545        647513.93638787826     
   12369.339273064508        743.82443521336870        405.81932587221451        717964.11567186564     
   12377.607547979658        753.37994355578996        484.24406137110094        802073.65032530390     
   12385.875822894808        784.51387633491606        532.79365802855705        899331.10419748689     
   12394.144097809958        841.06794606538733        547.02109185349320        1006627.3648312371     
   12402.412372725108        919.65290244665960        521.53690438705723        1117762.2036161995     
   12410.680647640258        1009.6032965759234        452.04869587357638        1223646.8398979732     
   12418.948922555408        1094.8322616510238        338.78494072417249        1313432.9172133768     
   12427.217197470558        1157.8662893718270        189.27245777252480        1376478.4073349356     
   12435.485472385708        1185.0326978371450        18.563680917146286        1404647.1051923756     
   12443.753747300858        1170.7056126272189       -153.70669728831999        1394177.3802281551     
   12452.022022216008        1118.6493224529620       -308.34380929430893        1346452.2113545961     
   12460.290297131158        1039.9795613948247       -431.13801059131862        1267437.4722956119     
   12468.558572046308        949.01544140870578       -515.22114535364187        1166083.1366516792     
   12476.826846961458        859.08777732720137       -560.61301864397501        1052318.7658261009     
   12485.095121876608        779.77925308571878       -572.03934567196518        935284.69653973146     
   12493.363396791758        716.04227450879159       -556.30789712807757        822195.01529078744     
   12501.631671706908        668.74314712601551       -520.28233251340589        717911.10235359787     
   12509.899946622058        635.83947962417801       -469.87339307209032        625072.84936582460     
   12518.168221537208        613.69812088652975       -409.77946978146980        544544.59743404016     
   12526.436496452357        598.15413691327024       -343.75593014404575        475956.51101565734     
   12534.704771367507        585.28996348024066       -275.01665277903192        418198.50065648404     
   12542.973046282657        571.96851877279209       -206.53079966153376        369802.95767597441     
   12551.241321197807        556.13104122793368       -141.15836554509787        329207.41918062913     
   12559.509596112957        536.90008530994703       -81.593413335388817        294919.18670554803     
   12567.777871028107        514.48807473685088       -30.201399310521097        265610.10356674495     
   12576.046145943257        489.94183455237288        11.217764618385491        240168.83948757823     
   12584.314420858407        464.76023905926183        41.557270980075479        217729.08658173363     
   12592.582695773557        440.47704312877426        60.500722621690592        197680.36296121482     
   12600.850970688707        418.29715985779524        68.483376105812198        179662.48674794802     
   12609.119245603857        398.88027231696037        66.600310903426518        163541.07305608556     
   12617.387520519007        382.32102052319385        56.516961054683691        149363.52962075305     
   12625.655795434157        368.33760012140533        40.359901565067823        137301.50931753826     
   12633.924070349307        356.60309905327574        20.639201090487116        127591.74687605395     
   12642.192345264457        347.11467626770246       0.11766174148267400        120488.61232471729     
   12650.460620179607        340.44274820600629       -18.308409366846647        116236.46265960224     
   12658.728895094757        337.72327776152650       -31.667791033444161        115059.86133092706     
   12666.997170009907        340.29554845443323       -36.868374099218116        117160.33730662342     
   12675.265444925057        348.96068464166888       -30.544792569942313        122706.54377872308     
   12683.533719840207        362.94918130936509       -9.0953993880869710        131814.83450316716     
   12691.801994755357        378.94480159446999        30.685859827959508        144540.78464885341     
   12700.070269670507        390.90684693412499        90.102844468003312        160926.68556120462     
   12708.338544585657        391.54941429614615        166.84331874461705        181147.63684537300     
   12716.606819500807        375.44908035363807        254.53053010873379        205747.80269582561     
   12724.875094415956        342.17282528036577        344.68403454243077        235889.32602879533     
   12733.143369331106        297.20259232212135        430.32669436064759        273510.44476235128     
   12741.411644246256        250.21457514205193        508.64844811413724        321330.57738243771     
   12749.679919161406        212.25463012247312        581.06634740151503        382690.12809096603     
   12757.948194076556        193.78490399855195        650.89154776594489        461212.39597087534     
   12766.216468991706        203.91138886380492        720.18877512786366        560251.72632853850     
   12774.484743906856        249.89420562053894        787.18042198153557        682100.13075374858     
   12782.753018822006        335.90466092769185        845.09281149965352        827013.80128133658     
   12791.021293737156        461.05700054308909        883.00374996786036        992269.18020709371     
   12799.289568652306        617.64553890582533        888.87940637720271        1171592.6108117558     
   12807.557843567456        791.21998440421237        853.98853472733549        1355325.4811663437     
   12815.826118482606        963.31075098778956        776.88477077705727        1531517.5500339800     
   12824.094393397756        1116.0249948231601        665.05612553191884        1687811.4391775620     
   12832.362668312906        1236.6474486033514        533.23060307496144        1813631.7881928659     
   12840.630943228056        1320.0473876449521        399.37020480702358        1902021.6661158665     
   12848.899218143206        1368.2404104245859        280.18418684187009        1950584.9992750792     
   12857.167493058356        1387.8061541835486        187.97488571204767        1961340.4792481889     
   12865.435767973506        1386.6964464781431        129.43984478221816        1939681.7080923545     
   12873.704042888656        1371.7228426215383        106.11723106763951        1892884.4236991764     
   12881.972317803806        1347.3232191624893        115.51509780818468        1828623.5947160076     
   12890.240592718956        1315.5133311317054        152.47526260043387        1753824.0300903074     
   12898.508867634106        1276.6464973127249        210.11281438202485        1673973.6738683844     
   12906.777142549256        1230.4852040776618        280.66725944790522        1592867.9479800428     
   12915.045417464406        1177.2268796012147        356.10742383515259        1512675.6233661219     
   12923.313692379556        1118.1906926932393        428.78909466059821        1434210.5129256416     
   12931.581967294705        1056.0558758941456        491.99401155038350        1357312.1204119902     
   12939.850242209855        994.60687986271364        540.39550429318240        1281270.1465305253     
   12948.118517125005        938.08591348740788        570.30794138259603        1205256.3290875591     
   12956.386792040155        890.34339539649397        579.66497416837956        1128722.8440037859     
   12964.655066955305        853.98328637615168        567.82948039744531        1051717.7722182451     
   12972.923341870455        829.75537420705678        535.32252727777598        975064.18923655804     
   12981.191616785605        816.34278836044564        483.67851677240617        900360.45569526206     
   12989.459891700755        810.65385159543962        415.49964962504504        829799.62594505632     
   12997.728166615905        808.64062537872644        334.60559685703771        765860.56646095228     
   13005.996441531055        806.46795715651444        246.12411541225475        710967.64610766654     
   13014.264716446205        801.75562137481222        156.23101477794489        667220.20638465765     
   13022.532991361355        794.43970518754941        71.580751755208922        636258.24920032127     
   13030.801266276505        786.93459401498569       -1.5361461983255262        619268.41500267293     
   13039.069541191655        783.42531916722544       -57.708430849048689        617085.49370332854     
   13047.337816106805        788.51711685273290       -92.609420768740449        630335.74838486803     
   13055.606091021955        805.62285518046951       -102.78116574222744        659592.15282046294     
   13063.874365937105        835.59686514030011       -85.626545613089647        705554.02634592738     
   13072.142640852255        876.17604268891296       -40.008862987974886        769285.16689959436     
   13080.410915767405        922.73989616089307        32.584502652048556        852510.66578009701     
   13088.679190682555        970.44487843858496        126.96875298661212        957884.32632265531     
   13096.947465597705        1016.9737609809134        234.13029740412827        1089052.6266862096     
   13105.215740512855        1064.4656610503591        342.37151788207206        1250305.3998122520     
   13113.484015428005        1119.4697592767056        438.69842090306634        1445668.8464378892     
   13121.752290343155        1190.6986664404496        509.55556220473198        1677410.1852368456     
   13130.020565258304        1285.2064295168097        540.67063073843110        1944080.2974144393     
   13138.288840173454        1403.9602628621269        517.06913761977785        2238464.9127747533     
   13146.557115088604        1538.0269992206488        424.90055805935390        2546067.5345708239     
   13154.825390003754        1667.1751142803917        255.85227609715477        2844933.2488599317     
   13163.093664918904        1762.7658070484108        13.245410005416915        3107518.7313852469     
   13171.361939834054        1795.6494001761400       -283.61294249039952        3304793.0695009939     
   13179.630214749204        1746.7153288992588       -600.71994918832161        3411878.8975644656     
   13187.898489664354        1615.1397026175177       -897.21188900017023        3413665.4327346575     
   13196.166764579504        1419.6926596419858       -1137.0804190909660        3308479.1273214221     
   13204.435039494654        1192.2424430738683       -1298.8443684992933        3108438.7366490741     
   13212.703314409804        967.15681403304870       -1378.7631666044626        2836380.1725157225     
   13220.971589324954        771.93131229142091       -1387.3279408082835        2520556.7662433074     
   13229.239864240104        622.31612187029782       -1342.2794639924325        2188991.5149954990     
   13237.508139155254        522.47306405976758       -1261.8031394445725        1865125.2653801811     
   13245.776414070404        467.92477636038808       -1160.4359271691844        1565565.1373969237     
   13254.044688985554        449.28851433116211       -1047.8447920406747        1299838.8773166677     
   13262.312963900704        455.27975478178240       -929.63806301528155        1071506.5833209646     
   13270.581238815854        474.84913725003901       -808.93766627505306        879861.85106563545     
   13278.849513731004        498.33337476331133       -687.96255697928177        721628.63220846234     
   13287.117788646154        518.16253986374636       -569.06674506179161        592329.37805327075     
   13295.386063561304        529.21593577308329       -455.14973768553824        487230.79039139452     
   13303.654338476454        528.90505622728142       -349.52350484205317        401907.23893985647     
   13311.922613391604        516.98298946787156       -255.43216131533683        332517.00043336168     
   13320.190888306754        495.07327416281953       -175.48109611749979        275891.16188489343     
   13328.459163221904        465.99176489642969       -111.19228488515223        229512.04916927026     
   13336.727438137053        433.00232257653499       -62.793808794919414        191434.07377964657     
   13344.995713052203        399.15070201519580       -29.311805522648662        160180.46486222121     
   13353.263987967353        366.82124318309656       -8.8477539638909430        134636.10720059799     
   13361.532262882503        337.56300253527439        1.0544125884444593        113949.89246653634     
   13369.800537797653        312.16273645685021        3.0713672112588442        97455.007328775318     
   13378.068812712803        290.88220913230055      -0.16152511509839168        84612.485680050231     
   13386.337087627953        273.75232214736019       -6.1876049315015678        74978.620335860411     
   13394.605362543103        260.82215676070035       -12.799846457784231        68192.033526646206     
   13402.873637458253        252.28790942216159       -18.008936752837943        63973.511043572529     
   13411.141912373403        248.46005713671155       -19.953726284360346        62130.551185009143     
   13419.410187288553        249.55668416883262       -16.776389209097665        62559.985848237600     
   13427.678462203703        255.34790129589723       -6.5289373008697620        65245.177718497966     
   13435.946737118853        264.73920379461350        12.732491413767088        70248.962363407554     
   13444.215012034003        275.50166356578075        42.515483303882647        77708.732948075369     
   13452.483286949153        284.46851936388492        83.196625003876647        87844.016921116650     
   13460.751561864303        288.43588184153941        133.37417205236343        100983.92770435993     
   13469.019836779453        285.57101251126375        189.89281666203286        117610.08500654876     
   13477.288111694603        276.66197147804030        248.70229157230014        138394.67629542938     
   13485.556386609753        265.45897211974972        306.16319165303395        164204.36580204646     
   13493.824661524903        257.98857390064092        359.84329312242528        196045.29986847815     
   13502.092936440053        261.26338245450324        408.25845379117828        234933.52010353169     
   13510.361211355203        281.89628326229547        449.69193027814259        281688.34667437820     
   13518.629486270353        324.75118640711690        480.83262868301301        336663.34987904626     
   13526.897761185503        391.51060595091724        496.15611761258185        399451.44761644455     
   13535.166036100652        479.34589997716341        488.73163130632514        468631.09926425846     
   13543.434311015802        580.39342777600223        452.53638315293728        541645.70908271964     
   13551.702585930952        682.90583384156116        385.41986691740760        614908.85170947015     
   13559.970860846102        774.17701868296626        291.26233747942774        684183.80549082602     
   13568.239135761252        844.29249416174355        179.91002961680334        745197.43445457681     
   13576.507410676402        888.89887934863441        64.860068227036649        794348.04615767393     
   13584.775685591552        909.77282416195089       -40.266807124337106        829308.00733960059     
   13593.043960506702        913.13259923276928       -124.63571080076501        849345.20418840507     
   13601.312235421852        906.81003375165039       -181.61125634448555        855287.08574369177     
   13609.580510337002        897.60249076413277       -208.53252510436133        849176.04545237613     
   13617.848785252152        889.62888109819994       -205.70498484110104        833754.08687251282     
   13626.117060167302        883.84710259958251       -175.34867410131554        811932.85828276630     
   13634.385335082452        878.49087870934352       -120.91332109801915        786366.25519446726     
   13642.653609997602        870.04747390832938       -46.875275562545241        759179.89831332967     
   13650.921884912752        854.48724371528374        41.301507635016812        731854.26420506812     
   13659.190159827902        828.48221928594046        137.27585129592254        705227.44702197739     
   13667.458434743052        790.40088852771942        234.19058076924634        679578.79270644521     
   13675.726709658202        740.87167219080629        325.37582016287041        654760.25900146214     
   13683.994984573352        682.81008345325063        405.12579713118384        630356.52156661218     
   13692.263259488502        620.87447493268246        469.44263758261013        605861.50360345200     
   13700.531534403652        560.56800239074221        516.35506024856386        580859.03354864521     
   13708.799809318802        507.15613505668205        545.87726540034737        555189.33420659276     
   13717.068084233952        464.77013716335074        559.52123335161264        529075.29097014968     
   13725.336359149102        435.83243158239333        559.67234547811233        503183.04271199310     
   13733.604634064252        420.88876453523710        549.04978995442048        478603.02396099147     
   13741.872908979401        418.81179309676332        530.43147926118650        456760.87222813664     
   13750.141183894551        427.29577333883219        506.66930084800543        439295.45833503734     
   13758.409458809701        443.48113476799409        480.91459794609796        427954.36741276481     
   13766.677733724851        464.59141058433568        456.84323868988355        424550.92352540465     
   13774.946008640001        488.36210367974701        438.75953651347504        431007.47519202740     
   13783.214283555151        513.11958959637116        431.49955056471180        449483.57536509662     
   13791.482558470301        537.47012025854121        440.11068390559672        482571.54425858281     
   13799.750833385451        559.69020239152724        469.34684099750979        533539.57980741048     
   13808.019108300601        577.21016253519713        522.91260330876605        606609.16243305965     
   13816.287383215751        586.66223777252583        602.56312238093767        707254.89768173243     
   13824.555658130901        585.00430330935865        707.29095723749083        842490.53308039415     
   13832.823933046051        571.64497209493663        833.22475124114260        1021041.4602022849     
   13841.092207961201        551.06442915895252        974.44345879241143        1253212.0594676002     
   13849.360482876351        534.69139107552928        1124.3990531873706        1550168.1144989398     
   13857.628757791501        541.27436480301117        1276.4689289227051        1922350.8644979813     
   13865.897032706651        595.10926713167294        1422.2170393494087        2376856.3468417944     
   13874.165307621801        721.94172544672665        1546.8302750659582        2913883.7548016249     
   13882.433582536951        941.54239015491430        1623.6614821252074        3522778.6809956543     
   13890.701857452101        1256.7553125360303        1612.2118445084029        4178660.9471607218     
   13898.970132367251        1641.5887753303441        1465.0051189985015        4841053.7059823927     
   13907.238407282401        2035.5087914463684        1145.7513130332161        5456042.1113727940     
   13915.506682197551        2352.9932376666184        652.95659490133187        5962929.4913299773     
   13923.774957112701        2510.7166651626362        34.644982658039396        6304898.4475487648     
   13932.043232027851        2461.2336167383492       -619.27796603706361        6441176.1153819375     
   13940.311506943000        2213.5172603997335       -1207.0934233615637        6356733.1948102806     
   13948.579781858150        1827.5644256874380       -1651.0091099726135        6065822.8112508161     
   13956.848056773300        1387.6500727135067       -1918.9490905616767        5607938.3364692861     
   13965.116331688450        971.60046288839158       -2023.3296847664415        5037870.4727420043     
   13973.384606603600        631.07790991099296       -2003.8508810444418        4413677.6818402130     
   13981.652881518750        387.75656480656221       -1906.8651806444982        3786489.9707049606     
   13989.921156433900        239.99745391109786       -1771.1246026200024        3194481.1358896708     
   13998.189431349050        172.91865620527167       -1622.1534467954236        2661282.6666141101     
   14006.457706264200        166.63459963037317       -1473.0555111396616        2197659.6286929040     
   14014.725981179350        201.28641503149390       -1328.2636105440495        1804800.4399717452     
   14022.994256094500        259.28463948926827       -1187.6949358319621        1477847.7848759685     
   14031.262531009650        326.05331005185604       -1050.0243895871135        1208861.9797235623     
   14039.530805924800        390.20871031383456       -914.69970560676916        988938.38904189621     
   14047.799080839950        443.56740929759917       -782.78979553804152        809511.91058947274     
   14056.067355755100        481.17945232427053       -656.88428930252701        663030.63487157086     
   14064.335630670250        501.15172004751747       -540.42012187448836        543206.95463342220     
   14072.603905585400        504.22221421034448       -436.77125109823669        445009.16708910145     
   14080.872180500550        493.05851055265623       -348.43471662580436        364513.44657850842     
   14089.140455415700        471.41630630837102       -276.51546394964674        298694.13565671630     
   14097.408730330850        443.31513381885225       -220.62440080663256        245203.43410411253     
   14105.677005246000        412.42863203561848       -179.10076373355290        202174.46009271350     
   14113.945280161150        381.75913928579342       -149.42928393163427        168069.15132455080     
   14122.213555076300        353.57994458935167       -128.69098160266068        141580.14596166534     
   14130.481829991450        329.54505916649981       -113.94618482633048        121583.67905752812     
   14138.750104906600        310.86462539847844       -102.44064806815189        107130.90170075928     
   14147.018379821749        298.43027771008485       -91.653584711278938        97461.010244545963     
   14155.286654736899        292.83534584063415       -79.178605172410215        92021.791290652240     
   14163.554929652049        294.23952919048753       -62.542355903757915        90488.446820232086     
   14171.823204567199        302.07881264971388       -39.058253116637751        92777.156188384281     
   14180.091479482349        314.67183874715136       -5.9146653558238693        99053.349366784620     
   14188.359754397499        328.91794853587851        39.340782900214165        109734.71406825261     
   14196.628029312649        340.44546225013795        97.898910651172741        125487.30947339641     
   14204.896304227799        344.57828240578010        168.73984145789609        147207.32680095345     
   14213.164579142949        338.12121081476539        248.29047944880787        175974.11538776191     
   14221.432854058099        321.30771986457455        331.23564835097994        212955.70558306598     
   14229.701128973249        298.91253447100559        412.18679061071970        259246.65361784538     
   14237.969403888399        279.81106425175903        487.16929640506339        315628.15503750654     
   14246.237678803549        275.26669878358774        553.61486551663518        382261.17478021648     
   14254.505953718699        296.49866026933063        608.63410335892888        458346.92731303524     
   14262.774228633849        351.92624567050541        646.50012304262680        541814.49148586858     
   14271.042503548999        444.04925529470125        657.22610661612055        629125.89634556300     
   14279.310778464149        566.44336296297320        628.05641555702016        715312.94456713507     
   14287.579053379299        702.62082863522801        548.34329576249979        794356.39883973473     
   14295.847328294449        828.81626626997036        415.94958791865400        859950.46292339242     
   14304.115603209599        921.02713493042916        241.37634187431777        906553.52169478254     
   14312.383878124749        963.49262343732494        46.306053207623165        930462.28598180611     
   14320.652153039899        953.97455355083912       -143.16321215916807        930563.15413825377     
   14328.920427955049        903.11054445561103       -304.76857700874291        908492.54103884427     
   14337.188702870199        828.90414931815985       -425.53055252759060        868158.33989129879     
   14345.456977785348        749.91433607765396       -502.43876702880578        814816.22606821510     
   14353.725252700498        680.35985112466858       -539.57087592543576        754026.25716932316     
   14361.993527615648        628.22682116125213       -544.16818398422242        690787.95128705841     
   14370.261802530798        595.74274896455074       -523.55197301879991        629016.09139571793     
   14378.530077445948        580.92378370847462       -483.62661332922545        571367.14359846676     
   14386.798352361098        579.26127011782944       -428.69883371760602        519326.30908935657     
   14395.066627276248        585.09631223412987       -362.07332594225937        473434.78794886800     
   14403.334902191398        592.71768271483177       -286.77890645175069        433556.39258850191     
   14411.603177106548        597.17579851030439       -206.16206844084851        399121.73279022879     
   14419.871452021698        594.92272739019745       -124.06977107638346        369326.35966033739     
   14428.139726936848        584.19555335447899       -44.673388759705816        343280.15622242168     
   14436.408001851998        565.09933703073818        27.984808321006156        320120.41020934330     
   14444.676276767148        539.35063409973145        90.564651536627522        299101.06261173316     
   14452.944551682298        509.72847884233369        140.85324604167644        279662.75906339649     
   14461.212826597448        479.37481795779911        177.99774945424826        261483.41490285037     
   14469.481101512598        451.13631158992411        202.43240485379943        244502.85016985366     
   14477.749376427748        427.08757573508490        215.66571883918732        228915.49962969526     
   14486.017651342898        408.35308439584446        219.95602682771170        215132.89527343269     
   14494.285926258048        395.19122185008342        218.06581893553314        203728.80321538658     
   14502.554201173198        387.27226764818778        213.09496614451862        195389.27388550312     
   14510.822476088348        383.99599550673088        208.42370198750669        190893.36411538228     
   14519.090751003498        384.71610330231391        207.69800551153381        191144.94163358581     
   14527.359025918648        388.72578301816441        214.84818633267378        197267.47755352437     
   14535.627300833798        394.91537102893716        234.11372595774466        210767.38695674107     
   14543.895575748948        401.14826512950032        269.90777634971647        233770.13835045646     
   14552.163850664097        403.47954964403175        326.40308472695835        269334.72070022463     
   14560.432125579247        395.63299427090880        406.59875765005489        321848.01587833301     
   14568.700400494397        369.36706922245008        510.92781666070238        397479.26566365454     
   14576.968675409547        316.38292652192223        636.02434964528425        504625.12953628285     
   14585.236950324697        231.73136818706894        774.91828669734923        654197.77805980609     
   14593.505225239847        117.72891836899500        919.60243092246799        859528.72917884600     
   14601.773500154997       -13.606859758032298        1065.5685428704039        1135621.4661874308     
   14610.041775070147       -140.59006020832456        1215.6338125249792        1497531.1311833968     
   14618.310049985297       -233.63542471513486        1379.5545887653866        1957756.3750654564     
   14626.578324900447       -257.06427936581230        1567.3377120560708        2522629.5473590232     
   14634.846599815597       -171.77086609270060        1777.1723152067707        3187846.6683756299     
   14643.114874730747        57.528096860996442        1982.5201051058668        3933695.4490774255     
   14651.383149645897        446.65278133418707        2126.4714602792724        4721379.5784558263     
   14659.651424561047        971.88492149702404        2132.6518649895925        5492764.2778768642     
   14667.919699476197        1559.2620175885968        1935.1077201161352        6175939.9279475277     
   14676.187974391347        2098.3757029921840        1514.6356086057249        6697301.6177643770     
   14684.456249306497        2480.8938471982169        918.01911704268241        6997593.3803217961     
   14692.724524221647        2643.2540616440233        244.15299439729105        7046402.7190707903     
   14700.992799136797        2587.1091668391746       -395.12248840043901        6849255.6219830429     
   14709.261074051947        2368.0624084541541       -914.75754312244101        6444500.9330330938     
   14717.529348967097        2064.8809106174972       -1275.9540072178879        5891791.8035679311     
   14725.797623882247        1749.5431232276692       -1482.0059221157198        5257242.6932192929     
   14734.065898797397        1470.7839753389990       -1561.2086178174116        4600577.8504613414     
   14742.334173712547        1251.7109185537877       -1549.3932649286339        3967399.7130329786     
   14750.602448627697        1095.7352456393467       -1478.6120916852965        3386929.4462142871     
   14758.870723542846        994.51691755105116       -1372.8245679325398        2873711.1936144088     
   14767.138998457996        934.64999478828145       -1248.0706501073976        2431250.9604172362     
   14775.407273373146        901.89611490197262       -1114.6906203802489        2055951.7812389764     
   14783.675548288296        883.60433814602357       -979.63519380160199        1740441.7393251746     
   14791.943823203446        869.80431344164765       -848.17783162937883        1475965.1777492110     
   14800.212098118596        853.57968752786644       -724.77128204782571        1253891.6942414190     
   14808.480373033746        830.91495633553643       -613.29627311002946        1066551.9832727383     
   14816.748647948896        800.32163502245032       -516.80556183685781        907602.70823051839     
   14825.016922864046        762.17137373390437       -437.24811216446204        772091.11453081295     
   14833.285197779196        718.02519507790032       -375.19770142116482        656333.49591838242     
   14841.553472694346        670.00076147906782       -329.82462196540513        557685.30163715314     
   14849.821747609496        620.33051637392418       -299.08575450918130        474262.23809506570     
   14858.090022524646        571.15023569837274       -280.09379184029029        404665.12396577862     
   14866.358297439796        524.49635573798332       -269.55354643914757        347755.54158034688     
   14874.626572354946        482.38589208553009       -264.23351866798833        302515.50127081882     
   14882.894847270096        446.91555546474171       -261.28288708546711        268002.26080007560     
   14891.163122185246        420.28492925192029       -258.35645331663073        243387.47872664005     
   14899.431397100396        404.73181442623684       -253.47161146258136        228055.69942619163     
   14907.699672015546        402.36465310737475       -244.61957870339893        221736.05235524639     
   14915.967946930696        414.89885204129030       -229.14723319304960        224649.51190521035     
   14924.236221845846        443.14799326581988       -203.18074430841199        237662.55879324343     
   14932.504496760996        486.20902162390917       -161.36354451947500        262437.40620836755     
   14940.772771676146        540.43477235297610       -97.375535943944257        301551.73816858348     
   14949.041046591296        598.74373739830617       -5.6112798390498506        358525.54953512392     
   14957.309321506445        651.28420795419595        116.09925623115507        437650.15682795178     
   14965.577596421595        688.35687893997010        263.93617334025964        543497.49638147629     
   14973.845871336745        705.17156950208982        427.51520989736287        680036.19712762698     
   14982.114146251895        706.16949774207774        592.23473417347043        849417.33990281960     
   14990.382421167045        705.91976572593421        743.19227472401440        1050657.4728520126     
   14998.650696082195        725.49153524627764        867.28232884886438        1278516.6056475108     
   15006.918970997345        785.34437507697237        951.87003411389469        1522822.3493090272     
   15015.187245912495        897.19492510214116        981.56233843973087        1768423.3578723094     
   15023.455520827645        1056.6799867135383        937.77372773832201        1995992.1587571518     
   15031.723795742795        1239.7032469782910        804.43534115427394        2183980.3586665103     
   15039.992070657945        1406.0601875002933        578.66892158071880        2311862.9716767520     
   15048.260345573095        1511.9469032892425        279.72585584388639        2364229.9927935251     
   15056.528620488245        1527.0473093645076       -51.714567099939458        2334547.8814877165     
   15064.796895403395        1446.8110778116986       -365.83126343837279        2227094.8081875653     
   15073.065170318545        1292.6259704958102       -620.66134496569805        2056102.4047348644     
   15081.333445233695        1100.7677952003996       -794.12303816998542        1842321.1387026771     
   15089.601720148845        907.81067864995453       -885.55727632405456        1608331.9179213690     
   15097.869995063995        740.27484476745258       -908.99375397081371        1374276.4905534282     
   15106.138269979145        611.31345237984067       -884.01208200073017        1155181.4981838255     
   15114.406544894295        522.81577469839374       -828.75056792033433        960163.83810175827     
   15122.674819809445        469.58529138309706       -756.68660482223731        793084.96380075288     
   15130.943094724595        443.24861924926347       -676.36430154488846        653938.00687068340     
   15139.211369639745        434.86036945546772       -592.65554445019279        540344.13529050036     
   15147.479644554895        436.34897957680306       -508.32082405324707        448790.49214388942     
   15155.747919470045        441.18282609002659       -425.25700810199788        375485.80897664535     
   15164.016194385194        444.61014032605601       -345.23217330950041        316863.43036875618     
   15172.284469300344        443.67519452896937       -270.13605246584984        269821.16508215119     
   15180.552744215494        437.06196407452234       -201.92287394629818        231796.00746341169     
   15188.821019130644        424.84852343770183       -142.31484847579105        200749.78396388283     
   15197.089294045794        408.09924255694881       -92.566165204743797        175113.48671626725     
   15205.357568960944        388.43855041986365       -53.233437123700746        153718.30628028794     
   15213.625843876094        367.61885634290775       -24.132732032014427        135726.01229419647     
   15221.894118791244        347.19424377201881       -4.3980706533467986        120563.18593389585     
   15230.162393706394        328.33923337460095        7.3652850792153206        107860.89959731878     
   15238.430668621544        311.82560222134020        12.909190983060615        97401.853412538621     
   15246.698943536694        298.12231041888350        14.194311844778300        89078.390458239941     
   15254.967218451844        287.55827524579138        13.260813380275794        82865.610833840823     
   15263.235493366994        280.47358397804879        12.176237572572687        78813.692070915320     
   15271.503768282144        277.29499257093204        13.029276265890607        77062.274944926146     
   15279.772043197294        278.48618786893087        18.013220960930035        77879.032963156744     
   15288.040318112444        284.34200381000863        29.575892729566004        81725.108561441768     
   15296.308593027594        294.60513157994808        50.591372116852746        89351.670485904382     
   15304.576867942744        307.90987093833229        84.403196600552477        101932.38821765195     
   15312.845142857894        321.15137712247275        134.51349851559942        121232.08831056688     
   15321.113417773044        329.07958895664638        203.72347600860053        149796.63054490217     
   15329.381692688194        324.71713381536478        292.70870033469026        191119.60024488901     
   15337.649967603344        301.19069682125235        398.73575118572018        249706.03512531210     
   15345.918242518494        254.97627550415964        515.68229706820580        330941.13257951441     
   15354.186517433644        189.27233131501106        636.30922672049849        440713.44741105806     
   15362.454792348793        115.54728773361158        755.96684392513964        584837.04481673043     
   15370.723067263943        52.314982941191403        875.00486981099857        768370.37963309977     
   15378.991342179093        22.186175769940320        997.16700695721124        994834.26615929767     
   15387.259617094243        48.550827067370371        1123.7436004439223        1265156.8623475954     
   15395.527892009393        151.59345156976838        1246.2609271769179        1576146.8731667069     
   15403.796166924543        341.91871692628808        1342.2787473896594        1918620.6446784723     
   15412.064441839693        612.50367306455155        1378.6705039002190        2275893.1078420510     
   15420.332716754843        933.79421637822577        1323.5624932922024        2623789.3121912959     
   15428.600991669993        1258.0553957156380        1162.0954980989118        2933169.3253909885     
   15436.869266585143        1533.9322140650834        906.66631356700452        3174991.8415037906     
   15445.137541500293        1724.2475378677630        594.58127612184830        3326556.4657577281     
   15453.405816415443        1816.9631085726348        274.40134417793303        3376651.0356005887     
   15461.674091330593        1824.1455989374920       -10.304850247824518        3327613.3560616514     
   15469.942366245743        1772.0299242540032       -231.51785920432545        3193690.5715822023     
   15478.210641160893        1689.1605750589631       -378.70654898276365        2996682.0985759613     
   15486.478916076043        1598.0889419472908       -454.79532086565439        2760727.0502555049     
   15494.747190991193        1512.2336408599656       -470.20045496013631        2507939.0523933065     
   15503.015465906343        1436.5916971249574       -438.15778152896348        2255777.9457627479     
   15511.283740821493        1370.3647733169059       -371.87272887330136        2016188.9384275710     
   15519.552015736643        1309.8273573083702       -283.49256005859758        1796015.7375620066     
   15527.820290651793        1250.7176356963416       -183.79707314242231        1598075.9683375678     
   15536.088565566943        1189.8098154384477       -82.199880473320135        1422404.2172635011     
   15544.356840482093        1125.6961317123864        13.370043400828180        1267370.5390127706     
   15552.625115397243        1058.8724349827169        96.684423862182129        1130558.7113837900     
   15560.893390312393        991.31343959735625        163.36789347031657        1009391.4041432699     
   15569.161665227542        925.75020080276238        211.00658231023368        901537.21206460020     
   15577.429940142692        864.89152664598942        238.96520101520491        805141.72016026743     
   15585.698215057842        810.77058821778860        248.13504211314333        718919.94584351033     
   15593.966489972992        764.38575970773888        240.53140838713344        642140.94806467509     
   15602.234764888142        725.66868420770891        218.95364842407861        574535.73939796258     
   15610.503039803292        693.76179573939692        186.70905267381255        516165.69957790518     
   15618.771314718442        667.50741298367018        147.40429285467161        467294.17194013781     
   15627.039589633592        646.01231329787311        104.74249571642801        428302.89934137533     
   15635.307864548742        629.12703098050463        62.331947322717944        399686.09276738693     
   15643.576139463892        617.72857375680883        23.488133115916369        382140.28323289222     
   15651.844414379042        613.74086118165474       -8.8335893623741342        376755.87698502222     
   15660.112689294192        619.91413156572639       -31.909631578804653        385311.75510238379     
   15668.380964209342        639.40285409474745       -42.853463606608820        410672.42916759185     
   15676.649239124492        675.15106818142408       -38.039484807591819        457275.96727094491     
   15684.917514039642        729.03752737574382       -12.668407322281343        531656.20486622164     
   15693.185788954792        800.81686684510123        39.132974614864125        642839.04392581224     
   15701.454063869942        887.23057945450489        122.93036911311296        802289.97676946269     
   15709.722338785092        982.22319377869223        241.22504617418986        1022951.9252985545     
   15717.990613700242        1079.3306530222440        389.91356968731532        1316987.2503797286     
   15726.258888615392        1176.1110382068821        555.95542443505758        1692323.6081508351     
   15734.527163530542        1278.2272633146470        717.62147830592789        2148845.5228068372     
   15742.795438445692        1399.2739723757079        847.05775500293441        2675474.4900787044     
   15751.063713360842        1554.2340726117620        912.86427344548258        3248964.7342004925     
   15759.331988275992        1747.9520298175453        882.63641967682827        3834383.3478832068     
   15767.600263191141        1963.9267510561228        728.00308067128651        4386996.7689807424     
   15775.868538106291        2160.1490252320223        435.50597330102607        4855909.2639917303     
   15784.136813021441        2278.1371446520220        20.277331512971916        5190320.0200165557     
   15792.405087936591        2264.9989521290295       -467.21368327784916        5348508.8789876560     
   15800.673362851741        2098.4707976828390       -950.82977033639054        5307656.9408856044     
   15808.941637766891        1799.6366993896220       -1353.5641640214244        5070828.1959129907     
   15817.209912682041        1424.6616942834496       -1624.1787875822079        4667617.6771906000     
   15825.478187597191        1041.5537792947900       -1750.0486955506917        4147504.7119619381     
   15833.746462512341        706.38755776643347       -1751.9527337011539        3568321.7628901727     
   15842.014737427491        450.74722282906902       -1667.6521805383247        2984236.8541423474     
   15850.283012342641        281.89560247862630       -1535.4779255066785        2437157.5904150805     
   15858.551287257791        190.35296223142370       -1384.5606589282170        1953242.4684820164     
   15866.819562172941        158.73411768045338       -1232.3512285224485        1543886.0705565803     
   15875.087837088091        168.14586558393876       -1086.7483498537638        1209295.0080228506     
   15883.356112003241        201.70139217676007       -949.76503567078100        942737.07458876306     
   15891.624386918391        245.76910386524639       -820.85375276579384        734203.33584441326     
   15899.892661833541        290.16223741536442       -699.12941543273291        572976.06354520516     
   15908.160936748691        327.92111024489992       -584.45794761974014        449123.34708012670     
   15916.429211663841        354.95229091737428       -477.68758799364764        354176.56055068120     
   15924.697486578991        369.64516380124752       -380.33207629376733        281290.03537957917     
   15932.965761494141        372.36404519939589       -294.05836018736773        225125.30135334143     
   15941.234036409291        364.90252164472412       -220.14879392610413        181619.34176979662     
   15949.502311324441        349.85092268794835       -159.16565877959269        147729.37504035054     
   15957.770586239591        330.02144741993538       -110.83714218017541        121199.02784381759     
   15966.038861154741        308.00800232704967       -74.121352926733024        100362.90445718914     
   15974.307136069890        285.90625106186792       -47.432690673544833        83992.244540784028     
   15982.575410985040        265.22350844154596       -28.890223301696835        71178.154432464711     
   15990.843685900190        246.92811074377687       -16.534735003967185        61246.889337142347     
   15999.111960815340        231.58021015747639       -8.4898003490149971        53701.470446547064     
   16007.380235730490        219.48901804925862       -3.0469786981060665        48184.713123414491     
   16015.648510645640        210.85075463533101        1.3261071072605950        44459.799290348492     
   16023.916785560790        205.83866493469569        6.0326832547955602        42405.949249350611     
   16032.185060475940        204.63107683856572        12.439517208248361        42028.619196485299     
   16040.453335391090        207.36666392277323        22.012268618501903        43485.473276193465     
   16048.721610306240        214.01262812932410        36.459746723529932        47130.718129964313     
   16056.989885221390        224.13248072214006        57.828832964122711        53579.542836652894     
   16065.258160136540        236.57415790284978        88.436773124849594        63788.395028178624     
   16073.526435051690        249.19575137107219        130.51238345684843        79132.004736980671     
   16081.794709966840        258.93841120771606        185.43249366141450        101434.31050426679     
   16090.062984881990        262.63234707689497        252.81347953829186        132890.40516737694     
   16098.331259797140        258.70744486263789        329.99934023816917        175829.10658498175     
   16106.599534712290        249.28099736503961        412.54940431755813        232338.02665008092     
   16114.867809627440        241.35987607586230        495.59821394417116        303872.17944400804     
   16123.136084542590        246.20917471030154        574.77789552895740        390988.58690022485     
   16131.404359457740        276.78801324336894        645.46071111500066        493231.13386829372     
   16139.672634372890        344.08158672033608        700.45499137210641        609029.33325808181     
   16147.940909288040        452.83389694037550        728.28287659860223        735454.48656494147     
   16156.209184203190        597.83895493614273        714.45307867148472        867854.61766230199     
   16164.477459118340        762.50805126498597        646.69110200193825        999627.90965240775     
   16172.745734033489        922.03271916316305        521.86797962799506        1122490.5233684217     
   16181.014008948639        1051.0436091646529        350.36465033577571        1227448.0565707700     
   16189.282283863789        1132.4802077429458        154.36988371298358        1306341.4819270659     
   16197.550558778939        1162.7431327550225       -39.050457141042955        1353496.5309718882     
   16205.818833694089        1150.8041807991592       -206.21525542803388        1366874.9941160730     
   16214.087108609239        1112.6716610673841       -332.07703397184031        1348313.3818339864     
   16222.355383524389        1064.8385836948587       -411.02703808008926        1302824.4353581637     
   16230.623658439539        1019.6645113856496       -444.50197303993525        1237297.7198157308     
   16238.891933354689        983.55535548145679       -437.83644296536841        1159081.8880848212     
   16247.160208269839        957.41053938491973       -397.75555341267830        1074844.4211959490     
   16255.428483184989        938.20290791210118       -331.16581289836466        989895.49204735726     
   16263.696758100139        920.86240508108472       -244.90179311444822        907964.45736239175     
   16271.965033015289        900.02477520530442       -145.79952139142938        831302.09642132872     
   16280.233307930439        871.37775181327254       -40.776548955343550        760961.91329986078     
   16288.501582845589        832.53773046877916        63.387699788680251        697137.07313860545     
   16296.769857760739        783.39406114959490        160.53537461879716        639477.86154845287     
   16305.038132675889        725.93518242964296        245.71545161967228        587357.97225381853     
   16313.306407591039        663.66236153898819        315.64527397219888        540079.66910449113     
   16321.574682506189        600.78591911371052        368.88756317243156        497021.75486860063     
   16329.842957421339        541.40253630139409        405.73495977042887        457737.56389349391     
   16338.111232336489        488.85809651324064        427.81750193198422        422010.05348587222     
   16346.379507251639        445.38764330634910        437.60863553395455        389871.47070387314     
   16354.647782166789        412.03809387598420        437.97516061084286        361597.63211704796     
   16362.916057081939        388.85401208822901        431.83800452917257        337691.50487285020     
   16371.184331997089        375.17867665367152        422.03962464782120        318876.48418847402     
   16379.452606912238        370.02518614264397        411.34750587190553        306125.40896693571     
   16387.720881827390        372.42322443772036        402.56392513321657        300756.77191925060     
   16395.989156742540        381.66559366449519        398.70731652483755        304636.14963770856     
   16404.257431657690        397.39908476876525        403.24295889889140        320530.91647658532     
   16412.525706572840        419.52249414611828        420.33544509273133        352681.00949588441     
   16420.793981487990        447.81472602357223        455.10095005444066        407654.90358402155     
   16429.062256403140        481.33185505677051        513.65707932653743        495523.94983466069     
   16437.330531318290        517.65931772648287        602.71743342044704        631239.47377797868     
   16445.598806233440        552.66973656827133        728.22004058557138        835748.26522889361     
   16453.867081148590        581.75236147960618        892.98245264792456        1135853.4708242011     
   16462.135356063740        603.62125038738327        1094.1268655381484        1561472.2118115616     
   16470.403630978890        626.31964754301316        1321.8162504599477        2139474.5008783992     
   16478.671905894040        672.50914941612723        1559.7550177477513        2885104.2714376911     
   16486.940180809190        779.28116558377189        1785.1228319183497        3793942.6600697907     
   16495.208455724340        989.27242977276489        1964.3460551702497        4837315.3647714313     
   16503.476730639490        1332.6066940896321        2045.9450235146346        5961731.6403767969     
   16511.745005554640        1802.6063175676456        1960.0178730714294        7091059.5988942385     
   16520.013280469790        2335.0781271184669        1636.6083719635171        8131076.8229281604     
   16528.281555384940        2808.4760127897962        1044.4246593173009        8978360.3834057301     
   16536.549830300090        3079.4450846456302        229.37275494745879        9535593.8900603205     
   16544.818105215239        3044.6263354183811       -679.75720004877189        9731819.3733413070     
   16553.086380130389        2692.4253576849505       -1513.9635963110688        9541240.0776600782     
   16561.354655045539        2108.4113540729650       -2132.3090496075229        8992140.3210219294     
   16569.622929960689        1431.9048892213782       -2471.9393992736941        8160836.0054576788     
   16577.891204875839        796.12861232928299       -2553.1804949794314        7152551.4073127639     
   16586.159479790989        287.57631246077068       -2448.3256409073765        6076998.5794130508     
   16594.427754706139       -62.359108870297099       -2241.3644550991698        5027603.2790410956     
   16602.696029621289       -263.19120164596353       -2000.1591878434488        4069906.3853384112     
   16610.964304536439       -344.79858048578461       -1766.5820297582184        3239698.1289696787     
   16619.232579451589       -341.56242483854533       -1559.2534742195908        2547936.2869274509     
   16627.500854366739       -283.90125411616498       -1381.2777962962441        1988528.2726297397     
   16635.769129281889       -195.61583377184900       -1227.8682925652658        1545926.0983093970     
   16644.037404197039       -94.271072678272759       -1091.8250192163412        1200968.9077306758     
   16652.305679112189        7.6144149503604233       -966.72782996875378        934620.67655113200     
   16660.573954027339        101.31288210071598       -848.33465528118450        729935.98743059975     
   16668.842228942489        181.16963480025808       -734.83487057172601        572804.72358182410     
   16677.110503857639        244.08742616833715       -626.41855792043236        451978.88132059755     
   16685.378778772789        289.17418928070981       -524.52635705684656        358749.61099348229     
   16693.647053687939        317.31703267375957       -431.05947049628514        286502.36632941751     
   16701.915328603089        330.71763192012634       -347.70433836907421        230272.45898353180     
   16710.183603518239        332.34261947246318       -275.50773984966867        186356.13143489120     
   16718.451878433389        325.41821835632254       -214.70293932589991        151994.36899338427     
   16726.720153348539        313.02442327060623       -164.75359723960764        125128.03736728651     
   16734.988428263689        297.84682321278996       -124.50928989372075        104215.29336778955     
   16743.256703178839        282.05548222016381       -92.438845291066926        88100.235169194959     
   16751.524978093988        267.31398263145678       -66.826526301601547        75922.549927829416     
   16759.793253009138        254.85830270132820       -45.904800444250569        67060.005159628301     
   16768.061527924288        245.59965727017530       -27.910675490882330        61098.197457584909     
   16776.329802839438        240.21378699118674       -11.067275619721002        57825.148050290110     
   16784.598077754588        239.18403055764995        6.5295135192107283        57251.635020600377     
   16792.866352669738        242.75408790783740        27.048937536193652        59661.192217802956     
   16801.134627584888        250.75203074803747        53.085935327996054        65694.697453912915     
   16809.402902500038        262.25647654947795        87.693918765451514        76468.682880588487     
   16817.671177415188        275.17637866537189        134.10478875958248        93706.133743640370     
   16825.939452330338        286.02808287871011        194.94454761376863        119815.44083960717     
   16834.207727245488        290.48342691759598        270.95519548272881        157797.33927287412     
   16842.476002160638        285.22924033386960        359.83681547240536        210838.25331075824     
   16850.744277075788        270.91484987442630        456.24410742477147        281553.54144230933     
   16859.012551990938        254.58795120387384        553.41479308148018        371082.95809960354     
   16867.280826906088        249.77072915923316        645.01679438526071        478432.08218377270     
   16875.549101821238        273.38386262658679        724.98885578259819        600347.57735359343     
   16883.817376736388        340.57943743509941        784.62208410233518        731626.16806470067     
   16892.085651651538        458.56735161267744        809.46131733768425        865511.64023112413     
   16900.353926566688        620.75468477576271        780.16489015540731        993993.63450225536     
   16908.622201481838        803.99377098781179        679.54393701010781        1108185.9461143992     
   16916.890476396988        972.58355066754655        503.19135189643720        1199120.2996524563     
   16925.158751312138        1089.9272037790406        266.70470349325905        1259072.7084030255     
   16933.427026227288        1132.7430888881456        3.3126747535601284        1283117.8792378802     
   16941.695301142438        1099.5144794361818       -247.74728939964649        1270310.8098946901     
   16949.963576057587        1008.5038517555516       -454.83471017565296        1223954.6325863539     
   16958.231850972737        887.96337771988112       -601.93674876643217        1150806.8096872030     
   16966.500125887887        765.19955508295857       -688.48373862012738        1059540.2174435055     
   16974.768400803037        659.63011721780447       -723.82304691892534        959031.69479177124     
   16983.036675718187        581.05708750893984       -720.67308068800810        856997.02817271603     
   16991.304950633337        531.26639956799522       -690.64416955960951        759233.35625662340     
   16999.573225548487        506.87457761665115       -642.28686589784593        669454.25553893601     
   17007.841500463637        501.84497391271304       -581.10942391993501        589536.54041001038     
   17016.109775378787        509.26904060749575       -510.49661896592806        519961.75369692314     
   17024.378050293937        522.45093196880907       -432.81395270209003        460282.89396868419     
   17032.646325209087        535.57566733733802       -350.25831790084993        409522.18470256781     
   17040.914600124237        544.12436432641152       -265.31690288285677        366464.38280897267     
   17049.182875039387        545.11047349432249       -180.85093448345611        329852.48881674377     
   17057.451149954537        537.15066368653095       -99.887397567523877        298508.32769169321     
   17065.719424869687        520.34705482401671       -25.288420904582100        271400.56169587554     
   17073.987699784837        496.01399866930672        40.637787494735711        247681.31664838229     
   17082.255974699987        466.27809675153850        96.382832126835353        226704.91383902682     
   17090.524249615137        433.64389112138645        141.38312982308585        208036.21370546843     
   17098.792524530287        400.59440783388811        175.99952808542719        191451.71347407656     
   17107.060799445437        369.29771588892993        201.37974443596661        176934.60442987602     
   17115.329074360587        341.44286028407384        219.27826293067724        164666.18343286478     
   17123.597349275737        318.18851205932481        231.89818445284885        155020.69715905460     
   17131.865624190887        300.21183429549200        241.76826845899953        148579.04108472681     
   17140.133899106037        287.80221164401627        251.70768341771290        146186.87091869873     
   17148.402174021187        280.91728079856449        264.91697299210335        149095.52123055834     
   17156.670448936336        279.13581923780316        285.17557089619197        159241.91181752854     
   17164.938723851486        281.38176091176888        317.13335330896319        179749.25915479555     
   17173.206998766636        285.25836713933012        366.59150833643497        215761.67000737932     
   17181.475273681786        285.94579703678994        440.41839029602033        275733.35735394276     
   17189.743548596936        274.87890548051291        545.55861011558886        373192.60974941787     
   17198.011823512086        239.30613070832160        686.56853017633375        528643.77082307963     
   17206.280098427236        164.83968618838219        862.21203860175603        770581.72165248031     
   17214.548373342386        42.587987132784242        1064.0136683935661        1133938.8231763560     
   17222.816648257536       -120.86562118727629        1280.6553183863725        1654686.5428962873     
   17231.084923172686       -296.78666956949968        1507.7671976457402        2361444.2495306442     
   17239.353198087836       -435.25102326102211        1754.3593777962747        3267220.2797114989     
   17247.621473002986       -471.56667226332286        2035.0554911121674        4363825.9782952890     
   17255.889747918136       -335.01298879110357        2346.4843859552780        5618222.6761906659     
   17264.158022833286        34.748887593189245        2639.5760810958882        6968569.3730824906     
   17272.426297748436        655.58001737611926        2809.1007791342845        8320832.3465157170     
   17280.694572663586        1464.7309079605784        2721.4049054324764        9551481.2920469660     
   17288.962847578736        2306.8576612706106        2280.5701704240428        10522592.571590859     
   17297.231122493886        2978.4490633191149        1496.2892596293652        11110040.371268708     
   17305.499397409036        3314.4743413324868        500.55618896031802        11236296.657657899     
   17313.767672324186        3261.4457324742839       -506.47968618677095        10893549.938394567     
   17322.035947239336        2887.7648409349817       -1344.1031410903331        10145799.030429140     
   17330.304222154486        2333.7781304522832       -1913.7690033379529        9109032.1603144966     
   17338.572497069636        1744.1073655331918       -2208.4602265573949        7919207.0747930706     
   17346.840771984786        1222.0103487920737       -2282.1616850667046        6701571.2493414264     
   17355.109046899935        817.56955041994661       -2209.6485844235181        5550966.8364187311     
   17363.377321815085        538.74907010163065       -2057.9812451367479        4525537.3658699710     
   17371.645596730235        369.38711835270720       -1874.6133702417194        3650622.1310939346     
   17379.913871645385        284.19916316335537       -1687.2645671493926        2927630.8839005786     
   17388.182146560535        257.84381401115354       -1508.9977908755036        2343557.7652909686     
   17396.450421475685        268.82293977011568       -1344.0359202670052        1878698.3279146226     
   17404.718696390835        300.46024296948718       -1192.2966055357103        1511847.5531772603     
   17412.986971305985        340.55221099336921       -1052.2731752273153        1223254.6437154484     
   17421.255246221135        380.58626518862638       -922.55505462259998        995953.73405993590     
   17429.523521136285        414.98099244191570       -802.42735407503858        816098.88265594468     
   17437.791796051435        440.53074448171884       -691.88930681665158        672778.14972084411     
   17446.060070966585        455.85048533867672       -591.44478064580323        557606.59353666939     
   17454.328345881735        460.98733403484806       -501.75481780907694        464267.21933517657     
   17462.596620796885        456.99814129666345       -423.35876559746589        388079.94555681525     
   17470.864895712035        445.63133552740129       -356.42754037652196        325627.87874279247     
   17479.133170627185        428.98761904880689       -300.69147441679030        274445.74008410750     
   17487.401445542335        409.31979088171755       -255.39094187224933        232767.22439784763     
   17495.669720457485        388.84304546153209       -219.38382343541858        199328.17598894204     
   17503.937995372635        369.67636121370816       -191.22207813394357        173226.49520607205     
   17512.206270287785        353.82329241119294       -169.27006776717781        153843.27809460153     
   17520.474545202935        343.22808762436534       -151.74055025873957        140830.71472710409     
   17528.742820118085        339.86111636779049       -136.62884891014519        134173.02077327212     
   17537.011095033235        345.78360605225174       -121.49989879235144        134328.52762105045     
   17545.279369948385        363.11923314675954       -103.00906326424779        142466.44459566849     
   17553.547644863535        393.69378188552588       -76.280584868151152        160813.52152315524     
   17561.815919778684        438.09400118272794       -34.264709642475921        193100.42419917521     
   17570.084194693834        493.93176528658773        32.206342894214274        245005.83728174452     
   17578.352469608984        553.82502225926805        132.60373661770410        324305.90624545619     
   17586.620744524134        604.99911497233245        272.38217420349628        440215.97794112936     
   17594.889019439284        633.31544564477815        447.60112302092807        601435.21902183990     
   17603.157294354434        632.16440245774515        642.96548812344349        813036.45065257594     
   17611.425569269584        611.13601503486757        836.60955310960082        1073402.7732269438     
   17619.693844184734        596.84577588378761        1008.2646329267571        1372822.4502012488     
   17627.962119099884        623.94360006641489        1142.3624956046090        1694297.6874278286     
   17636.230394015034        721.15122874498365        1222.9114094516731        2015571.4100874774     
   17644.498668930184        897.82178907165530        1226.8112243831449        2311149.7452042992     
   17652.766943845334        1134.4244919561995        1125.7762888303680        2554291.1804427579     
   17661.035218760484        1381.5439005406886        900.69569120719177        2719916.2772803809     
   17669.303493675634        1573.2166276585119        560.28582405812915        2788930.7621817179     
   17677.571768590784        1652.4882941307258        149.12619462897226        2752956.1841635942     
   17685.840043505934        1596.0445460043065       -264.51322091175706        2617325.4368672054     
   17694.108318421084        1422.2017623182694       -614.70244651714040        2400516.9504953492     
   17702.376593336234        1178.4196429955514       -860.92891163818842        2129871.4458922781     
   17710.644868251384        918.76883814115331       -995.55732755164183        1835270.5703810118     
   17718.913143166534        685.40652809717005       -1036.0662346826150        1543215.3514076283     
   17727.181418081684        501.16831137767394       -1010.9125472027032        1273113.8544210067     
   17735.449692996834        371.66900977150232       -947.69112003782209        1036256.3118230707     
   17743.717967911984        291.57436625013156       -867.08148698178718        836845.91612071299     
   17751.986242827134        250.71982800065678       -781.76999576617345        674024.75843292184     
   17760.254517742283        238.16362061549557       -698.04396088358340        543987.28151072341     
   17768.522792657433        244.19041413636489       -618.09448137548463        441669.74626291869     
   17776.791067572583        260.93189188145755       -542.01588683451143        361866.67378183850     
   17785.059342487733        282.35640280435967       -469.16714888131781        299842.95179404243     
   17793.327617402883        303.98538241595219       -398.97149026406470        251585.36276610137     
   17801.595892318033        322.64374363469142       -331.27158776467394        213839.85016673655     
   17809.864167233183        336.24395236620006       -266.42546666920646        184042.52479274786     
   17818.132442148333        343.65680763436507       -205.21121148085948        160211.64275088505     
   17826.400717063483        344.58031270599133       -148.67323998881707        140839.32419333115     
   17834.668991978633        339.43627611614500       -97.888274778600717        124799.09988272667     
   17842.937266893783        329.21288369601803       -53.790830624720115        111274.57625074522     
   17851.205541808933        315.30785959750546       -16.969276439162055        99707.002666828907     
   17859.473816724083        299.33397743235639        12.438274069123636        89755.540707293083     
   17867.742091639233        282.93626222173390        34.801006524922748        81264.038535153479     
   17876.010366554383        267.63904752032420        50.991444461223274        74230.787165828369     
   17884.278641469533        254.75321178989111        62.325731762628735        68783.695757012261     
   17892.546916384683        245.35984009483525        70.493546086606685        65170.791171227662     
   17900.815191299833        240.35652634707003        77.536064987098328        63783.101131313306     
   17909.083466214983        240.52740834764157        85.905324661359771        65233.158971606739     
   17917.351741130133        246.53164260503965        98.702685040569719        70520.070839756911     
   17925.620016045283        258.66201774213141        120.07587444491317        81324.255046141261     
   17933.888290960433        276.11766758324796        155.71113381375270        100486.92354517741     
   17942.156565875583        295.55772314154081        212.97589012097461        132713.09748143313     
   17950.424840790733        309.09496605485720        299.81507137109395        185428.77506170748     
   17958.693115705883        303.11267552233880        421.39941773168528        269454.76332691405     
   17966.961390621032        260.94819780696434        575.08510449956771        398816.83935598133     
   17975.229665536182        171.49506218872062        748.08150815456099        589036.49919791566     
   17983.497940451332        40.127173941017325        923.32985329648125        854148.20807699428     
   17991.766215366482       -106.96892360511434        1092.0231063732851        1203956.8154703958     
   18000.034490281632       -228.74182248398546        1261.1914316181371        1642926.6485403015     
   18008.302765196782       -278.67234495690224        1446.5060326007340        2170037.9781940943     
   18016.571040111932       -211.43262844975618        1653.0520708713768        2777284.9053853201     
   18024.839315027082        9.2587942147247624        1856.1849132686016        3445508.1575162765     
   18033.107589942232        394.27535156053119        1995.9409651137764        4139233.3890674934     
   18041.375864857382        909.20347124680200        1994.4838856290521        4804616.9221611964     
   18049.644139772532        1469.1830205717720        1793.3314779923451        5374536.5378946047     
   18057.912414687682        1962.4830326140222        1389.3868018053813        5781735.3383289156     
   18066.180689602832        2294.3855264948529        843.73679148525014        5976096.7174948882     
   18074.448964517982        2423.4662569772136        256.04871177133020        5938749.6415069038     
   18082.717239433132        2368.5449907798234       -276.72238618120520        5686580.6523620132     
   18090.985514348282        2188.0187587977161       -691.49065397270238        5265585.4133822937     
   18099.253789263432        1949.7774918804580       -967.09831672439736        4736911.4220548123     
   18107.522064178582        1708.8970061700268       -1114.2630739533506        4161911.1756728506     
   18115.790339093732        1498.9101512755285       -1159.5363532542394        3591256.1961149680     
   18124.058614008882        1333.4239874116638       -1132.2435949152814        3059995.0884315008     
   18132.326888924032        1212.2967303483229       -1057.3600427434510        2587673.6224036668     
   18140.595163839182        1127.9779354057684       -953.45038378931281        2181401.8571102479     
   18148.863438754332        1070.1813576626928       -833.39810734338573        1839840.5436123018     
   18157.131713669482        1028.7402156676601       -706.05466006970096        1556819.6143380846     
   18165.399988584632        995.09510368856309       -577.78163424994500        1324045.8822614893     
   18173.668263499781        962.87060617108648       -453.58014664807462        1132854.7536615646     
   18181.936538414931        928.00177482433844       -337.65405810886449        975197.55703450658     
   18190.204813330081        888.57015934210301       -233.57037182425677        844112.04666737188     
   18198.473088245231        844.44491065668581       -144.21057618701971        733883.89741817024     
   18206.741363160381        796.81687414825024       -71.588962017480611        640042.11041012872     
   18215.009638075531        747.66004928904613       -16.703943477185934        559274.57103058801     
   18223.277912990681        699.20020037573238        20.486547657237995        489300.61884037656     
   18231.546187905831        653.47372903128678        41.061719507652761        428713.97934298078     
   18239.814462820981        612.04520216500248        46.943976198391468        376803.06639451394     
   18248.082737736131        575.94419981519593        40.653818783533005        333364.45428245066     
   18256.351012651281        545.81373576550709        25.095026104106317        298542.39448546455     
   18264.619287566431        522.23589678687028        3.2783447887487092        272741.07943734049     
   18272.887562481581        506.14401334789949       -21.848154754503728        256659.10411409542     
   18281.155837396731        499.23227130198649       -47.508274569266611        251489.89686188908     
   18289.424112311881        504.27941141595437       -70.929036073015212        259328.65293626845     
   18297.692387227031        525.29744417999802       -88.850836003539072        283831.87592056597     
   18305.960662142181        567.32927025096717       -96.479010506680808        331170.70035184320     
   18314.228937057331        635.48359888240395       -86.005866857942891        411236.41358251829     
   18322.497211972481        732.60532578935363       -45.450998807527924        538776.35666752688     
   18330.765486887631        855.53923336413084        40.468265573545274        733585.06034381571     
   18339.033761802781        992.01051505975829        185.01918464310248        1018316.9606751254     
   18347.302036717931        1122.8460110930805        389.92930931142359        1412828.0308877262     
   18355.570311633081        1232.7347853743863        637.51581437173627        1926061.4646460924     
   18363.838586548231        1324.2603527805254        891.95342480456520        2549246.3939669947     
   18372.106861463380        1422.4494861729970        1109.4301613141106        3254197.8235472767     
   18380.375136378530        1562.6879873159303        1246.8576309902273        3996647.6976600755     
   18388.643411293680        1767.8642560060803        1263.2195381912188        4721067.6293319678     
   18396.911686208830        2026.8460818175236        1120.9328524619416        5364595.4991075117     
   18405.179961123980        2285.8561481998645        797.80326675733522        5861628.3827117970     
   18413.448236039130        2461.1311865276170        308.40181271668604        6152278.3953857748     
   18421.716510954280        2472.9327495718630       -282.38907544722798        6195139.9738369957     
   18429.984785869430        2284.8470373352693       -871.53653383215305        5980101.9138239212     
   18438.253060784580        1923.3193585706094       -1354.7380906669775        5534472.6493564686     
   18446.521335699730        1464.3357844292771       -1665.4461932284505        4917990.3120992435     
   18454.789610614880        998.15041778009606       -1792.1247945285904        4208015.5356787229     
   18463.057885530030        595.85679885582840       -1768.0887390085995        3481183.1137517351     
   18471.326160445180        293.91313846235892       -1646.9020412633804        2798671.2664782829     
   18479.594435360330        97.074838375621454       -1479.7790395150087        2199169.5300336145     
   18487.862710275480       -9.5543097272392181       -1303.5728517100783        1699393.4645499098     
   18496.130985190630       -48.387152520270043       -1138.8317431352502        1299279.0557014926     
   18504.399260105780       -41.349422267389663       -993.40252596681023        988558.35331908602     
   18512.667535020930       -6.3975739851676181       -867.41875948920608        752456.23326668888     
   18520.935809936080        43.139350891099923       -757.45080950682689        575592.73241785285     
   18529.204084851230        97.835170977851206       -659.21053187189250        444130.24601108878     
   18537.472359766380        151.21421451728298       -569.00248719858882        346629.56911025912     
   18545.740634681530        198.88856253211793       -484.32916887790083        274131.40413205035     
   18554.008909596680        238.01116792911321       -403.99685086856027        219862.77157069425     
   18562.277184511830        266.96523944568241       -327.94965911884333        178821.41798845609     
   18570.545459426980        285.20929354154180       -256.95155862180167        147368.44460063853     
   18578.813734342129        293.14475525930561       -192.22344707502853        122883.70114144447     
   18587.082009257279        291.98162566059682       -135.07161487079594        103497.61086720953     
   18595.350284172429        283.55135348986187       -86.545343213753270        87891.466497918940     
   18603.618559087579        270.04307032151883       -47.208850703231541        75151.935413392770     
   18611.886834002729        253.72193587314121       -17.027163639234871        64664.745044811658     
   18620.155108917879        236.67194277376515        4.6413368248692217        56035.150503830257     
   18628.423383833029        220.61023227008874        18.926357412599135        49027.081587171953     
   18636.691658748179        206.81698425050953        27.287604022645478        43517.878307772211     
   18644.959933663329        196.17877150620728        31.367905055659133        39470.055857265528     
   18653.228208578479        189.32540463532843        32.873500292805261        36924.775861831906     
   18661.496483493629        186.80759776773886        33.560002967968039        36023.352382963334     
   18669.764758408779        189.25035559236210        35.344574474918552        37064.936036648563     
   18678.033033323929        197.40170962095303        40.555419058117351        40612.176976254566     
   18686.301308239079        211.94307988249719        52.351823703040829        47660.582555112851     
   18694.569583154229        232.87377376077461        75.177391157517064        59881.834646834766     
   18702.837858069379        258.30300993618022        114.86267864217898        79913.879886946888     
   18711.106132984529        282.93024317687713        177.55351903026971        111574.77462415918     
   18719.374407899679        297.57630268405427        266.82086189056810        159745.02825913750     
   18727.642682814829        292.03743748233160        379.95560275827938        229652.12495865411     
   18735.910957729979        261.82440414903732        507.02635615157618        325627.74444034341     
   18744.179232645129        214.78534947447582        635.49548490716711        449987.25768626819     
   18752.447507560279        171.71980760944817        757.16905475736553        602792.66980758833     
   18760.715782475429        160.33878658988462        869.90351691879494        782440.65523280471     
   18768.984057390579        207.18359209009679        971.16514087392534        986086.77168002690     
   18777.252332305728        330.21718615562838        1048.7923577550937        1209008.7997180293     
   18785.520607220878        531.22071760981362        1077.4257714353187        1443041.7437708769     
   18793.788882136028        789.19899067445999        1025.8439167245281        1675190.7883623070     
   18802.057157051178        1060.7597859357390        873.24473423025756        1887767.6893193081     
   18810.325431966328        1292.5645749110884        624.56424333312793        2060803.6743653654     
   18818.593706881478        1441.5298688446142        313.55118751106005        2176322.7099607666     
   18826.861981796628        1490.9140229276700       -9.4042760913358734        2222913.0641711708     
   18835.130256711778        1452.8417719804013       -296.50257225653991        2198662.9897658974     
   18843.398531626928        1357.9995798506288       -516.81480515668568        2111260.4017036273     
   18851.666806542078        1240.9937001058229       -659.82364000942334        1975432.5996176261     
   18859.935081457228        1129.3230971123789       -730.51093158796414        1809016.8788410109     
   18868.203356372378        1038.9973800731525       -741.41363446645380        1629209.7331716313     
   18876.471631287528        975.20806811268949       -706.39846700278872        1450029.5702959741     
   18884.739906202678        935.45922864791044       -637.31855291823990        1281258.9063563428     
   18893.008181117828        912.84562784449417       -543.39417940526550        1128564.3744863307     
   18901.276456032978        898.77468092986589       -431.83751073712222        994279.56276021642     
   18909.544730948128        884.83237704720432       -308.97322639539760        878392.79010018765     
   18917.813005863278        864.11558273479238       -180.99728522476184        779455.75758382352     
   18926.081280778428        832.07164278499295       -54.275638798624435        695289.06369391573     
   18934.349555693578        786.93242714776875        64.876722324715075        623471.63399627653     
   18942.617830608728        729.72653060506286        170.75204032991141        561657.06874572940     
   18950.886105523878        663.84941138809188        258.98695074988382        507770.28165903880     
   18959.154380439028        594.26126490017089        327.08007165645438        460127.82423554244     
   18967.422655354178        526.49159927948676        374.58842943333059        417509.89557720092     
   18975.690930269328        465.63703444903462        402.96077619727413        379195.23500400106     
   18983.959205184477        415.61223818900891        414.99956591544395        344958.17224248440     
   18992.227480099627        378.75864741581302        414.20996540242913        315028.00843093765     
   19000.495755014777        355.85448223957889        404.21671835684145        290023.56792917283     
   19008.764029929927        346.44242170627939        388.42605177739102        270897.14925708401     
   19017.032304845077        349.37810304209387        369.97089893531171        258943.52494429459     
   19025.300579760227        363.44236708814600        351.93093285807907        255945.73569699243     
   19033.568854675377        387.92852439241892        337.71743940043984        264541.60891246935     
   19041.837129590527        423.02533443983822        331.60836459685549        288914.54104853806     
   19050.105404505677        469.81941012568012        339.42822342464848        335941.79698805511     
   19058.373679420827        529.66574018408846        369.30611803705574        416932.80514435808     
   19066.641954335977        602.62253992977946        432.17273073140967        549927.19481926225     
   19074.910229251127        685.06208878351811        540.97051194489165        761959.16028235503     
   19083.178504166277        767.86957522578223        707.08770210720547        1089596.7030286714     
   19091.446779081427        838.58578846936598        933.70853720526463        1575037.7570727833     
   19099.715053996577        890.48388962788374        1209.5268948430919        2255916.8670355771     
   19107.983328911727        935.96862124862400        1508.3346151389223        3151110.5711883311     
   19116.251603826877        1013.8324988132803        1794.8563232421347        4249365.5567322541     
   19124.519878742027        1180.8503948350144        2027.8089045222889        5506416.6082418952     
   19132.788153657177        1487.5076543170533        2153.2439871352954        6849138.6897861259     
   19141.056428572327        1944.9298853281105        2097.1641718231922        8180849.8224212723     
   19149.324703487477        2494.8550702993589        1778.0608875043463        9385802.3414711617     
   19157.592978402627        3002.5390709969115        1149.9745355008477        10337682.305163387     
   19165.861253317777        3294.3705003199243        255.12253462487553        10917964.501051567     
   19174.129528232927        3235.3361941132889       -758.80080889296448        11043178.956516078     
   19182.397803148076        2801.4932494613090       -1686.0147212953816        10691010.067202028     
   19190.666078063226        2094.1254652266985       -2350.7971889184341        9911608.8875377476     
   19198.934352978376        1286.1478330451434       -2676.2484902436981        8816482.2299783919     
   19207.202627893526        542.56887656179470       -2693.4448816658696        7549026.3163855989     
   19215.470902808676       -33.724877959819054       -2499.7121410010277        6249698.1552613461     
   19223.739177723826       -412.00128940858741       -2204.4312402933310        5029262.1556555321     
   19232.007452638976       -612.45821401441310       -1892.5635518025717        3956901.8615252906     
   19240.275727554126       -677.81000249749957       -1613.2675812546288        3062058.6882128208     
   19248.544002469276       -652.35627121885216       -1385.1889148385999        2344317.0343903024     
   19256.812277384426       -571.86408738198543       -1207.6063064131788        1785341.5257261114     
   19265.080552299576       -461.61925414603297       -1070.4629956656661        1358983.3608878516     
   19273.348827214726       -338.28843432582084       -961.07498893158709        1038104.1991484654     
   19281.617102129876       -212.69638943010494       -867.78846897932101        798296.58097007684     
   19289.885377045026       -92.245420595694910       -781.56782672961083        619357.48539972364     
   19298.153651960176        17.678528758388182       -696.50199092784055        485427.55374550686     
   19306.421926875326        112.95865383732881       -609.69490258616327        384487.53171629261     
   19314.690201790476        190.63677350335516       -520.86339338267896        307641.05397788889     
   19322.958476705626        249.06750029622037       -431.71132771667538        248409.29018270242     
   19331.226751620776        288.06817244616406       -345.17559231106515        202129.46150376758     
   19339.495026535926        308.96831235806746       -264.60840889394882        165479.02809877956     
   19347.763301451076        314.41007170349695       -193.02889273303961        136113.84661834140     
   19356.031576366226        307.93942227840756       -132.55176340678307        112396.65777540721     
   19364.299851281376        293.46447592619376       -84.093846438217142        93193.173639410001     
   19372.568126196526        274.72772077614923       -47.361021653808585        77718.386934950337     
   19380.836401111676        254.90918189421245       -21.071057753417982        65422.680488824568     
   19389.104676026825        236.43700355461576       -3.2903910348977212        55913.283323047915     
   19397.372950941975        221.00289771633030        8.2263870717431722        48909.954243268890     
   19405.641225857125        209.72643307797784        15.793169477829229        44234.600933766960     
   19413.909500772275        203.38014129298867        21.695827634809195        41834.190809115382     
   19422.177775687425        202.58003022987208        28.266460663506102        41837.661446377424     
   19430.446050602575        207.83712398290047        38.146950383578030        44651.459929050703     
   19438.714325517725        219.35428191314165        54.633867996960539        51101.160525939333     
   19446.982600432875        236.42299404359565        81.985574269049721        62617.466500763934     
   19455.250875348025        256.40497146370700        125.22308566090516        81424.330573742787     
   19463.519150263175        273.78879774110061        188.78685232978026        110600.78138110356     
   19471.787425178325        280.64943024150301        273.91852718083271        153795.46222779684     
   19480.055700093475        270.10189678611300        376.12000598780850        214421.29355172516     
   19488.323975008625        242.09979278466801        485.68169381064735        294499.01736915862     
   19496.592249923775        207.60271065659231        592.17788455492666        393773.53242791281     
   19504.860524838925        187.13000546535665        688.96876080044774        509695.59230436897     
   19513.128799754075        204.44228744389102        772.22708945541547        638131.32658407278     
   19521.397074669225        278.93154426980163        834.38885230906487        774007.56324637483     
   19529.665349584375        418.18801345951476        858.14871909971509        911300.43869369710     
   19537.933624499525        611.05338179556270        818.03859708164339        1042573.3817190970     
   19546.201899414675        824.69734154623620        691.87353653000685        1158814.6957039682     
   19554.470174329825        1011.5707056343509        476.38819775445489        1250221.0074573164     
   19562.738449244975        1126.7905761714712        195.77184556659088        1307983.6180653854     
   19571.006724160125        1146.9514463439823       -104.72568519582900        1326465.0894102887     
   19579.274999075275        1078.3361255662294       -376.83374944370502        1304812.4744209880     
   19587.543273990424        950.27236285790786       -586.72377811261424        1247262.3554142914     
   19595.811548905574        800.08514167375893       -722.41776077947782        1162023.6550167538     
   19604.079823820724        659.52786381354554       -790.12023051589551        1059266.9818169505     
   19612.348098735874        548.24365023944131       -805.26686091248916        949025.81731172092     
   19620.616373651024        473.79512161222613       -784.32819051109720        839652.52769395616     
   19628.884648566174        435.10597185951804       -740.11157031661799        737082.34326434589     
   19637.152923481324        426.15552963070195       -680.58698963294796        644807.18589246250     
   19645.421198396474        438.79651173893717       -609.70969699720933        564288.29332668800     
   19653.689473311624        464.32492132232727       -529.08898237184906        495532.78382826422     
   19661.957748226774        494.37002248811552       -439.59497655524126        437645.46254750295     
   19670.226023141924        521.43530381414871       -342.59194135171600        389264.01434289117     
   19678.494298057074        539.41427139102166       -240.60940780956392        348860.64330677583     
   19686.762572972224        544.09267926014275       -137.45534852919974        314930.81646376435     
   19695.030847887374        533.54493837916391       -37.854030063403378        286103.12886206683     
   19703.299122802524        508.28902714675007        53.331020390537901        261201.93285368558     
   19711.567397717674        471.04333416876739        131.92594181041068        239286.27678739291     
   19719.835672632824        426.11119151685733        195.21087470352307        219678.03313843044     
   19728.103947547974        378.49124594641819        242.33297690014135        201980.89495135646     
   19736.372222463124        332.96357847053315        274.26639259296115        186086.79869385919     
   19744.640497378274        293.34883453507751        293.44895522807036        172165.82804753433     
   19752.908772293424        262.11969334588764        303.21024212474686        160643.18456908979     
   19761.177047208574        240.39596091782940        307.23176483837557        152181.57535130947     
   19769.445322123724        228.19831100388942        309.24160816314208        147704.84136435413     
   19777.713597038874        224.86033936350481        312.97411585893201        148514.96941635074     
   19785.981871954024        229.35388287029303        322.44366074152072        156573.11794007302     
   19794.250146869173        240.37942991425527        342.43659550973967        175045.09227020343     
   19802.518421784323        255.97610974181256        379.12623802191405        209260.47311520149     
   19810.786696699473        272.38848510208140        440.55129827616429        268280.93322902068     
   19819.054971614623        282.17955380213056        536.27415629179609        367215.27129044727     
   19827.323246529773        272.24029390538215        675.21146807421519        530025.30424462573     
   19835.591521444923        224.18160003957988        861.00549494910092        791587.85212885239     
   19843.859796360073        120.75714136257366        1087.1647964398130        1196509.5818080807     
   19852.128071275223       -41.052468343374947        1338.1022241924677        1792202.8675459130     
   19860.396346190373       -237.15192972121395        1600.1873196669644        2616840.4957934394     
   19868.664621105523       -413.56487424603580        1875.1704113929607        3687299.9769737846     
   19876.932896020673       -494.62113943391989        2178.9143189252691        4992317.6807924788     
   19885.201170935823       -394.96597415006022        2516.7865036419812        6490212.4256507335     
   19893.469445850973       -36.943555803185745        2846.8967880044092        8106186.1478652060     
   19901.737720766123        614.76705768545935        3057.7837481388533        9727979.9855973311     
   19910.005995681273        1504.5054944405965        2990.5091632968783        11206681.838564537     
   19918.274270596423        2459.5171159925176        2514.6256110819509        12372566.407769427     
   19926.542545511573        3231.6741081471305        1620.3470890418844        13069242.230235061     
   19934.810820426723        3603.9677110156408        455.96157419260032        13196484.219183512     
   19943.079095341873        3494.2517488063886       -729.88912280624800        12742533.415627381     
   19951.347370257023        2981.8106740074504       -1702.3081850628284        11789048.052556667     
   19959.615645172173        2247.7791387600141       -2330.9610785371060        10485890.606299579     
   19967.883920087323        1483.0851361273585       -2609.3842488739865        9008427.6792735644     
   19976.152195002473        823.05366537558007       -2615.1218164550787        7516279.4509874880     
   19984.420469917623        329.63118083482709       -2453.2898532795875        6127287.8195831431     
   19992.688744832772        7.1984553072636990       -2215.8598803610203        4910086.8271523658     
   20000.957019747922       -171.12196095583366       -1965.0027340144950        3890518.4702058099     
   20009.225294663072       -241.84672668967519       -1733.7536309287289        3064391.4919690611     
   20017.493569578222       -239.05230576320815       -1534.0688676436639        2410513.2955642198     
   20025.761844493372       -189.69344880752044       -1365.5888292775312        1900816.4551680696     
   20034.030119408522       -113.52195742801023       -1222.2687112597373        1506828.0373428261     
   20042.298394323672       -24.545837472582338       -1096.5653039004364        1203057.9638554871     
   20050.566669238822        67.206598519371553       -981.71921715408348        968289.34821417055     
   20058.834944153972        154.40077849434758       -872.82773273667226        785667.85143390042     
   20067.103219069122        231.60172063234319       -767.19187274200328        642222.72660124407     
   20075.371493984272        295.01659920842457       -664.20440127666006        528202.28048379067     
   20083.639768899422        342.42873063171072       -564.93870538195222        436413.17640068091     
   20091.908043814572        373.21981061736551       -471.54114597465917        361644.07938435703     
   20100.176318729722        388.34606028176307       -386.49422491544846        300190.44842936005     
   20108.444593644872        390.04119835405515       -311.98411472825978        249466.22425624338     
   20116.712868560022        381.44276259704930       -249.37607269095284        207687.00676843233     
   20124.981143475172        366.09193432121344       -198.97390233108050        173613.91818390600     
   20133.249418390322        347.48324878536545       -160.03929696025486        146357.18475796480     
   20141.517693305472        328.76236762656168       -130.99729757703633        125244.98633990910     
   20149.785968220622        312.60648091021318       -109.73123367004679        109763.75554981788     
   20158.054243135772        301.27764300371098       -93.821159959851286        99570.628230083516     
   20166.322518050922        296.77476662890348       -80.614992354814973        94574.039100007009     
   20174.590792966072        300.96399430492477       -67.083246025057889        95079.487765233222     
   20182.859067881222        315.54571582104143       -49.348928464347296        102004.41551359270     
   20191.127342796372        341.58470507824404       -22.061927436870985        117166.83938562073     
   20199.395617711521        378.32714432668439        22.090478200337820        143619.41736150347     
   20207.663892626671        421.27107665295142        91.816173123428797        185899.52967136831     
   20215.932167541821        460.51312107607822        194.48059073101493        249895.03485431519     
   20224.200442456971        481.95949292729574        331.10799450226835        341917.45684605022     
   20232.468717372121        473.81576224740058        492.26227174266427        466823.52073533391     
   20240.736992287271        436.28164327759708        659.87260964496193        625773.53322065272     
   20249.005267202421        387.04973190869401        815.51501225574930        814872.23018508684     
   20257.273542117571        356.95670187819837        947.67767995636450        1025511.0721032385     
   20265.541817032721        378.80350425080479        1049.9378130277751        1245861.5060582366     
   20273.810091947871        475.73511697554204        1111.6999189546316        1462200.6113274670     
   20282.078366863021        651.60687124426681        1111.2549093937405        1659478.9883044329     
   20290.346641778171        883.99636007982167        1019.9692221216040        1821786.7787097238     
   20298.614916693321        1124.3856081559668        818.24806203676076        1933772.8868551780     
   20306.883191608471        1311.3254509097242        513.58393342502552        1983342.8948759125     
   20315.151466523621        1394.0142745658811        146.72594139907702        1964804.2995728850     
   20323.419741438771        1353.5287611753381       -221.15185255312431        1880948.2492165242     
   20331.688016353921        1208.0749694567671       -532.37719031117092        1742870.6045915857     
   20339.956291269071        1000.5819026336624       -752.51462145630398        1567442.3993835242     
   20348.224566184221        778.74224737102975       -875.80392382819696        1373472.0008333484     
   20356.492841099371        579.40070926743283       -917.78827791055699        1178040.5049696299     
   20364.761116014521        422.70253743849753       -903.01321744208212        994110.30603204551     
   20373.029390929671        314.06921520565089       -855.03702756396581        829727.79044531542     
   20381.297665844821        249.55128076207703       -791.33553389940107        688487.76894184318     
   20389.565940759971        220.91329798139060       -722.39556977938071        570658.04446189071     
   20397.834215675121        218.94469486347316       -653.06242357213682        474427.30849077244     
   20406.102490590270        235.12405861818883       -584.52552951426821        396953.41759502515     
   20414.370765505420        262.09090432471703       -516.14477452578262        335097.07040001894     
   20422.639040420570        293.64521317390682       -446.79972778289329        285857.50796681672     
   20430.907315335720        324.61084857521502       -375.78276652422210        246584.89062931918     
   20439.175590250870        350.82001233188163       -303.27692847720664        215051.57639911029     
   20447.443865166020        369.20626335138678       -230.50180683341281        189444.34785136153     
   20455.712140081170        377.97870972506678       -159.55091359702539        168324.39903507175     
   20463.980414996320        376.73438846943395       -93.025186250405497        150582.48473236099     
   20472.248689911470        366.43714718658873       -33.487987399037841        135397.62813828382     
   20480.516964826620        349.16298050039302        17.018468653258584        122204.41522721978     
   20488.785239741770        327.67888959208216        57.385358425481044        110666.53404592090     
   20497.053514656920        304.92410676006097        87.587967645571553        100650.36295970275     
   20505.321789572070        283.54552651483408        108.62055188934248        92196.489899319815     
   20513.590064487220        265.59739676181550        122.27305316602681        85492.676697195260     
   20521.858339402370        252.45532475956841        130.87012222652697        80860.679891045264     
   20530.126614317520        244.92718663627952        137.07042240865897        78777.627452851098     
   20538.394889232670        243.44753093454631        143.85041162460794        79959.641242696016     
   20546.663164147820        248.22926147243896        154.68065586051893        85543.871548592753     
   20554.931439062970        259.17486269520055        173.92032770047430        97419.889840516436     
   20563.199713978120        275.31161411888240        207.32506143782254        118780.16596894129     
   20571.467988893270        293.47727451941029        262.34997626883040        154956.42070759716     
   20579.736263808420        306.29169100701296        347.41874698637832        214514.38573752064     
   20588.004538723570        300.48535647647947        469.04558036582034        310295.20591750619     
   20596.272813638720        258.32438608853306        626.82169122736298        459636.92104114906     
   20604.541088553869        165.11083161317154        809.65735937075681        682806.62629921990     
   20612.809363469019        20.905835780674085        999.51415267851576        999465.59537433984     
   20621.077638384169       -152.13007243873128        1183.8533259535552        1424652.2563115084     
   20629.345913299319       -313.32800703866741        1366.8172981083223        1966363.9664029577     
   20637.614188214469       -413.26925025207674        1566.5348409922854        2624822.8812466385     
   20645.882463129619       -401.26596155753992        1797.1907930154939        3390909.1184043572     
   20654.150738044769       -231.46081203115526        2046.4519303784380        4241539.6108557573     
   20662.419012959919        123.60680539714423        2262.2896490538469        5133233.0985566657     
