   0.0000000000000000        0.0000000000000000        0.0000000000000000        9.8957638650545711E-008
   6.0472106349999980E-005   3.7995745011252125E-004   83.391018879401813        9.7281291737073466E-008
   1.2094421269999996E-004   7.5991490022504250E-004   166.78203775880363        1.3693303683945430E-007
   1.8141631904999993E-004   1.1398723503375638E-003   250.17305663820542        1.1558542798262286E-007
   2.4188842539999992E-004   1.5198298004500850E-003   333.56407551760725        1.3102651897587494E-007
   3.0236053174999988E-004   1.8997872505626060E-003   416.95509439700902        1.2709737000542147E-007
   3.6283263809999987E-004   2.2797447006751275E-003   500.34611327641085        1.8822489548581032E-007
   4.2330474444999985E-004   2.6597021507876488E-003   583.73713215581267        1.6085857790355768E-007
   4.8377685079999984E-004   3.0396596009001700E-003   667.12815103521450        1.7337612047616178E-007
   5.4424895714999977E-004   3.4196170510126908E-003   750.51916991461621        1.9154185939717423E-007
   6.0472106349999976E-004   3.7995745011252121E-003   833.91018879401804        2.2034846613828496E-007
   6.6519316984999975E-004   4.1795319512377338E-003   917.30120767341987        2.5386797997751028E-007
   7.2566527619999973E-004   4.5594894013502550E-003   1000.6922265528217        3.3538451868822455E-007
   7.8613738254999972E-004   4.9394468514627763E-003   1084.0832454322235        4.8309676224891978E-007
   8.4660948889999971E-004   5.3194043015752975E-003   1167.4742643116253        4.9618115913642361E-007
   9.0708159524999969E-004   5.6993617516878188E-003   1250.8652831910272        7.4540306703972807E-007
   9.6755370159999968E-004   6.0793192018003400E-003   1334.2563020704290        1.2451038101626710E-006
   1.0280258079499996E-003   6.4592766519128604E-003   1417.6473209498306        2.6311560047698051E-006
   1.0884979142999995E-003   6.8392341020253817E-003   1501.0383398292324        8.8481057323154767E-006
   1.1489700206499995E-003   7.2191915521379029E-003   1584.4293587086343        1.7926454421742038E-003
   1.2094421269999995E-003   7.5991490022504242E-003   1667.8203775880361        1.1109403015769941E-005
   1.2699142333499995E-003   7.9791064523629454E-003   1751.2113964674379        2.9626431427400144E-006
   1.3303863396999995E-003   8.3590639024754675E-003   1834.6024153468397        1.1835956714549726E-006
   1.3908584460499995E-003   8.7390213525879879E-003   1917.9934342262413        8.9266003029030181E-007
   1.4513305523999995E-003   9.1189788027005100E-003   2001.3844531056434        1.5687641912104893E-006
   1.5118026587499995E-003   9.4989362528130304E-003   2084.7754719850450        7.2245164238344886E-005
   1.5722747650999994E-003   9.8788937029255525E-003   2168.1664908644470        1.0986139367478131E-006
   1.6327468714499994E-003   1.0258851153038073E-002   2251.5575097438486        1.9376656625762808E-006
   1.6932189777999994E-003   1.0638808603150595E-002   2334.9485286232507        1.6634521276135083E-007
   1.7536910841499994E-003   1.1018766053263115E-002   2418.3395475026523        1.4434754408592419E-007
   1.8141631904999994E-003   1.1398723503375638E-002   2501.7305663820543        7.4819098606779597E-008
   1.8746352968499994E-003   1.1778680953488158E-002   2585.1215852614559        5.7478077537815432E-008
   1.9351074031999994E-003   1.2158638403600680E-002   2668.5126041408580        3.8550801195162795E-008
   1.9955795095499993E-003   1.2538595853713200E-002   2751.9036230202596        2.5558719426433550E-008
   2.0560516158999991E-003   1.2918553303825721E-002   2835.2946418996612        1.8723736596000590E-008
   2.1165237222499993E-003   1.3298510753938243E-002   2918.6856607790633        1.3032860747950026E-008
   2.1769958285999991E-003   1.3678468204050763E-002   3002.0766796584649        8.5176939990844027E-009
   2.2374679349499993E-003   1.4058425654163285E-002   3085.4676985378669        1.4430490823158855E-008
   2.2979400412999991E-003   1.4438383104275806E-002   3168.8587174172685        1.1604345839022391E-006
   2.3584121476499993E-003   1.4818340554388328E-002   3252.2497362966706        6.9668702427735734E-008
   2.4188842539999990E-003   1.5198298004500848E-002   3335.6407551760722        2.5224422812289863E-008
   2.4793563603499992E-003   1.5578255454613370E-002   3419.0317740554742        1.3541420072450818E-008
   2.5398284666999990E-003   1.5958212904725891E-002   3502.4227929348758        2.1426222989368702E-008
   2.6003005730499988E-003   1.6338170354838411E-002   3585.8138118142774        4.5401505497045468E-008
   2.6607726793999990E-003   1.6718127804950935E-002   3669.2048306936795        6.6863128211695989E-008
   2.7212447857499988E-003   1.7098085255063452E-002   3752.5958495730806        6.4842259156898211E-007
   2.7817168920999990E-003   1.7478042705175976E-002   3835.9868684524827        1.1197250222433370E-007
   2.8421889984499987E-003   1.7858000155288496E-002   3919.3778873318843        3.6568377711400729E-008
   2.9026611047999989E-003   1.8237957605401020E-002   4002.7689062112868        2.3813031046940620E-008
   2.9631332111499987E-003   1.8617915055513537E-002   4086.1599250906879        1.6312700814478012E-008
   3.0236053174999989E-003   1.8997872505626061E-002   4169.5509439700900        2.5114642521591512E-008
   3.0840774238499987E-003   1.9377829955738581E-002   4252.9419628494916        1.5812435301751152E-008
   3.1445495301999989E-003   1.9757787405851105E-002   4336.3329817288941        7.1181859323508933E-009
   3.2050216365499986E-003   2.0137744855963622E-002   4419.7240006082948        7.2184629692630140E-009
   3.2654937428999989E-003   2.0517702306076146E-002   4503.1150194876973        6.2641998277435756E-009
   3.3259658492499986E-003   2.0897659756188666E-002   4586.5060383670989        5.2293872657475893E-009
   3.3864379555999988E-003   2.1277617206301190E-002   4669.8970572465014        3.8166320515661148E-009
   3.4469100619499986E-003   2.1657574656413707E-002   4753.2880761259021        2.0582723135279500E-009
   3.5073821682999988E-003   2.2037532106526231E-002   4836.6790950053046        1.1361869738951673E-008
   3.5678542746499986E-003   2.2417489556638751E-002   4920.0701138847062        7.6522028569831685E-009
   3.6283263809999988E-003   2.2797447006751275E-002   5003.4611327641087        8.0476813722064416E-009
   3.6887984873499985E-003   2.3177404456863792E-002   5086.8521516435094        1.0714561414552661E-008
   3.7492705936999987E-003   2.3557361906976316E-002   5170.2431705229119        1.7444935575245738E-008
   3.8097427000499985E-003   2.3937319357088836E-002   5253.6341894023135        2.3613220346061883E-006
   3.8702148063999987E-003   2.4317276807201360E-002   5337.0252082817160        2.4524339906784515E-008
   3.9306869127499981E-003   2.4697234257313877E-002   5420.4162271611167        1.0429735174086197E-007
   3.9911590190999987E-003   2.5077191707426401E-002   5503.8072460405192        3.8244752721688517E-009
   4.0516311254499985E-003   2.5457149157538921E-002   5587.1982649199208        1.0302577933892106E-009
   4.1121032317999982E-003   2.5837106607651442E-002   5670.5892837993224        4.4421489958983522E-010
   4.1725753381499980E-003   2.6217064057763962E-002   5753.9803026787240        1.2788406514020537E-007
   4.2330474444999986E-003   2.6597021507876486E-002   5837.3713215581265        3.3608952712029180E-009
   4.2935195508499984E-003   2.6976978957989006E-002   5920.7623404375281        3.4593256204204640E-009
   4.3539916571999982E-003   2.7356936408101527E-002   6004.1533593169297        2.9909814854441929E-009
   4.4144637635499979E-003   2.7736893858214047E-002   6087.5443781963313        1.6491434961657753E-009
   4.4749358698999986E-003   2.8116851308326571E-002   6170.9353970757338        1.7074093457960855E-009
   4.5354079762499984E-003   2.8496808758439091E-002   6254.3264159551354        1.5457053112513874E-009
   4.5958800825999981E-003   2.8876766208551612E-002   6337.7174348345370        1.3811608476938139E-009
   4.6563521889499979E-003   2.9256723658664132E-002   6421.1084537139386        1.2306224356140975E-009
   4.7168242952999985E-003   2.9636681108776656E-002   6504.4994725933411        1.1801952466886805E-009
   4.7772964016499983E-003   3.0016638558889176E-002   6587.8904914727427        1.0433321522130167E-009
   4.8377685079999981E-003   3.0396596009001697E-002   6671.2815103521443        9.7905301188060568E-010
   4.8982406143499978E-003   3.0776553459114217E-002   6754.6725292315459        7.0539660949204933E-010
   4.9587127206999985E-003   3.1156510909226741E-002   6838.0635481109484        5.4735403081607908E-009
   5.0191848270499983E-003   3.1536468359339265E-002   6921.4545669903500        1.9040067757488534E-009
   5.0796569333999980E-003   3.1916425809451782E-002   7004.8455858697516        5.4229156360285857E-009
   5.1401290397499978E-003   3.2296383259564299E-002   7088.2366047491523        2.1946364023749661E-009
   5.2006011460999976E-003   3.2676340709676822E-002   7171.6276236285548        7.6937513261637189E-009
   5.2610732524499982E-003   3.3056298159789346E-002   7255.0186425079564        3.5520752498287953E-009
   5.3215453587999980E-003   3.3436255609901870E-002   7338.4096613873589        7.0013875806290587E-008
   5.3820174651499977E-003   3.3816213060014387E-002   7421.8006802667605        3.8158796341470486E-008
   5.4424895714999975E-003   3.4196170510126904E-002   7505.1916991461612        3.3113731922445180E-009
   5.5029616778499981E-003   3.4576127960239435E-002   7588.5827180255646        2.0436611870030363E-011
   5.5634337841999979E-003   3.4956085410351952E-002   7671.9737369049653        3.2343545759074280E-010
   5.6239058905499977E-003   3.5336042860464469E-002   7755.3647557843669        1.7240714044675258E-011
   5.6843779968999975E-003   3.5716000310576992E-002   7838.7557746637685        6.1152352597614991E-011
   5.7448501032499981E-003   3.6095957760689516E-002   7922.1467935431710        7.7541087464407978E-011
   5.8053222095999979E-003   3.6475915210802040E-002   8005.5378124225736        4.2194334173478276E-011
   5.8657943159499976E-003   3.6855872660914557E-002   8088.9288313019742        5.6781716016270570E-011
   5.9262664222999974E-003   3.7235830111027074E-002   8172.3198501813758        7.6444989081923594E-011
   5.9867385286499980E-003   3.7615787561139605E-002   8255.7108690607802        1.0205981795706707E-010
   6.0472106349999978E-003   3.7995745011252122E-002   8339.1018879401799        8.0298515744543368E-011
   6.1076827413499976E-003   3.8375702461364639E-002   8422.4929068195815        6.6468171443781912E-010
   6.1681548476999973E-003   3.8755659911477162E-002   8505.8839256989831        2.2035603070197362E-011
   6.2286269540499980E-003   3.9135617361589686E-002   8589.2749445783866        3.5469938624112597E-011
   6.2890990603999978E-003   3.9515574811702210E-002   8672.6659634577882        1.4062018188051960E-012
   6.3495711667499975E-003   3.9895532261814727E-002   8756.0569823371898        7.2306473671582342E-010
   6.4100432730999973E-003   4.0275489711927244E-002   8839.4480012165895        2.6595412970542774E-010
   6.4705153794499979E-003   4.0655447162039775E-002   8922.8390200959930        9.6700085143484142E-008
   6.5309874857999977E-003   4.1035404612152292E-002   9006.2300389753946        3.0159257330607704E-010
   6.5914595921499975E-003   4.1415362062264809E-002   9089.6210578547962        9.4673418124536581E-010
   6.6519316984999972E-003   4.1795319512377332E-002   9173.0120767341978        3.7961858650381594E-010
   6.7124038048499970E-003   4.2175276962489849E-002   9256.4030956135994        5.1110599650238287E-010
   6.7728759111999976E-003   4.2555234412602380E-002   9339.7941144930028        8.7577667382306969E-011
   6.8333480175499974E-003   4.2935191862714897E-002   9423.1851333724044        1.1993338626956704E-009
   6.8938201238999972E-003   4.3315149312827414E-002   9506.5761522518042        7.0416631044139716E-011
   6.9542922302499970E-003   4.3695106762939938E-002   9589.9671711312076        6.5286737567091413E-010
   7.0147643365999976E-003   4.4075064213052462E-002   9673.3581900106092        3.1503209771907903E-010
   7.0752364429499974E-003   4.4455021663164986E-002   9756.7492088900108        2.4716756731365839E-010
   7.1357085492999971E-003   4.4834979113277502E-002   9840.1402277694124        2.1696959121679918E-010
   7.1961806556499969E-003   4.5214936563390019E-002   9923.5312466488140        2.0995449625015598E-010
   7.2566527619999975E-003   4.5594894013502550E-002   10006.922265528217        2.0227378523716889E-010
   7.3171248683499973E-003   4.5974851463615067E-002   10090.313284407617        1.8257572807447877E-010
   7.3775969746999971E-003   4.6354808913727584E-002   10173.704303287019        1.7678481252835533E-010
   7.4380690810499969E-003   4.6734766363840108E-002   10257.095322166420        1.6882456516531810E-010
   7.4985411873999975E-003   4.7114723813952632E-002   10340.486341045824        1.9750050154965866E-010
   7.5590132937499973E-003   4.7494681264065156E-002   10423.877359925225        1.4161219512419887E-010
   7.6194854000999970E-003   4.7874638714177672E-002   10507.268378804627        2.7241926568558829E-010
   7.6799575064499968E-003   4.8254596164290189E-002   10590.659397684029        1.5450556507385687E-010
   7.7404296127999974E-003   4.8634553614402720E-002   10674.050416563432        1.8786834996670602E-010
   7.8009017191499972E-003   4.9014511064515237E-002   10757.441435442832        1.7893012113489572E-010
   7.8613738254999961E-003   4.9394468514627754E-002   10840.832454322233        6.7919981494577510E-010
   7.9218459318499967E-003   4.9774425964740278E-002   10924.223473201635        5.7724923075078564E-011
   7.9823180381999974E-003   5.0154383414852802E-002   11007.614492081038        5.2628264450161407E-009
   8.0427901445499963E-003   5.0534340864965319E-002   11091.005510960438        1.1307231334868553E-009
   8.1032622508999969E-003   5.0914298315077842E-002   11174.396529839842        6.4283290160220339E-010
   8.1637343572499976E-003   5.1294255765190366E-002   11257.787548719243        1.0933394217860215E-010
   8.2242064635999965E-003   5.1674213215302883E-002   11341.178567598645        8.1903024668291583E-011
   8.2846785699499971E-003   5.2054170665415407E-002   11424.569586478046        5.7881679882498954E-011
   8.3451506762999960E-003   5.2434128115527924E-002   11507.960605357448        8.3012815488773769E-011
   8.4056227826499966E-003   5.2814085565640448E-002   11591.351624236850        6.6720472319532004E-011
   8.4660948889999973E-003   5.3194043015752972E-002   11674.742643116253        8.2594517217184761E-011
   8.5265669953499962E-003   5.3574000465865489E-002   11758.133661995653        7.9814219807729712E-011
   8.5870391016999968E-003   5.3953957915978012E-002   11841.524680875056        8.0514724917488936E-011
   8.6475112080499975E-003   5.4333915366090536E-002   11924.915699754458        8.3383660756337382E-011
   8.7079833143999964E-003   5.4713872816203053E-002   12008.306718633859        8.4227892351627060E-011
   8.7684554207499970E-003   5.5093830266315577E-002   12091.697737513261        1.6482441149503872E-010
   8.8289275270999959E-003   5.5473787716428094E-002   12175.088756392663        6.3916399865899030E-011
   8.8893996334499965E-003   5.5853745166540618E-002   12258.479775272064        8.3313389832200054E-011
   8.9498717397999972E-003   5.6233702616653142E-002   12341.870794151468        6.4132724411087488E-011
   9.0103438461499961E-003   5.6613660066765659E-002   12425.261813030867        2.2486695582852866E-010
   9.0708159524999967E-003   5.6993617516878183E-002   12508.652831910271        4.0384156730976129E-011
   9.1312880588499956E-003   5.7373574966990699E-002   12592.043850789671        2.4617213619583984E-009
   9.1917601651999963E-003   5.7753532417103223E-002   12675.434869669074        6.6194094147784170E-011
   9.2522322715499969E-003   5.8133489867215747E-002   12758.825888548476        7.1811373026514147E-012
   9.3127043778999958E-003   5.8513447317328264E-002   12842.216907427877        4.2705957321338626E-011
   9.3731764842499964E-003   5.8893404767440788E-002   12925.607926307279        2.2875432254709037E-011
   9.4336485905999971E-003   5.9273362217553312E-002   13008.998945186682        3.8673363597872359E-011
   9.4941206969499960E-003   5.9653319667665829E-002   13092.389964066082        2.6383117010333764E-011
   9.5545928032999966E-003   6.0033277117778353E-002   13175.780982945485        3.4323263706167586E-011
   9.6150649096499955E-003   6.0413234567890869E-002   13259.172001824885        5.2575330661024358E-011
   9.6755370159999961E-003   6.0793192018003393E-002   13342.563020704289        4.6051314640675057E-011
   9.7360091223499968E-003   6.1173149468115917E-002   13425.954039583690        3.9749002718488373E-011
   9.7964812286999957E-003   6.1553106918228434E-002   13509.345058463092        3.9294358368953801E-011
   9.8569533350499963E-003   6.1933064368340958E-002   13592.736077342493        3.8245133057222719E-011
   9.9174254413999970E-003   6.2313021818453482E-002   13676.127096221897        3.7288245245653794E-011
   9.9778975477499959E-003   6.2692979268565999E-002   13759.518115101297        3.7942409249257315E-011
   1.0038369654099997E-002   6.3072936718678529E-002   13842.909133980700        3.7373792091939930E-011
   1.0098841760449995E-002   6.3452894168791033E-002   13926.300152860098        3.6868420163723746E-011
   1.0159313866799996E-002   6.3832851618903563E-002   14009.691171739503        4.1103400671675559E-011
   1.0219785973149997E-002   6.4212809069016094E-002   14093.082190618907        3.2625755739132775E-011
   1.0280258079499996E-002   6.4592766519128597E-002   14176.473209498305        6.5012939496619362E-011
   1.0340730185849996E-002   6.4972723969241128E-002   14259.864228377708        2.8442261611407920E-011
   1.0401202292199995E-002   6.5352681419353645E-002   14343.255247257110        2.9173629247375363E-011
   1.0461674398549996E-002   6.5732638869466162E-002   14426.646266136509        3.1321090895185093E-011
   1.0522146504899996E-002   6.6112596319578693E-002   14510.037285015913        3.4477293950189925E-011
   1.0582618611249995E-002   6.6492553769691209E-002   14593.428303895314        1.9837636917290704E-011
   1.0643090717599996E-002   6.6872511219803740E-002   14676.819322774718        2.8142548783872316E-010
   1.0703562823949997E-002   6.7252468669916257E-002   14760.210341654119        8.6145548544814201E-013
   1.0764034930299995E-002   6.7632426120028774E-002   14843.601360533521        1.3063446578029279E-010
   1.0824507036649996E-002   6.8012383570141305E-002   14926.992379412924        6.7259499323577052E-011
   1.0884979142999995E-002   6.8392341020253808E-002   15010.383398292322        4.1854645106738736E-011
   1.0945451249349996E-002   6.8772298470366339E-002   15093.774417171726        3.9629977061500015E-011
   1.1005923355699996E-002   6.9152255920478869E-002   15177.165436051129        3.7274021679558722E-011
   1.1066395462049995E-002   6.9532213370591373E-002   15260.556454930527        3.5146402009182396E-011
   1.1126867568399996E-002   6.9912170820703903E-002   15343.947473809931        3.5240587625099958E-011
   1.1187339674749996E-002   7.0292128270816434E-002   15427.338492689336        3.3970871434855542E-011
   1.1247811781099995E-002   7.0672085720928937E-002   15510.729511568734        3.2921662838343070E-011
   1.1308283887449996E-002   7.1052043171041468E-002   15594.120530448137        3.0805226108279841E-011
   1.1368755993799995E-002   7.1432000621153985E-002   15677.511549327537        3.2803982468120899E-011
   1.1429228100149996E-002   7.1811958071266502E-002   15760.902568206939        3.2580206348510309E-011
   1.1489700206499996E-002   7.2191915521379033E-002   15844.293587086342        3.1462759243392593E-011
   1.1550172312849995E-002   7.2571872971491549E-002   15927.684605965744        3.4555064386202927E-011
   1.1610644419199996E-002   7.2951830421604080E-002   16011.075624845147        3.1111414454613132E-011
   1.1671116525549996E-002   7.3331787871716597E-002   16094.466643724549        5.3055523558505134E-011
   1.1731588631899995E-002   7.3711745321829114E-002   16177.857662603948        1.9464912589503681E-011
   1.1792060738249996E-002   7.4091702771941645E-002   16261.248681483354        1.6045770313747241E-010
   1.1852532844599995E-002   7.4471660222054148E-002   16344.639700362752        2.5474682530856311E-011
   1.1913004950949995E-002   7.4851617672166679E-002   16428.030719242153        3.3342116057090550E-011
   1.1973477057299996E-002   7.5231575122279210E-002   16511.421738121560        2.3174174248570377E-011
   1.2033949163649995E-002   7.5611532572391713E-002   16594.812757000956        2.6571547858222154E-011
   1.2094421269999996E-002   7.5991490022504243E-002   16678.203775880360        2.4369705635263227E-011
   1.2154893376349995E-002   7.6371447472616760E-002   16761.594794759760        2.2375083763319671E-011
   1.2215365482699995E-002   7.6751404922729277E-002   16844.985813639163        2.6017410650113366E-011
   1.2275837589049996E-002   7.7131362372841808E-002   16928.376832518567        2.0934617767868381E-011
   1.2336309695399995E-002   7.7511319822954325E-002   17011.767851397966        2.1839106295690522E-011
   1.2396781801749995E-002   7.7891277273066856E-002   17095.158870277370        2.1761886412936983E-011
   1.2457253908099996E-002   7.8271234723179373E-002   17178.549889156773        2.1280072629475269E-011
   1.2517726014449995E-002   7.8651192173291889E-002   17261.940908036173        2.1060959519584481E-011
   1.2578198120799996E-002   7.9031149623404420E-002   17345.331926915576        2.0355730388687221E-011
   1.2638670227149994E-002   7.9411107073516923E-002   17428.722945794972        2.0598448825711499E-011
   1.2699142333499995E-002   7.9791064523629454E-002   17512.113964674380        1.9870602595648775E-011
   1.2759614439849996E-002   8.0171021973741985E-002   17595.504983553783        2.0068484405215292E-011
   1.2820086546199995E-002   8.0550979423854488E-002   17678.896002433179        1.9188299132210779E-011
   1.2880558652549995E-002   8.0930936873967019E-002   17762.287021312583        1.9583995321509957E-011
   1.2941030758899996E-002   8.1310894324079550E-002   17845.678040191986        2.1283898251515559E-011
   1.3001502865249995E-002   8.1690851774192053E-002   17929.069059071386        1.8233864157719447E-011
   1.3061974971599995E-002   8.2070809224304583E-002   18012.460077950789        2.0019221434684234E-011
   1.3122447077949994E-002   8.2450766674417100E-002   18095.851096830189        1.9262179611292164E-011
   1.3182919184299995E-002   8.2830724124529617E-002   18179.242115709592        1.1832622486140719E-011
   1.3243391290649996E-002   8.3210681574642148E-002   18262.633134588996        2.1995292033203438E-011
   1.3303863396999994E-002   8.3590639024754665E-002   18346.024153468396        1.3923475066971407E-011
   1.3364335503349995E-002   8.3970596474867196E-002   18429.415172347799        1.4768003603401149E-011
   1.3424807609699994E-002   8.4350553924979699E-002   18512.806191227199        2.4604001391331119E-011
   1.3485279716049995E-002   8.4730511375092230E-002   18596.197210106602        2.2271024270328751E-011
   1.3545751822399995E-002   8.5110468825204760E-002   18679.588228986006        1.7062599567821694E-011
   1.3606223928749994E-002   8.5490426275317263E-002   18762.979247865402        1.7166856635566587E-011
   1.3666696035099995E-002   8.5870383725429794E-002   18846.370266744809        1.6573351247234582E-011
   1.3727168141449995E-002   8.6250341175542325E-002   18929.761285624212        1.6655794715775487E-011
   1.3787640247799994E-002   8.6630298625654828E-002   19013.152304503608        1.6252892196978242E-011
   1.3848112354149995E-002   8.7010256075767359E-002   19096.543323383012        1.6043104760064059E-011
   1.3908584460499994E-002   8.7390213525879876E-002   19179.934342262415        1.5752846634036129E-011
   1.3969056566849995E-002   8.7770170975992393E-002   19263.325361141815        1.5210845462097271E-011
   1.4029528673199995E-002   8.8150128426104923E-002   19346.716380021218        1.5455442657641031E-011
   1.4090000779549994E-002   8.8530085876217440E-002   19430.107398900618        1.3735554016340971E-011
   1.4150472885899995E-002   8.8910043326329971E-002   19513.498417780022        1.5311734118583336E-011
   1.4210944992249995E-002   8.9290000776442488E-002   19596.889436659425        1.4397733602987710E-011
   1.4271417098599994E-002   8.9669958226555005E-002   19680.280455538825        1.5015219055886341E-011
   1.4331889204949995E-002   9.0049915676667536E-002   19763.671474418228        1.4902384697194257E-011
   1.4392361311299994E-002   9.0429873126780039E-002   19847.062493297628        1.3822862492189813E-011
   1.4452833417649994E-002   9.0809830576892570E-002   19930.453512177031        2.4532004418949010E-011
   1.4513305523999995E-002   9.1189788027005100E-002   20013.844531056435        1.3143670949236636E-011
   1.4573777630349994E-002   9.1569745477117603E-002   20097.235549935831        1.8863854238033973E-011
   1.4634249736699995E-002   9.1949702927230134E-002   20180.626568815234        1.5482672007692565E-011
   1.4694721843049994E-002   9.2329660377342651E-002   20264.017587694638        1.4156037239040529E-011
   1.4755193949399994E-002   9.2709617827455168E-002   20347.408606574038        1.3910855294978923E-011
   1.4815666055749995E-002   9.3089575277567699E-002   20430.799625453441        1.3672995990705040E-011
   1.4876138162099994E-002   9.3469532727680216E-002   20514.190644332841        1.3823038589204679E-011
   1.4936610268449994E-002   9.3849490177792746E-002   20597.581663212248        1.2967835984457046E-011
   1.4997082374799995E-002   9.4229447627905263E-002   20680.972682091648        1.3062545775725812E-011
   1.5057554481149994E-002   9.4609405078017780E-002   20764.363700971047        1.2841295035576771E-011
   1.5118026587499995E-002   9.4989362528130311E-002   20847.754719850451        1.2708402455603925E-011
   1.5178498693849993E-002   9.5369319978242814E-002   20931.145738729851        1.2533623565932548E-011
   1.5238970800199994E-002   9.5749277428355345E-002   21014.536757609254        1.2378725325847237E-011
   1.5299442906549995E-002   9.6129234878467876E-002   21097.927776488657        1.2246901540724565E-011
   1.5359915012899994E-002   9.6509192328580379E-002   21181.318795368057        1.2023696559807283E-011
   1.5420387119249994E-002   9.6889149778692910E-002   21264.709814247461        1.1968713641291133E-011
   1.5480859225599995E-002   9.7269107228805440E-002   21348.100833126864        1.1626099536032892E-011
   1.5541331331949994E-002   9.7649064678917943E-002   21431.491852006260        1.1846367354558477E-011
   1.5601803438299994E-002   9.8029022129030474E-002   21514.882870885664        1.1197324258318290E-011
   1.5662275544649995E-002   9.8408979579143005E-002   21598.273889765071        1.1528453569677407E-011
   1.5722747650999992E-002   9.8788937029255508E-002   21681.664908644467        1.1571254178148113E-011
   1.5783219757349993E-002   9.9168894479368025E-002   21765.055927523867        1.1332853213890040E-011
   1.5843691863699993E-002   9.9548851929480556E-002   21848.446946403270        1.0666717654776791E-011
   1.5904163970049994E-002   9.9928809379593087E-002   21931.837965282677        1.1857177541272604E-011
   1.5964636076399995E-002  0.10030876682970560        22015.228984162077        8.2929732381384790E-012
   1.6025108182749995E-002  0.10068872427981813        22098.620003041480        1.1558044882381356E-011
   1.6085580289099993E-002  0.10106868172993064        22182.011021920876        9.6745710111322106E-012
   1.6146052395449993E-002  0.10144863918004315        22265.402040800280        1.0232507223364881E-011
   1.6206524501799994E-002  0.10182859663015568        22348.793059679683        1.0186229219088555E-011
   1.6266996608149994E-002  0.10220855408026822        22432.184078559087        1.0076980273588436E-011
   1.6327468714499995E-002  0.10258851153038073        22515.575097438486        1.0015895728272918E-011
   1.6387940820849992E-002  0.10296846898049324        22598.966116317886        1.0028663497931855E-011
   1.6448412927199993E-002  0.10334842643060577        22682.357135197290        9.8375767808223785E-012
   1.6508885033549994E-002  0.10372838388071828        22765.748154076689        9.7797017079990415E-012
   1.6569357139899994E-002  0.10410834133083081        22849.139172956093        9.6721601938030766E-012
   1.6629829246249995E-002  0.10448829878094335        22932.530191835496        9.6018607989030528E-012
   1.6690301352599992E-002  0.10486825623105585        23015.921210714896        9.4699727234231258E-012
   1.6750773458949993E-002  0.10524821368116836        23099.312229594296        9.2391353307384842E-012
   1.6811245565299993E-002  0.10562817113128090        23182.703248473699        9.3301066025435935E-012
   1.6871717671649994E-002  0.10600812858139343        23266.094267353103        8.9930575265325179E-012
   1.6932189777999995E-002  0.10638808603150594        23349.485286232506        9.1374565708381601E-012
   1.6992661884349992E-002  0.10676804348161845        23432.876305111902        8.6522589121060879E-012
   1.7053133990699992E-002  0.10714800093173098        23516.267323991306        9.1468531515768419E-012
   1.7113606097049993E-002  0.10752795838184349        23599.658342870709        8.6379099205385802E-012
   1.7174078203399994E-002  0.10790791583195602        23683.049361750112        8.7442821621200268E-012
   1.7234550309749994E-002  0.10828787328206856        23766.440380629516        9.2244888975816290E-012
   1.7295022416099995E-002  0.10866783073218107        23849.831399508916        9.0098796157610070E-012
   1.7355494522449992E-002  0.10904778818229358        23933.222418388315        8.5670695228216117E-012
   1.7415966628799993E-002  0.10942774563240611        24016.613437267719        8.5034034036533981E-012
   1.7476438735149993E-002  0.10980770308251864        24100.004456147122        8.4930618919477534E-012
   1.7536910841499994E-002  0.11018766053263115        24183.395475026522        8.3916920358442826E-012
   1.7597382947849995E-002  0.11056761798274369        24266.786493905925        8.3404379205098087E-012
   1.7657855054199992E-002  0.11094757543285619        24350.177512785325        8.2757405533920588E-012
   1.7718327160549992E-002  0.11132753288296870        24433.568531664725        8.1846142712750941E-012
   1.7778799266899993E-002  0.11170749033308124        24516.959550544128        8.1136031572807976E-012
   1.7839271373249994E-002  0.11208744778319377        24600.350569423532        8.0393412416109312E-012
   1.7899743479599994E-002  0.11246740523330628        24683.741588302935        7.9909345214780866E-012
   1.7960215585949992E-002  0.11284736268341879        24767.132607182331        7.8925193403946947E-012
   1.8020687692299992E-002  0.11322732013353132        24850.523626061735        7.8396093342159007E-012
   1.8081159798649993E-002  0.11360727758364383        24933.914644941138        7.7553500575091748E-012
   1.8141631904999993E-002  0.11398723503375637        25017.305663820542        7.6897096038298981E-012
   1.8202104011349994E-002  0.11436719248386890        25100.696682699945        7.6453697722220295E-012
   1.8262576117699991E-002  0.11474714993398140        25184.087701579341        7.4691455334988427E-012
   1.8323048224049992E-002  0.11512710738409392        25267.478720458745        7.5286913057498773E-012
   1.8383520330399993E-002  0.11550706483420645        25350.869739338148        7.4226894194067705E-012
   1.8443992436749993E-002  0.11588702228431898        25434.260758217551        7.3441265262273815E-012
   1.8504464543099994E-002  0.11626697973443149        25517.651777096951        7.4492543442778958E-012
   1.8564936649449994E-002  0.11664693718454403        25601.042795976355        7.2542202888305292E-012
   1.8625408755799992E-002  0.11702689463465653        25684.433814855754        7.1216907449861891E-012
   1.8685880862149992E-002  0.11740685208476904        25767.824833735154        7.2926315543917962E-012
   1.8746352968499993E-002  0.11778680953488158        25851.215852614558        6.8565715307674306E-012
   1.8806825074849993E-002  0.11816676698499411        25934.606871493961        6.8942139947740993E-012
   1.8867297181199994E-002  0.11854672443510662        26017.997890373364        6.9407774937785892E-012
   1.8927769287549991E-002  0.11892668188521913        26101.388909252761        6.8746641998452483E-012
   1.8988241393899992E-002  0.11930663933533166        26184.779928132164        6.8346564399167865E-012
   1.9048713500249993E-002  0.11968659678544417        26268.170947011564        6.7823821898730968E-012
   1.9109185606599993E-002  0.12006655423555671        26351.561965890971        6.7243956864254926E-012
   1.9169657712949994E-002  0.12044651168566924        26434.952984770374        6.6737885669703340E-012
   1.9230129819299991E-002  0.12082646913578174        26518.344003649770        6.6217074600137465E-012
   1.9290601925649992E-002  0.12120642658589426        26601.735022529174        6.5886924351725610E-012
   1.9351074031999992E-002  0.12158638403600679        26685.126041408577        6.5101645710843257E-012
   1.9411546138349993E-002  0.12196634148611932        26768.517060287981        6.4961805037617304E-012
   1.9472018244699994E-002  0.12234629893623183        26851.908079167380        6.4122296336695708E-012
   1.9532490351049991E-002  0.12272625638634434        26935.299098046780        6.3634305544145813E-012
   1.9592962457399991E-002  0.12310621383645687        27018.690116926184        6.3121854525766444E-012
   1.9653434563749992E-002  0.12348617128656939        27102.081135805583        6.2325622653828565E-012
   1.9713906670099993E-002  0.12386612873668192        27185.472154684987        6.2558395095340581E-012
   1.9774378776449993E-002  0.12424608618679445        27268.863173564390        6.0167730742798066E-012
   1.9834850882799994E-002  0.12462604363690696        27352.254192443794        6.1393465042552708E-012
   1.9895322989149991E-002  0.12500600108701948        27435.645211323194        6.0326999639049024E-012
   1.9955795095499992E-002  0.12538595853713200        27519.036230202593        6.0316974687707411E-012
   2.0016267201849992E-002  0.12576591598724451        27602.427249081993        5.9819965596947722E-012
   2.0076739308199993E-002  0.12614587343735706        27685.818267961400        5.9352352938446956E-012
   2.0137211414549994E-002  0.12652583088746958        27769.209286840804        5.9051237463881966E-012
   2.0197683520899991E-002  0.12690578833758207        27852.600305720196        5.8546309334558051E-012
   2.0258155627249991E-002  0.12728574578769461        27935.991324599603        5.8272072777056434E-012
   2.0318627733599992E-002  0.12766570323780713        28019.382343479007        5.7786287443343557E-012
   2.0379099839949993E-002  0.12804566068791964        28102.773362358406        5.7420835961485341E-012
   2.0439571946299993E-002  0.12842561813803219        28186.164381237813        5.7006857785794056E-012
   2.0500044052649991E-002  0.12880557558814468        28269.555400117206        5.6609665890623333E-012
   2.0560516158999991E-002  0.12918553303825719        28352.946418996609        5.6280129499124958E-012
   2.0620988265349992E-002  0.12956549048836974        28436.337437876016        5.5790384041537714E-012
   2.0681460371699992E-002  0.12994544793848226        28519.728456755416        5.5530133978026261E-012
   2.0741932478049993E-002  0.13032540538859477        28603.119475634816        5.5043584117129187E-012
   2.0802404584399990E-002  0.13070536283870729        28686.510494514219        5.4732919450021872E-012
   2.0862876690749991E-002  0.13108532028881981        28769.901513393619        5.4268922298057717E-012
   2.0923348797099992E-002  0.13146527773893232        28853.292532273019        5.3922801203158513E-012
   2.0983820903449992E-002  0.13184523518904487        28936.683551152426        5.3569895149697956E-012
   2.1044293009799993E-002  0.13222519263915739        29020.074570031826        5.3058679546177155E-012
   2.1104765116149993E-002  0.13260515008926990        29103.465588911229        5.2698805082427850E-012
   2.1165237222499991E-002  0.13298510753938242        29186.856607790629        5.2707453154633576E-012
   2.1225709328849991E-002  0.13336506498949494        29270.247626670029        5.1916369514953375E-012
   2.1286181435199992E-002  0.13374502243960748        29353.638645549436        5.2192796068501453E-012
   2.1346653541549993E-002  0.13412497988972000        29437.029664428839        5.1409173176024817E-012
   2.1407125647899993E-002  0.13450493733983251        29520.420683308239        5.1091743656398736E-012
   2.1467597754249990E-002  0.13488489478994503        29603.811702187639        5.0694123628034570E-012
   2.1528069860599991E-002  0.13526485224005755        29687.202721067042        5.0423222858465940E-012
   2.1588541966949992E-002  0.13564480969017007        29770.593739946442        5.0072667150240553E-012
   2.1649014073299992E-002  0.13602476714028261        29853.984758825849        4.9755084302585475E-012
   2.1709486179649993E-002  0.13640472459039513        29937.375777705249        4.9406378294026440E-012
   2.1769958285999990E-002  0.13678468204050762        30020.766796584645        4.9124852897618635E-012
   2.1830430392349991E-002  0.13716463949062016        30104.157815464052        4.8811416480657917E-012
   2.1890902498699991E-002  0.13754459694073268        30187.548834343452        4.8495400592645448E-012
   2.1951374605049992E-002  0.13792455439084519        30270.939853222852        4.8189935352539545E-012
   2.2011846711399993E-002  0.13830451184095774        30354.330872102259        4.7842894607726256E-012
   2.2072318817749993E-002  0.13868446929107026        30437.721890981662        4.7666898862417639E-012
   2.2132790924099990E-002  0.13906442674118275        30521.112909861055        4.7230685004229501E-012
   2.2193263030449991E-002  0.13944438419129529        30604.503928740462        4.7045182398507892E-012
   2.2253735136799992E-002  0.13982434164140781        30687.894947619861        4.6664196567073487E-012
   2.2314207243149992E-002  0.14020429909152032        30771.285966499265        4.6430392012416630E-012
   2.2374679349499993E-002  0.14058425654163287        30854.676985378672        4.6088733505806604E-012
   2.2435151455849990E-002  0.14096421399174536        30938.068004258064        4.5709885601465743E-012
   2.2495623562199991E-002  0.14134417144185787        31021.459023137468        4.5538592123268907E-012
   2.2556095668549991E-002  0.14172412889197042        31104.850042016875        4.5108689883231259E-012
   2.2616567774899992E-002  0.14210408634208294        31188.241060896275        4.4880996385098510E-012
   2.2677039881249993E-002  0.14248404379219545        31271.632079775674        4.4671207592004606E-012
   2.2737511987599990E-002  0.14286400124230797        31355.023098655074        4.4404210161200347E-012
   2.2797984093949990E-002  0.14324395869242049        31438.414117534478        4.4135482776911850E-012
   2.2858456200299991E-002  0.14362391614253300        31521.805136413877        4.3875036192400624E-012
   2.2918928306649992E-002  0.14400387359264555        31605.196155293284        4.3604493111860725E-012
   2.2979400412999992E-002  0.14438383104275807        31688.587174172684        4.3356142095507368E-012
   2.3039872519349990E-002  0.14476378849287058        31771.978193052088        4.3097735596340209E-012
   2.3100344625699990E-002  0.14514374594298310        31855.369211931487        4.2832285476359870E-012
   2.3160816732049991E-002  0.14552370339309562        31938.760230810887        4.2597663773149434E-012
   2.3221288838399991E-002  0.14590366084320816        32022.151249690294        4.2337079321847981E-012
   2.3281760944749992E-002  0.14628361829332068        32105.542268569694        4.2104437833063063E-012
   2.3342233051099993E-002  0.14666357574343319        32188.933287449097        4.1865483072973567E-012
   2.3402705157449990E-002  0.14704353319354571        32272.324306328497        4.1622522481982751E-012
   2.3463177263799991E-002  0.14742349064365823        32355.715325207897        4.1387198546259380E-012
   2.3523649370149991E-002  0.14780344809377075        32439.106344087300        4.1121747530735190E-012
   2.3584121476499992E-002  0.14818340554388329        32522.497362966707        4.0972899077531802E-012
   2.3644593582849992E-002  0.14856336299399581        32605.888381846107        4.0658843123719765E-012
   2.3705065689199990E-002  0.14894332044410830        32689.279400725503        4.0446083903856668E-012
   2.3765537795549990E-002  0.14932327789422084        32772.670419604910        4.0202157473688834E-012
   2.3826009901899991E-002  0.14970323534433336        32856.061438484307        3.9982060480337924E-012
   2.3886482008249992E-002  0.15008319279444587        32939.452457363710        3.9739925748082892E-012
   2.3946954114599992E-002  0.15046315024455842        33022.843476243121        3.9597639706162170E-012
   2.4007426220949989E-002  0.15084310769467091        33106.234495122510        3.9282995706315666E-012
   2.4067898327299990E-002  0.15122306514478343        33189.625514001913        3.9162483872942928E-012
   2.4128370433649991E-002  0.15160302259489597        33273.016532881316        3.8920647638537100E-012
   2.4188842539999991E-002  0.15198298004500849        33356.407551760720        3.8681832707634330E-012
   2.4249314646349992E-002  0.15236293749512100        33439.798570640123        3.8467291179802493E-012
   2.4309786752699989E-002  0.15274289494523352        33523.189589519519        3.8254881460422415E-012
   2.4370258859049990E-002  0.15312285239534604        33606.580608398923        3.8046448622450521E-012
   2.4430730965399990E-002  0.15350280984545855        33689.971627278326        3.7849024271259858E-012
   2.4491203071749991E-002  0.15388276729557110        33773.362646157730        3.7637546399351582E-012
   2.4551675178099992E-002  0.15426272474568362        33856.753665037133        3.7439438399140415E-012
   2.4612147284449992E-002  0.15464268219579613        33940.144683916536        3.7230168265061677E-012
   2.4672619390799989E-002  0.15502263964590865        34023.535702795933        3.7049062566174345E-012
   2.4733091497149990E-002  0.15540259709602117        34106.926721675336        3.6850105409165732E-012
   2.4793563603499991E-002  0.15578255454613371        34190.317740554739        3.6652819300122264E-012
   2.4854035709849991E-002  0.15616251199624623        34273.708759434143        3.6481161351461859E-012
   2.4914507816199992E-002  0.15654246944635875        34357.099778313546        3.6273436322653546E-012
   2.4974979922549989E-002  0.15692242689647126        34440.490797192942        3.6097682124869506E-012
   2.5035452028899990E-002  0.15730238434658378        34523.881816072346        3.5886180847337156E-012
   2.5095924135249990E-002  0.15768234179669630        34607.272834951749        3.5732985622650525E-012
   2.5156396241599991E-002  0.15806229924680884        34690.663853831153        3.5521746397677852E-012
   2.5216868347949992E-002  0.15844225669692136        34774.054872710556        3.5335403914065589E-012
   2.5277340454299989E-002  0.15882221414703385        34857.445891589945        3.5157851547530819E-012
   2.5337812560649989E-002  0.15920217159714639        34940.836910469356        3.4977687109922606E-012
   2.5398284666999990E-002  0.15958212904725891        35024.227929348759        3.4810238752033894E-012
   2.5458756773349991E-002  0.15996208649737143        35107.618948228155        3.4625604571928096E-012
   2.5519228879699991E-002  0.16034204394748397        35191.009967107566        3.4461540901986664E-012
   2.5579700986049989E-002  0.16072200139759646        35274.400985986962        3.4269466361047141E-012
   2.5640173092399989E-002  0.16110195884770898        35357.792004866358        3.4108543224833234E-012
   2.5700645198749990E-002  0.16148191629782152        35441.183023745769        3.3940816611264433E-012
   2.5761117305099990E-002  0.16186187374793404        35524.574042625165        3.3762740771029630E-012
   2.5821589411449991E-002  0.16224183119804655        35607.965061504568        3.3596131855540821E-012
   2.5882061517799992E-002  0.16262178864815910        35691.356080383972        3.3446151423767236E-012
   2.5942533624149989E-002  0.16300174609827159        35774.747099263368        3.3263113285359141E-012
   2.6003005730499990E-002  0.16338170354838411        35858.138118142771        3.3111745774636154E-012
   2.6063477836849990E-002  0.16376166099849665        35941.529137022175        3.2942597112229478E-012
   2.6123949943199991E-002  0.16414161844860917        36024.920155901578        3.2788132115168353E-012
   2.6184422049549991E-002  0.16452157589872168        36108.311174780982        3.2626730444354066E-012
   2.6244894155899989E-002  0.16490153334883420        36191.702193660378        3.2479891772746406E-012
   2.6305366262249989E-002  0.16528149079894672        36275.093212539781        3.2317037488477683E-012
   2.6365838368599990E-002  0.16566144824905923        36358.484231419185        3.2174958650771672E-012
   2.6426310474949991E-002  0.16604140569917178        36441.875250298588        3.2022274561662687E-012
   2.6486782581299991E-002  0.16642136314928430        36525.266269177991        3.1847478043440857E-012
   2.6547254687649988E-002  0.16680132059939681        36608.657288057388        3.1707130203634795E-012
   2.6607726793999989E-002  0.16718127804950933        36692.048306936791        3.1556700876590465E-012
   2.6668198900349990E-002  0.16756123549962185        36775.439325816194        3.1410432528692371E-012
   2.6728671006699990E-002  0.16794119294973439        36858.830344695598        3.1272038594167958E-012
   2.6789143113049991E-002  0.16832115039984691        36942.221363575001        3.1123608802858186E-012
   2.6849615219399988E-002  0.16870110784995940        37025.612382454397        3.0978410314138109E-012
   2.6910087325749989E-002  0.16908106530007194        37109.003401333801        3.0836984095895317E-012
   2.6970559432099989E-002  0.16946102275018446        37192.394420213204        3.0700212739528308E-012
   2.7031031538449990E-002  0.16984098020029698        37275.785439092600        3.0556148491056591E-012
   2.7091503644799991E-002  0.17022093765040952        37359.176457972011        3.0410363900934827E-012
   2.7151975751149991E-002  0.17060089510052204        37442.567476851415        3.0271457288637162E-012
   2.7212447857499988E-002  0.17098085255063453        37525.958495730803        3.0133634552814492E-012
   2.7272919963849989E-002  0.17136081000074707        37609.349514610214        2.9992158559989031E-012
   2.7333392070199990E-002  0.17174076745085959        37692.740533489618        2.9871917011904519E-012
   2.7393864176549990E-002  0.17212072490097211        37776.131552369014        2.9716013120192210E-012
   2.7454336282899991E-002  0.17250068235108465        37859.522571248424        2.9601642942190514E-012
   2.7514808389249988E-002  0.17288063980119714        37942.913590127813        2.9467161332880904E-012
   2.7575280495599989E-002  0.17326059725130966        38026.304609007217        2.9336216442888271E-012
   2.7635752601949989E-002  0.17364055470142220        38109.695627886627        2.9211180602499517E-012
   2.7696224708299990E-002  0.17402051215153472        38193.086646766023        2.9073620532782850E-012
   2.7756696814649991E-002  0.17440046960164723        38276.477665645427        2.8961117276342197E-012
   2.7817168920999988E-002  0.17478042705175975        38359.868684524830        2.8827651356366495E-012
   2.7877641027349988E-002  0.17516038450187227        38443.259703404226        2.8696218222630992E-012
   2.7938113133699989E-002  0.17554034195198479        38526.650722283630        2.8576295452687385E-012
   2.7998585240049990E-002  0.17592029940209733        38610.041741163033        2.8449975166951627E-012
   2.8059057346399990E-002  0.17630025685220985        38693.432760042437        2.8330760030855246E-012
   2.8119529452749988E-002  0.17668021430232236        38776.823778921840        2.8205907212560519E-012
   2.8180001559099988E-002  0.17706017175243488        38860.214797801236        2.8091419416608798E-012
   2.8240473665449989E-002  0.17744012920254740        38943.605816680640        2.7964534901289951E-012
   2.8300945771799989E-002  0.17782008665265994        39026.996835560043        2.7845441138316886E-012
   2.8361417878149990E-002  0.17820004410277246        39110.387854439447        2.7730900100854084E-012
   2.8421889984499991E-002  0.17858000155288498        39193.778873318850        2.7614178654247508E-012
   2.8482362090849988E-002  0.17895995900299749        39277.169892198246        2.7497988828037172E-012
   2.8542834197199989E-002  0.17933991645311001        39360.560911077650        2.7389888077997016E-012
   2.8603306303549989E-002  0.17971987390322253        39443.951929957053        2.7271322984037511E-012
   2.8663778409899990E-002  0.18009983135333507        39527.342948836456        2.7165100439384590E-012
   2.8724250516249990E-002  0.18047978880344759        39610.733967715860        2.7046051073834757E-012
   2.8784722622599988E-002  0.18085974625356008        39694.124986595256        2.6933609907378336E-012
   2.8845194728949988E-002  0.18123970370367262        39777.516005474659        2.6823125520186805E-012
   2.8905666835299989E-002  0.18161966115378514        39860.907024354063        2.6713699254786093E-012
   2.8966138941649990E-002  0.18199961860389766        39944.298043233459        2.6608317096255089E-012
   2.9026611047999990E-002  0.18237957605401020        40027.689062112870        2.6497379810214148E-012
   2.9087083154349987E-002  0.18275953350412269        40111.080080992266        2.6394028372455198E-012
   2.9147555260699988E-002  0.18313949095423521        40194.471099871662        2.6283673605559674E-012
   2.9208027367049989E-002  0.18351944840434775        40277.862118751073        2.6179054723346483E-012
   2.9268499473399989E-002  0.18389940585446027        40361.253137630469        2.6072607806174271E-012
   2.9328971579749990E-002  0.18427936330457279        40444.644156509872        2.5971979579288670E-012
   2.9389443686099987E-002  0.18465932075468530        40528.035175389276        2.5857446579478794E-012
   2.9449915792449988E-002  0.18503927820479782        40611.426194268672        2.5759731192522218E-012
   2.9510387898799988E-002  0.18541923565491034        40694.817213148075        2.5658508955319546E-012
   2.9570860005149989E-002  0.18579919310502288        40778.208232027486        2.5556343568263385E-012
   2.9631332111499990E-002  0.18617915055513540        40861.599250906882        2.5462374183150199E-012
   2.9691804217849990E-002  0.18655910800524791        40944.990269786285        2.5358616348786438E-012
   2.9752276324199987E-002  0.18693906545536043        41028.381288665681        2.5263779543784419E-012
   2.9812748430549988E-002  0.18731902290547295        41111.772307545085        2.5162700294812911E-012
   2.9873220536899989E-002  0.18769898035558549        41195.163326424496        2.5066870436747486E-012
   2.9933692643249989E-002  0.18807893780569801        41278.554345303892        2.4970213515421229E-012
   2.9994164749599990E-002  0.18845889525581053        41361.945364183295        2.4873201040119011E-012
   3.0054636855949987E-002  0.18883885270592304        41445.336383062699        2.4779487273947412E-012
   3.0115108962299988E-002  0.18921881015603556        41528.727401942095        2.4683356731078222E-012
   3.0175581068649988E-002  0.18959876760614808        41612.118420821498        2.4591354436026467E-012
   3.0236053174999989E-002  0.18997872505626062        41695.509439700902        2.4500135205573155E-012
   3.0296525281349990E-002  0.19035868250637314        41778.900458580305        2.4405142177777383E-012
   3.0356997387699987E-002  0.19073863995648563        41862.291477459701        2.4315804250819319E-012
   3.0417469494049987E-002  0.19111859740659817        41945.682496339105        2.4222853217133104E-012
   3.0477941600399988E-002  0.19149855485671069        42029.073515218508        2.4134230494282988E-012
   3.0538413706749989E-002  0.19187851230682321        42112.464534097911        2.4046643024106855E-012
   3.0598885813099989E-002  0.19225846975693575        42195.855552977315        2.3955959032282630E-012
   3.0659357919449987E-002  0.19263842720704824        42279.246571856711        2.3867943085963120E-012
   3.0719830025799987E-002  0.19301838465716076        42362.637590736114        2.3777503639324469E-012
   3.0780302132149988E-002  0.19339834210727330        42446.028609615518        2.3693475024179293E-012
   3.0840774238499988E-002  0.19377829955738582        42529.419628494921        2.3604581633968451E-012
   3.0901246344849989E-002  0.19415825700749834        42612.810647374317        2.3523804687514534E-012
   3.0961718451199990E-002  0.19453821445761088        42696.201666253728        2.3438315780273237E-012
   3.1022190557549987E-002  0.19491817190772337        42779.592685133124        2.3350603259865003E-012
   3.1082662663899988E-002  0.19529812935783589        42862.983704012520        2.3267088227983437E-012
   3.1143134770249988E-002  0.19567808680794843        42946.374722891931        2.3185238725441916E-012
   3.1203606876599989E-002  0.19605804425806095        43029.765741771327        2.3102277357672035E-012
   3.1264078982949986E-002  0.19643800170817347        43113.156760650731        2.3021586369060944E-012
   3.1324551089299990E-002  0.19681795915828601        43196.547779530141        2.2934342896555348E-012
   3.1385023195649987E-002  0.19719791660839850        43279.938798409530        2.2858911384301778E-012
   3.1445495301999984E-002  0.19757787405851102        43363.329817288934        2.2777552021947378E-012
   3.1505967408349989E-002  0.19795783150862356        43446.720836168337        2.2695618701366656E-012
   3.1566439514699986E-002  0.19833778895873605        43530.111855047733        2.2620739845062154E-012
   3.1626911621049990E-002  0.19871774640884859        43613.502873927144        2.2539556077569768E-012
   3.1687383727399987E-002  0.19909770385896111        43696.893892806540        2.2459943468672193E-012
   3.1747855833749991E-002  0.19947766130907366        43780.284911685951        2.2382994404513323E-012
   3.1808327940099988E-002  0.19985761875918617        43863.675930565354        2.2304530336025117E-012
   3.1868800046449985E-002  0.20023757620929866        43947.066949444743        2.2228836430524410E-012
   3.1929272152799990E-002  0.20061753365941121        44030.457968324154        2.2154048708401984E-012
   3.1989744259149987E-002  0.20099749110952372        44113.848987203550        2.2076904673907253E-012
   3.2050216365499991E-002  0.20137744855963627        44197.240006082960        2.2001079435941748E-012
   3.2110688471849988E-002  0.20175740600974876        44280.631024962357        2.1926366111782436E-012
   3.2171160578199985E-002  0.20213736345986127        44364.022043841753        2.1850382871313169E-012
   3.2231632684549989E-002  0.20251732090997382        44447.413062721163        2.1778392456074774E-012
   3.2292104790899986E-002  0.20289727836008631        44530.804081600560        2.1704957720247627E-012
   3.2352576897249991E-002  0.20327723581019885        44614.195100479963        2.1631632195331541E-012
   3.2413049003599988E-002  0.20365719326031137        44697.586119359366        2.1562568744154379E-012
   3.2473521109949985E-002  0.20403715071042389        44780.977138238763        2.1491195040326648E-012
   3.2533993216299989E-002  0.20441710816053643        44864.368157118173        2.1418405354619776E-012
   3.2594465322649986E-002  0.20479706561064892        44947.759175997569        2.1352769291640708E-012
   3.2654937428999990E-002  0.20517702306076147        45031.150194876973        2.1279795734004501E-012
   3.2715409535349987E-002  0.20555698051087398        45114.541213756376        2.1208471655072945E-012
   3.2775881641699985E-002  0.20593693796098647        45197.932232635772        2.1140991627634837E-012
   3.2836353748049989E-002  0.20631689541109902        45281.323251515176        2.1069819844022905E-012
   3.2896825854399986E-002  0.20669685286121153        45364.714270394579        2.1004965232936466E-012
   3.2957297960749990E-002  0.20707681031132408        45448.105289273983        2.0935410381586044E-012
   3.3017770067099987E-002  0.20745676776143657        45531.496308153379        2.0871650805257368E-012
   3.3078242173449984E-002  0.20783672521154908        45614.887327032782        2.0800587460168806E-012
   3.3138714279799988E-002  0.20821668266166163        45698.278345912186        2.0732310238674906E-012
   3.3199186386149986E-002  0.20859664011177415        45781.669364791589        2.0672630646818266E-012
   3.3259658492499990E-002  0.20897659756188669        45865.060383670992        2.0604446124948958E-012
   3.3320130598849987E-002  0.20935655501199918        45948.451402550389        2.0540817853342548E-012
   3.3380602705199984E-002  0.20973651246211170        46031.842421429792        2.0472871571984309E-012
   3.3441074811549988E-002  0.21011646991222424        46115.233440309195        2.0411907677354270E-012
   3.3501546917899985E-002  0.21049642736233673        46198.624459188592        2.0344485176574578E-012
   3.3562019024249989E-002  0.21087638481244927        46282.015478068002        2.0284723111083408E-012
   3.3622491130599987E-002  0.21125634226256179        46365.406496947398        2.0221853749689121E-012
   3.3682963236949984E-002  0.21163629971267428        46448.797515826795        2.0158054476418671E-012
   3.3743435343299988E-002  0.21201625716278685        46532.188534706205        2.0096424548090642E-012
   3.3803907449649985E-002  0.21239621461289934        46615.579553585601        2.0036482299279754E-012
   3.3864379555999989E-002  0.21277617206301189        46698.970572465012        1.9974246258879481E-012
   3.3924851662349986E-002  0.21315612951312440        46782.361591344408        1.9912162659653406E-012
   3.3985323768699983E-002  0.21353608696323689        46865.752610223804        1.9853685260138831E-012
   3.4045795875049988E-002  0.21391604441334944        46949.143629103215        1.9791626781094512E-012
   3.4106267981399985E-002  0.21429600186346195        47032.534647982611        1.9734344399059373E-012
   3.4166740087749989E-002  0.21467595931357450        47115.925666862022        1.9674879573756716E-012
   3.4227212194099986E-002  0.21505591676368699        47199.316685741418        1.9614091808194157E-012
   3.4287684300449990E-002  0.21543587421379956        47282.707704620829        1.9553897343198271E-012
   3.4348156406799987E-002  0.21581583166391205        47366.098723500225        1.9498820650139906E-012
   3.4408628513149984E-002  0.21619578911402457        47449.489742379621        1.9439249721080111E-012
   3.4469100619499989E-002  0.21657574656413711        47532.880761259032        1.9381462815728721E-012
   3.4529572725849986E-002  0.21695570401424960        47616.271780138428        1.9324724030260738E-012
   3.4590044832199990E-002  0.21733566146436215        47699.662799017831        1.9271222382988154E-012
   3.4650516938549987E-002  0.21771561891447466        47783.053817897235        1.9212309081556757E-012
   3.4710989044899984E-002  0.21809557636458715        47866.444836776631        1.9157776145630506E-012
   3.4771461151249988E-002  0.21847553381469970        47949.835855656034        1.9100441671675158E-012
   3.4831933257599985E-002  0.21885549126481221        48033.226874535438        1.9045702487958144E-012
   3.4892405363949990E-002  0.21923544871492476        48116.617893414841        1.8995918683284998E-012
   3.4952877470299987E-002  0.21961540616503727        48200.008912294245        1.8937144260140238E-012
   3.5013349576649984E-002  0.21999536361514976        48283.399931173641        1.8883444188288256E-012
   3.5073821682999988E-002  0.22037532106526231        48366.790950053044        1.8829067405914234E-012
   3.5134293789349985E-002  0.22075527851537483        48450.181968932447        1.8773737082984619E-012
   3.5194765895699989E-002  0.22113523596548737        48533.572987811851        1.8720485456360684E-012
   3.5255238002049986E-002  0.22151519341559986        48616.964006691247        1.8669818843065687E-012
   3.5315710108399984E-002  0.22189515086571238        48700.355025570650        1.8618696436052911E-012
   3.5376182214749988E-002  0.22227510831582492        48783.746044450054        1.8562313882633670E-012
   3.5436654321099985E-002  0.22265506576593741        48867.137063329450        1.8513339843070031E-012
   3.5497126427449989E-002  0.22303502321604995        48950.528082208861        1.8459633542908878E-012
   3.5557598533799986E-002  0.22341498066616247        49033.919101088257        1.8409811429758851E-012
   3.5618070640149983E-002  0.22379493811627496        49117.310119967653        1.8359590541851224E-012
   3.5678542746499987E-002  0.22417489556638753        49200.701138847064        1.8307319223013880E-012
   3.5739014852849985E-002  0.22455485301650002        49284.092157726460        1.8257780100677663E-012
   3.5799486959199989E-002  0.22493481046661257        49367.483176605871        1.8209832328724399E-012
   3.5859959065549986E-002  0.22531476791672508        49450.874195485267        1.8158149798710969E-012
   3.5920431171899983E-002  0.22569472536683757        49534.265214364663        1.8107895914510282E-012
   3.5980903278249987E-002  0.22607468281695012        49617.656233244074        1.8062244506557401E-012
   3.6041375384599984E-002  0.22645464026706263        49701.047252123470        1.8011946094047654E-012
   3.6101847490949988E-002  0.22683459771717518        49784.438271002880        1.7964726582897412E-012
   3.6162319597299986E-002  0.22721455516728767        49867.829289882276        1.7914380836054935E-012
   3.6222791703649983E-002  0.22759451261740019        49951.220308761673        1.7867856724658789E-012
   3.6283263809999987E-002  0.22797447006751273        50034.611327641083        1.7821111557607807E-012
   3.6343735916349984E-002  0.22835442751762525        50118.002346520479        1.7773531217772802E-012
   3.6404208022699988E-002  0.22873438496773779        50201.393365399890        1.7728441042657643E-012
   3.6464680129049985E-002  0.22911434241785028        50284.784384279286        1.7681712986593273E-012
   3.6525152235399982E-002  0.22949429986796280        50368.175403158682        1.7633713014348935E-012
   3.6585624341749987E-002  0.22987425731807534        50451.566422038093        1.7586486192009582E-012
   3.6646096448099984E-002  0.23025421476818783        50534.957440917489        1.7543532488253558E-012
   3.6706568554449988E-002  0.23063417221830038        50618.348459796893        1.7496710236301032E-012
   3.6767040660799985E-002  0.23101412966841289        50701.739478676296        1.7450500621833295E-012
   3.6827512767149989E-002  0.23139408711852544        50785.130497555700        1.7408202420313644E-012
   3.6887984873499986E-002  0.23177404456863795        50868.521516435103        1.7361276572952106E-012
   3.6948456979849983E-002  0.23215400201875044        50951.912535314499        1.7315960920136188E-012
   3.7008929086199988E-002  0.23253395946886299        51035.303554193903        1.7273424063406693E-012
   3.7069401192549985E-002  0.23291391691897551        51118.694573073306        1.7229014055723889E-012
   3.7129873298899989E-002  0.23329387436908805        51202.085591952709        1.7186645789754014E-012
   3.7190345405249986E-002  0.23367383181920054        51285.476610832106        1.7146136968101426E-012
   3.7250817511599983E-002  0.23405378926931306        51368.867629711509        1.7100631605840686E-012
   3.7311289617949987E-002  0.23443374671942560        51452.258648590912        1.7058051264051020E-012
   3.7371761724299984E-002  0.23481370416953809        51535.649667470308        1.7015285302150441E-012
   3.7432233830649989E-002  0.23519366161965063        51619.040686349719        1.6972637045199012E-012
   3.7492705936999986E-002  0.23557361906976315        51702.431705229115        1.6930661679956664E-012
   3.7553178043349983E-002  0.23595357651987567        51785.822724108519        1.6889579757005006E-012
   3.7613650149699987E-002  0.23633353396998821        51869.213742987922        1.6848230236560619E-012
   3.7674122256049984E-002  0.23671349142010070        51952.604761867318        1.6805945423874655E-012
   3.7734594362399988E-002  0.23709344887021325        52035.995780746729        1.6767769714455610E-012
   3.7795066468749985E-002  0.23747340632032576        52119.386799626125        1.6725533734697588E-012
   3.7855538575099983E-002  0.23785336377043825        52202.777818505521        1.6686741189426044E-012
   3.7916010681449987E-002  0.23823332122055080        52286.168837384932        1.6645413194518341E-012
   3.7976482787799984E-002  0.23861327867066331        52369.559856264328        1.6604449747909093E-012
   3.8036954894149988E-002  0.23899323612077586        52452.950875143739        1.6565680135337176E-012
   3.8097427000499985E-002  0.23937319357088835        52536.341894023128        1.6524243164160873E-012
   3.8157899106849982E-002  0.23975315102100087        52619.732912902531        1.6487090119446936E-012
   3.8218371213199986E-002  0.24013310847111341        52703.123931781942        1.6446617265914137E-012
   3.8278843319549984E-002  0.24051306592122593        52786.514950661338        1.6408539614839353E-012
   3.8339315425899988E-002  0.24089302337133847        52869.905969540749        1.6370383233554590E-012
   3.8399787532249985E-002  0.24127298082145096        52953.296988420145        1.6332297860646988E-012
   3.8460259638599982E-002  0.24165293827156348        53036.688007299541        1.6295188699684967E-012
   3.8520731744949986E-002  0.24203289572167602        53120.079026178952        1.6255661064457662E-012
   3.8581203851299983E-002  0.24241285317178851        53203.470045058348        1.6217826552756668E-012
   3.8641675957649987E-002  0.24279281062190106        53286.861063937751        1.6180307602436762E-012
   3.8702148063999985E-002  0.24317276807201357        53370.252082817155        1.6144798917469043E-012
   3.8762620170349982E-002  0.24355272552212606        53453.643101696543        1.6107943699642805E-012
   3.8823092276699986E-002  0.24393268297223863        53537.034120575961        1.6070095355735131E-012
   3.8883564383049983E-002  0.24431264042235112        53620.425139455358        1.6033381487247634E-012
   3.8944036489399987E-002  0.24469259787246367        53703.816158334761        1.5997534330324283E-012
   3.9004508595749984E-002  0.24507255532257619        53787.207177214164        1.5961341644570895E-012
   3.9064980702099981E-002  0.24545251277268867        53870.598196093561        1.5924336887890081E-012
   3.9125452808449986E-002  0.24583247022280122        53953.989214972964        1.5887710500361079E-012
   3.9185924914799983E-002  0.24621242767291374        54037.380233852367        1.5853880793590840E-012
   3.9246397021149987E-002  0.24659238512302628        54120.771252731771        1.5818283537165336E-012
   3.9306869127499984E-002  0.24697234257313877        54204.162271611167        1.5783240870650474E-012
   3.9367341233849988E-002  0.24735230002325134        54287.553290490578        1.5751177944301200E-012
   3.9427813340199985E-002  0.24773225747336383        54370.944309369974        1.5714016988924661E-012
   3.9488285446549982E-002  0.24811221492347635        54454.335328249377        1.5679468100249990E-012
   3.9548757552899987E-002  0.24849217237358889        54537.726347128781        1.5645760058344063E-012
   3.9609229659249984E-002  0.24887212982370138        54621.117366008177        1.5612476746442561E-012
   3.9669701765599988E-002  0.24925208727381393        54704.508384887587        1.5578306266043723E-012
   3.9730173871949985E-002  0.24963204472392644        54787.899403766984        1.5544592186419027E-012
   3.9790645978299982E-002  0.25001200217403896        54871.290422646387        1.5511140536038189E-012
   3.9851118084649986E-002  0.25039195962415151        54954.681441525790        1.5478307998003237E-012
   3.9911590190999983E-002  0.25077191707426399        55038.072460405187        1.5443975974217810E-012
   3.9972062297349988E-002  0.25115187452437654        55121.463479284597        1.5412648765870080E-012
   4.0032534403699985E-002  0.25153183197448903        55204.854498163986        1.5380767857650903E-012
   4.0093006510049982E-002  0.25191178942460157        55288.245517043397        1.5348445720859370E-012
   4.0153478616399986E-002  0.25229174687471412        55371.636535922800        1.5315866581027556E-012
   4.0213950722749983E-002  0.25267170432482661        55455.027554802196        1.5281297500750946E-012
   4.0274422829099987E-002  0.25305166177493915        55538.418573681607        1.5251341146706798E-012
   4.0334894935449984E-002  0.25343161922505164        55621.809592560996        1.5219128412780244E-012
   4.0395367041799982E-002  0.25381157667516413        55705.200611440392        1.5187611659590988E-012
   4.0455839148149986E-002  0.25419153412527667        55788.591630319803        1.5158454912017337E-012
   4.0516311254499983E-002  0.25457149157538922        55871.982649199206        1.5126927396175655E-012
   4.0576783360849987E-002  0.25495144902550176        55955.373668078617        1.5093895233813263E-012
   4.0637255467199984E-002  0.25533140647561425        56038.764686958013        1.5063450468309478E-012
   4.0697727573549981E-002  0.25571136392572674        56122.155705837402        1.5034839126856463E-012
   4.0758199679899985E-002  0.25609132137583929        56205.546724716813        1.5002992000047388E-012
   4.0818671786249983E-002  0.25647127882595183        56288.937743596216        1.4973303587979437E-012
   4.0879143892599987E-002  0.25685123627606438        56372.328762475627        1.4942308025698600E-012
   4.0939615998949984E-002  0.25723119372617687        56455.719781355023        1.4912152235596110E-012
   4.1000088105299981E-002  0.25761115117628935        56539.110800234412        1.4884607977228460E-012
   4.1060560211649985E-002  0.25799110862640190        56622.501819113822        1.4855097009543473E-012
   4.1121032317999982E-002  0.25837106607651439        56705.892837993219        1.4824383401849216E-012
   4.1181504424349986E-002  0.25875102352662693        56789.283856872622        1.4796351978216887E-012
   4.1241976530699984E-002  0.25913098097673948        56872.674875752033        1.4767614957266914E-012
   4.1302448637049981E-002  0.25951093842685197        56956.065894631429        1.4737426987960635E-012
   4.1362920743399985E-002  0.25989089587696451        57039.456913510832        1.4708948094083125E-012
   4.1423392849749982E-002  0.26027085332707700        57122.847932390228        1.4680771398391146E-012
   4.1483864956099986E-002  0.26065081077718955        57206.238951269632        1.4653862501297271E-012
   4.1544337062449983E-002  0.26103076822730209        57289.629970149042        1.4624507133783908E-012
   4.1604809168799980E-002  0.26141072567741458        57373.020989028439        1.4596422015017946E-012
   4.1665281275149985E-002  0.26179068312752712        57456.412007907842        1.4569958766838845E-012
   4.1725753381499982E-002  0.26217064057763961        57539.803026787238        1.4540213296136276E-012
   4.1786225487849986E-002  0.26255059802775216        57623.194045666642        1.4512646572348893E-012
   4.1846697594199983E-002  0.26293055547786465        57706.585064546038        1.4486230042476666E-012
   4.1907169700549987E-002  0.26331051292797725        57789.976083425456        1.4459116524091048E-012
   4.1967641806899984E-002  0.26369047037808974        57873.367102304852        1.4432798594935458E-012
   4.2028113913249981E-002  0.26407042782820223        57956.758121184248        1.4405402721092895E-012
   4.2088586019599986E-002  0.26445038527831477        58040.149140063651        1.4378178158107056E-012
   4.2149058125949983E-002  0.26483034272842726        58123.540158943048        1.4351909225866890E-012
   4.2209530232299987E-002  0.26521030017853980        58206.931177822458        1.4325643049578176E-012
   4.2270002338649984E-002  0.26559025762865235        58290.322196701862        1.4299959774138225E-012
   4.2330474444999981E-002  0.26597021507876484        58373.713215581258        1.4274497192906982E-012
   4.2390946551349985E-002  0.26635017252887738        58457.104234460669        1.4247236776500406E-012
   4.2451418657699982E-002  0.26673012997898987        58540.495253340057        1.4222045200039369E-012
   4.2511890764049987E-002  0.26711008742910242        58623.886272219468        1.4195550755253373E-012
   4.2572362870399984E-002  0.26749004487921496        58707.277291098872        1.4170122887104176E-012
   4.2632834976749981E-002  0.26787000232932745        58790.668309978268        1.4145022863051269E-012
   4.2693307083099985E-002  0.26824995977943999        58874.059328857678        1.4120689492862074E-012
   4.2753779189449982E-002  0.26862991722955248        58957.450347737067        1.4096254444507116E-012
   4.2814251295799986E-002  0.26900987467966503        59040.841366616478        1.4071399346804761E-012
   4.2874723402149983E-002  0.26938983212977752        59124.232385495874        1.4045160254835655E-012
   4.2935195508499981E-002  0.26976978957989006        59207.623404375277        1.4019915938532698E-012
   4.2995667614849985E-002  0.27014974703000261        59291.014423254688        1.3996921408156009E-012
   4.3056139721199982E-002  0.27052970448011510        59374.405442134084        1.3970753805306527E-012
   4.3116611827549986E-002  0.27090966193022764        59457.796461013488        1.3947020302431288E-012
   4.3177083933899983E-002  0.27128961938034013        59541.187479892884        1.3923513145377820E-012
   4.3237556040249980E-002  0.27166957683045262        59624.578498772280        1.3898642754792164E-012
   4.3298028146599984E-002  0.27204953428056522        59707.969517651698        1.3876868947907937E-012
   4.3358500252949982E-002  0.27242949173067771        59791.360536531094        1.3852671356521932E-012
   4.3418972359299986E-002  0.27280944918079025        59874.751555410498        1.3829498397842124E-012
   4.3479444465649983E-002  0.27318940663090274        59958.142574289894        1.3806527654465736E-012
   4.3539916571999980E-002  0.27356936408101523        60041.533593169290        1.3783135271512957E-012
   4.3600388678349984E-002  0.27394932153112778        60124.924612048693        1.3759881376386477E-012
   4.3660860784699981E-002  0.27432927898124032        60208.315630928104        1.3736041114636082E-012
   4.3721332891049985E-002  0.27470923643135287        60291.706649807507        1.3714780358067070E-012
   4.3781804997399983E-002  0.27508919388146535        60375.097668686903        1.3691680711862038E-012
   4.3842277103749980E-002  0.27546915133157784        60458.488687566300        1.3669808931259954E-012
   4.3902749210099984E-002  0.27584910878169039        60541.879706445703        1.3647222956247667E-012
   4.3963221316449981E-002  0.27622906623180293        60625.270725325114        1.3624563205738413E-012
   4.4023693422799985E-002  0.27660902368191548        60708.661744204517        1.3601979137605071E-012
   4.4084165529149982E-002  0.27698898113202797        60792.052763083913        1.3579357453257130E-012
   4.4144637635499986E-002  0.27736893858214051        60875.443781963324        1.3558583800246890E-012
   4.4205109741849984E-002  0.27774889603225300        60958.834800842713        1.3537278421481467E-012
   4.4265581848199981E-002  0.27812885348236549        61042.225819722109        1.3515561986861195E-012
   4.4326053954549985E-002  0.27850881093247803        61125.616838601520        1.3494501798633450E-012
   4.4386526060899982E-002  0.27888876838259058        61209.007857480923        1.3473023159244070E-012
   4.4446998167249986E-002  0.27926872583270312        61292.398876360334        1.3451876821599998E-012
   4.4507470273599983E-002  0.27964868328281561        61375.789895239723        1.3430804427241565E-012
   4.4567942379949980E-002  0.28002864073292810        61459.180914119119        1.3409331489378383E-012
   4.4628414486299985E-002  0.28040859818304065        61542.571932998530        1.3388240825933275E-012
   4.4688886592649982E-002  0.28078855563315319        61625.962951877933        1.3366149254188526E-012
   4.4749358698999986E-002  0.28116851308326574        61709.353970757344        1.3346764202920398E-012
   4.4809830805349983E-002  0.28154847053337823        61792.744989636732        1.3326455734830724E-012
   4.4870302911699980E-002  0.28192842798349071        61876.136008516129        1.3306187533536912E-012
   4.4930775018049984E-002  0.28230838543360326        61959.527027395539        1.3287506214455917E-012
   4.4991247124399981E-002  0.28268834288371575        62042.918046274935        1.3266497462197324E-012
   4.5051719230749986E-002  0.28306830033382829        62126.309065154339        1.3246132188019452E-012
   4.5112191337099983E-002  0.28344825778394084        62209.700084033750        1.3227385202577950E-012
   4.5172663443449980E-002  0.28382821523405333        62293.091102913138        1.3206111789818082E-012
   4.5233135549799984E-002  0.28420817268416587        62376.482121792549        1.3186654076552674E-012
   4.5293607656149981E-002  0.28458813013427836        62459.873140671945        1.3167130452568461E-012
   4.5354079762499985E-002  0.28496808758439091        62543.264159551349        1.3147528182635754E-012
   4.5414551868849982E-002  0.28534804503450345        62626.655178430759        1.3128274127729245E-012
   4.5475023975199980E-002  0.28572800248461594        62710.046197310148        1.3109667844843927E-012
   4.5535496081549984E-002  0.28610795993472848        62793.437216189559        1.3090188498602666E-012
   4.5595968187899981E-002  0.28648791738484097        62876.828235068955        1.3071390725334024E-012
   4.5656440294249985E-002  0.28686787483495352        62960.219253948359        1.3052722946032720E-012
   4.5716912400599982E-002  0.28724783228506601        63043.610272827755        1.3034852393886135E-012
   4.5777384506949979E-002  0.28762778973517855        63127.001291707165        1.3015355913206392E-012
   4.5837856613299983E-002  0.28800774718529110        63210.392310586569        1.2996761385584670E-012
   4.5898328719649981E-002  0.28838770463540359        63293.783329465965        1.2978434089731204E-012
   4.5958800825999985E-002  0.28876766208551613        63377.174348345368        1.2960232080550842E-012
   4.6019272932349982E-002  0.28914761953562862        63460.565367224764        1.2941994852553212E-012
   4.6079745038699979E-002  0.28952757698574116        63543.956386104175        1.2925215330758446E-012
   4.6140217145049983E-002  0.28990753443585371        63627.347404983579        1.2907327060164142E-012
   4.6200689251399980E-002  0.29028749188596620        63710.738423862975        1.2888842807900766E-012
   4.6261161357749984E-002  0.29066744933607874        63794.129442742378        1.2871511180333577E-012
   4.6321633464099982E-002  0.29104740678619123        63877.520461621774        1.2853544466349367E-012
   4.6382105570449979E-002  0.29142736423630372        63960.911480501170        1.2835075819354965E-012
   4.6442577676799983E-002  0.29180732168641632        64044.302499380588        1.2818517861531586E-012
   4.6503049783149980E-002  0.29218727913652881        64127.693518259985        1.2800689233815583E-012
   4.6563521889499984E-002  0.29256723658664135        64211.084537139388        1.2784311592934167E-012
   4.6623993995849981E-002  0.29294719403675384        64294.475556018784        1.2767038720831225E-012
   4.6684466102199985E-002  0.29332715148686639        64377.866574898195        1.2750280801681354E-012
   4.6744938208549983E-002  0.29370710893697888        64461.257593777591        1.2732629351788622E-012
   4.6805410314899980E-002  0.29408706638709142        64544.648612656994        1.2716252790325871E-012
   4.6865882421249984E-002  0.29446702383720397        64628.039631536405        1.2699482923086142E-012
   4.6926354527599981E-002  0.29484698128731646        64711.430650415794        1.2683219588440730E-012
   4.6986826633949985E-002  0.29522693873742900        64794.821669295205        1.2666518433727419E-012
   4.7047298740299982E-002  0.29560689618754149        64878.212688174601        1.2650064793849477E-012
   4.7107770846649979E-002  0.29598685363765403        64961.603707054004        1.2633936838665805E-012
   4.7168242952999984E-002  0.29636681108776658        65044.994725933415        1.2618528921179916E-012
   4.7228715059349981E-002  0.29674676853787907        65128.385744812804        1.2603201376608498E-012
   4.7289187165699985E-002  0.29712672598799161        65211.776763692214        1.2586522808514157E-012
   4.7349659272049982E-002  0.29750668343810410        65295.167782571611        1.2570265255850329E-012
   4.7410131378399979E-002  0.29788664088821659        65378.558801451007        1.2555727044805098E-012
   4.7470603484749983E-002  0.29826659833832914        65461.949820330410        1.2539001419189996E-012
   4.7531075591099980E-002  0.29864655578844168        65545.340839209821        1.2523683168668025E-012
   4.7591547697449985E-002  0.29902651323855423        65628.731858089217        1.2508933653465477E-012
   4.7652019803799982E-002  0.29940647068866671        65712.122876968613        1.2492972519227716E-012
   4.7712491910149979E-002  0.29978642813877920        65795.513895848009        1.2478481778722273E-012
   4.7772964016499983E-002  0.30016638558889175        65878.904914727420        1.2462527849785474E-012
   4.7833436122849980E-002  0.30054634303900429        65962.295933606831        1.2447465955723366E-012
   4.7893908229199984E-002  0.30092630048911684        66045.686952486241        1.2432065071480921E-012
   4.7954380335549981E-002  0.30130625793922933        66129.077971365623        1.2417887279142203E-012
   4.8014852441899979E-002  0.30168621538934182        66212.468990245019        1.2403185599890513E-012
   4.8075324548249983E-002  0.30206617283945436        66295.860009124430        1.2388338553695188E-012
   4.8135796654599980E-002  0.30244613028956685        66379.251028003826        1.2373572279597670E-012
   4.8196268760949984E-002  0.30282608773967939        66462.642046883237        1.2360037816938379E-012
   4.8256740867299981E-002  0.30320604518979194        66546.033065762633        1.2345838499336700E-012
   4.8317212973649978E-002  0.30358600263990443        66629.424084642029        1.2331362373438676E-012
   4.8377685079999982E-002  0.30396596009001697        66712.815103521440        1.2316609244682646E-012
   4.8438157186349980E-002  0.30434591754012946        66796.206122400836        1.2303172532690479E-012
   4.8498629292699984E-002  0.30472587499024201        66879.597141280246        1.2288216587269436E-012
   4.8559101399049981E-002  0.30510583244035455        66962.988160159657        1.2275713924897986E-012
   4.8619573505399978E-002  0.30548578989046704        67046.379179039039        1.2261013419148111E-012
   4.8680045611749982E-002  0.30586574734057959        67129.770197918449        1.2247260276758034E-012
   4.8740517718099979E-002  0.30624570479069207        67213.161216797846        1.2234499456687094E-012
   4.8800989824449983E-002  0.30662566224080462        67296.552235677256        1.2219890583214592E-012
   4.8861461930799981E-002  0.30700561969091711        67379.943254556652        1.2206915921774340E-012
   4.8921934037149978E-002  0.30738557714102965        67463.334273436049        1.2193403901685044E-012
   4.8982406143499982E-002  0.30776553459114220        67546.725292315459        1.2180603785848291E-012
   4.9042878249849979E-002  0.30814549204125469        67630.116311194855        1.2166432282387431E-012
   4.9103350356199983E-002  0.30852544949136723        67713.507330074266        1.2153488945971826E-012
   4.9163822462549980E-002  0.30890540694147972        67796.898348953662        1.2140732461518188E-012
   4.9224294568899984E-002  0.30928536439159227        67880.289367833073        1.2128053816796708E-012
   4.9284766675249982E-002  0.30966532184170481        67963.680386712469        1.2115632518961526E-012
   4.9345238781599979E-002  0.31004527929181730        68047.071405591865        1.2102164797758154E-012
   4.9405710887949983E-002  0.31042523674192984        68130.462424471276        1.2089878324678833E-012
   4.9466182994299980E-002  0.31080519419204233        68213.853443350672        1.2077662072388700E-012
   4.9526655100649984E-002  0.31118515164215488        68297.244462230083        1.2065281909190766E-012
   4.9587127206999981E-002  0.31156510909226742        68380.635481109479        1.2052443599747045E-012
   4.9647599313349979E-002  0.31194506654237991        68464.026499988875        1.2039771994583975E-012
   4.9708071419699983E-002  0.31232502399249246        68547.417518868286        1.2028367670522896E-012
   4.9768543526049980E-002  0.31270498144260495        68630.808537747682        1.2016438920650401E-012
   4.9829015632399984E-002  0.31308493889271749        68714.199556627093        1.2003840405505695E-012
   4.9889487738749981E-002  0.31346489634282998        68797.590575506474        1.1992185708467793E-012
   4.9949959845099978E-002  0.31384485379294252        68880.981594385885        1.1980339432025764E-012
   5.0010431951449982E-002  0.31422481124305507        68964.372613265296        1.1968465301941961E-012
   5.0070904057799979E-002  0.31460476869316756        69047.763632144692        1.1957231805707907E-012
   5.0131376164149984E-002  0.31498472614328010        69131.154651024102        1.1945223738416438E-012
   5.0191848270499981E-002  0.31536468359339259        69214.545669903498        1.1933665645352034E-012
   5.0252320376849978E-002  0.31574464104350514        69297.936688782895        1.1921206269591952E-012
   5.0312792483199982E-002  0.31612459849361768        69381.327707662305        1.1910039260333266E-012
   5.0373264589549979E-002  0.31650455594373017        69464.718726541701        1.1899937692772786E-012
   5.0433736695899983E-002  0.31688451339384271        69548.109745421112        1.1887809187928299E-012
   5.0494208802249980E-002  0.31726447084395520        69631.500764300508        1.1877472123965888E-012
   5.0554680908599978E-002  0.31764442829406769        69714.891783179890        1.1866390832921784E-012
   5.0615153014949982E-002  0.31802438574418024        69798.282802059301        1.1855195325103061E-012
   5.0675625121299979E-002  0.31840434319429278        69881.673820938711        1.1843924158066987E-012
   5.0736097227649983E-002  0.31878430064440533        69965.064839818122        1.1833561064728271E-012
   5.0796569333999980E-002  0.31916425809451782        70048.455858697518        1.1822351965508144E-012
   5.0857041440349977E-002  0.31954421554463031        70131.846877576914        1.1812839893316223E-012
   5.0917513546699981E-002  0.31992417299474285        70215.237896456310        1.1801539431006332E-012
   5.0977985653049979E-002  0.32030413044485539        70298.628915335721        1.1791448296460896E-012
   5.1038457759399983E-002  0.32068408789496794        70382.019934215132        1.1780898081772738E-012
   5.1098929865749980E-002  0.32106404534508043        70465.410953094528        1.1770306353469458E-012
   5.1159401972099977E-002  0.32144400279519292        70548.801971973924        1.1759848922455231E-012
   5.1219874078449981E-002  0.32182396024530546        70632.192990853320        1.1750639711740648E-012
   5.1280346184799978E-002  0.32220391769541795        70715.584009732716        1.1740595985580125E-012
   5.1340818291149982E-002  0.32258387514553050        70798.975028612127        1.1729704422635955E-012
   5.1401290397499980E-002  0.32296383259564304        70882.366047491538        1.1719654762365303E-012
   5.1461762503849977E-002  0.32334379004575553        70965.757066370934        1.1709637694904283E-012
   5.1522234610199981E-002  0.32372374749586807        71049.148085250330        1.1700823433918346E-012
   5.1582706716549978E-002  0.32410370494598056        71132.539104129726        1.1691112826036300E-012
   5.1643178822899982E-002  0.32448366239609311        71215.930123009137        1.1680897290950208E-012
   5.1703650929249979E-002  0.32486361984620565        71299.321141888548        1.1671626139286897E-012
   5.1764123035599983E-002  0.32524357729631820        71382.712160767944        1.1662041181495317E-012
   5.1824595141949981E-002  0.32562353474643069        71466.103179647340        1.1653097918528963E-012
   5.1885067248299978E-002  0.32600349219654318        71549.494198526736        1.1642959803932934E-012
   5.1945539354649982E-002  0.32638344964665572        71632.885217406147        1.1634450470825768E-012
   5.2006011460999979E-002  0.32676340709676821        71716.276236285543        1.1625367915302739E-012
   5.2066483567349983E-002  0.32714336454688081        71799.667255164954        1.1616661429702201E-012
   5.2126955673699980E-002  0.32752332199699330        71883.058274044350        1.1606919970199574E-012
   5.2187427780049978E-002  0.32790327944710579        71966.449292923746        1.1598074300620570E-012
   5.2247899886399982E-002  0.32828323689721833        72049.840311803157        1.1589356898688319E-012
   5.2308371992749979E-002  0.32866319434733082        72133.231330682553        1.1580342599889346E-012
   5.2368844099099983E-002  0.32904315179744337        72216.622349561963        1.1572267435810423E-012
   5.2429316205449980E-002  0.32942310924755591        72300.013368441359        1.1563569488895072E-012
   5.2489788311799977E-002  0.32980306669766840        72383.404387320756        1.1554637562554669E-012
   5.2550260418149981E-002  0.33018302414778095        72466.795406200166        1.1545422165827944E-012
   5.2610732524499979E-002  0.33056298159789343        72550.186425079562        1.1537198267993902E-012
   5.2671204630849983E-002  0.33094293904800598        72633.577443958973        1.1529194101849898E-012
   5.2731676737199980E-002  0.33132289649811847        72716.968462838369        1.1520681315959649E-012
   5.2792148843549977E-002  0.33170285394823101        72800.359481717765        1.1512912273371040E-012
   5.2852620949899981E-002  0.33208281139834356        72883.750500597176        1.1504710672162361E-012
   5.2913093056249978E-002  0.33246276884845605        72967.141519476572        1.1496021584213781E-012
   5.2973565162599982E-002  0.33284272629856859        73050.532538355983        1.1488248395090938E-012
   5.3034037268949979E-002  0.33322268374868108        73133.923557235379        1.1480543848213774E-012
   5.3094509375299977E-002  0.33360264119879363        73217.314576114775        1.1472814221561922E-012
   5.3154981481649981E-002  0.33398259864890617        73300.705594994186        1.1465185234262552E-012
   5.3215453587999978E-002  0.33436255609901866        73384.096613873582        1.1457530812509231E-012
   5.3275925694349982E-002  0.33474251354913120        73467.487632752993        1.1449907952773793E-012
   5.3336397800699979E-002  0.33512247099924369        73550.878651632389        1.1442083385603253E-012
   5.3396869907049976E-002  0.33550242844935618        73634.269670511785        1.1434383432001516E-012
   5.3457342013399980E-002  0.33588238589946878        73717.660689391196        1.1427095874827442E-012
   5.3517814119749978E-002  0.33626234334958127        73801.051708270592        1.1420134526245313E-012
   5.3578286226099982E-002  0.33664230079969382        73884.442727150003        1.1413453428753818E-012
   5.3638758332449979E-002  0.33702225824980631        73967.833746029399        1.1405105855161615E-012
   5.3699230438799976E-002  0.33740221569991879        74051.224764908795        1.1398756517277738E-012
   5.3759702545149980E-002  0.33778217315003134        74134.615783788191        1.1391160731922855E-012
   5.3820174651499977E-002  0.33816213060014388        74218.006802667602        1.1384807222362240E-012
   5.3880646757849981E-002  0.33854208805025643        74301.397821547012        1.1377163329089180E-012
   5.3941118864199979E-002  0.33892204550036892        74384.788840426409        1.1370339226051975E-012
   5.4001590970549976E-002  0.33930200295048141        74468.179859305805        1.1363786437964361E-012
   5.4062063076899980E-002  0.33968196040059395        74551.570878185201        1.1356687945657207E-012
   5.4122535183249977E-002  0.34006191785070650        74634.961897064612        1.1350424237994071E-012
   5.4183007289599981E-002  0.34044187530081904        74718.352915944022        1.1343674186995414E-012
   5.4243479395949978E-002  0.34082183275093153        74801.743934823418        1.1337674903156908E-012
   5.4303951502299982E-002  0.34120179020104408        74885.134953702829        1.1330905598875351E-012
   5.4364423608649980E-002  0.34158174765115656        74968.525972582211        1.1324727655722022E-012
   5.4424895714999977E-002  0.34196170510126905        75051.916991461607        1.1318074913984103E-012
   5.4485367821349981E-002  0.34234166255138160        75135.308010341018        1.1311709848520711E-012
   5.4545839927699978E-002  0.34272162000149414        75218.699029220428        1.1305558039991620E-012
   5.4606312034049982E-002  0.34310157745160669        75302.090048099839        1.1299381694229996E-012
   5.4666784140399979E-002  0.34348153490171918        75385.481066979235        1.1293884226109737E-012
   5.4727256246749977E-002  0.34386149235183167        75468.872085858617        1.1287985847055367E-012
   5.4787728353099981E-002  0.34424144980194421        75552.263104738027        1.1281503458567914E-012
   5.4848200459449978E-002  0.34462140725205676        75635.654123617438        1.1275688140480654E-012
   5.4908672565799982E-002  0.34500136470216930        75719.045142496849        1.1269759843179608E-012
   5.4969144672149979E-002  0.34538132215228179        75802.436161376245        1.1264229320779408E-012
   5.5029616778499976E-002  0.34576127960239428        75885.827180255626        1.1258665909197708E-012
   5.5090088884849980E-002  0.34614123705250682        75969.218199135037        1.1252769755919940E-012
   5.5150560991199978E-002  0.34652119450261931        76052.609218014433        1.1247499794772512E-012
   5.5211033097549982E-002  0.34690115195273186        76136.000236893844        1.1241988636083200E-012
   5.5271505203899979E-002  0.34728110940284440        76219.391255773255        1.1236708067482475E-012
   5.5331977310249976E-002  0.34766106685295689        76302.782274652651        1.1231773817331177E-012
   5.5392449416599980E-002  0.34804102430306944        76386.173293532047        1.1226087648022087E-012
   5.5452921522949977E-002  0.34842098175318192        76469.564312411443        1.1220906096154702E-012
   5.5513393629299981E-002  0.34880093920329447        76552.955331290854        1.1215808835875820E-012
   5.5573865735649979E-002  0.34918089665340701        76636.346350170264        1.1210931571210733E-012
   5.5634337841999976E-002  0.34956085410351950        76719.737369049661        1.1205958525304668E-012
   5.5694809948349980E-002  0.34994081155363205        76803.128387929057        1.1200680401892405E-012
   5.5755282054699977E-002  0.35032076900374454        76886.519406808453        1.1196127142825472E-012
   5.5815754161049981E-002  0.35070072645385708        76969.910425687864        1.1191222647245058E-012
   5.5876226267399978E-002  0.35108068390396957        77053.301444567260        1.1186781067964182E-012
   5.5936698373749975E-002  0.35146064135408212        77136.692463446670        1.1182033879094978E-012
   5.5997170480099979E-002  0.35184059880419466        77220.083482326067        1.1177429508770664E-012
   5.6057642586449977E-002  0.35222055625430715        77303.474501205463        1.1172798028772148E-012
   5.6118114692799981E-002  0.35260051370441969        77386.865520084873        1.1168496663040649E-012
   5.6178586799149978E-002  0.35298047115453218        77470.256538964270        1.1163599042909140E-012
   5.6239058905499975E-002  0.35336042860464473        77553.647557843680        1.1159570369074288E-012
   5.6299531011849979E-002  0.35374038605475727        77637.038576723076        1.1155201340775670E-012
   5.6360003118199976E-002  0.35412034350486976        77720.429595602473        1.1150908113927839E-012
   5.6420475224549980E-002  0.35450030095498231        77803.820614481883        1.1146828873433229E-012
   5.6480947330899978E-002  0.35488025840509480        77887.211633361279        1.1143003898225808E-012
   5.6541419437249975E-002  0.35526021585520728        77970.602652240676        1.1138609392047403E-012
   5.6601891543599979E-002  0.35564017330531988        78053.993671120086        1.1134574510772031E-012
   5.6662363649949976E-002  0.35602013075543237        78137.384689999482        1.1131140132287138E-012
   5.6722835756299980E-002  0.35640008820554492        78220.775708878893        1.1126809291596437E-012
   5.6783307862649977E-002  0.35678004565565741        78304.166727758289        1.1123479261468482E-012
   5.6843779968999981E-002  0.35716000310576995        78387.557746637700        1.1119427959757039E-012
   5.6904252075349979E-002  0.35753996055588244        78470.948765517096        1.1115811253085214E-012
   5.6964724181699976E-002  0.35791991800599499        78554.339784396492        1.1112423731998768E-012
   5.7025196288049980E-002  0.35829987545610753        78637.730803275903        1.1108869561358884E-012
   5.7085668394399977E-002  0.35867983290622002        78721.121822155299        1.1105672458282697E-012
   5.7146140500749981E-002  0.35905979035633256        78804.512841034710        1.1101843539344150E-012
   5.7206612607099978E-002  0.35943974780644505        78887.903859914106        1.1098849022286684E-012
   5.7267084713449976E-002  0.35981970525655760        78971.294878793502        1.1095285195434586E-012
   5.7327556819799980E-002  0.36019966270667014        79054.685897672913        1.1092160025912066E-012
   5.7388028926149977E-002  0.36057962015678263        79138.076916552309        1.1089072919299882E-012
   5.7448501032499981E-002  0.36095957760689518        79221.467935431720        1.1086047365722180E-012
   5.7508973138849978E-002  0.36133953505700767        79304.858954311116        1.1082991243099760E-012
   5.7569445245199975E-002  0.36171949250712016        79388.249973190512        1.1080001252685213E-012
   5.7629917351549979E-002  0.36209944995723270        79471.640992069908        1.1077289399714943E-012
   5.7690389457899977E-002  0.36247940740734524        79555.032010949319        1.1074175420784856E-012
   5.7750861564249981E-002  0.36285936485745779        79638.423029828729        1.1071337976088714E-012
   5.7811333670599978E-002  0.36323932230757028        79721.814048708125        1.1068701396695421E-012
   5.7871805776949975E-002  0.36361927975768277        79805.205067587522        1.1066086585160194E-012
   5.7932277883299979E-002  0.36399923720779531        79888.596086466918        1.1063581806880904E-012
   5.7992749989649976E-002  0.36437919465790786        79971.987105346328        1.1061112004645287E-012
   5.8053222095999980E-002  0.36475915210802040        80055.378124225739        1.1058624249840355E-012
   5.8113694202349978E-002  0.36513910955813289        80138.769143105135        1.1056163845420738E-012
   5.8174166308699975E-002  0.36551906700824538        80222.160161984531        1.1053920916335277E-012
   5.8234638415049979E-002  0.36589902445835792        80305.551180863928        1.1051628011752236E-012
   5.8295110521399976E-002  0.36627898190847041        80388.942199743324        1.1049445365187713E-012
   5.8355582627749980E-002  0.36665893935858296        80472.333218622734        1.1047124874425201E-012
   5.8416054734099977E-002  0.36703889680869550        80555.724237502145        1.1045141154379216E-012
   5.8476526840449974E-002  0.36741885425880799        80639.115256381541        1.1043010221834882E-012
   5.8536998946799979E-002  0.36779881170892054        80722.506275260937        1.1041188530521295E-012
   5.8597471053149976E-002  0.36817876915903303        80805.897294140334        1.1039102887880804E-012
   5.8657943159499980E-002  0.36855872660914557        80889.288313019744        1.1037307361637852E-012
   5.8718415265849977E-002  0.36893868405925812        80972.679331899155        1.1035524584177824E-012
   5.8778887372199974E-002  0.36931864150937060        81056.070350778551        1.1033774060068422E-012
   5.8839359478549978E-002  0.36969859895948315        81139.461369657947        1.1032055314705233E-012
   5.8899831584899975E-002  0.37007855640959564        81222.852388537343        1.1030229724864713E-012
   5.8960303691249979E-002  0.37045851385970818        81306.243407416754        1.1029009822902588E-012
   5.9020775797599977E-002  0.37083847130982067        81389.634426296150        1.1027387400501838E-012
   5.9081247903949974E-002  0.37121842875993322        81473.025445175561        1.1026113025781554E-012
   5.9141720010299978E-002  0.37159838621004576        81556.416464054972        1.1024639101296461E-012
   5.9202192116649975E-002  0.37197834366015825        81639.807482934353        1.1023441734202921E-012
   5.9262664222999979E-002  0.37235830111027080        81723.198501813764        1.1022226382618501E-012
   5.9323136329349976E-002  0.37273825856038328        81806.589520693160        1.1020983550794911E-012
   5.9383608435699980E-002  0.37311821601049583        81889.980539572571        1.1019828459229681E-012
   5.9444080542049978E-002  0.37349817346060837        81973.371558451981        1.1018769178020760E-012
   5.9504552648399975E-002  0.37387813091072086        82056.762577331363        1.1017797639106429E-012
   5.9565024754749979E-002  0.37425808836083341        82140.153596210774        1.1016838447916749E-012
   5.9625496861099976E-002  0.37463804581094590        82223.544615090170        1.1015977769290349E-012
   5.9685968967449980E-002  0.37501800326105844        82306.935633969581        1.1015180837283509E-012
   5.9746441073799977E-002  0.37539796071117099        82390.326652848991        1.1014489920140243E-012
   5.9806913180149975E-002  0.37577791816128348        82473.717671728387        1.1013710697904658E-012
   5.9867385286499979E-002  0.37615787561139602        82557.108690607784        1.1013108270296310E-012
   5.9927857392849976E-002  0.37653783306150851        82640.499709487180        1.1012543819546606E-012
   5.9988329499199980E-002  0.37691779051162105        82723.890728366590        1.1012004837527994E-012
   6.0048801605549977E-002  0.37729774796173354        82807.281747245986        1.1011544590455025E-012
   6.0109273711899974E-002  0.37767770541184609        82890.672766125397        1.1011162211728781E-012
   6.0169745818249978E-002  0.37805766286195863        82974.063785004793        1.1010828586086504E-012
   6.0230217924599976E-002  0.37843762031207112        83057.454803884189        1.1010609502373785E-012
   6.0290690030949980E-002  0.37881757776218367        83140.845822763600        1.1010378734874632E-012
   6.0351162137299977E-002  0.37919753521229616        83224.236841642996        1.1010146375281129E-012
   6.0411634243649974E-002  0.37957749266240870        83307.627860522407        1.1010071109383647E-012
   6.0472106349999978E-002  0.37995745011252124        83391.018879401803        1.1010041914817000E-012
