   0.0000000000000000        0.0000000000000000        0.0000000000000000        1.0266035121175432E-009
   6.0472106349999980E-005   3.7995745011252125E-004   83.391018879401813        6.3232986383585873E-010
   1.2094421269999996E-004   7.5991490022504250E-004   166.78203775880363        3.3692610633003396E-010
   1.8141631904999993E-004   1.1398723503375638E-003   250.17305663820542        4.8052718758048615E-010
   2.4188842539999992E-004   1.5198298004500850E-003   333.56407551760725        3.3850387195269269E-010
   3.0236053174999988E-004   1.8997872505626060E-003   416.95509439700902        1.5174559801086509E-009
   3.6283263809999987E-004   2.2797447006751275E-003   500.34611327641085        2.4357467979122009E-008
   4.2330474444999985E-004   2.6597021507876488E-003   583.73713215581267        2.3573079143354724E-009
   4.8377685079999984E-004   3.0396596009001700E-003   667.12815103521450        3.3205453361947262E-011
   5.4424895714999977E-004   3.4196170510126908E-003   750.51916991461621        4.6654786126030002E-010
   6.0472106349999976E-004   3.7995745011252121E-003   833.91018879401804        5.1632687464730285E-010
   6.6519316984999975E-004   4.1795319512377338E-003   917.30120767341987        7.6473468926584516E-010
   7.2566527619999973E-004   4.5594894013502550E-003   1000.6922265528217        8.1272871058248403E-010
   7.8613738254999972E-004   4.9394468514627763E-003   1084.0832454322235        1.4335148311868916E-009
   8.4660948889999971E-004   5.3194043015752975E-003   1167.4742643116253        1.1174548358234749E-009
   9.0708159524999969E-004   5.6993617516878188E-003   1250.8652831910272        1.5055358742159245E-009
   9.6755370159999968E-004   6.0793192018003400E-003   1334.2563020704290        1.6498806061597506E-009
   1.0280258079499996E-003   6.4592766519128604E-003   1417.6473209498306        3.6594856405598662E-009
   1.0884979142999995E-003   6.8392341020253817E-003   1501.0383398292324        9.5003248038183687E-010
   1.1489700206499995E-003   7.2191915521379029E-003   1584.4293587086343        1.2247704301102931E-008
   1.2094421269999995E-003   7.5991490022504242E-003   1667.8203775880361        4.3994046599431925E-009
   1.2699142333499995E-003   7.9791064523629454E-003   1751.2113964674379        3.5642393736207196E-009
   1.3303863396999995E-003   8.3590639024754675E-003   1834.6024153468397        4.8087009682395187E-009
   1.3908584460499995E-003   8.7390213525879879E-003   1917.9934342262413        3.6735896954656724E-009
   1.4513305523999995E-003   9.1189788027005100E-003   2001.3844531056434        1.2512453677062734E-008
   1.5118026587499995E-003   9.4989362528130304E-003   2084.7754719850450        3.2809300309297770E-007
   1.5722747650999994E-003   9.8788937029255525E-003   2168.1664908644470        1.1192157723676380E-008
   1.6327468714499994E-003   1.0258851153038073E-002   2251.5575097438486        4.5719505581203554E-009
   1.6932189777999994E-003   1.0638808603150595E-002   2334.9485286232507        1.7580876107721629E-009
   1.7536910841499994E-003   1.1018766053263115E-002   2418.3395475026523        2.2584720560436812E-009
   1.8141631904999994E-003   1.1398723503375638E-002   2501.7305663820543        2.7879463850651057E-009
   1.8746352968499994E-003   1.1778680953488158E-002   2585.1215852614559        1.3692521077840566E-009
   1.9351074031999994E-003   1.2158638403600680E-002   2668.5126041408580        8.1130695330929178E-010
   1.9955795095499993E-003   1.2538595853713200E-002   2751.9036230202596        3.7935301518659862E-009
   2.0560516158999991E-003   1.2918553303825721E-002   2835.2946418996612        2.4206318200839890E-009
   2.1165237222499993E-003   1.3298510753938243E-002   2918.6856607790633        2.9081721361709920E-009
   2.1769958285999991E-003   1.3678468204050763E-002   3002.0766796584649        1.6335632632517112E-008
   2.2374679349499993E-003   1.4058425654163285E-002   3085.4676985378669        1.2112067845106409E-007
   2.2979400412999991E-003   1.4438383104275806E-002   3168.8587174172685        1.8417913337709530E-005
   2.3584121476499993E-003   1.4818340554388328E-002   3252.2497362966706        1.1526168311165724E-006
   2.4188842539999990E-003   1.5198298004500848E-002   3335.6407551760722        3.3875940063230267E-007
   2.4793563603499992E-003   1.5578255454613370E-002   3419.0317740554742        5.5910287834958027E-007
   2.5398284666999990E-003   1.5958212904725891E-002   3502.4227929348758        7.2670124549621351E-006
   2.6003005730499988E-003   1.6338170354838411E-002   3585.8138118142774        7.4818924847843167E-006
   2.6607726793999990E-003   1.6718127804950935E-002   3669.2048306936795        6.0548378826617653E-003
   2.7212447857499988E-003   1.7098085255063452E-002   3752.5958495730806        5.2499993868277031E-005
   2.7817168920999990E-003   1.7478042705175976E-002   3835.9868684524827        1.5767062122937594E-004
   2.8421889984499987E-003   1.7858000155288496E-002   3919.3778873318843        4.7142067271088125E-006
   2.9026611047999989E-003   1.8237957605401020E-002   4002.7689062112868        3.4788466686432651E-006
   2.9631332111499987E-003   1.8617915055513537E-002   4086.1599250906879        1.1775944916894882E-006
   3.0236053174999989E-003   1.8997872505626061E-002   4169.5509439700900        7.5941990316445110E-007
   3.0840774238499987E-003   1.9377829955738581E-002   4252.9419628494916        4.0642422419818674E-007
   3.1445495301999989E-003   1.9757787405851105E-002   4336.3329817288941        2.8391020255515683E-007
   3.2050216365499986E-003   2.0137744855963622E-002   4419.7240006082948        2.0542412857666703E-007
   3.2654937428999989E-003   2.0517702306076146E-002   4503.1150194876973        1.5107565387060776E-007
   3.3259658492499986E-003   2.0897659756188666E-002   4586.5060383670989        1.2003520057385716E-007
   3.3864379555999988E-003   2.1277617206301190E-002   4669.8970572465014        9.9179377247814254E-008
   3.4469100619499986E-003   2.1657574656413707E-002   4753.2880761259021        9.5827074343873849E-008
   3.5073821682999988E-003   2.2037532106526231E-002   4836.6790950053046        6.6066421806830629E-008
   3.5678542746499986E-003   2.2417489556638751E-002   4920.0701138847062        5.9868585145670815E-008
   3.6283263809999988E-003   2.2797447006751275E-002   5003.4611327641087        5.5311832668665800E-008
   3.6887984873499985E-003   2.3177404456863792E-002   5086.8521516435094        6.7702494222919099E-008
   3.7492705936999987E-003   2.3557361906976316E-002   5170.2431705229119        4.3162878014304218E-008
   3.8097427000499985E-003   2.3937319357088836E-002   5253.6341894023135        1.1725129359314193E-006
   3.8702148063999987E-003   2.4317276807201360E-002   5337.0252082817160        1.2807013686508962E-008
   3.9306869127499981E-003   2.4697234257313877E-002   5420.4162271611167        4.8657143600700956E-008
   3.9911590190999987E-003   2.5077191707426401E-002   5503.8072460405192        9.9431357996992871E-009
   4.0516311254499985E-003   2.5457149157538921E-002   5587.1982649199208        2.0303247850133795E-008
   4.1121032317999982E-003   2.5837106607651442E-002   5670.5892837993224        4.0647532160427298E-009
   4.1725753381499980E-003   2.6217064057763962E-002   5753.9803026787240        1.8977060058616773E-007
   4.2330474444999986E-003   2.6597021507876486E-002   5837.3713215581265        1.0479905591535854E-008
   4.2935195508499984E-003   2.6976978957989006E-002   5920.7623404375281        7.2127872595514476E-008
   4.3539916571999982E-003   2.7356936408101527E-002   6004.1533593169297        2.6504723789757723E-008
   4.4144637635499979E-003   2.7736893858214047E-002   6087.5443781963313        2.2233500241319662E-008
   4.4749358698999986E-003   2.8116851308326571E-002   6170.9353970757338        1.9453840360797865E-008
   4.5354079762499984E-003   2.8496808758439091E-002   6254.3264159551354        1.7407138167290849E-008
   4.5958800825999981E-003   2.8876766208551612E-002   6337.7174348345370        1.4169920443151926E-008
   4.6563521889499979E-003   2.9256723658664132E-002   6421.1084537139386        1.7438717611366300E-008
   4.7168242952999985E-003   2.9636681108776656E-002   6504.4994725933411        1.6432690755676549E-008
   4.7772964016499983E-003   3.0016638558889176E-002   6587.8904914727427        1.8161382858904560E-008
   4.8377685079999981E-003   3.0396596009001697E-002   6671.2815103521443        2.0086185776220438E-008
   4.8982406143499978E-003   3.0776553459114217E-002   6754.6725292315459        3.0456915685084174E-008
   4.9587127206999985E-003   3.1156510909226741E-002   6838.0635481109484        4.6317119959580620E-007
   5.0191848270499983E-003   3.1536468359339265E-002   6921.4545669903500        2.0098083808355764E-008
   5.0796569333999980E-003   3.1916425809451782E-002   7004.8455858697516        1.0422180349707584E-008
   5.1401290397499978E-003   3.2296383259564299E-002   7088.2366047491523        2.0974021953924975E-008
   5.2006011460999976E-003   3.2676340709676822E-002   7171.6276236285548        9.1296516586044946E-007
   5.2610732524499982E-003   3.3056298159789346E-002   7255.0186425079564        2.8941466049902106E-007
   5.3215453587999980E-003   3.3436255609901870E-002   7338.4096613873589        7.3509733058461430E-005
   5.3820174651499977E-003   3.3816213060014387E-002   7421.8006802667605        3.1317486993360906E-007
   5.4424895714999975E-003   3.4196170510126904E-002   7505.1916991461612        2.1259464995619554E-007
   5.5029616778499981E-003   3.4576127960239435E-002   7588.5827180255646        2.3117720790017332E-007
   5.5634337841999979E-003   3.4956085410351952E-002   7671.9737369049653        2.9421605757274266E-008
   5.6239058905499977E-003   3.5336042860464469E-002   7755.3647557843669        1.1997853420413771E-008
   5.6843779968999975E-003   3.5716000310576992E-002   7838.7557746637685        5.6985454864721403E-009
   5.7448501032499981E-003   3.6095957760689516E-002   7922.1467935431710        3.6933654292517239E-009
   5.8053222095999979E-003   3.6475915210802040E-002   8005.5378124225736        3.4082320154168679E-009
   5.8657943159499976E-003   3.6855872660914557E-002   8088.9288313019742        2.9396251847184981E-009
   5.9262664222999974E-003   3.7235830111027074E-002   8172.3198501813758        2.7702937833623252E-009
   5.9867385286499980E-003   3.7615787561139605E-002   8255.7108690607802        2.5421265487236425E-009
   6.0472106349999978E-003   3.7995745011252122E-002   8339.1018879401799        2.3573183475008468E-009
   6.1076827413499976E-003   3.8375702461364639E-002   8422.4929068195815        1.7109147229643826E-009
   6.1681548476999973E-003   3.8755659911477162E-002   8505.8839256989831        2.2059556739916341E-009
   6.2286269540499980E-003   3.9135617361589686E-002   8589.2749445783866        1.7403638077493491E-009
   6.2890990603999978E-003   3.9515574811702210E-002   8672.6659634577882        2.1581638501585113E-009
   6.3495711667499975E-003   3.9895532261814727E-002   8756.0569823371898        2.1992581224624344E-009
   6.4100432730999973E-003   4.0275489711927244E-002   8839.4480012165895        3.2075223335406072E-009
   6.4705153794499979E-003   4.0655447162039775E-002   8922.8390200959930        1.0340666898152974E-007
   6.5309874857999977E-003   4.1035404612152292E-002   9006.2300389753946        8.6503288503948814E-010
   6.5914595921499975E-003   4.1415362062264809E-002   9089.6210578547962        1.4257464767760304E-008
   6.6519316984999972E-003   4.1795319512377332E-002   9173.0120767341978        2.0556234186528441E-009
   6.7124038048499970E-003   4.2175276962489849E-002   9256.4030956135994        2.6276498330086453E-009
   6.7728759111999976E-003   4.2555234412602380E-002   9339.7941144930028        4.4361657507915695E-009
   6.8333480175499974E-003   4.2935191862714897E-002   9423.1851333724044        4.8701354499991034E-009
   6.8938201238999972E-003   4.3315149312827414E-002   9506.5761522518042        1.3747058107449223E-009
   6.9542922302499970E-003   4.3695106762939938E-002   9589.9671711312076        6.3832495898144256E-009
   7.0147643365999976E-003   4.4075064213052462E-002   9673.3581900106092        2.7083936538168764E-009
   7.0752364429499974E-003   4.4455021663164986E-002   9756.7492088900108        2.0352340746276660E-009
   7.1357085492999971E-003   4.4834979113277502E-002   9840.1402277694124        2.0281580949455248E-009
   7.1961806556499969E-003   4.5214936563390019E-002   9923.5312466488140        1.4786117550893353E-009
   7.2566527619999975E-003   4.5594894013502550E-002   10006.922265528217        1.4563226547387428E-009
   7.3171248683499973E-003   4.5974851463615067E-002   10090.313284407617        1.1950563145797323E-009
   7.3775969746999971E-003   4.6354808913727584E-002   10173.704303287019        1.0421921566791867E-009
   7.4380690810499969E-003   4.6734766363840108E-002   10257.095322166420        8.2430625740646774E-010
   7.4985411873999975E-003   4.7114723813952632E-002   10340.486341045824        2.6115147758597213E-010
   7.5590132937499973E-003   4.7494681264065156E-002   10423.877359925225        9.6762108254808921E-010
   7.6194854000999970E-003   4.7874638714177672E-002   10507.268378804627        7.3661575304567754E-009
   7.6799575064499968E-003   4.8254596164290189E-002   10590.659397684029        1.4812333850836072E-009
   7.7404296127999974E-003   4.8634553614402720E-002   10674.050416563432        1.2494044993014694E-009
   7.8009017191499972E-003   4.9014511064515237E-002   10757.441435442832        1.1862767998661843E-009
   7.8613738254999961E-003   4.9394468514627754E-002   10840.832454322233        4.4678741251004138E-008
   7.9218459318499967E-003   4.9774425964740278E-002   10924.223473201635        1.1600234005464368E-008
   7.9823180381999974E-003   5.0154383414852802E-002   11007.614492081038        1.2937500887772353E-006
   8.0427901445499963E-003   5.0534340864965319E-002   11091.005510960438        3.3202809546361773E-009
   8.1032622508999969E-003   5.0914298315077842E-002   11174.396529839842        4.9721326369959676E-008
   8.1637343572499976E-003   5.1294255765190366E-002   11257.787548719243        8.9561762849141538E-009
   8.2242064635999965E-003   5.1674213215302883E-002   11341.178567598645        6.9309412805800174E-009
   8.2846785699499971E-003   5.2054170665415407E-002   11424.569586478046        4.5700391022268568E-009
   8.3451506762999960E-003   5.2434128115527924E-002   11507.960605357448        4.4920757024681729E-009
   8.4056227826499966E-003   5.2814085565640448E-002   11591.351624236850        3.1244519832149115E-009
   8.4660948889999973E-003   5.3194043015752972E-002   11674.742643116253        3.3309563973757384E-009
   8.5265669953499962E-003   5.3574000465865489E-002   11758.133661995653        2.9677310274623541E-009
   8.5870391016999968E-003   5.3953957915978012E-002   11841.524680875056        2.6556149301668452E-009
   8.6475112080499975E-003   5.4333915366090536E-002   11924.915699754458        2.5253580159509111E-009
   8.7079833143999964E-003   5.4713872816203053E-002   12008.306718633859        2.2649969812495048E-009
   8.7684554207499970E-003   5.5093830266315577E-002   12091.697737513261        2.1224247799328726E-009
   8.8289275270999959E-003   5.5473787716428094E-002   12175.088756392663        2.0231313207837002E-009
   8.8893996334499965E-003   5.5853745166540618E-002   12258.479775272064        1.7208515911526633E-009
   8.9498717397999972E-003   5.6233702616653142E-002   12341.870794151468        1.8000694661721877E-009
   9.0103438461499961E-003   5.6613660066765659E-002   12425.261813030867        7.1335016950441413E-010
   9.0708159524999967E-003   5.6993617516878183E-002   12508.652831910271        2.5152167002089137E-009
   9.1312880588499956E-003   5.7373574966990699E-002   12592.043850789671        2.7302052607260088E-009
   9.1917601651999963E-003   5.7753532417103223E-002   12675.434869669074        1.9968250539018925E-009
   9.2522322715499969E-003   5.8133489867215747E-002   12758.825888548476        3.5843438610928531E-009
   9.3127043778999958E-003   5.8513447317328264E-002   12842.216907427877        2.1023449340789772E-009
   9.3731764842499964E-003   5.8893404767440788E-002   12925.607926307279        1.5771883054224378E-009
   9.4336485905999971E-003   5.9273362217553312E-002   13008.998945186682        2.2899291295903990E-009
   9.4941206969499960E-003   5.9653319667665829E-002   13092.389964066082        4.1698004448154872E-010
   9.5545928032999966E-003   6.0033277117778353E-002   13175.780982945485        1.7666285097792105E-009
   9.6150649096499955E-003   6.0413234567890869E-002   13259.172001824885        1.0046154405525800E-009
   9.6755370159999961E-003   6.0793192018003393E-002   13342.563020704289        1.2402812332070895E-009
   9.7360091223499968E-003   6.1173149468115917E-002   13425.954039583690        1.2294102967196425E-009
   9.7964812286999957E-003   6.1553106918228434E-002   13509.345058463092        1.2476608571140852E-009
   9.8569533350499963E-003   6.1933064368340958E-002   13592.736077342493        1.1968907839490832E-009
   9.9174254413999970E-003   6.2313021818453482E-002   13676.127096221897        1.2366178536688105E-009
   9.9778975477499959E-003   6.2692979268565999E-002   13759.518115101297        1.1174637636089729E-009
   1.0038369654099997E-002   6.3072936718678529E-002   13842.909133980700        1.1203425120646508E-009
   1.0098841760449995E-002   6.3452894168791033E-002   13926.300152860098        1.0374533835648653E-009
   1.0159313866799996E-002   6.3832851618903563E-002   14009.691171739503        1.0620232032234110E-009
   1.0219785973149997E-002   6.4212809069016094E-002   14093.082190618907        9.1809319204997713E-010
   1.0280258079499996E-002   6.4592766519128597E-002   14176.473209498305        5.1500099068644787E-010
   1.0340730185849996E-002   6.4972723969241128E-002   14259.864228377708        9.9509842018781425E-010
   1.0401202292199995E-002   6.5352681419353645E-002   14343.255247257110        3.5598049700655160E-010
   1.0461674398549996E-002   6.5732638869466162E-002   14426.646266136509        9.0785069592239222E-010
   1.0522146504899996E-002   6.6112596319578693E-002   14510.037285015913        3.2750287249088042E-010
   1.0582618611249995E-002   6.6492553769691209E-002   14593.428303895314        2.2215693039316205E-009
   1.0643090717599996E-002   6.6872511219803740E-002   14676.819322774718        2.5092714224123432E-008
   1.0703562823949997E-002   6.7252468669916257E-002   14760.210341654119        2.7089766362793174E-010
   1.0764034930299995E-002   6.7632426120028774E-002   14843.601360533521        6.6765143016196642E-009
   1.0824507036649996E-002   6.8012383570141305E-002   14926.992379412924        2.7894209550346947E-009
   1.0884979142999995E-002   6.8392341020253808E-002   15010.383398292322        1.2301473754816711E-009
   1.0945451249349996E-002   6.8772298470366339E-002   15093.774417171726        1.3642268462274695E-009
   1.1005923355699996E-002   6.9152255920478869E-002   15177.165436051129        1.1272139472756545E-009
   1.1066395462049995E-002   6.9532213370591373E-002   15260.556454930527        1.1558702436911734E-009
   1.1126867568399996E-002   6.9912170820703903E-002   15343.947473809931        1.1150883770707088E-009
   1.1187339674749996E-002   7.0292128270816434E-002   15427.338492689336        1.1122031332979700E-009
   1.1247811781099995E-002   7.0672085720928937E-002   15510.729511568734        1.0603211370079895E-009
   1.1308283887449996E-002   7.1052043171041468E-002   15594.120530448137        1.0566519924638299E-009
   1.1368755993799995E-002   7.1432000621153985E-002   15677.511549327537        1.0051922368354489E-009
   1.1429228100149996E-002   7.1811958071266502E-002   15760.902568206939        1.0539153579989889E-009
   1.1489700206499996E-002   7.2191915521379033E-002   15844.293587086342        9.5266568614474279E-010
   1.1550172312849995E-002   7.2571872971491549E-002   15927.684605965744        9.5682199820768079E-010
   1.1610644419199996E-002   7.2951830421604080E-002   16011.075624845147        9.0965530931847724E-010
   1.1671116525549996E-002   7.3331787871716597E-002   16094.466643724549        8.1903954795043768E-010
   1.1731588631899995E-002   7.3711745321829114E-002   16177.857662603948        1.0140547471425045E-009
   1.1792060738249996E-002   7.4091702771941645E-002   16261.248681483354        2.4777563978920792E-010
   1.1852532844599995E-002   7.4471660222054148E-002   16344.639700362752        1.0491696000086466E-009
   1.1913004950949995E-002   7.4851617672166679E-002   16428.030719242153        6.0706804040294460E-010
   1.1973477057299996E-002   7.5231575122279210E-002   16511.421738121560        7.9073779729683851E-010
   1.2033949163649995E-002   7.5611532572391713E-002   16594.812757000956        8.4174791083073254E-010
   1.2094421269999996E-002   7.5991490022504243E-002   16678.203775880360        8.4414209916570759E-010
   1.2154893376349995E-002   7.6371447472616760E-002   16761.594794759760        7.0062463410668276E-010
   1.2215365482699995E-002   7.6751404922729277E-002   16844.985813639163        8.7020375254439010E-010
   1.2275837589049996E-002   7.7131362372841808E-002   16928.376832518567        6.2336994578523186E-010
   1.2336309695399995E-002   7.7511319822954325E-002   17011.767851397966        6.9272989536778559E-010
   1.2396781801749995E-002   7.7891277273066856E-002   17095.158870277370        7.3034431169520208E-010
   1.2457253908099996E-002   7.8271234723179373E-002   17178.549889156773        7.2504940981762348E-010
   1.2517726014449995E-002   7.8651192173291889E-002   17261.940908036173        7.2745211340303262E-010
   1.2578198120799996E-002   7.9031149623404420E-002   17345.331926915576        7.2743853763581052E-010
   1.2638670227149994E-002   7.9411107073516923E-002   17428.722945794972        7.1347195840849847E-010
   1.2699142333499995E-002   7.9791064523629454E-002   17512.113964674380        7.1962161972929514E-010
   1.2759614439849996E-002   8.0171021973741985E-002   17595.504983553783        7.0296404323424417E-010
   1.2820086546199995E-002   8.0550979423854488E-002   17678.896002433179        7.4573576698410396E-010
   1.2880558652549995E-002   8.0930936873967019E-002   17762.287021312583        6.6181319666765306E-010
   1.2941030758899996E-002   8.1310894324079550E-002   17845.678040191986        7.5652452948600641E-010
   1.3001502865249995E-002   8.1690851774192053E-002   17929.069059071386        6.6218757359949515E-010
   1.3061974971599995E-002   8.2070809224304583E-002   18012.460077950789        6.0444495811402242E-010
   1.3122447077949994E-002   8.2450766674417100E-002   18095.851096830189        6.3630233843603767E-010
   1.3182919184299995E-002   8.2830724124529617E-002   18179.242115709592        3.8878901451226863E-010
   1.3243391290649996E-002   8.3210681574642148E-002   18262.633134588996        9.1619498202742699E-010
   1.3303863396999994E-002   8.3590639024754665E-002   18346.024153468396        8.6445759389655264E-011
   1.3364335503349995E-002   8.3970596474867196E-002   18429.415172347799        6.3300620556813837E-010
   1.3424807609699994E-002   8.4350553924979699E-002   18512.806191227199        5.8653458177481451E-010
   1.3485279716049995E-002   8.4730511375092230E-002   18596.197210106602        6.5201188176700234E-010
   1.3545751822399995E-002   8.5110468825204760E-002   18679.588228986006        5.1642181320575951E-010
   1.3606223928749994E-002   8.5490426275317263E-002   18762.979247865402        5.4124225224301943E-010
   1.3666696035099995E-002   8.5870383725429794E-002   18846.370266744809        5.4028780119222826E-010
   1.3727168141449995E-002   8.6250341175542325E-002   18929.761285624212        5.4896978936623398E-010
   1.3787640247799994E-002   8.6630298625654828E-002   19013.152304503608        5.4597781614812700E-010
   1.3848112354149995E-002   8.7010256075767359E-002   19096.543323383012        5.4565211347485109E-010
   1.3908584460499994E-002   8.7390213525879876E-002   19179.934342262415        5.4638046533334855E-010
   1.3969056566849995E-002   8.7770170975992393E-002   19263.325361141815        5.4375712678404464E-010
   1.4029528673199995E-002   8.8150128426104923E-002   19346.716380021218        5.3986129138887998E-010
   1.4090000779549994E-002   8.8530085876217440E-002   19430.107398900618        5.5142247588248581E-010
   1.4150472885899995E-002   8.8910043326329971E-002   19513.498417780022        5.2867994196308966E-010
   1.4210944992249995E-002   8.9290000776442488E-002   19596.889436659425        5.4556976120070247E-010
   1.4271417098599994E-002   8.9669958226555005E-002   19680.280455538825        5.2012285004760428E-010
   1.4331889204949995E-002   9.0049915676667536E-002   19763.671474418228        5.4789511313939069E-010
   1.4392361311299994E-002   9.0429873126780039E-002   19847.062493297628        5.0833184412899225E-010
   1.4452833417649994E-002   9.0809830576892570E-002   19930.453512177031        4.8059957738842564E-010
   1.4513305523999995E-002   9.1189788027005100E-002   20013.844531056435        5.3090013628446268E-010
   1.4573777630349994E-002   9.1569745477117603E-002   20097.235549935831        4.2135441200319968E-010
   1.4634249736699995E-002   9.1949702927230134E-002   20180.626568815234        4.5788289213870786E-010
   1.4694721843049994E-002   9.2329660377342651E-002   20264.017587694638        5.0166155938373330E-010
   1.4755193949399994E-002   9.2709617827455168E-002   20347.408606574038        4.7312668815257414E-010
   1.4815666055749995E-002   9.3089575277567699E-002   20430.799625453441        5.0092621315535419E-010
   1.4876138162099994E-002   9.3469532727680216E-002   20514.190644332841        4.8195084830707524E-010
   1.4936610268449994E-002   9.3849490177792746E-002   20597.581663212248        4.6416759735137670E-010
   1.4997082374799995E-002   9.4229447627905263E-002   20680.972682091648        4.6200619098499202E-010
   1.5057554481149994E-002   9.4609405078017780E-002   20764.363700971047        4.6347041793841689E-010
   1.5118026587499995E-002   9.4989362528130311E-002   20847.754719850451        4.5964763558379758E-010
   1.5178498693849993E-002   9.5369319978242814E-002   20931.145738729851        4.5791124148703625E-010
   1.5238970800199994E-002   9.5749277428355345E-002   21014.536757609254        4.5216792406708550E-010
   1.5299442906549995E-002   9.6129234878467876E-002   21097.927776488657        4.5161559739149124E-010
   1.5359915012899994E-002   9.6509192328580379E-002   21181.318795368057        4.4858419431825706E-010
   1.5420387119249994E-002   9.6889149778692910E-002   21264.709814247461        4.4641067822959541E-010
   1.5480859225599995E-002   9.7269107228805440E-002   21348.100833126864        4.4977830040049329E-010
   1.5541331331949994E-002   9.7649064678917943E-002   21431.491852006260        4.3525553974534629E-010
   1.5601803438299994E-002   9.8029022129030474E-002   21514.882870885664        4.7078842521968056E-010
   1.5662275544649995E-002   9.8408979579143005E-002   21598.273889765071        4.2718875840876916E-010
   1.5722747650999992E-002   9.8788937029255508E-002   21681.664908644467        4.5016821766988974E-010
   1.5783219757349993E-002   9.9168894479368025E-002   21765.055927523867        4.2209791285001225E-010
   1.5843691863699993E-002   9.9548851929480556E-002   21848.446946403270        4.3637060675930942E-010
   1.5904163970049994E-002   9.9928809379593087E-002   21931.837965282677        4.4155746995209050E-010
   1.5964636076399995E-002  0.10030876682970560        22015.228984162077        3.1198962834137350E-010
   1.6025108182749995E-002  0.10068872427981813        22098.620003041480        4.4048425595657130E-010
   1.6085580289099993E-002  0.10106868172993064        22182.011021920876        3.1955581077021261E-010
   1.6146052395449993E-002  0.10144863918004315        22265.402040800280        3.5844917584341950E-010
   1.6206524501799994E-002  0.10182859663015568        22348.793059679683        3.8405187432128353E-010
   1.6266996608149994E-002  0.10220855408026822        22432.184078559087        3.7971260817201053E-010
   1.6327468714499995E-002  0.10258851153038073        22515.575097438486        3.8036581571161900E-010
   1.6387940820849992E-002  0.10296846898049324        22598.966116317886        3.7894827653818432E-010
   1.6448412927199993E-002  0.10334842643060577        22682.357135197290        3.7602513263092669E-010
   1.6508885033549994E-002  0.10372838388071828        22765.748154076689        3.7356559718707092E-010
   1.6569357139899994E-002  0.10410834133083081        22849.139172956093        3.7253689646677787E-010
   1.6629829246249995E-002  0.10448829878094335        22932.530191835496        3.6936478293399009E-010
   1.6690301352599992E-002  0.10486825623105585        23015.921210714896        3.6837597639139062E-010
   1.6750773458949993E-002  0.10524821368116836        23099.312229594296        3.6548591497310510E-010
   1.6811245565299993E-002  0.10562817113128090        23182.703248473699        3.6326281548101713E-010
   1.6871717671649994E-002  0.10600812858139343        23266.094267353103        3.6360427569346370E-010
   1.6932189777999995E-002  0.10638808603150594        23349.485286232506        3.5861686319542711E-010
   1.6992661884349992E-002  0.10676804348161845        23432.876305111902        3.6383385291494716E-010
   1.7053133990699992E-002  0.10714800093173098        23516.267323991306        3.4861860371887820E-010
   1.7113606097049993E-002  0.10752795838184349        23599.658342870709        3.6721880567611701E-010
   1.7174078203399994E-002  0.10790791583195602        23683.049361750112        3.4788209233943293E-010
   1.7234550309749994E-002  0.10828787328206856        23766.440380629516        3.4465487880816345E-010
   1.7295022416099995E-002  0.10866783073218107        23849.831399508916        3.4100378787879359E-010
   1.7355494522449992E-002  0.10904778818229358        23933.222418388315        3.4270655115224619E-010
   1.7415966628799993E-002  0.10942774563240611        24016.613437267719        3.3723676163688363E-010
   1.7476438735149993E-002  0.10980770308251864        24100.004456147122        3.4223652754238059E-010
   1.7536910841499994E-002  0.11018766053263115        24183.395475026522        3.3255715645918220E-010
   1.7597382947849995E-002  0.11056761798274369        24266.786493905925        3.3547906320954997E-010
   1.7657855054199992E-002  0.11094757543285619        24350.177512785325        3.3123774780673856E-010
   1.7718327160549992E-002  0.11132753288296870        24433.568531664725        3.2838103684463248E-010
   1.7778799266899993E-002  0.11170749033308124        24516.959550544128        3.2593043603561783E-010
   1.7839271373249994E-002  0.11208744778319377        24600.350569423532        3.2378651328942757E-010
   1.7899743479599994E-002  0.11246740523330628        24683.741588302935        3.2086509813984290E-010
   1.7960215585949992E-002  0.11284736268341879        24767.132607182331        3.1952009264497302E-010
   1.8020687692299992E-002  0.11322732013353132        24850.523626061735        3.1668184180904836E-010
   1.8081159798649993E-002  0.11360727758364383        24933.914644941138        3.1546218976919645E-010
   1.8141631904999993E-002  0.11398723503375637        25017.305663820542        3.1237291803706164E-010
   1.8202104011349994E-002  0.11436719248386890        25100.696682699945        3.1143973604071209E-010
   1.8262576117699991E-002  0.11474714993398140        25184.087701579341        3.1222781786720772E-010
   1.8323048224049992E-002  0.11512710738409392        25267.478720458745        3.0636209803654088E-010
   1.8383520330399993E-002  0.11550706483420645        25350.869739338148        3.1101160034696327E-010
   1.8443992436749993E-002  0.11588702228431898        25434.260758217551        3.0342205726475251E-010
   1.8504464543099994E-002  0.11626697973443149        25517.651777096951        3.1081573498401535E-010
   1.8564936649449994E-002  0.11664693718454403        25601.042795976355        2.9654257846055418E-010
   1.8625408755799992E-002  0.11702689463465653        25684.433814855754        3.0532572755260699E-010
   1.8685880862149992E-002  0.11740685208476904        25767.824833735154        2.9952681979200300E-010
   1.8746352968499993E-002  0.11778680953488158        25851.215852614558        2.8687249541454080E-010
   1.8806825074849993E-002  0.11816676698499411        25934.606871493961        2.8619146334208416E-010
   1.8867297181199994E-002  0.11854672443510662        26017.997890373364        2.8972085973635098E-010
   1.8927769287549991E-002  0.11892668188521913        26101.388909252761        2.8769028903056915E-010
   1.8988241393899992E-002  0.11930663933533166        26184.779928132164        2.8566103670835894E-010
   1.9048713500249993E-002  0.11968659678544417        26268.170947011564        2.8363857126202492E-010
   1.9109185606599993E-002  0.12006655423555671        26351.561965890971        2.8188389776313872E-010
   1.9169657712949994E-002  0.12044651168566924        26434.952984770374        2.8006085540558800E-010
   1.9230129819299991E-002  0.12082646913578174        26518.344003649770        2.7836465929104912E-010
   1.9290601925649992E-002  0.12120642658589426        26601.735022529174        2.7648239220687849E-010
   1.9351074031999992E-002  0.12158638403600679        26685.126041408577        2.7506673579116558E-010
   1.9411546138349993E-002  0.12196634148611932        26768.517060287981        2.7274518946979438E-010
   1.9472018244699994E-002  0.12234629893623183        26851.908079167380        2.7176941598953643E-010
   1.9532490351049991E-002  0.12272625638634434        26935.299098046780        2.6967990987465862E-010
   1.9592962457399991E-002  0.12310621383645687        27018.690116926184        2.6853205739117247E-010
   1.9653434563749992E-002  0.12348617128656939        27102.081135805583        2.6697759891022418E-010
   1.9713906670099993E-002  0.12386612873668192        27185.472154684987        2.6462690307368181E-010
   1.9774378776449993E-002  0.12424608618679445        27268.863173564390        2.6668353043766474E-010
   1.9834850882799994E-002  0.12462604363690696        27352.254192443794        2.6122471760512047E-010
   1.9895322989149991E-002  0.12500600108701948        27435.645211323194        2.6265829480376138E-010
   1.9955795095499992E-002  0.12538595853713200        27519.036230202593        2.5982740990731246E-010
   2.0016267201849992E-002  0.12576591598724451        27602.427249081993        2.5750434597103938E-010
   2.0076739308199993E-002  0.12614587343735706        27685.818267961400        2.5624414499081576E-010
   2.0137211414549994E-002  0.12652583088746958        27769.209286840804        2.5487812162323939E-010
   2.0197683520899991E-002  0.12690578833758207        27852.600305720196        2.5275330164285333E-010
   2.0258155627249991E-002  0.12728574578769461        27935.991324599603        2.5231163786233399E-010
   2.0318627733599992E-002  0.12766570323780713        28019.382343479007        2.5053636908106454E-010
   2.0379099839949993E-002  0.12804566068791964        28102.773362358406        2.4895817434664465E-010
   2.0439571946299993E-002  0.12842561813803219        28186.164381237813        2.4754149055648516E-010
   2.0500044052649991E-002  0.12880557558814468        28269.555400117206        2.4601557580221933E-010
   2.0560516158999991E-002  0.12918553303825719        28352.946418996609        2.4460541976315541E-010
   2.0620988265349992E-002  0.12956549048836974        28436.337437876016        2.4324009046994262E-010
   2.0681460371699992E-002  0.12994544793848226        28519.728456755416        2.4173023546404275E-010
   2.0741932478049993E-002  0.13032540538859477        28603.119475634816        2.4048271604045825E-010
   2.0802404584399990E-002  0.13070536283870729        28686.510494514219        2.3875992951631607E-010
   2.0862876690749991E-002  0.13108532028881981        28769.901513393619        2.3801167750609613E-010
   2.0923348797099992E-002  0.13146527773893232        28853.292532273019        2.3587834678330311E-010
   2.0983820903449992E-002  0.13184523518904487        28936.683551152426        2.3524191848281632E-010
   2.1044293009799993E-002  0.13222519263915739        29020.074570031826        2.3406527867122907E-010
   2.1104765116149993E-002  0.13260515008926990        29103.465588911229        2.3276188400332801E-010
   2.1165237222499991E-002  0.13298510753938242        29186.856607790629        2.3226663885677683E-010
   2.1225709328849991E-002  0.13336506498949494        29270.247626670029        2.2922997869818494E-010
   2.1286181435199992E-002  0.13374502243960748        29353.638645549436        2.3192210924592815E-010
   2.1346653541549993E-002  0.13412497988972000        29437.029664428839        2.2749341692085844E-010
   2.1407125647899993E-002  0.13450493733983251        29520.420683308239        2.2761517263835419E-010
   2.1467597754249990E-002  0.13488489478994503        29603.811702187639        2.2562571689927781E-010
   2.1528069860599991E-002  0.13526485224005755        29687.202721067042        2.2444720450494108E-010
   2.1588541966949992E-002  0.13564480969017007        29770.593739946442        2.2323165977796628E-010
   2.1649014073299992E-002  0.13602476714028261        29853.984758825849        2.2198087570874679E-010
   2.1709486179649993E-002  0.13640472459039513        29937.375777705249        2.2069500226313393E-010
   2.1769958285999990E-002  0.13678468204050762        30020.766796584645        2.1954845664869677E-010
   2.1830430392349991E-002  0.13716463949062016        30104.157815464052        2.1840232831433162E-010
   2.1890902498699991E-002  0.13754459694073268        30187.548834343452        2.1720921438783745E-010
   2.1951374605049992E-002  0.13792455439084519        30270.939853222852        2.1607794818792067E-010
   2.2011846711399993E-002  0.13830451184095774        30354.330872102259        2.1493574090811101E-010
   2.2072318817749993E-002  0.13868446929107026        30437.721890981662        2.1377480246706432E-010
   2.2132790924099990E-002  0.13906442674118275        30521.112909861055        2.1273638192425003E-010
   2.2193263030449991E-002  0.13944438419129529        30604.503928740462        2.1150729411497433E-010
   2.2253735136799992E-002  0.13982434164140781        30687.894947619861        2.1058344827742181E-010
   2.2314207243149992E-002  0.14020429909152032        30771.285966499265        2.0921159461620450E-010
   2.2374679349499993E-002  0.14058425654163287        30854.676985378672        2.0849787890138753E-010
   2.2435151455849990E-002  0.14096421399174536        30938.068004258064        2.0733767894715757E-010
   2.2495623562199991E-002  0.14134417144185787        31021.459023137468        2.0620602148829519E-010
   2.2556095668549991E-002  0.14172412889197042        31104.850042016875        2.0564039712013683E-010
   2.2616567774899992E-002  0.14210408634208294        31188.241060896275        2.0448473492450659E-010
   2.2677039881249993E-002  0.14248404379219545        31271.632079775674        2.0320371940337500E-010
   2.2737511987599990E-002  0.14286400124230797        31355.023098655074        2.0235471889483644E-010
   2.2797984093949990E-002  0.14324395869242049        31438.414117534478        2.0111997162794570E-010
   2.2858456200299991E-002  0.14362391614253300        31521.805136413877        2.0027259079162170E-010
   2.2918928306649992E-002  0.14400387359264555        31605.196155293284        1.9929406461283243E-010
   2.2979400412999992E-002  0.14438383104275807        31688.587174172684        1.9833149856509040E-010
   2.3039872519349990E-002  0.14476378849287058        31771.978193052088        1.9735681998242797E-010
   2.3100344625699990E-002  0.14514374594298310        31855.369211931487        1.9642651567805949E-010
   2.3160816732049991E-002  0.14552370339309562        31938.760230810887        1.9544105773903931E-010
   2.3221288838399991E-002  0.14590366084320816        32022.151249690294        1.9453158990210622E-010
   2.3281760944749992E-002  0.14628361829332068        32105.542268569694        1.9357475924942305E-010
   2.3342233051099993E-002  0.14666357574343319        32188.933287449097        1.9266631824523592E-010
   2.3402705157449990E-002  0.14704353319354571        32272.324306328497        1.9172116534692677E-010
   2.3463177263799991E-002  0.14742349064365823        32355.715325207897        1.9077832785819183E-010
   2.3523649370149991E-002  0.14780344809377075        32439.106344087300        1.8994049342636338E-010
   2.3584121476499992E-002  0.14818340554388329        32522.497362966707        1.8880797269156165E-010
   2.3644593582849992E-002  0.14856336299399581        32605.888381846107        1.8817118232779475E-010
   2.3705065689199990E-002  0.14894332044410830        32689.279400725503        1.8706226345096092E-010
   2.3765537795549990E-002  0.14932327789422084        32772.670419604910        1.8637811030610779E-010
   2.3826009901899991E-002  0.14970323534433336        32856.061438484307        1.8537714225716976E-010
   2.3886482008249992E-002  0.15008319279444587        32939.452457363710        1.8458354298729839E-010
   2.3946954114599992E-002  0.15046315024455842        33022.843476243121        1.8403885663613790E-010
   2.4007426220949989E-002  0.15084310769467091        33106.234495122510        1.8281377658701756E-010
   2.4067898327299990E-002  0.15122306514478343        33189.625514001913        1.8247581194442609E-010
   2.4128370433649991E-002  0.15160302259489597        33273.016532881316        1.8154532524928201E-010
   2.4188842539999991E-002  0.15198298004500849        33356.407551760720        1.8054903004408054E-010
   2.4249314646349992E-002  0.15236293749512100        33439.798570640123        1.7973394395077292E-010
   2.4309786752699989E-002  0.15274289494523352        33523.189589519519        1.7890708129342190E-010
   2.4370258859049990E-002  0.15312285239534604        33606.580608398923        1.7810983606903681E-010
   2.4430730965399990E-002  0.15350280984545855        33689.971627278326        1.7730065252003575E-010
   2.4491203071749991E-002  0.15388276729557110        33773.362646157730        1.7653207496223636E-010
   2.4551675178099992E-002  0.15426272474568362        33856.753665037133        1.7572830629411238E-010
   2.4612147284449992E-002  0.15464268219579613        33940.144683916536        1.7494505631046021E-010
   2.4672619390799989E-002  0.15502263964590865        34023.535702795933        1.7416849253447281E-010
   2.4733091497149990E-002  0.15540259709602117        34106.926721675336        1.7340716998797616E-010
   2.4793563603499991E-002  0.15578255454613371        34190.317740554739        1.7264216713947516E-010
   2.4854035709849991E-002  0.15616251199624623        34273.708759434143        1.7187351005816085E-010
   2.4914507816199992E-002  0.15654246944635875        34357.099778313546        1.7113820237458171E-010
   2.4974979922549989E-002  0.15692242689647126        34440.490797192942        1.7034729510880174E-010
   2.5035452028899990E-002  0.15730238434658378        34523.881816072346        1.6969841796825079E-010
   2.5095924135249990E-002  0.15768234179669630        34607.272834951749        1.6882038444767114E-010
   2.5156396241599991E-002  0.15806229924680884        34690.663853831153        1.6821344983223164E-010
   2.5216868347949992E-002  0.15844225669692136        34774.054872710556        1.6745660165564887E-010
   2.5277340454299989E-002  0.15882221414703385        34857.445891589945        1.6675489642872818E-010
   2.5337812560649989E-002  0.15920217159714639        34940.836910469356        1.6605169496090402E-010
   2.5398284666999990E-002  0.15958212904725891        35024.227929348759        1.6536560574266070E-010
   2.5458756773349991E-002  0.15996208649737143        35107.618948228155        1.6460811306037369E-010
   2.5519228879699991E-002  0.16034204394748397        35191.009967107566        1.6397754250380244E-010
   2.5579700986049989E-002  0.16072200139759646        35274.400985986962        1.6322951125627254E-010
   2.5640173092399989E-002  0.16110195884770898        35357.792004866358        1.6257016493021540E-010
   2.5700645198749990E-002  0.16148191629782152        35441.183023745769        1.6190249568043131E-010
   2.5761117305099990E-002  0.16186187374793404        35524.574042625165        1.6123132209125324E-010
   2.5821589411449991E-002  0.16224183119804655        35607.965061504568        1.6056264533168095E-010
   2.5882061517799992E-002  0.16262178864815910        35691.356080383972        1.5990310674355881E-010
   2.5942533624149989E-002  0.16300174609827159        35774.747099263368        1.5925790951895334E-010
   2.6003005730499990E-002  0.16338170354838411        35858.138118142771        1.5860196131385341E-010
   2.6063477836849990E-002  0.16376166099849665        35941.529137022175        1.5794625754676399E-010
   2.6123949943199991E-002  0.16414161844860917        36024.920155901578        1.5732414178205125E-010
   2.6184422049549991E-002  0.16452157589872168        36108.311174780982        1.5666352844367567E-010
   2.6244894155899989E-002  0.16490153334883420        36191.702193660378        1.5603002272132135E-010
   2.6305366262249989E-002  0.16528149079894672        36275.093212539781        1.5541070941959272E-010
   2.6365838368599990E-002  0.16566144824905923        36358.484231419185        1.5474624885879045E-010
   2.6426310474949991E-002  0.16604140569917178        36441.875250298588        1.5416643741018791E-010
   2.6486782581299991E-002  0.16642136314928430        36525.266269177991        1.5349475749654797E-010
   2.6547254687649988E-002  0.16680132059939681        36608.657288057388        1.5296211760938433E-010
   2.6607726793999989E-002  0.16718127804950933        36692.048306936791        1.5226662034859859E-010
   2.6668198900349990E-002  0.16756123549962185        36775.439325816194        1.5171419985896915E-010
   2.6728671006699990E-002  0.16794119294973439        36858.830344695598        1.5114414409286725E-010
   2.6789143113049991E-002  0.16832115039984691        36942.221363575001        1.5057614286091673E-010
   2.6849615219399988E-002  0.16870110784995940        37025.612382454397        1.4995514126892022E-010
   2.6910087325749989E-002  0.16908106530007194        37109.003401333801        1.4936890636160278E-010
   2.6970559432099989E-002  0.16946102275018446        37192.394420213204        1.4880163812550485E-010
   2.7031031538449990E-002  0.16984098020029698        37275.785439092600        1.4821838471808705E-010
   2.7091503644799991E-002  0.17022093765040952        37359.176457972011        1.4765135067307453E-010
   2.7151975751149991E-002  0.17060089510052204        37442.567476851415        1.4708314007803849E-010
   2.7212447857499988E-002  0.17098085255063453        37525.958495730803        1.4652757606855792E-010
   2.7272919963849989E-002  0.17136081000074707        37609.349514610214        1.4595923908494727E-010
   2.7333392070199990E-002  0.17174076745085959        37692.740533489618        1.4540694738798146E-010
   2.7393864176549990E-002  0.17212072490097211        37776.131552369014        1.4487333833266577E-010
   2.7454336282899991E-002  0.17250068235108465        37859.522571248424        1.4431008619167600E-010
   2.7514808389249988E-002  0.17288063980119714        37942.913590127813        1.4377124671395450E-010
   2.7575280495599989E-002  0.17326059725130966        38026.304609007217        1.4322313515153882E-010
   2.7635752601949989E-002  0.17364055470142220        38109.695627886627        1.4268762078669668E-010
   2.7696224708299990E-002  0.17402051215153472        38193.086646766023        1.4216036738011047E-010
   2.7756696814649991E-002  0.17440046960164723        38276.477665645427        1.4162048319117392E-010
   2.7817168920999988E-002  0.17478042705175975        38359.868684524830        1.4111384936389504E-010
   2.7877641027349988E-002  0.17516038450187227        38443.259703404226        1.4057394835240597E-010
   2.7938113133699989E-002  0.17554034195198479        38526.650722283630        1.4006468136027367E-010
   2.7998585240049990E-002  0.17592029940209733        38610.041741163033        1.3956194366027366E-010
   2.8059057346399990E-002  0.17630025685220985        38693.432760042437        1.3904251272679368E-010
   2.8119529452749988E-002  0.17668021430232236        38776.823778921840        1.3854070716448845E-010
   2.8180001559099988E-002  0.17706017175243488        38860.214797801236        1.3804335122653447E-010
   2.8240473665449989E-002  0.17744012920254740        38943.605816680640        1.3753024859397625E-010
   2.8300945771799989E-002  0.17782008665265994        39026.996835560043        1.3703636828873654E-010
   2.8361417878149990E-002  0.17820004410277246        39110.387854439447        1.3654609386236613E-010
   2.8421889984499991E-002  0.17858000155288498        39193.778873318850        1.3606267444478512E-010
   2.8482362090849988E-002  0.17895995900299749        39277.169892198246        1.3557155632928429E-010
   2.8542834197199989E-002  0.17933991645311001        39360.560911077650        1.3509226721733798E-010
   2.8603306303549989E-002  0.17971987390322253        39443.951929957053        1.3461081294703977E-010
   2.8663778409899990E-002  0.18009983135333507        39527.342948836456        1.3413413141123663E-010
   2.8724250516249990E-002  0.18047978880344759        39610.733967715860        1.3365909602661462E-010
   2.8784722622599988E-002  0.18085974625356008        39694.124986595256        1.3319186597303589E-010
   2.8845194728949988E-002  0.18123970370367262        39777.516005474659        1.3272724644342107E-010
   2.8905666835299989E-002  0.18161966115378514        39860.907024354063        1.3226008587580553E-010
   2.8966138941649990E-002  0.18199961860389766        39944.298043233459        1.3180684460183159E-010
   2.9026611047999990E-002  0.18237957605401020        40027.689062112870        1.3134261843166139E-010
   2.9087083154349987E-002  0.18275953350412269        40111.080080992266        1.3089659894836484E-010
   2.9147555260699988E-002  0.18313949095423521        40194.471099871662        1.3044122320476751E-010
   2.9208027367049989E-002  0.18351944840434775        40277.862118751073        1.3000627723074000E-010
   2.9268499473399989E-002  0.18389940585446027        40361.253137630469        1.2952849788683111E-010
   2.9328971579749990E-002  0.18427936330457279        40444.644156509872        1.2911677828009160E-010
   2.9389443686099987E-002  0.18465932075468530        40528.035175389276        1.2864259712615815E-010
   2.9449915792449988E-002  0.18503927820479782        40611.426194268672        1.2820737191894335E-010
   2.9510387898799988E-002  0.18541923565491034        40694.817213148075        1.2779372441555696E-010
   2.9570860005149989E-002  0.18579919310502288        40778.208232027486        1.2736458723255351E-010
   2.9631332111499990E-002  0.18617915055513540        40861.599250906882        1.2693821149411211E-010
   2.9691804217849990E-002  0.18655910800524791        40944.990269786285        1.2651248904778007E-010
   2.9752276324199987E-002  0.18693906545536043        41028.381288665681        1.2608645730590353E-010
   2.9812748430549988E-002  0.18731902290547295        41111.772307545085        1.2566864768285992E-010
   2.9873220536899989E-002  0.18769898035558549        41195.163326424496        1.2525397244458037E-010
   2.9933692643249989E-002  0.18807893780569801        41278.554345303892        1.2484541449825570E-010
   2.9994164749599990E-002  0.18845889525581053        41361.945364183295        1.2442846855718992E-010
   3.0054636855949987E-002  0.18883885270592304        41445.336383062699        1.2402842829918945E-010
   3.0115108962299988E-002  0.18921881015603556        41528.727401942095        1.2361632357404676E-010
   3.0175581068649988E-002  0.18959876760614808        41612.118420821498        1.2322356974187203E-010
   3.0236053174999989E-002  0.18997872505626062        41695.509439700902        1.2282168993228842E-010
   3.0296525281349990E-002  0.19035868250637314        41778.900458580305        1.2242167441263894E-010
   3.0356997387699987E-002  0.19073863995648563        41862.291477459701        1.2202142102522955E-010
   3.0417469494049987E-002  0.19111859740659817        41945.682496339105        1.2163460261229073E-010
   3.0477941600399988E-002  0.19149855485671069        42029.073515218508        1.2124154229484554E-010
   3.0538413706749989E-002  0.19187851230682321        42112.464534097911        1.2085033045851172E-010
   3.0598885813099989E-002  0.19225846975693575        42195.855552977315        1.2046704419486899E-010
   3.0659357919449987E-002  0.19263842720704824        42279.246571856711        1.2008423442089500E-010
   3.0719830025799987E-002  0.19301838465716076        42362.637590736114        1.1970857677240797E-010
   3.0780302132149988E-002  0.19339834210727330        42446.028609615518        1.1932739553291707E-010
   3.0840774238499988E-002  0.19377829955738582        42529.419628494921        1.1895110640328787E-010
   3.0901246344849989E-002  0.19415825700749834        42612.810647374317        1.1857932249136010E-010
   3.0961718451199990E-002  0.19453821445761088        42696.201666253728        1.1821174114551481E-010
   3.1022190557549987E-002  0.19491817190772337        42779.592685133124        1.1783976189082406E-010
   3.1082662663899988E-002  0.19529812935783589        42862.983704012520        1.1747566929737595E-010
   3.1143134770249988E-002  0.19567808680794843        42946.374722891931        1.1711614047042095E-010
   3.1203606876599989E-002  0.19605804425806095        43029.765741771327        1.1674563135689388E-010
   3.1264078982949986E-002  0.19643800170817347        43113.156760650731        1.1639432107013543E-010
   3.1324551089299990E-002  0.19681795915828601        43196.547779530141        1.1603134327069694E-010
   3.1385023195649987E-002  0.19719791660839850        43279.938798409530        1.1568467755669396E-010
   3.1445495301999984E-002  0.19757787405851102        43363.329817288934        1.1532600431458767E-010
   3.1505967408349989E-002  0.19795783150862356        43446.720836168337        1.1497910228165310E-010
   3.1566439514699986E-002  0.19833778895873605        43530.111855047733        1.1462896185529578E-010
   3.1626911621049990E-002  0.19871774640884859        43613.502873927144        1.1428432076571887E-010
   3.1687383727399987E-002  0.19909770385896111        43696.893892806540        1.1393425183686940E-010
   3.1747855833749991E-002  0.19947766130907366        43780.284911685951        1.1359977078290064E-010
   3.1808327940099988E-002  0.19985761875918617        43863.675930565354        1.1325429208027676E-010
   3.1868800046449985E-002  0.20023757620929866        43947.066949444743        1.1292044924737083E-010
   3.1929272152799990E-002  0.20061753365941121        44030.457968324154        1.1258857431322519E-010
   3.1989744259149987E-002  0.20099749110952372        44113.848987203550        1.1225649317758269E-010
   3.2050216365499991E-002  0.20137744855963627        44197.240006082960        1.1192305388344295E-010
   3.2110688471849988E-002  0.20175740600974876        44280.631024962357        1.1159494622132533E-010
   3.2171160578199985E-002  0.20213736345986127        44364.022043841753        1.1126482184450958E-010
   3.2231632684549989E-002  0.20251732090997382        44447.413062721163        1.1093804513996550E-010
   3.2292104790899986E-002  0.20289727836008631        44530.804081600560        1.1061911808422217E-010
   3.2352576897249991E-002  0.20327723581019885        44614.195100479963        1.1029865155258667E-010
   3.2413049003599988E-002  0.20365719326031137        44697.586119359366        1.0998219241973201E-010
   3.2473521109949985E-002  0.20403715071042389        44780.977138238763        1.0966374858734668E-010
   3.2533993216299989E-002  0.20441710816053643        44864.368157118173        1.0934983999061522E-010
   3.2594465322649986E-002  0.20479706561064892        44947.759175997569        1.0903659235465520E-010
   3.2654937428999990E-002  0.20517702306076147        45031.150194876973        1.0872421049899947E-010
   3.2715409535349987E-002  0.20555698051087398        45114.541213756376        1.0841642469643964E-010
   3.2775881641699985E-002  0.20593693796098647        45197.932232635772        1.0810600814289860E-010
   3.2836353748049989E-002  0.20631689541109902        45281.323251515176        1.0780265564095130E-010
   3.2896825854399986E-002  0.20669685286121153        45364.714270394579        1.0749891835062172E-010
   3.2957297960749990E-002  0.20707681031132408        45448.105289273983        1.0719702148657000E-010
   3.3017770067099987E-002  0.20745676776143657        45531.496308153379        1.0689820684345998E-010
   3.3078242173449984E-002  0.20783672521154908        45614.887327032782        1.0659790093568712E-010
   3.3138714279799988E-002  0.20821668266166163        45698.278345912186        1.0630122394452202E-010
   3.3199186386149986E-002  0.20859664011177415        45781.669364791589        1.0600503550197656E-010
   3.3259658492499990E-002  0.20897659756188669        45865.060383670992        1.0571465497256274E-010
   3.3320130598849987E-002  0.20935655501199918        45948.451402550389        1.0542349072454225E-010
   3.3380602705199984E-002  0.20973651246211170        46031.842421429792        1.0513531286653144E-010
   3.3441074811549988E-002  0.21011646991222424        46115.233440309195        1.0484704227122277E-010
   3.3501546917899985E-002  0.21049642736233673        46198.624459188592        1.0456170919696431E-010
   3.3562019024249989E-002  0.21087638481244927        46282.015478068002        1.0427367197925834E-010
   3.3622491130599987E-002  0.21125634226256179        46365.406496947398        1.0399549310879612E-010
   3.3682963236949984E-002  0.21163629971267428        46448.797515826795        1.0371456020868347E-010
   3.3743435343299988E-002  0.21201625716278685        46532.188534706205        1.0343334809636136E-010
   3.3803907449649985E-002  0.21239621461289934        46615.579553585601        1.0315583569146535E-010
   3.3864379555999989E-002  0.21277617206301189        46698.970572465012        1.0287948229967421E-010
   3.3924851662349986E-002  0.21315612951312440        46782.361591344408        1.0260809092021552E-010
   3.3985323768699983E-002  0.21353608696323689        46865.752610223804        1.0233473739007422E-010
   3.4045795875049988E-002  0.21391604441334944        46949.143629103215        1.0206629726549246E-010
   3.4106267981399985E-002  0.21429600186346195        47032.534647982611        1.0179573210937390E-010
   3.4166740087749989E-002  0.21467595931357450        47115.925666862022        1.0152714965206478E-010
   3.4227212194099986E-002  0.21505591676368699        47199.316685741418        1.0126317464107392E-010
   3.4287684300449990E-002  0.21543587421379956        47282.707704620829        1.0099286121740033E-010
   3.4348156406799987E-002  0.21581583166391205        47366.098723500225        1.0073222664055603E-010
   3.4408628513149984E-002  0.21619578911402457        47449.489742379621        1.0046892433351991E-010
   3.4469100619499989E-002  0.21657574656413711        47532.880761259032        1.0020863716904761E-010
   3.4529572725849986E-002  0.21695570401424960        47616.271780138428        9.9949633377472256E-011
   3.4590044832199990E-002  0.21733566146436215        47699.662799017831        9.9701159455652265E-011
   3.4650516938549987E-002  0.21771561891447466        47783.053817897235        9.9437628284702198E-011
   3.4710989044899984E-002  0.21809557636458715        47866.444836776631        9.9190750595540497E-011
   3.4771461151249988E-002  0.21847553381469970        47949.835855656034        9.8935296494274662E-011
   3.4831933257599985E-002  0.21885549126481221        48033.226874535438        9.8683836311361387E-011
   3.4892405363949990E-002  0.21923544871492476        48116.617893414841        9.8442441975987876E-011
   3.4952877470299987E-002  0.21961540616503727        48200.008912294245        9.8188163027387800E-011
   3.5013349576649984E-002  0.21999536361514976        48283.399931173641        9.7938488873563970E-011
   3.5073821682999988E-002  0.22037532106526231        48366.790950053044        9.7694986194963301E-011
   3.5134293789349985E-002  0.22075527851537483        48450.181968932447        9.7450986891051645E-011
   3.5194765895699989E-002  0.22113523596548737        48533.572987811851        9.7207867822091987E-011
   3.5255238002049986E-002  0.22151519341559986        48616.964006691247        9.6967393000467619E-011
   3.5315710108399984E-002  0.22189515086571238        48700.355025570650        9.6729747935441469E-011
   3.5376182214749988E-002  0.22227510831582492        48783.746044450054        9.6486244919789735E-011
   3.5436654321099985E-002  0.22265506576593741        48867.137063329450        9.6251556471468389E-011
   3.5497126427449989E-002  0.22303502321604995        48950.528082208861        9.6013538336450170E-011
   3.5557598533799986E-002  0.22341498066616247        49033.919101088257        9.5782325459003397E-011
   3.5618070640149983E-002  0.22379493811627496        49117.310119967653        9.5548128405002906E-011
   3.5678542746499987E-002  0.22417489556638753        49200.701138847064        9.5316732198128278E-011
   3.5739014852849985E-002  0.22455485301650002        49284.092157726460        9.5087735226098236E-011
   3.5799486959199989E-002  0.22493481046661257        49367.483176605871        9.4861465990817018E-011
   3.5859959065549986E-002  0.22531476791672508        49450.874195485267        9.4632856954830874E-011
   3.5920431171899983E-002  0.22569472536683757        49534.265214364663        9.4408069549890339E-011
   3.5980903278249987E-002  0.22607468281695012        49617.656233244074        9.4179934620467549E-011
   3.6041375384599984E-002  0.22645464026706263        49701.047252123470        9.3956011142143346E-011
   3.6101847490949988E-002  0.22683459771717518        49784.438271002880        9.3735044979993118E-011
   3.6162319597299986E-002  0.22721455516728767        49867.829289882276        9.3511563580722872E-011
   3.6222791703649983E-002  0.22759451261740019        49951.220308761673        9.3293615803781839E-011
   3.6283263809999987E-002  0.22797447006751273        50034.611327641083        9.3073659639856716E-011
   3.6343735916349984E-002  0.22835442751762525        50118.002346520479        9.2857053750780364E-011
   3.6404208022699988E-002  0.22873438496773779        50201.393365399890        9.2642608824868316E-011
   3.6464680129049985E-002  0.22911434241785028        50284.784384279286        9.2427787982202356E-011
   3.6525152235399982E-002  0.22949429986796280        50368.175403158682        9.2213637372757140E-011
   3.6585624341749987E-002  0.22987425731807534        50451.566422038093        9.1998643565719682E-011
   3.6646096448099984E-002  0.23025421476818783        50534.957440917489        9.1788748148061273E-011
   3.6706568554449988E-002  0.23063417221830038        50618.348459796893        9.1577858675336205E-011
   3.6767040660799985E-002  0.23101412966841289        50701.739478676296        9.1369914392805266E-011
   3.6827512767149989E-002  0.23139408711852544        50785.130497555700        9.1165752064804079E-011
   3.6887984873499986E-002  0.23177404456863795        50868.521516435103        9.0958559810395661E-011
   3.6948456979849983E-002  0.23215400201875044        50951.912535314499        9.0750387006509388E-011
   3.7008929086199988E-002  0.23253395946886299        51035.303554193903        9.0550412049732921E-011
   3.7069401192549985E-002  0.23291391691897551        51118.694573073306        9.0342750705029759E-011
   3.7129873298899989E-002  0.23329387436908805        51202.085591952709        9.0142764699847923E-011
   3.7190345405249986E-002  0.23367383181920054        51285.476610832106        8.9940454738382585E-011
   3.7250817511599983E-002  0.23405378926931306        51368.867629711509        8.9744094867572478E-011
   3.7311289617949987E-002  0.23443374671942560        51452.258648590912        8.9540142434114286E-011
   3.7371761724299984E-002  0.23481370416953809        51535.649667470308        8.9349176715222385E-011
   3.7432233830649989E-002  0.23519366161965063        51619.040686349719        8.9151513627377964E-011
   3.7492705936999986E-002  0.23557361906976315        51702.431705229115        8.8954107764356090E-011
   3.7553178043349983E-002  0.23595357651987567        51785.822724108519        8.8761564168976724E-011
   3.7613650149699987E-002  0.23633353396998821        51869.213742987922        8.8566787395824946E-011
   3.7674122256049984E-002  0.23671349142010070        51952.604761867318        8.8375812149917589E-011
   3.7734594362399988E-002  0.23709344887021325        52035.995780746729        8.8187164823874086E-011
   3.7795066468749985E-002  0.23747340632032576        52119.386799626125        8.7998553917516366E-011
   3.7855538575099983E-002  0.23785336377043825        52202.777818505521        8.7807454923570479E-011
   3.7916010681449987E-002  0.23823332122055080        52286.168837384932        8.7619287096452632E-011
   3.7976482787799984E-002  0.23861327867066331        52369.559856264328        8.7435510989426833E-011
   3.8036954894149988E-002  0.23899323612077586        52452.950875143739        8.7245336048304535E-011
   3.8097427000499985E-002  0.23937319357088835        52536.341894023128        8.7063606907060690E-011
   3.8157899106849982E-002  0.23975315102100087        52619.732912902531        8.6879397774188963E-011
   3.8218371213199986E-002  0.24013310847111341        52703.123931781942        8.6697746176186239E-011
   3.8278843319549984E-002  0.24051306592122593        52786.514950661338        8.6515922328118833E-011
   3.8339315425899988E-002  0.24089302337133847        52869.905969540749        8.6333900748800729E-011
   3.8399787532249985E-002  0.24127298082145096        52953.296988420145        8.6154536370487336E-011
   3.8460259638599982E-002  0.24165293827156348        53036.688007299541        8.5978594956915593E-011
   3.8520731744949986E-002  0.24203289572167602        53120.079026178952        8.5798848795610241E-011
   3.8581203851299983E-002  0.24241285317178851        53203.470045058348        8.5624088531154467E-011
   3.8641675957649987E-002  0.24279281062190106        53286.861063937751        8.5446196162157412E-011
   3.8702148063999985E-002  0.24317276807201357        53370.252082817155        8.5277983369323769E-011
   3.8762620170349982E-002  0.24355272552212606        53453.643101696543        8.5099985848177100E-011
   3.8823092276699986E-002  0.24393268297223863        53537.034120575961        8.4926919397004427E-011
   3.8883564383049983E-002  0.24431264042235112        53620.425139455358        8.4755880431286918E-011
   3.8944036489399987E-002  0.24469259787246367        53703.816158334761        8.4585411664239728E-011
   3.9004508595749984E-002  0.24507255532257619        53787.207177214164        8.4414167187933591E-011
   3.9064980702099981E-002  0.24545251277268867        53870.598196093561        8.4244998478851937E-011
   3.9125452808449986E-002  0.24583247022280122        53953.989214972964        8.4076806400667354E-011
   3.9185924914799983E-002  0.24621242767291374        54037.380233852367        8.3911279319169364E-011
   3.9246397021149987E-002  0.24659238512302628        54120.771252731771        8.3744806599733870E-011
   3.9306869127499984E-002  0.24697234257313877        54204.162271611167        8.3580550280443649E-011
   3.9367341233849988E-002  0.24735230002325134        54287.553290490578        8.3416936450887928E-011
   3.9427813340199985E-002  0.24773225747336383        54370.944309369974        8.3252558125725999E-011
   3.9488285446549982E-002  0.24811221492347635        54454.335328249377        8.3091006835404526E-011
   3.9548757552899987E-002  0.24849217237358889        54537.726347128781        8.2928892150293662E-011
   3.9609229659249984E-002  0.24887212982370138        54621.117366008177        8.2771062905726499E-011
   3.9669701765599988E-002  0.24925208727381393        54704.508384887587        8.2607932586406736E-011
   3.9730173871949985E-002  0.24963204472392644        54787.899403766984        8.2450172479158735E-011
   3.9790645978299982E-002  0.25001200217403896        54871.290422646387        8.2290495939873608E-011
   3.9851118084649986E-002  0.25039195962415151        54954.681441525790        8.2136640807177239E-011
   3.9911590190999983E-002  0.25077191707426399        55038.072460405187        8.1974527361355193E-011
   3.9972062297349988E-002  0.25115187452437654        55121.463479284597        8.1821978053567479E-011
   4.0032534403699985E-002  0.25153183197448903        55204.854498163986        8.1670544836435191E-011
   4.0093006510049982E-002  0.25191178942460157        55288.245517043397        8.1519290078989800E-011
   4.0153478616399986E-002  0.25229174687471412        55371.636535922800        8.1363396010648787E-011
   4.0213950722749983E-002  0.25267170432482661        55455.027554802196        8.1204622319034806E-011
   4.0274422829099987E-002  0.25305166177493915        55538.418573681607        8.1057241199796526E-011
   4.0334894935449984E-002  0.25343161922505164        55621.809592560996        8.0908709079324430E-011
   4.0395367041799982E-002  0.25381157667516413        55705.200611440392        8.0759996855769860E-011
   4.0455839148149986E-002  0.25419153412527667        55788.591630319803        8.0612389182112144E-011
   4.0516311254499983E-002  0.25457149157538922        55871.982649199206        8.0464121721713630E-011
   4.0576783360849987E-002  0.25495144902550176        55955.373668078617        8.0315751801126630E-011
   4.0637255467199984E-002  0.25533140647561425        56038.764686958013        8.0169587963755118E-011
   4.0697727573549981E-002  0.25571136392572674        56122.155705837402        8.0025917225671772E-011
   4.0758199679899985E-002  0.25609132137583929        56205.546724716813        7.9879736932817693E-011
   4.0818671786249983E-002  0.25647127882595183        56288.937743596216        7.9737030726754235E-011
   4.0879143892599987E-002  0.25685123627606438        56372.328762475627        7.9591352602925213E-011
   4.0939615998949984E-002  0.25723119372617687        56455.719781355023        7.9450780206822869E-011
   4.1000088105299981E-002  0.25761115117628935        56539.110800234412        7.9311424597778345E-011
   4.1060560211649985E-002  0.25799110862640190        56622.501819113822        7.9169355383970861E-011
   4.1121032317999982E-002  0.25837106607651439        56705.892837993219        7.9028483902730217E-011
   4.1181504424349986E-002  0.25875102352662693        56789.283856872622        7.8890581382947004E-011
   4.1241976530699984E-002  0.25913098097673948        56872.674875752033        7.8752392096802437E-011
   4.1302448637049981E-002  0.25951093842685197        56956.065894631429        7.8615207916151139E-011
   4.1362920743399985E-002  0.25989089587696451        57039.456913510832        7.8476523235161218E-011
   4.1423392849749982E-002  0.26027085332707700        57122.847932390228        7.8340088552702553E-011
   4.1483864956099986E-002  0.26065081077718955        57206.238951269632        7.8207902646772920E-011
   4.1544337062449983E-002  0.26103076822730209        57289.629970149042        7.8073131320751328E-011
   4.1604809168799980E-002  0.26141072567741458        57373.020989028439        7.7937068188439775E-011
   4.1665281275149985E-002  0.26179068312752712        57456.412007907842        7.7805196183420780E-011
   4.1725753381499982E-002  0.26217064057763961        57539.803026787238        7.7672674291728385E-011
   4.1786225487849986E-002  0.26255059802775216        57623.194045666642        7.7541406883504008E-011
   4.1846697594199983E-002  0.26293055547786465        57706.585064546038        7.7408831934130605E-011
   4.1907169700549987E-002  0.26331051292797725        57789.976083425456        7.7280696982043484E-011
   4.1967641806899984E-002  0.26369047037808974        57873.367102304852        7.7151053733323136E-011
   4.2028113913249981E-002  0.26407042782820223        57956.758121184248        7.7022540175276381E-011
   4.2088586019599986E-002  0.26445038527831477        58040.149140063651        7.6894423076679028E-011
   4.2149058125949983E-002  0.26483034272842726        58123.540158943048        7.6766804473944170E-011
   4.2209530232299987E-002  0.26521030017853980        58206.931177822458        7.6638956622524327E-011
   4.2270002338649984E-002  0.26559025762865235        58290.322196701862        7.6514060372089331E-011
   4.2330474444999981E-002  0.26597021507876484        58373.713215581258        7.6388878598339706E-011
   4.2390946551349985E-002  0.26635017252887738        58457.104234460669        7.6265046677615406E-011
   4.2451418657699982E-002  0.26673012997898987        58540.495253340057        7.6142436014683547E-011
   4.2511890764049987E-002  0.26711008742910242        58623.886272219468        7.6018569789582766E-011
   4.2572362870399984E-002  0.26749004487921496        58707.277291098872        7.5893476426077876E-011
   4.2632834976749981E-002  0.26787000232932745        58790.668309978268        7.5773975521892612E-011
   4.2693307083099985E-002  0.26824995977943999        58874.059328857678        7.5650809753401582E-011
   4.2753779189449982E-002  0.26862991722955248        58957.450347737067        7.5532562241060569E-011
   4.2814251295799986E-002  0.26900987467966503        59040.841366616478        7.5412086102157533E-011
   4.2874723402149983E-002  0.26938983212977752        59124.232385495874        7.5291718075398549E-011
   4.2935195508499981E-002  0.26976978957989006        59207.623404375277        7.5172986615568504E-011
   4.2995667614849985E-002  0.27014974703000261        59291.014423254688        7.5056739440827718E-011
   4.3056139721199982E-002  0.27052970448011510        59374.405442134084        7.4939244434857021E-011
   4.3116611827549986E-002  0.27090966193022764        59457.796461013488        7.4822085864590413E-011
   4.3177083933899983E-002  0.27128961938034013        59541.187479892884        7.4706812656226369E-011
   4.3237556040249980E-002  0.27166957683045262        59624.578498772280        7.4590755852321359E-011
   4.3298028146599984E-002  0.27204953428056522        59707.969517651698        7.4474973188270867E-011
   4.3358500252949982E-002  0.27242949173067771        59791.360536531094        7.4363150776508379E-011
   4.3418972359299986E-002  0.27280944918079025        59874.751555410498        7.4250588216283722E-011
   4.3479444465649983E-002  0.27318940663090274        59958.142574289894        7.4137100347025979E-011
   4.3539916571999980E-002  0.27356936408101523        60041.533593169290        7.4026195650224497E-011
   4.3600388678349984E-002  0.27394932153112778        60124.924612048693        7.3912884812999755E-011
   4.3660860784699981E-002  0.27432927898124032        60208.315630928104        7.3803499128204830E-011
   4.3721332891049985E-002  0.27470923643135287        60291.706649807507        7.3693753218281585E-011
   4.3781804997399983E-002  0.27508919388146535        60375.097668686903        7.3584523886296303E-011
   4.3842277103749980E-002  0.27546915133157784        60458.488687566300        7.3475183555036038E-011
   4.3902749210099984E-002  0.27584910878169039        60541.879706445703        7.3366011919355938E-011
   4.3963221316449981E-002  0.27622906623180293        60625.270725325114        7.3260034469576922E-011
   4.4023693422799985E-002  0.27660902368191548        60708.661744204517        7.3150729585506951E-011
   4.4084165529149982E-002  0.27698898113202797        60792.052763083913        7.3045445148764591E-011
   4.4144637635499986E-002  0.27736893858214051        60875.443781963324        7.2939496846371864E-011
   4.4205109741849984E-002  0.27774889603225300        60958.834800842713        7.2834161084562493E-011
   4.4265581848199981E-002  0.27812885348236549        61042.225819722109        7.2729990191802606E-011
   4.4326053954549985E-002  0.27850881093247803        61125.616838601520        7.2626456972722597E-011
   4.4386526060899982E-002  0.27888876838259058        61209.007857480923        7.2524097302876477E-011
   4.4446998167249986E-002  0.27926872583270312        61292.398876360334        7.2421826549386726E-011
   4.4507470273599983E-002  0.27964868328281561        61375.789895239723        7.2317405730344217E-011
   4.4567942379949980E-002  0.28002864073292810        61459.180914119119        7.2214670905226702E-011
   4.4628414486299985E-002  0.28040859818304065        61542.571932998530        7.2113965618472208E-011
   4.4688886592649982E-002  0.28078855563315319        61625.962951877933        7.2012354046137595E-011
   4.4749358698999986E-002  0.28116851308326574        61709.353970757344        7.1912902037240377E-011
   4.4809830805349983E-002  0.28154847053337823        61792.744989636732        7.1813481709441593E-011
   4.4870302911699980E-002  0.28192842798349071        61876.136008516129        7.1716178801494654E-011
   4.4930775018049984E-002  0.28230838543360326        61959.527027395539        7.1616880633508385E-011
   4.4991247124399981E-002  0.28268834288371575        62042.918046274935        7.1520078628347844E-011
   4.5051719230749986E-002  0.28306830033382829        62126.309065154339        7.1422352057184609E-011
   4.5112191337099983E-002  0.28344825778394084        62209.700084033750        7.1327254604088572E-011
   4.5172663443449980E-002  0.28382821523405333        62293.091102913138        7.1230158354701868E-011
   4.5233135549799984E-002  0.28420817268416587        62376.482121792549        7.1133432742058372E-011
   4.5293607656149981E-002  0.28458813013427836        62459.873140671945        7.1038373633984211E-011
   4.5354079762499985E-002  0.28496808758439091        62543.264159551349        7.0943984091246761E-011
   4.5414551868849982E-002  0.28534804503450345        62626.655178430759        7.0847673570670109E-011
   4.5475023975199980E-002  0.28572800248461594        62710.046197310148        7.0757233285477706E-011
   4.5535496081549984E-002  0.28610795993472848        62793.437216189559        7.0664881868130872E-011
   4.5595968187899981E-002  0.28648791738484097        62876.828235068955        7.0572917595623567E-011
   4.5656440294249985E-002  0.28686787483495352        62960.219253948359        7.0481812177644556E-011
   4.5716912400599982E-002  0.28724783228506601        63043.610272827755        7.0390335632545203E-011
   4.5777384506949979E-002  0.28762778973517855        63127.001291707165        7.0299665948483599E-011
   4.5837856613299983E-002  0.28800774718529110        63210.392310586569        7.0208606496729330E-011
   4.5898328719649981E-002  0.28838770463540359        63293.783329465965        7.0120446872874598E-011
   4.5958800825999985E-002  0.28876766208551613        63377.174348345368        7.0029759923201599E-011
   4.6019272932349982E-002  0.28914761953562862        63460.565367224764        6.9941821559791058E-011
   4.6079745038699979E-002  0.28952757698574116        63543.956386104175        6.9855187045625549E-011
   4.6140217145049983E-002  0.28990753443585371        63627.347404983579        6.9766373487734694E-011
   4.6200689251399980E-002  0.29028749188596620        63710.738423862975        6.9680318291576540E-011
   4.6261161357749984E-002  0.29066744933607874        63794.129442742378        6.9593752759806606E-011
   4.6321633464099982E-002  0.29104740678619123        63877.520461621774        6.9507047422653009E-011
   4.6382105570449979E-002  0.29142736423630372        63960.911480501170        6.9422756698296534E-011
   4.6442577676799983E-002  0.29180732168641632        64044.302499380588        6.9336381945545726E-011
   4.6503049783149980E-002  0.29218727913652881        64127.693518259985        6.9251788868542918E-011
   4.6563521889499984E-002  0.29256723658664135        64211.084537139388        6.9168374772332913E-011
   4.6623993995849981E-002  0.29294719403675384        64294.475556018784        6.9085325878753695E-011
   4.6684466102199985E-002  0.29332715148686639        64377.866574898195        6.9002702186709014E-011
   4.6744938208549983E-002  0.29370710893697888        64461.257593777591        6.8920079496479316E-011
   4.6805410314899980E-002  0.29408706638709142        64544.648612656994        6.8837550692258600E-011
   4.6865882421249984E-002  0.29446702383720397        64628.039631536405        6.8756194375424778E-011
   4.6926354527599981E-002  0.29484698128731646        64711.430650415794        6.8675610088466076E-011
   4.6986826633949985E-002  0.29522693873742900        64794.821669295205        6.8594324086005969E-011
   4.7047298740299982E-002  0.29560689618754149        64878.212688174601        6.8514813896821670E-011
   4.7107770846649979E-002  0.29598685363765403        64961.603707054004        6.8435210001763264E-011
   4.7168242952999984E-002  0.29636681108776658        65044.994725933415        6.8356866150434670E-011
   4.7228715059349981E-002  0.29674676853787907        65128.385744812804        6.8278775958934993E-011
   4.7289187165699985E-002  0.29712672598799161        65211.776763692214        6.8199762795568780E-011
   4.7349659272049982E-002  0.29750668343810410        65295.167782571611        6.8122150635984386E-011
   4.7410131378399979E-002  0.29788664088821659        65378.558801451007        6.8045232719265894E-011
   4.7470603484749983E-002  0.29826659833832914        65461.949820330410        6.7967446493084882E-011
   4.7531075591099980E-002  0.29864655578844168        65545.340839209821        6.7891227284736765E-011
   4.7591547697449985E-002  0.29902651323855423        65628.731858089217        6.7816992816938669E-011
   4.7652019803799982E-002  0.29940647068866671        65712.122876968613        6.7740659090333761E-011
   4.7712491910149979E-002  0.29978642813877920        65795.513895848009        6.7667068173041568E-011
   4.7772964016499983E-002  0.30016638558889175        65878.904914727420        6.7592537053242198E-011
   4.7833436122849980E-002  0.30054634303900429        65962.295933606831        6.7517609475854853E-011
   4.7893908229199984E-002  0.30092630048911684        66045.686952486241        6.7446219044963889E-011
   4.7954380335549981E-002  0.30130625793922933        66129.077971365623        6.7371365791741677E-011
   4.8014852441899979E-002  0.30168621538934182        66212.468990245019        6.7299774136279042E-011
   4.8075324548249983E-002  0.30206617283945436        66295.860009124430        6.7226350128155257E-011
   4.8135796654599980E-002  0.30244613028956685        66379.251028003826        6.7155795846988241E-011
   4.8196268760949984E-002  0.30282608773967939        66462.642046883237        6.7086042333345490E-011
   4.8256740867299981E-002  0.30320604518979194        66546.033065762633        6.7014444584183011E-011
   4.8317212973649978E-002  0.30358600263990443        66629.424084642029        6.6945303792286989E-011
   4.8377685079999982E-002  0.30396596009001697        66712.815103521440        6.6874465630566563E-011
   4.8438157186349980E-002  0.30434591754012946        66796.206122400836        6.6805845354477898E-011
   4.8498629292699984E-002  0.30472587499024201        66879.597141280246        6.6735852198505863E-011
   4.8559101399049981E-002  0.30510583244035455        66962.988160159657        6.6668410580882998E-011
   4.8619573505399978E-002  0.30548578989046704        67046.379179039039        6.6599947957457898E-011
   4.8680045611749982E-002  0.30586574734057959        67129.770197918449        6.6532915265993740E-011
   4.8740517718099979E-002  0.30624570479069207        67213.161216797846        6.6465981817610938E-011
   4.8800989824449983E-002  0.30662566224080462        67296.552235677256        6.6399052129769239E-011
   4.8861461930799981E-002  0.30700561969091711        67379.943254556652        6.6331786131656317E-011
   4.8921934037149978E-002  0.30738557714102965        67463.334273436049        6.6266946124574126E-011
   4.8982406143499982E-002  0.30776553459114220        67546.725292315459        6.6200722457857011E-011
   4.9042878249849979E-002  0.30814549204125469        67630.116311194855        6.6136291991035103E-011
   4.9103350356199983E-002  0.30852544949136723        67713.507330074266        6.6071227805158985E-011
   4.9163822462549980E-002  0.30890540694147972        67796.898348953662        6.6007624121389619E-011
   4.9224294568899984E-002  0.30928536439159227        67880.289367833073        6.5945011037348353E-011
   4.9284766675249982E-002  0.30966532184170481        67963.680386712469        6.5880044842237790E-011
   4.9345238781599979E-002  0.31004527929181730        68047.071405591865        6.5817853434593036E-011
   4.9405710887949983E-002  0.31042523674192984        68130.462424471276        6.5755389621469035E-011
   4.9466182994299980E-002  0.31080519419204233        68213.853443350672        6.5693828174841859E-011
   4.9526655100649984E-002  0.31118515164215488        68297.244462230083        6.5632858091344385E-011
   4.9587127206999981E-002  0.31156510909226742        68380.635481109479        6.5569887665200055E-011
   4.9647599313349979E-002  0.31194506654237991        68464.026499988875        6.5510338721047695E-011
   4.9708071419699983E-002  0.31232502399249246        68547.417518868286        6.5449069186874411E-011
   4.9768543526049980E-002  0.31270498144260495        68630.808537747682        6.5390131867762402E-011
   4.9829015632399984E-002  0.31308493889271749        68714.199556627093        6.5330329976145900E-011
   4.9889487738749981E-002  0.31346489634282998        68797.590575506474        6.5271422485647823E-011
   4.9949959845099978E-002  0.31384485379294252        68880.981594385885        6.5213260392185387E-011
   5.0010431951449982E-002  0.31422481124305507        68964.372613265296        6.5155181176569316E-011
   5.0070904057799979E-002  0.31460476869316756        69047.763632144692        6.5096656593374738E-011
   5.0131376164149984E-002  0.31498472614328010        69131.154651024102        6.5039741095333614E-011
   5.0191848270499981E-002  0.31536468359339259        69214.545669903498        6.4982719276633266E-011
   5.0252320376849978E-002  0.31574464104350514        69297.936688782895        6.4924926710512636E-011
   5.0312792483199982E-002  0.31612459849361768        69381.327707662305        6.4869455478139404E-011
   5.0373264589549979E-002  0.31650455594373017        69464.718726541701        6.4813871397902709E-011
   5.0433736695899983E-002  0.31688451339384271        69548.109745421112        6.4757704206517515E-011
   5.0494208802249980E-002  0.31726447084395520        69631.500764300508        6.4702544836138089E-011
   5.0554680908599978E-002  0.31764442829406769        69714.891783179890        6.4649321723862310E-011
   5.0615153014949982E-002  0.31802438574418024        69798.282802059301        6.4594787883748765E-011
   5.0675625121299979E-002  0.31840434319429278        69881.673820938711        6.4539728266692919E-011
   5.0736097227649983E-002  0.31878430064440533        69965.064839818122        6.4486868173268673E-011
   5.0796569333999980E-002  0.31916425809451782        70048.455858697518        6.4433060853712314E-011
   5.0857041440349977E-002  0.31954421554463031        70131.846877576914        6.4382639741378802E-011
   5.0917513546699981E-002  0.31992417299474285        70215.237896456310        6.4329249929904643E-011
   5.0977985653049979E-002  0.32030413044485539        70298.628915335721        6.4275831912852304E-011
   5.1038457759399983E-002  0.32068408789496794        70382.019934215132        6.4224792828439878E-011
   5.1098929865749980E-002  0.32106404534508043        70465.410953094528        6.4173545777805744E-011
   5.1159401972099977E-002  0.32144400279519292        70548.801971973924        6.4123636110313168E-011
   5.1219874078449981E-002  0.32182396024530546        70632.192990853320        6.4072973677474927E-011
   5.1280346184799978E-002  0.32220391769541795        70715.584009732716        6.4023313910311161E-011
   5.1340818291149982E-002  0.32258387514553050        70798.975028612127        6.3973185761278587E-011
   5.1401290397499980E-002  0.32296383259564304        70882.366047491538        6.3923378710348481E-011
   5.1461762503849977E-002  0.32334379004575553        70965.757066370934        6.3874937555180164E-011
   5.1522234610199981E-002  0.32372374749586807        71049.148085250330        6.3826403072587670E-011
   5.1582706716549978E-002  0.32410370494598056        71132.539104129726        6.3778320241210349E-011
   5.1643178822899982E-002  0.32448366239609311        71215.930123009137        6.3729987673428179E-011
   5.1703650929249979E-002  0.32486361984620565        71299.321141888548        6.3682390423330490E-011
   5.1764123035599983E-002  0.32524357729631820        71382.712160767944        6.3636679391753296E-011
   5.1824595141949981E-002  0.32562353474643069        71466.103179647340        6.3589715021618308E-011
   5.1885067248299978E-002  0.32600349219654318        71549.494198526736        6.3543624960431453E-011
   5.1945539354649982E-002  0.32638344964665572        71632.885217406147        6.3497354217113260E-011
   5.2006011460999979E-002  0.32676340709676821        71716.276236285543        6.3451971344999616E-011
   5.2066483567349983E-002  0.32714336454688081        71799.667255164954        6.3407269141545386E-011
   5.2126955673699980E-002  0.32752332199699330        71883.058274044350        6.3361452983088868E-011
   5.2187427780049978E-002  0.32790327944710579        71966.449292923746        6.3317815865704216E-011
   5.2247899886399982E-002  0.32828323689721833        72049.840311803157        6.3273121685761657E-011
   5.2308371992749979E-002  0.32866319434733082        72133.231330682553        6.3229721917263384E-011
   5.2368844099099983E-002  0.32904315179744337        72216.622349561963        6.3186295363263608E-011
   5.2429316205449980E-002  0.32942310924755591        72300.013368441359        6.3143214732287185E-011
   5.2489788311799977E-002  0.32980306669766840        72383.404387320756        6.3101316880397850E-011
   5.2550260418149981E-002  0.33018302414778095        72466.795406200166        6.3058617357100484E-011
   5.2610732524499979E-002  0.33056298159789343        72550.186425079562        6.3016262559632281E-011
   5.2671204630849983E-002  0.33094293904800598        72633.577443958973        6.2974836016542297E-011
   5.2731676737199980E-002  0.33132289649811847        72716.968462838369        6.2934187023961616E-011
   5.2792148843549977E-002  0.33170285394823101        72800.359481717765        6.2893904909250365E-011
   5.2852620949899981E-002  0.33208281139834356        72883.750500597176        6.2853181140508675E-011
   5.2913093056249978E-002  0.33246276884845605        72967.141519476572        6.2812619033347767E-011
   5.2973565162599982E-002  0.33284272629856859        73050.532538355983        6.2773019343223950E-011
   5.3034037268949979E-002  0.33322268374868108        73133.923557235379        6.2733220506116917E-011
   5.3094509375299977E-002  0.33360264119879363        73217.314576114775        6.2694211594271367E-011
   5.3154981481649981E-002  0.33398259864890617        73300.705594994186        6.2655923193920809E-011
   5.3215453587999978E-002  0.33436255609901866        73384.096613873582        6.2617364603230835E-011
   5.3275925694349982E-002  0.33474251354913120        73467.487632752993        6.2579562891973461E-011
   5.3336397800699979E-002  0.33512247099924369        73550.878651632389        6.2541969660396590E-011
   5.3396869907049976E-002  0.33550242844935618        73634.269670511785        6.2504771576519385E-011
   5.3457342013399980E-002  0.33588238589946878        73717.660689391196        6.2467779916122467E-011
   5.3517814119749978E-002  0.33626234334958127        73801.051708270592        6.2430681930781815E-011
   5.3578286226099982E-002  0.33664230079969382        73884.442727150003        6.2395074903142184E-011
   5.3638758332449979E-002  0.33702225824980631        73967.833746029399        6.2358303330495892E-011
   5.3699230438799976E-002  0.33740221569991879        74051.224764908795        6.2323034578284530E-011
   5.3759702545149980E-002  0.33778217315003134        74134.615783788191        6.2288038895715645E-011
   5.3820174651499977E-002  0.33816213060014388        74218.006802667602        6.2253353662508438E-011
   5.3880646757849981E-002  0.33854208805025643        74301.397821547012        6.2218124211621554E-011
   5.3941118864199979E-002  0.33892204550036892        74384.788840426409        6.2185047556757406E-011
   5.4001590970549976E-002  0.33930200295048141        74468.179859305805        6.2150559967404702E-011
   5.4062063076899980E-002  0.33968196040059395        74551.570878185201        6.2116402155451321E-011
   5.4122535183249977E-002  0.34006191785070650        74634.961897064612        6.2083636571354095E-011
   5.4183007289599981E-002  0.34044187530081904        74718.352915944022        6.2051048678287849E-011
   5.4243479395949978E-002  0.34082183275093153        74801.743934823418        6.2018560398019373E-011
   5.4303951502299982E-002  0.34120179020104408        74885.134953702829        6.1986504045804527E-011
   5.4364423608649980E-002  0.34158174765115656        74968.525972582211        6.1954121164913019E-011
   5.4424895714999977E-002  0.34196170510126905        75051.916991461607        6.1922537445451315E-011
   5.4485367821349981E-002  0.34234166255138160        75135.308010341018        6.1891895661075101E-011
   5.4545839927699978E-002  0.34272162000149414        75218.699029220428        6.1860674554068175E-011
   5.4606312034049982E-002  0.34310157745160669        75302.090048099839        6.1830318242047805E-011
   5.4666784140399979E-002  0.34348153490171918        75385.481066979235        6.1800585353760582E-011
   5.4727256246749977E-002  0.34386149235183167        75468.872085858617        6.1770583406582036E-011
   5.4787728353099981E-002  0.34424144980194421        75552.263104738027        6.1740963899148859E-011
   5.4848200459449978E-002  0.34462140725205676        75635.654123617438        6.1711405145208367E-011
   5.4908672565799982E-002  0.34500136470216930        75719.045142496849        6.1682893238635736E-011
   5.4969144672149979E-002  0.34538132215228179        75802.436161376245        6.1654141189578624E-011
   5.5029616778499976E-002  0.34576127960239428        75885.827180255626        6.1625846319199529E-011
   5.5090088884849980E-002  0.34614123705250682        75969.218199135037        6.1598123600086520E-011
   5.5150560991199978E-002  0.34652119450261931        76052.609218014433        6.1570466943081694E-011
   5.5211033097549982E-002  0.34690115195273186        76136.000236893844        6.1543699833036855E-011
   5.5271505203899979E-002  0.34728110940284440        76219.391255773255        6.1516680894673789E-011
   5.5331977310249976E-002  0.34766106685295689        76302.782274652651        6.1490187820737209E-011
   5.5392449416599980E-002  0.34804102430306944        76386.173293532047        6.1463702851451311E-011
   5.5452921522949977E-002  0.34842098175318192        76469.564312411443        6.1437922663915321E-011
   5.5513393629299981E-002  0.34880093920329447        76552.955331290854        6.1412050912563881E-011
   5.5573865735649979E-002  0.34918089665340701        76636.346350170264        6.1387364732361995E-011
   5.5634337841999976E-002  0.34956085410351950        76719.737369049661        6.1362263432096575E-011
   5.5694809948349980E-002  0.34994081155363205        76803.128387929057        6.1337498721471100E-011
   5.5755282054699977E-002  0.35032076900374454        76886.519406808453        6.1313155869269512E-011
   5.5815754161049981E-002  0.35070072645385708        76969.910425687864        6.1289282164389340E-011
   5.5876226267399978E-002  0.35108068390396957        77053.301444567260        6.1265712693666843E-011
   5.5936698373749975E-002  0.35146064135408212        77136.692463446670        6.1242466363703666E-011
   5.5997170480099979E-002  0.35184059880419466        77220.083482326067        6.1219643529757526E-011
   5.6057642586449977E-002  0.35222055625430715        77303.474501205463        6.1196797753468867E-011
   5.6118114692799981E-002  0.35260051370441969        77386.865520084873        6.1174641676774960E-011
   5.6178586799149978E-002  0.35298047115453218        77470.256538964270        6.1151475389507869E-011
   5.6239058905499975E-002  0.35336042860464473        77553.647557843680        6.1129974940599105E-011
   5.6299531011849979E-002  0.35374038605475727        77637.038576723076        6.1109176749611232E-011
   5.6360003118199976E-002  0.35412034350486976        77720.429595602473        6.1087910285998913E-011
   5.6420475224549980E-002  0.35450030095498231        77803.820614481883        6.1067265653737013E-011
   5.6480947330899978E-002  0.35488025840509480        77887.211633361279        6.1046746188263135E-011
   5.6541419437249975E-002  0.35526021585520728        77970.602652240676        6.1026586566459838E-011
   5.6601891543599979E-002  0.35564017330531988        78053.993671120086        6.1006756424382344E-011
   5.6662363649949976E-002  0.35602013075543237        78137.384689999482        6.0987487822549013E-011
   5.6722835756299980E-002  0.35640008820554492        78220.775708878893        6.0968230346312253E-011
   5.6783307862649977E-002  0.35678004565565741        78304.166727758289        6.0949140508861597E-011
   5.6843779968999981E-002  0.35716000310576995        78387.557746637700        6.0930702485378954E-011
   5.6904252075349979E-002  0.35753996055588244        78470.948765517096        6.0912605516516530E-011
   5.6964724181699976E-002  0.35791991800599499        78554.339784396492        6.0894726936936194E-011
   5.7025196288049980E-002  0.35829987545610753        78637.730803275903        6.0877108763137522E-011
   5.7085668394399977E-002  0.35867983290622002        78721.121822155299        6.0859594372773346E-011
   5.7146140500749981E-002  0.35905979035633256        78804.512841034710        6.0842713518498873E-011
   5.7206612607099978E-002  0.35943974780644505        78887.903859914106        6.0825982119069578E-011
   5.7267084713449976E-002  0.35981970525655760        78971.294878793502        6.0809589723350495E-011
   5.7327556819799980E-002  0.36019966270667014        79054.685897672913        6.0793633036801564E-011
   5.7388028926149977E-002  0.36057962015678263        79138.076916552309        6.0777723124024882E-011
   5.7448501032499981E-002  0.36095957760689518        79221.467935431720        6.0762715845686118E-011
   5.7508973138849978E-002  0.36133953505700767        79304.858954311116        6.0747724163626007E-011
   5.7569445245199975E-002  0.36171949250712016        79388.249973190512        6.0732504722014050E-011
   5.7629917351549979E-002  0.36209944995723270        79471.640992069908        6.0718128842678904E-011
   5.7690389457899977E-002  0.36247940740734524        79555.032010949319        6.0703786082037766E-011
   5.7750861564249981E-002  0.36285936485745779        79638.423029828729        6.0689994742444537E-011
   5.7811333670599978E-002  0.36323932230757028        79721.814048708125        6.0676368706285363E-011
   5.7871805776949975E-002  0.36361927975768277        79805.205067587522        6.0663090719564441E-011
   5.7932277883299979E-002  0.36399923720779531        79888.596086466918        6.0650300398008754E-011
   5.7992749989649976E-002  0.36437919465790786        79971.987105346328        6.0637547265855664E-011
   5.8053222095999980E-002  0.36475915210802040        80055.378124225739        6.0625204997126678E-011
   5.8113694202349978E-002  0.36513910955813289        80138.769143105135        6.0613214912672590E-011
   5.8174166308699975E-002  0.36551906700824538        80222.160161984531        6.0601530788734105E-011
   5.8234638415049979E-002  0.36589902445835792        80305.551180863928        6.0590103573123457E-011
   5.8295110521399976E-002  0.36627898190847041        80388.942199743324        6.0578977986533090E-011
   5.8355582627749980E-002  0.36665893935858296        80472.333218622734        6.0568036248717152E-011
   5.8416054734099977E-002  0.36703889680869550        80555.724237502145        6.0557634979035528E-011
   5.8476526840449974E-002  0.36741885425880799        80639.115256381541        6.0547557623784996E-011
   5.8536998946799979E-002  0.36779881170892054        80722.506275260937        6.0537669094748677E-011
   5.8597471053149976E-002  0.36817876915903303        80805.897294140334        6.0527891756908893E-011
   5.8657943159499980E-002  0.36855872660914557        80889.288313019744        6.0518758037153045E-011
   5.8718415265849977E-002  0.36893868405925812        80972.679331899155        6.0509801852212702E-011
   5.8778887372199974E-002  0.36931864150937060        81056.070350778551        6.0501135869665385E-011
   5.8839359478549978E-002  0.36969859895948315        81139.461369657947        6.0492679714443654E-011
   5.8899831584899975E-002  0.37007855640959564        81222.852388537343        6.0484512433352583E-011
   5.8960303691249979E-002  0.37045851385970818        81306.243407416754        6.0476927960160634E-011
   5.9020775797599977E-002  0.37083847130982067        81389.634426296150        6.0469522111748308E-011
   5.9081247903949974E-002  0.37121842875993322        81473.025445175561        6.0462439466781428E-011
   5.9141720010299978E-002  0.37159838621004576        81556.416464054972        6.0455599501584102E-011
   5.9202192116649975E-002  0.37197834366015825        81639.807482934353        6.0449088736930980E-011
   5.9262664222999979E-002  0.37235830111027080        81723.198501813764        6.0442686759486594E-011
   5.9323136329349976E-002  0.37273825856038328        81806.589520693160        6.0436865526916590E-011
   5.9383608435699980E-002  0.37311821601049583        81889.980539572571        6.0431269894492869E-011
   5.9444080542049978E-002  0.37349817346060837        81973.371558451981        6.0425941020062705E-011
   5.9504552648399975E-002  0.37387813091072086        82056.762577331363        6.0421010138575149E-011
   5.9565024754749979E-002  0.37425808836083341        82140.153596210774        6.0416251447936368E-011
   5.9625496861099976E-002  0.37463804581094590        82223.544615090170        6.0411907868260027E-011
   5.9685968967449980E-002  0.37501800326105844        82306.935633969581        6.0407838911014935E-011
   5.9746441073799977E-002  0.37539796071117099        82390.326652848991        6.0404044988883386E-011
   5.9806913180149975E-002  0.37577791816128348        82473.717671728387        6.0400515172733652E-011
   5.9867385286499979E-002  0.37615787561139602        82557.108690607784        6.0397335885445004E-011
   5.9927857392849976E-002  0.37653783306150851        82640.499709487180        6.0394495005542460E-011
   5.9988329499199980E-002  0.37691779051162105        82723.890728366590        6.0391882752507256E-011
   6.0048801605549977E-002  0.37729774796173354        82807.281747245986        6.0389616647284632E-011
   6.0109273711899974E-002  0.37767770541184609        82890.672766125397        6.0387622569756107E-011
   6.0169745818249978E-002  0.37805766286195863        82974.063785004793        6.0386002770197061E-011
   6.0230217924599976E-002  0.37843762031207112        83057.454803884189        6.0384641728538458E-011
   6.0290690030949980E-002  0.37881757776218367        83140.845822763600        6.0383579563872241E-011
   6.0351162137299977E-002  0.37919753521229616        83224.236841642996        6.0382791465805273E-011
   6.0411634243649974E-002  0.37957749266240870        83307.627860522407        6.0382360559262158E-011
   6.0472106349999978E-002  0.37995745011252124        83391.018879401803        6.0382220484462642E-011
