   9.6755370159999973E-005   6.0793192018003398E-004   133.42563020704290        413.50064927399626     
   1.4513305523999995E-004   9.1189788027005092E-004   200.13844531056432        168.33569832230140     
   1.9351074031999995E-004   1.2158638403600680E-003   266.85126041408580        299.09555512061922     
   2.4188842539999992E-004   1.5198298004500850E-003   333.56407551760725        140.08334204370385     
   2.9026611047999989E-004   1.8237957605401018E-003   400.27689062112864        770.65895144330204     
   3.3864379555999989E-004   2.1277617206301191E-003   466.98970572465015        1193.6789503103566     
   3.8702148063999989E-004   2.4317276807201359E-003   533.70252082817160        9.4634298464858233     
   4.3539916571999984E-004   2.7356936408101527E-003   600.41533593169299        11.633759455389411     
   4.8377685079999984E-004   3.0396596009001700E-003   667.12815103521450        2.6787598943947191     
   5.3215453587999984E-004   3.3436255609901868E-003   733.84096613873589        10.618432259851676     
   5.8053222095999979E-004   3.6475915210802037E-003   800.55378124225729        10.562543958066563     
   6.2890990603999973E-004   3.9515574811702205E-003   867.26659634577868        17.851994393487232     
   6.7728759111999979E-004   4.2555234412602382E-003   933.97941144930030        30.902927588438715     
   7.2566527619999973E-004   4.5594894013502550E-003   1000.6922265528217        52.197044832091414     
   7.7404296127999979E-004   4.8634553614402718E-003   1067.4050416563432        66.208163401522626     
   8.2242064635999973E-004   5.1674213215302887E-003   1134.1178567598645        34.860332443746699     
   8.7079833143999968E-004   5.4713872816203055E-003   1200.8306718633860        18.611327041389874     
   9.1917601651999973E-004   5.7753532417103232E-003   1267.5434869669075        17.011460169849592     
   9.6755370159999968E-004   6.0793192018003400E-003   1334.2563020704290        30.260099563890620     
   1.0159313866799997E-003   6.3832851618903568E-003   1400.9691171739503        37.237128503665076     
   1.0643090717599997E-003   6.6872511219803737E-003   1467.6819322774718        84.100361108603835     
   1.1126867568399996E-003   6.9912170820703905E-003   1534.3947473809931        142.78961647056138     
   1.1610644419199996E-003   7.2951830421604073E-003   1601.1075624845146        2796.4640230658260     
   1.2094421269999995E-003   7.5991490022504242E-003   1667.8203775880361        36.602037163838148     
   1.2578198120799995E-003   7.9031149623404410E-003   1734.5331926915574        29.416603661472255     
   1.3061974971599996E-003   8.2070809224304587E-003   1801.2460077950791        36.406442229224304     
   1.3545751822399996E-003   8.5110468825204764E-003   1867.9588228986006        133.86416393843115     
   1.4029528673199995E-003   8.8150128426104923E-003   1934.6716380021219        63.048913853464860     
   1.4513305523999995E-003   9.1189788027005100E-003   2001.3844531056434        1788.9402938417006     
   1.4997082374799994E-003   9.4229447627905260E-003   2068.0972682091647        4207.2696746375132     
   1.5480859225599996E-003   9.7269107228805437E-003   2134.8100833126864        46.187607454241430     
   1.5964636076399995E-003   1.0030876682970561E-002   2201.5228984162077        47.341644294772934     
   1.6448412927199995E-003   1.0334842643060577E-002   2268.2357135197290        27.310399115156461     
   1.6932189777999994E-003   1.0638808603150595E-002   2334.9485286232507        25.946130727915140     
   1.7415966628799994E-003   1.0942774563240611E-002   2401.6613437267720        10.325499878179521     
   1.7899743479599993E-003   1.1246740523330627E-002   2468.3741588302933        15.692946550039053     
   1.8383520330399995E-003   1.1550706483420646E-002   2535.0869739338150        114.93461574179408     
   1.8867297181199994E-003   1.1854672443510662E-002   2601.7997890373363        51.435929374188433     
   1.9351074031999994E-003   1.2158638403600680E-002   2668.5126041408580        44.801226266324797     
   1.9834850882799993E-003   1.2462604363690696E-002   2735.2254192443793        28.126310570318573     
   2.0318627733599995E-003   1.2766570323780714E-002   2801.9382343479006        37.699067259016019     
   2.0802404584399992E-003   1.3070536283870730E-002   2868.6510494514218        30.634967619389478     
   2.1286181435199994E-003   1.3374502243960747E-002   2935.3638645549436        61.630258373223384     
   2.1769958285999991E-003   1.3678468204050763E-002   3002.0766796584649        89.702494623680309     
   2.2253735136799993E-003   1.3982434164140781E-002   3068.7894947619861        223.52977707491533     
   2.2737511987599994E-003   1.4286400124230799E-002   3135.5023098655079        1455.8676343576940     
   2.3221288838399991E-003   1.4590366084320815E-002   3202.2151249690291        5220.7319308130509     
   2.3705065689199993E-003   1.4894332044410832E-002   3268.9279400725509        199.51891389656254     
   2.4188842539999990E-003   1.5198298004500848E-002   3335.6407551760722        40.732969715407734     
   2.4672619390799992E-003   1.5502263964590866E-002   3402.3535702795934        11.024244981074435     
   2.5156396241599989E-003   1.5806229924680882E-002   3469.0663853831147        129.02383347364517     
   2.5640173092399991E-003   1.6110195884770900E-002   3535.7792004866365        45.409429980599938     
   2.6123949943199993E-003   1.6414161844860917E-002   3602.4920155901582        3756.3715780124085     
   2.6607726793999990E-003   1.6718127804950935E-002   3669.2048306936795        15955.099895405036     
   2.7091503644799991E-003   1.7022093765040953E-002   3735.9176457972012        1161.6621125295369     
   2.7575280495599989E-003   1.7326059725130967E-002   3802.6304609007220        31.833693955548156     
   2.8059057346399990E-003   1.7630025685220985E-002   3869.3432760042438        89.754994542682738     
   2.8542834197199992E-003   1.7933991645311002E-002   3936.0560911077650        104.34240873986492     
   2.9026611047999989E-003   1.8237957605401020E-002   4002.7689062112868        81.726234135320681     
   2.9510387898799991E-003   1.8541923565491038E-002   4069.4817213148085        47.463185757518495     
   2.9994164749599988E-003   1.8845889525581052E-002   4136.1945364183293        1141.4950852071486     
   3.0477941600399990E-003   1.9149855485671070E-002   4202.9073515218506        96.458456509545371     
   3.0961718451199991E-003   1.9453821445761087E-002   4269.6201666253728        58.282257325731699     
   3.1445495301999989E-003   1.9757787405851105E-002   4336.3329817288941        5.3421690830551573E-003
   3.1929272152799990E-003   2.0061753365941123E-002   4403.0457968324154        1.7968691593493766     
   3.2413049003599988E-003   2.0365719326031137E-002   4469.7586119359366        1.8919076549804901     
   3.2896825854399989E-003   2.0669685286121155E-002   4536.4714270394579       0.24155128277138616     
   3.3380602705199987E-003   2.0973651246211169E-002   4603.1842421429792       0.24174076025215702     
   3.3864379555999988E-003   2.1277617206301190E-002   4669.8970572465014        3.2012705506677923     
   3.4348156406799990E-003   2.1581583166391208E-002   4736.6098723500227        19.005706002413827     
   3.4831933257599987E-003   2.1885549126481222E-002   4803.3226874535439        14.808392829139196     
   3.5315710108399989E-003   2.2189515086571240E-002   4870.0355025570652        2.7666255388424372     
   3.5799486959199986E-003   2.2493481046661254E-002   4936.7483176605865        2.5754218460873841     
   3.6283263809999988E-003   2.2797447006751275E-002   5003.4611327641087        1.9572186326978598     
   3.6767040660799989E-003   2.3101412966841293E-002   5070.1739478676300        5.0995890066695004     
   3.7250817511599987E-003   2.3405378926931307E-002   5136.8867629711513        20.448353454459951     
   3.7734594362399988E-003   2.3709344887021325E-002   5203.5995780746725        39.241536448418017     
   3.8218371213199986E-003   2.4013310847111342E-002   5270.3123931781938        125.39023167395405     
   3.8702148063999987E-003   2.4317276807201360E-002   5337.0252082817160        43.387299243968741     
   3.9185924914799984E-003   2.4621242767291374E-002   5403.7380233852364        9.2244198534336448     
   3.9669701765599986E-003   2.4925208727381392E-002   5470.4508384887586        2.3500096852202574     
   4.0153478616399988E-003   2.5229174687471410E-002   5537.1636535922798        6.7292810009529793     
   4.0637255467199989E-003   2.5533140647561427E-002   5603.8764686958011        124.05446500921914     
   4.1121032317999982E-003   2.5837106607651442E-002   5670.5892837993224        25.018816507424795     
   4.1604809168799984E-003   2.6141072567741459E-002   5737.3020989028437        5873.6680789708016     
   4.2088586019599986E-003   2.6445038527831477E-002   5804.0149140063659        66.698637807548749     
   4.2572362870399987E-003   2.6749004487921495E-002   5870.7277291098872        191.33800703034080     
   4.3056139721199989E-003   2.7052970448011512E-002   5937.4405442134084        11.978213822390973     
   4.3539916571999982E-003   2.7356936408101527E-002   6004.1533593169297        21.236052076433971     
   4.4023693422799983E-003   2.7660902368191544E-002   6070.8661744204510        14.556518317969612     
   4.4507470273599985E-003   2.7964868328281562E-002   6137.5789895239723        9.8706938705342022     
   4.4991247124399987E-003   2.8268834288371580E-002   6204.2918046274945        22.561009681916595     
   4.5475023975199988E-003   2.8572800248461597E-002   6271.0046197310157       0.22683283864060422     
   4.5958800825999981E-003   2.8876766208551612E-002   6337.7174348345370        18.170967211083280     
   4.6442577676799983E-003   2.9180732168641629E-002   6404.4302499380583        15.746937566229029     
   4.6926354527599985E-003   2.9484698128731647E-002   6471.1430650415796        5.7546359507039053     
   4.7410131378399986E-003   2.9788664088821665E-002   6537.8558801451018        3.5503338844488490     
   4.7893908229199988E-003   3.0092630048911682E-002   6604.5686952486230        3.9751464850644171     
   4.8377685079999981E-003   3.0396596009001697E-002   6671.2815103521443        4.0265940866297765     
   4.8861461930799982E-003   3.0700561969091714E-002   6737.9943254556656        15.040209094006194     
   4.9345238781599984E-003   3.1004527929181732E-002   6804.7071405591869        27.545244847607236     
   4.9829015632399986E-003   3.1308493889271753E-002   6871.4199556627100        260.11389682824739     
   5.0312792483199979E-003   3.1612459849361764E-002   6938.1327707662294        95.956866894636349     
   5.0796569333999980E-003   3.1916425809451782E-002   7004.8455858697516        48.981315020713474     
   5.1280346184799982E-003   3.2220391769541799E-002   7071.5584009732729        38.328765359610017     
   5.1764123035599983E-003   3.2524357729631817E-002   7138.2712160767942        124.10480664449035     
   5.2247899886399985E-003   3.2828323689721835E-002   7204.9840311803164        122.64349740650025     
   5.2731676737199978E-003   3.3132289649811845E-002   7271.6968462838358        158.08551026225518     
   5.3215453587999980E-003   3.3436255609901870E-002   7338.4096613873589        22176.788648460431     
   5.3699230438799981E-003   3.3740221569991888E-002   7405.1224764908811        133.01042114519421     
   5.4183007289599983E-003   3.4044187530081906E-002   7471.8352915944024        159.93712257869493     
   5.4666784140399985E-003   3.4348153490171923E-002   7538.5481066979237        17.170475300565677     
   5.5150560991199978E-003   3.4652119450261934E-002   7605.2609218014441        92.447181554034955     
   5.5634337841999979E-003   3.4956085410351952E-002   7671.9737369049653        7.9330195211850087     
   5.6118114692799981E-003   3.5260051370441969E-002   7738.6865520084875        8.7072118027035721     
   5.6601891543599982E-003   3.5564017330531987E-002   7805.3993671120088        76.557031365672515     
   5.7085668394399984E-003   3.5867983290622005E-002   7872.1121822155301        1.8194427202253518     
   5.7569445245199977E-003   3.6171949250712016E-002   7938.8249973190505        2.4933865649180857     
   5.8053222095999979E-003   3.6475915210802040E-002   8005.5378124225736        4.0474074382149832     
   5.8536998946799980E-003   3.6779881170892058E-002   8072.2506275260957        1.1809810419232563     
   5.9020775797599982E-003   3.7083847130982076E-002   8138.9634426296170        1.3393791295175377     
   5.9504552648399983E-003   3.7387813091072093E-002   8205.6762577331392        1.7453907410201652     
   5.9988329499199976E-003   3.7691779051162104E-002   8272.3890728366587       0.67818810582276545     
   6.0472106349999978E-003   3.7995745011252122E-002   8339.1018879401799        3.7789881451703429     
   6.0955883200799980E-003   3.8299710971342139E-002   8405.8147030437012        1.8737107787135203     
   6.1439660051599981E-003   3.8603676931432157E-002   8472.5275181472225       0.42602952289158252     
   6.1923436902399983E-003   3.8907642891522175E-002   8539.2403332507456       0.15565035029558968     
   6.2407213753199976E-003   3.9211608851612186E-002   8605.9531483542651       0.30832200105122115     
   6.2890990603999978E-003   3.9515574811702210E-002   8672.6659634577882        7.7509314264853038E-002
   6.3374767454799979E-003   3.9819540771792228E-002   8739.3787785613094       0.54111868500412208     
   6.3858544305599981E-003   4.0123506731882246E-002   8806.0915936648307        2.6006061091408439     
   6.4342321156399974E-003   4.0427472691972256E-002   8872.8044087683520        4.4534668138417182     
   6.4826098007199975E-003   4.0731438652062274E-002   8939.5172238718733        191.84749121496648     
   6.5309874857999977E-003   4.1035404612152292E-002   9006.2300389753946        11.816927722826636     
   6.5793651708799979E-003   4.1339370572242309E-002   9072.9428540789158        24.261985666139019     
   6.6277428559599980E-003   4.1643336532332327E-002   9139.6556691824371        6.2009211450149646     
   6.6761205410399973E-003   4.1947302492422338E-002   9206.3684842859584        17.898036638268881     
   6.7244982261199975E-003   4.2251268452512362E-002   9273.0812993894815        42.494297766357974     
   6.7728759111999976E-003   4.2555234412602380E-002   9339.7941144930028        42.898606579603332     
   6.8212535962799978E-003   4.2859200372692398E-002   9406.5069295965241        487.72869101284186     
   6.8696312813599980E-003   4.3163166332782416E-002   9473.2197447000453        1.0731504706297204     
   6.9180089664399973E-003   4.3467132292872426E-002   9539.9325598035666        9.2403261006731121     
   6.9663866515199974E-003   4.3771098252962444E-002   9606.6453749070879       0.64559137496365049     
   7.0147643365999976E-003   4.4075064213052462E-002   9673.3581900106092        2.6934220559321778E-002
   7.0631420216799978E-003   4.4379030173142479E-002   9740.0710051141305       0.19139233447767129     
   7.1115197067599979E-003   4.4682996133232497E-002   9806.7838202176517       0.76187337663405486     
   7.1598973918399972E-003   4.4986962093322508E-002   9873.4966353211730       0.44711048819522642     
   7.2082750769199974E-003   4.5290928053412532E-002   9940.2094504246961        3.0249103753113462     
   7.2566527619999975E-003   4.5594894013502550E-002   10006.922265528217        2.3267149467526158     
   7.3050304470799977E-003   4.5898859973592568E-002   10073.635080631739        1.4813211279196525     
   7.3534081321599979E-003   4.6202825933682586E-002   10140.347895735260       0.45804862304662680     
   7.4017858172399972E-003   4.6506791893772596E-002   10207.060710838781       0.19896449652515699     
   7.4501635023199973E-003   4.6810757853862614E-002   10273.773525942303       0.97793547255606628     
   7.4985411873999975E-003   4.7114723813952632E-002   10340.486341045824        8.4568519098110393     
   7.5469188724799977E-003   4.7418689774042649E-002   10407.199156149345        2.6818429143657530     
   7.5952965575599978E-003   4.7722655734132667E-002   10473.911971252866        78.358412134518801     
   7.6436742426399971E-003   4.8026621694222685E-002   10540.624786356388        375.39036283214637     
   7.6920519277199973E-003   4.8330587654312702E-002   10607.337601459911        45.993925226491029     
   7.7404296127999974E-003   4.8634553614402720E-002   10674.050416563432        7.7491211644566285     
   7.7888072978799976E-003   4.8938519574492738E-002   10740.763231666953        1.3131219658188715     
   7.8371849829599969E-003   4.9242485534582749E-002   10807.476046770473        20.845524786175613     
   7.8855626680399971E-003   4.9546451494672766E-002   10874.188861873994        46.759287135884691     
   7.9339403531199972E-003   4.9850417454762784E-002   10940.901676977517        54.823487850186197     
   7.9823180381999974E-003   5.0154383414852802E-002   11007.614492081038        1527.6953733182331     
   8.0306957232799975E-003   5.0458349374942819E-002   11074.327307184560        79.811717383702856     
   8.0790734083599977E-003   5.0762315335032837E-002   11141.040122288081        127.60958782820072     
   8.1274510934399979E-003   5.1066281295122855E-002   11207.752937391602        8.9028156675336412     
   8.1758287785199980E-003   5.1370247255212872E-002   11274.465752495125        11.870776098939286     
   8.2242064635999965E-003   5.1674213215302883E-002   11341.178567598645        10.682975040011137     
   8.2725841486799966E-003   5.1978179175392901E-002   11407.891382702166        3.1703422897376270     
   8.3209618337599968E-003   5.2282145135482919E-002   11474.604197805687        21.508477349825089     
   8.3693395188399970E-003   5.2586111095572936E-002   11541.317012909209        7.9530047417438361     
   8.4177172039199971E-003   5.2890077055662954E-002   11608.029828012732        2.7828133093872078     
   8.4660948889999973E-003   5.3194043015752972E-002   11674.742643116253        8.7239745087244138     
   8.5144725740799974E-003   5.3498008975842989E-002   11741.455458219774        7.0621089346886503     
   8.5628502591599976E-003   5.3801974935933007E-002   11808.168273323296        7.2243108485151168     
   8.6112279442399978E-003   5.4105940896023025E-002   11874.881088426817        6.6138645864842029     
   8.6596056293199962E-003   5.4409906856113036E-002   11941.593903530338        6.2895003341435736     
   8.7079833143999964E-003   5.4713872816203053E-002   12008.306718633859        5.9960916296967870     
   8.7563609994799965E-003   5.5017838776293071E-002   12075.019533737381        8.0120947294152369     
   8.8047386845599967E-003   5.5321804736383089E-002   12141.732348840902        2.5307610996344332     
   8.8531163696399968E-003   5.5625770696473106E-002   12208.445163944423        3.8111942084629780     
   8.9014940547199970E-003   5.5929736656563124E-002   12275.157979047945        4.3863763978868260     
   8.9498717397999972E-003   5.6233702616653142E-002   12341.870794151468        5.1885256098790098     
   8.9982494248799973E-003   5.6537668576743159E-002   12408.583609254989        2.9816509333872623     
   9.0466271099599975E-003   5.6841634536833177E-002   12475.296424358510        8.2422274469640833     
   9.0950047950399977E-003   5.7145600496923195E-002   12542.009239462031        2.4265906971830162     
   9.1433824801199961E-003   5.7449566457013206E-002   12608.722054565553        21.584170993383815     
   9.1917601651999963E-003   5.7753532417103223E-002   12675.434869669074        2.1753323522000740     
   9.2401378502799964E-003   5.8057498377193241E-002   12742.147684772595        7.2034686109578825     
   9.2885155353599966E-003   5.8361464337283259E-002   12808.860499876117        4.7178327964700593     
   9.3368932204399967E-003   5.8665430297373276E-002   12875.573314979638        1.9163592045113345     
   9.3852709055199969E-003   5.8969396257463294E-002   12942.286130083159        22.278826892627297     
   9.4336485905999971E-003   5.9273362217553312E-002   13008.998945186682        4.4682332737917712     
   9.4820262756799972E-003   5.9577328177643329E-002   13075.711760290204        146.08289932766894     
   9.5304039607599974E-003   5.9881294137733347E-002   13142.424575393725        3.7326916872337863     
   9.5787816458399976E-003   6.0185260097823365E-002   13209.137390497246       0.15350643992090196     
   9.6271593309199960E-003   6.0489226057913376E-002   13275.850205600766        3.1408755339625940     
   9.6755370159999961E-003   6.0793192018003393E-002   13342.563020704289        3.8427487804314593     
   9.7239147010799963E-003   6.1097157978093411E-002   13409.275835807810        3.1104468381021930     
   9.7722923861599965E-003   6.1401123938183429E-002   13475.988650911331        3.5099477815466553     
   9.8206700712399966E-003   6.1705089898273446E-002   13542.701466014852        2.6027371700825963     
   9.8690477563199968E-003   6.2009055858363464E-002   13609.414281118374        5.0451974239265667     
   9.9174254413999970E-003   6.2313021818453482E-002   13676.127096221897        8.4445268551670107     
   9.9658031264799971E-003   6.2616987778543506E-002   13742.839911325420        2.2183763773235192     
   1.0014180811559997E-002   6.2920953738633517E-002   13809.552726428939        2.1412140865560851     
   1.0062558496639996E-002   6.3224919698723528E-002   13876.265541532459        2.0187568269392724     
   1.0110936181719996E-002   6.3528885658813539E-002   13942.978356635980        3.0197316396388811     
   1.0159313866799996E-002   6.3832851618903563E-002   14009.691171739503        1.7419385805774179     
   1.0207691551879996E-002   6.4136817578993588E-002   14076.403986843026        5.1692654356157064     
   1.0256069236959996E-002   6.4440783539083599E-002   14143.116801946546        6.6611405127687355     
   1.0304446922039997E-002   6.4744749499173623E-002   14209.829617050069        39.711390874240109     
   1.0352824607119997E-002   6.5048715459263634E-002   14276.542432153588        6.2105445883547077     
   1.0401202292199997E-002   6.5352681419353659E-002   14343.255247257111        5.9328772798206835     
   1.0449579977279997E-002   6.5656647379443669E-002   14409.968062360633        1.1464894266007060     
   1.0497957662359997E-002   6.5960613339533694E-002   14476.680877464156        2.6298982084336111     
   1.0546335347439996E-002   6.6264579299623691E-002   14543.393692567672        30.853074376969808     
   1.0594713032519996E-002   6.6568545259713716E-002   14610.106507671195        1.0273748834158205     
   1.0643090717599996E-002   6.6872511219803740E-002   14676.819322774718        500.00666946839601     
   1.0691468402679996E-002   6.7176477179893751E-002   14743.532137878239        28.840310558663507     
   1.0739846087759996E-002   6.7480443139983776E-002   14810.244952981762        11.874243881089328     
   1.0788223772839996E-002   6.7784409100073786E-002   14876.957768085282        6.4587122403617094     
   1.0836601457919997E-002   6.8088375060163811E-002   14943.670583188805        14.077293146927751     
   1.0884979142999997E-002   6.8392341020253822E-002   15010.383398292324        3.3373976209128755     
   1.0933356828079997E-002   6.8696306980343846E-002   15077.096213395847        3.4865840463138706     
   1.0981734513159997E-002   6.9000272940433857E-002   15143.809028499369       0.56319996857768451     
   1.1030112198239996E-002   6.9304238900523868E-002   15210.521843602888        5.9421883245529434     
   1.1078489883319996E-002   6.9608204860613879E-002   15277.234658706408        3.9007861834694815     
   1.1126867568399996E-002   6.9912170820703903E-002   15343.947473809931        6.4868040929995372     
   1.1175245253479996E-002   7.0216136780793928E-002   15410.660288913454        5.6336912794207299     
   1.1223622938559996E-002   7.0520102740883939E-002   15477.373104016975        5.4268301309066720     
   1.1272000623639996E-002   7.0824068700973963E-002   15544.085919120498        5.1564118629173699     
   1.1320378308719996E-002   7.1128034661063974E-002   15610.798734224018        5.3001857677751865     
   1.1368755993799997E-002   7.1432000621153999E-002   15677.511549327541        4.2668470133045728     
   1.1417133678879997E-002   7.1735966581244009E-002   15744.224364431060        5.0752630777482537     
   1.1465511363959995E-002   7.2039932541334020E-002   15810.937179534581        3.1177750123682388     
   1.1513889049039995E-002   7.2343898501424031E-002   15877.649994638101        4.3701737020495486     
   1.1562266734119996E-002   7.2647864461514056E-002   15944.362809741624        3.1591214145417688     
   1.1610644419199996E-002   7.2951830421604080E-002   16011.075624845147        4.2213828494472665     
   1.1659022104279996E-002   7.3255796381694091E-002   16077.788439948668        3.8217357420281393     
   1.1707399789359996E-002   7.3559762341784116E-002   16144.501255052191        4.5948011120882839     
   1.1755777474439996E-002   7.3863728301874126E-002   16211.214070155711        4.9676056446857544     
   1.1804155159519996E-002   7.4167694261964151E-002   16277.926885259234        5.2148040579813628     
   1.1852532844599997E-002   7.4471660222054162E-002   16344.639700362754        3.5048855995777046     
   1.1900910529679997E-002   7.4775626182144186E-002   16411.352515466278        3.4295163764162799     
   1.1949288214759995E-002   7.5079592142234183E-002   16478.065330569792        4.1974028807410075     
   1.1997665899839995E-002   7.5383558102324208E-002   16544.778145673317        2.4861141845846273     
   1.2046043584919995E-002   7.5687524062414233E-002   16611.490960776839        5.7923667385485587     
   1.2094421269999996E-002   7.5991490022504243E-002   16678.203775880360        2.1856325695305094     
   1.2142798955079996E-002   7.6295455982594268E-002   16744.916590983885        16.582057637333037     
   1.2191176640159996E-002   7.6599421942684279E-002   16811.629406087402        2.9646344408427621     
   1.2239554325239996E-002   7.6903387902774303E-002   16878.342221190927       0.81692632115582620     
   1.2287932010319996E-002   7.7207353862864314E-002   16945.055036294445        4.0251567464622848     
   1.2336309695399996E-002   7.7511319822954339E-002   17011.767851397970        3.3716152032193865     
   1.2384687380479997E-002   7.7815285783044350E-002   17078.480666501491        3.9424986869378285     
   1.2433065065559995E-002   7.8119251743134360E-002   17145.193481605009        4.2086458163665847     
   1.2481442750639995E-002   7.8423217703224371E-002   17211.906296708530        4.5039632012737796     
   1.2529820435719995E-002   7.8727183663314396E-002   17278.619111812055        4.2699989025064511     
   1.2578198120799996E-002   7.9031149623404420E-002   17345.331926915576        6.5110828313892144     
   1.2626575805879996E-002   7.9335115583494431E-002   17412.044742019098        2.4443904420675366     
   1.2674953490959996E-002   7.9639081543584456E-002   17478.757557122619        3.0994394697105361     
   1.2723331176039996E-002   7.9943047503674466E-002   17545.470372226140        3.0518630901974744     
   1.2771708861119996E-002   8.0247013463764491E-002   17612.183187329661        4.1433178454864192     
   1.2820086546199996E-002   8.0550979423854502E-002   17678.896002433183        4.6159705516732359     
   1.2868464231279995E-002   8.0854945383944513E-002   17745.608817536704        4.5071968579310555     
   1.2916841916359995E-002   8.1158911344034523E-002   17812.321632640222        9.1544089082599314     
   1.2965219601439995E-002   8.1462877304124548E-002   17879.034447743747        6.2330525528235086     
   1.3013597286519995E-002   8.1766843264214573E-002   17945.747262847268        2.2583675925198889     
   1.3061974971599995E-002   8.2070809224304583E-002   18012.460077950789       0.52453849032019584     
   1.3110352656679996E-002   8.2374775184394608E-002   18079.172893054314        2.5533631925339644     
   1.3158730341759996E-002   8.2678741144484619E-002   18145.885708157832       0.41062959940056570     
   1.3207108026839996E-002   8.2982707104574643E-002   18212.598523261357        12.060439538560212     
   1.3255485711919996E-002   8.3286673064664654E-002   18279.311338364874        1.9592785944653062     
   1.3303863396999996E-002   8.3590639024754679E-002   18346.024153468399        81.798666311210781     
   1.3352241082079995E-002   8.3894604984844676E-002   18412.736968571917        9.0978540392722991     
   1.3400618767159995E-002   8.4198570944934700E-002   18479.449783675438        7.0555489767958637     
   1.3448996452239995E-002   8.4502536905024725E-002   18546.162598778963        2.9377759351753796     
   1.3497374137319995E-002   8.4806502865114736E-002   18612.875413882481        2.9409965391577937     
   1.3545751822399995E-002   8.5110468825204760E-002   18679.588228986006        2.2098522276734198     
   1.3594129507479995E-002   8.5414434785294771E-002   18746.301044089527        2.9478818002265550     
   1.3642507192559996E-002   8.5718400745384796E-002   18813.013859193048        1.4331657316423887     
   1.3690884877639996E-002   8.6022366705474806E-002   18879.726674296569        3.5978241297414675     
   1.3739262562719996E-002   8.6326332665564831E-002   18946.439489400091        3.5322784099977049     
   1.3787640247799996E-002   8.6630298625654842E-002   19013.152304503612        3.6345027667539540     
   1.3836017932879995E-002   8.6934264585744853E-002   19079.865119607133        3.4326462725926326     
   1.3884395617959995E-002   8.7238230545834877E-002   19146.577934710655        3.5389837394197410     
   1.3932773303039995E-002   8.7542196505924888E-002   19213.290749814176        3.3922618317424678     
   1.3981150988119995E-002   8.7846162466014913E-002   19280.003564917697        3.7244671937892422     
   1.4029528673199995E-002   8.8150128426104923E-002   19346.716380021218        3.1052957704757373     
   1.4077906358279995E-002   8.8454094386194948E-002   19413.429195124740        3.8509606002718346     
   1.4126284043359996E-002   8.8758060346284959E-002   19480.142010228261        2.7540959481796508     
   1.4174661728439996E-002   8.9062026306374983E-002   19546.854825331786        3.4498853484120011     
   1.4223039413519996E-002   8.9365992266464994E-002   19613.567640435303        2.8754496655226811     
   1.4271417098599994E-002   8.9669958226555005E-002   19680.280455538825        3.2785020384931740     
   1.4319794783679994E-002   8.9973924186645016E-002   19746.993270642346        3.7619429501332924     
   1.4368172468759995E-002   9.0277890146735040E-002   19813.706085745867        2.5114724683007914     
   1.4416550153839995E-002   9.0581856106825065E-002   19880.418900849392        4.0169819681537779     
   1.4464927838919995E-002   9.0885822066915076E-002   19947.131715952910       0.28397145745794472     
   1.4513305523999995E-002   9.1189788027005100E-002   20013.844531056435        2.2437955677033927     
   1.4561683209079995E-002   9.1493753987095111E-002   20080.557346159956        1.2794909241107919     
   1.4610060894159995E-002   9.1797719947185136E-002   20147.270161263477        2.2964266394187343     
   1.4658438579239996E-002   9.2101685907275146E-002   20213.982976366999        2.3626139853356936     
   1.4706816264319996E-002   9.2405651867365171E-002   20280.695791470520        1.0525521573042607     
   1.4755193949399994E-002   9.2709617827455168E-002   20347.408606574038        1.9627522873480052     
   1.4803571634479994E-002   9.3013583787545193E-002   20414.121421677562       0.15382279944350238     
   1.4851949319559994E-002   9.3317549747635217E-002   20480.834236781084        2.0323030386994656     
   1.4900327004639995E-002   9.3621515707725228E-002   20547.547051884605        2.0311850126925477     
   1.4948704689719995E-002   9.3925481667815253E-002   20614.259866988126        2.7572620660807274     
   1.4997082374799995E-002   9.4229447627905263E-002   20680.972682091648        2.5093854002552769     
   1.5045460059879995E-002   9.4533413587995288E-002   20747.685497195169        2.9708334421760414     
   1.5093837744959995E-002   9.4837379548085299E-002   20814.398312298690        2.9259445724049735     
   1.5142215430039995E-002   9.5141345508175323E-002   20881.111127402215        3.4982884740039504     
   1.5190593115119996E-002   9.5445311468265334E-002   20947.823942505733        2.7816024374159474     
   1.5238970800199994E-002   9.5749277428355345E-002   21014.536757609254        3.9085197722187246     
   1.5287348485279994E-002   9.6053243388445370E-002   21081.249572712775        2.4418144807106450     
   1.5335726170359994E-002   9.6357209348535380E-002   21147.962387816297        2.7283481277803769     
   1.5384103855439995E-002   9.6661175308625405E-002   21214.675202919821        3.0679790155573969     
   1.5432481540519995E-002   9.6965141268715416E-002   21281.388018023339        3.3646077313116609     
   1.5480859225599995E-002   9.7269107228805440E-002   21348.100833126864        4.4867346586992749     
   1.5529236910679995E-002   9.7573073188895451E-002   21414.813648230382        2.8882934912227354     
   1.5577614595759995E-002   9.7877039148985476E-002   21481.526463333907        5.8376893016745441     
   1.5625992280839995E-002   9.8181005109075487E-002   21548.239278437428       0.10227996189949325     
   1.5674369965919994E-002   9.8484971069165497E-002   21614.952093540945        1.3880339941663928     
   1.5722747650999996E-002   9.8788937029255522E-002   21681.664908644470        1.2260049714403261     
   1.5771125336079994E-002   9.9092902989345533E-002   21748.377723747988        2.3302267359292541     
   1.5819503021159996E-002   9.9396868949435557E-002   21815.090538851513        2.2086986939610207     
   1.5867880706239994E-002   9.9700834909525568E-002   21881.803353955034        2.7380344106351586     
   1.5916258391319993E-002  0.10000480086961558        21948.516169058552        2.4101534544124465     
   1.5964636076399995E-002  0.10030876682970560        22015.228984162077        7.5557128632680373     
   1.6013013761479993E-002  0.10061273278979561        22081.941799265594        1.7616401006939086     
   1.6061391446559995E-002  0.10091669874988564        22148.654614369119       0.35554461397253134     
   1.6109769131639994E-002  0.10122066470997565        22215.367429472641        1.4544492596363803     
   1.6158146816719995E-002  0.10152463067006567        22282.080244576162        1.4222377941064144     
   1.6206524501799994E-002  0.10182859663015568        22348.793059679683        1.7343162403234811     
   1.6254902186879996E-002  0.10213256259024571        22415.505874783204        1.9216686912477849     
   1.6303279871959994E-002  0.10243652855033572        22482.218689886726        2.1353131675301658     
   1.6351657557039996E-002  0.10274049451042574        22548.931504990251        1.9764483029383988     
   1.6400035242119994E-002  0.10304446047051576        22615.644320093768        2.2871731231783881     
   1.6448412927199993E-002  0.10334842643060577        22682.357135197290        1.9504550413382935     
   1.6496790612279995E-002  0.10365239239069579        22749.069950300811        1.9850218570248521     
   1.6545168297359993E-002  0.10395635835078580        22815.782765404332        2.0459804946723854     
   1.6593545982439995E-002  0.10426032431087583        22882.495580507857        2.0065211863754877     
   1.6641923667519994E-002  0.10456429027096584        22949.208395611375        2.1386840701659890     
   1.6690301352599995E-002  0.10486825623105586        23015.921210714900        1.9866996744382159     
   1.6738679037679994E-002  0.10517222219114587        23082.634025818417        2.1336371113337709     
   1.6787056722759996E-002  0.10547618815123590        23149.346840921942        2.1308904718145647     
   1.6835434407839994E-002  0.10578015411132591        23216.059656025463        2.1709310428964130     
   1.6883812092919993E-002  0.10608412007141592        23282.772471128981        2.2367935518143622     
   1.6932189777999995E-002  0.10638808603150594        23349.485286232506        2.0913454565037859     
   1.6980567463079993E-002  0.10669205199159595        23416.198101336024        2.5479031162975994     
   1.7028945148159995E-002  0.10699601795168598        23482.910916439549        1.6721411531059416     
   1.7077322833239993E-002  0.10729998391177599        23549.623731543070        2.4392342432908447     
   1.7125700518319995E-002  0.10760394987186601        23616.336546646591        1.2214113482417086     
   1.7174078203399994E-002  0.10790791583195602        23683.049361750112        1.7585534265992122     
   1.7222455888479996E-002  0.10821188179204605        23749.762176853634        1.5740762384030142     
   1.7270833573559994E-002  0.10851584775213606        23816.474991957155        1.6482304084275696     
   1.7319211258639992E-002  0.10881981371222607        23883.187807060676        1.9218674697627949     
   1.7367588943719994E-002  0.10912377967231610        23949.900622164198        1.1722199028838463     
   1.7415966628799993E-002  0.10942774563240611        24016.613437267719        1.7243690236614726     
   1.7464344313879995E-002  0.10973171159249613        24083.326252371240        1.4571424246912312     
   1.7512721998959993E-002  0.11003567755258614        24150.039067474761        1.6813865094077991     
   1.7561099684039995E-002  0.11033964351267617        24216.751882578283        2.2639269263770085     
   1.7609477369119993E-002  0.11064360947276618        24283.464697681804        1.8987271754333335     
   1.7657855054199995E-002  0.11094757543285620        24350.177512785329        1.8944005852610200     
   1.7706232739279994E-002  0.11125154139294621        24416.890327888847        1.9774982860011430     
   1.7754610424359996E-002  0.11155550735303624        24483.603142992371        1.9140590672197653     
   1.7802988109439994E-002  0.11185947331312625        24550.315958095889        2.0820892552902959     
   1.7851365794519992E-002  0.11216343927321626        24617.028773199410        1.8493942955020357     
   1.7899743479599994E-002  0.11246740523330628        24683.741588302935        1.9224550326552843     
   1.7948121164679993E-002  0.11277137119339629        24750.454403406453        1.9999670467608228     
   1.7996498849759995E-002  0.11307533715348632        24817.167218509978        1.9700932779159639     
   1.8044876534839993E-002  0.11337930311357633        24883.880033613499        2.2554212091319883     
   1.8093254219919995E-002  0.11368326907366635        24950.592848717020        2.1211251632571368     
   1.8141631904999993E-002  0.11398723503375637        25017.305663820542        2.7415370260267280     
   1.8190009590079995E-002  0.11429120099384639        25084.018478924063        1.8523649580807249     
   1.8238387275159994E-002  0.11459516695393640        25150.731294027584        2.7493803140309887     
   1.8286764960239992E-002  0.11489913291402641        25217.444109131106        1.4367957901129096     
   1.8335142645319994E-002  0.11520309887411644        25284.156924234627        1.6048840857276003     
   1.8383520330399993E-002  0.11550706483420645        25350.869739338148        2.1286131643165489     
   1.8431898015479994E-002  0.11581103079429647        25417.582554441669        1.9279804471363440     
   1.8480275700559993E-002  0.11611499675438648        25484.295369545191        2.4438571605899244     
   1.8528653385639995E-002  0.11641896271447651        25551.008184648712       0.92453502534028520     
   1.8577031070719993E-002  0.11672292867456652        25617.720999752233        1.9533953115894893     
   1.8625408755799995E-002  0.11702689463465654        25684.433814855758        3.5903895843413483E-002
   1.8673786440879993E-002  0.11733086059474655        25751.146629959276       0.85202364676781694     
   1.8722164125959992E-002  0.11763482655483656        25817.859445062797       0.88791634336833847     
   1.8770541811039994E-002  0.11793879251492659        25884.572260166318        1.3931454445070632     
   1.8818919496119992E-002  0.11824275847501660        25951.285075269840        1.3583509347988676     
   1.8867297181199994E-002  0.11854672443510662        26017.997890373364        1.6196411080740953     
   1.8915674866279993E-002  0.11885069039519663        26084.710705476882        1.5633817245014634     
   1.8964052551359994E-002  0.11915465635528666        26151.423520580407        1.8805216835924596     
   1.9012430236439993E-002  0.11945862231537667        26218.136335683925        1.5367801824239220     
   1.9060807921519995E-002  0.11976258827546669        26284.849150787450        1.6308029694793582     
   1.9109185606599993E-002  0.12006655423555671        26351.561965890971        1.5006295281351578     
   1.9157563291679995E-002  0.12037052019564673        26418.274780994492        1.5028084775629489     
   1.9205940976759994E-002  0.12067448615573674        26484.987596098013        1.5292716353357008     
   1.9254318661839992E-002  0.12097845211582675        26551.700411201531        1.5285039694639859     
   1.9302696346919994E-002  0.12128241807591678        26618.413226305056        1.5034267329492088     
   1.9351074031999992E-002  0.12158638403600679        26685.126041408577        1.5587368560663974     
   1.9399451717079994E-002  0.12189034999609681        26751.838856512099        1.4580011752718309     
   1.9447829402159993E-002  0.12219431595618682        26818.551671615620        1.6980573938929577     
   1.9496207087239995E-002  0.12249828191627685        26885.264486719141        1.5613040833398530     
   1.9544584772319993E-002  0.12280224787636686        26951.977301822662        1.7287828667694294     
   1.9592962457399995E-002  0.12310621383645688        27018.690116926184        1.5716118517847872     
   1.9641340142479993E-002  0.12341017979654689        27085.402932029705        1.6791232807726251     
   1.9689717827559992E-002  0.12371414575663690        27152.115747133226        1.5202191964292568     
   1.9738095512639994E-002  0.12401811171672693        27218.828562236748        1.5493109410735433     
   1.9786473197719992E-002  0.12432207767681694        27285.541377340269        1.7846603422585936     
   1.9834850882799994E-002  0.12462604363690696        27352.254192443794        1.5490711507465962     
   1.9883228567879992E-002  0.12493000959699697        27418.967007547311        1.7135312522727462     
   1.9931606252959994E-002  0.12523397555708701        27485.679822650840        1.5330725390446829     
   1.9979983938039993E-002  0.12553794151717701        27552.392637754354        1.6041179354920245     
   2.0028361623119995E-002  0.12584190747726703        27619.105452857879        1.6369213282949389     
   2.0076739308199993E-002  0.12614587343735706        27685.818267961400        1.5800941377407369     
   2.0125116993279991E-002  0.12644983939744706        27752.531083064918        2.1670196185080690     
   2.0173494678359993E-002  0.12675380535753708        27819.243898168443        1.6253163089760356     
   2.0221872363439992E-002  0.12705777131762708        27885.956713271960        1.9062914398547390     
   2.0270250048519994E-002  0.12736173727771713        27952.669528375489        1.5648934308653715     
   2.0318627733599992E-002  0.12766570323780713        28019.382343479007        1.5687080928448049     
   2.0367005418679994E-002  0.12796966919789715        28086.095158582528        1.5346200872205100     
   2.0415383103759992E-002  0.12827363515798718        28152.807973686053        1.5260633222310105     
   2.0463760788839994E-002  0.12857760111807720        28219.520788789574        1.4643491560668087     
   2.0512138473919993E-002  0.12888156707816720        28286.233603893092        1.5048774342338489     
   2.0560516158999995E-002  0.12918553303825722        28352.946418996613        1.3547558340730346     
   2.0608893844079993E-002  0.12948949899834725        28419.659234100138        1.5977925933804493     
   2.0657271529159991E-002  0.12979346495843724        28486.372049203655        1.5300449983647413     
   2.0705649214239993E-002  0.13009743091852727        28553.084864307177        1.6179092731353979     
   2.0754026899319992E-002  0.13040139687861727        28619.797679410694        1.5153138488859645     
   2.0802404584399994E-002  0.13070536283870732        28686.510494514223        1.5789585647490390     
   2.0850782269479992E-002  0.13100932879879731        28753.223309617741        1.4934666700350421     
   2.0899159954559994E-002  0.13131329475888734        28819.936124721266        1.4055550570087552     
   2.0947537639639992E-002  0.13161726071897736        28886.648939824787        1.8562092242307839     
   2.0995915324719994E-002  0.13192122667906739        28953.361754928312        1.5688752666294048     
   2.1044293009799993E-002  0.13222519263915739        29020.074570031826        1.9302666818179812     
   2.1092670694879991E-002  0.13252915859924738        29086.787385135343        1.5769790667746686     
   2.1141048379959993E-002  0.13283312455933743        29153.500200238872        1.8247680715629457     
   2.1189426065039992E-002  0.13313709051942743        29220.213015342390        1.2322222017559090     
   2.1237803750119993E-002  0.13344105647951746        29286.925830445914        1.5042984695316475     
   2.1286181435199992E-002  0.13374502243960748        29353.638645549436        1.3333377268181479     
   2.1334559120279994E-002  0.13404898839969751        29420.351460652961        1.3035824014522277     
   2.1382936805359992E-002  0.13435295435978750        29487.064275756478        1.6092891135935856     
   2.1431314490439994E-002  0.13465692031987753        29553.777090860000        1.4952027556665450     
   2.1479692175519993E-002  0.13496088627996755        29620.489905963525        1.4790667609700332     
   2.1528069860599991E-002  0.13526485224005755        29687.202721067042        1.5249789987542239     
   2.1576447545679993E-002  0.13556881820014757        29753.915536170563        1.4837359658533251     
   2.1624825230759991E-002  0.13587278416023757        29820.628351274081        1.5329230161982887     
   2.1673202915839993E-002  0.13617675012032762        29887.341166377610        1.4480561653834845     
   2.1721580600919992E-002  0.13648071608041762        29954.053981481127        1.4203177651112426     
   2.1769958285999993E-002  0.13678468204050764        30020.766796584649        1.4269755903287344     
   2.1818335971079992E-002  0.13708864800059767        30087.479611688173        1.4183805498955182     
   2.1866713656159994E-002  0.13739261396068769        30154.192426791695        1.4082139890982144     
   2.1915091341239992E-002  0.13769657992077769        30220.905241895212        1.4166101176028889     
   2.1963469026319994E-002  0.13800054588086771        30287.618056998737        1.3640996703629324     
   2.2011846711399993E-002  0.13830451184095774        30354.330872102259        1.4225069789608680     
   2.2060224396479991E-002  0.13860847780104774        30421.043687205776        1.3394660011070538     
   2.2108602081559993E-002  0.13891244376113776        30487.756502309301        1.4553998722614376     
   2.2156979766639991E-002  0.13921640972122776        30554.469317412815        1.3888305337570681     
   2.2205357451719993E-002  0.13952037568131781        30621.182132516347        1.4353675552354881     
   2.2253735136799992E-002  0.13982434164140781        30687.894947619861        1.4038908378302659     
   2.2302112821879994E-002  0.14012830760149783        30754.607762723386        1.3504129477491074     
   2.2350490506959992E-002  0.14043227356158786        30821.320577826908        1.4523542268226395     
   2.2398868192039994E-002  0.14073623952167788        30888.033392930432        1.3221570762086472     
   2.2447245877119992E-002  0.14104020548176788        30954.746208033950        1.6421460360342564     
   2.2495623562199991E-002  0.14134417144185787        31021.459023137468        1.4422214318293414     
   2.2544001247279993E-002  0.14164813740194793        31088.171838240996        1.5520207106437489     
   2.2592378932359991E-002  0.14195210336203792        31154.884653344514        1.4666621089297769     
   2.2640756617439993E-002  0.14225606932212795        31221.597468448035        1.4318971661523736     
   2.2689134302519991E-002  0.14256003528221797        31288.310283551560        1.5748416168287940     
   2.2737511987599993E-002  0.14286400124230800        31355.023098655081        1.4531746540466899     
   2.2785889672679992E-002  0.14316796720239799        31421.735913758599        1.7425359038751052     
   2.2834267357759994E-002  0.14347193316248802        31488.448728862120        1.4844713257993891     
   2.2882645042839992E-002  0.14377589912257804        31555.161543965645        1.4976719209885607     
   2.2931022727919990E-002  0.14407986508266804        31621.874359069163        1.4146146432614821     
   2.2979400412999992E-002  0.14438383104275807        31688.587174172684        1.4080322920160016     
   2.3027778098079991E-002  0.14468779700284806        31755.299989276202        1.3772349414986322     
   2.3076155783159993E-002  0.14499176296293811        31822.012804379730        1.3852299596835931     
   2.3124533468239991E-002  0.14529572892302811        31888.725619483248        1.3270071599204545     
   2.3172911153319993E-002  0.14559969488311814        31955.438434586773        1.3750468853574354     
   2.3221288838399991E-002  0.14590366084320816        32022.151249690294        1.3109905093148113     
   2.3269666523479993E-002  0.14620762680329819        32088.864064793819        1.3780726172837352     
   2.3318044208559992E-002  0.14651159276338818        32155.576879897337        1.3622338360303670     
   2.3366421893639994E-002  0.14681555872347821        32222.289695000858        1.3337385146126237     
   2.3414799578719992E-002  0.14711952468356823        32289.002510104383        1.3278352133439157     
   2.3463177263799991E-002  0.14742349064365823        32355.715325207897        1.2369910319551887     
   2.3511554948879992E-002  0.14772745660374825        32422.428140311422        1.3567321773566392     
   2.3559932633959991E-002  0.14803142256383825        32489.140955414940        1.1946943674483235     
   2.3608310319039993E-002  0.14833538852392830        32555.853770518468        1.5520227659263086     
   2.3656688004119991E-002  0.14863935448401830        32622.566585621986        1.4057972872325086     
   2.3705065689199993E-002  0.14894332044410832        32689.279400725507        1.4862765386966275     
   2.3753443374279992E-002  0.14924728640419835        32755.992215829032        1.3757462683531039     
   2.3801821059359993E-002  0.14955125236428837        32822.705030932557        1.3695891585305853     
   2.3850198744439992E-002  0.14985521832437837        32889.417846036071        1.4039360883034289     
   2.3898576429519990E-002  0.15015918428446837        32956.130661139585        1.3150467190793842     
   2.3946954114599992E-002  0.15046315024455842        33022.843476243121        1.6889314789066563     
   2.3995331799679991E-002  0.15076711620464842        33089.556291346635        1.4322401823868813     
   2.4043709484759992E-002  0.15107108216473844        33156.269106450156        1.5755037087448454     
   2.4092087169839991E-002  0.15137504812482847        33222.981921553677        1.4221504658401278     
   2.4140464854919993E-002  0.15167901408491849        33289.694736657206        1.4127872943312987     
   2.4188842539999991E-002  0.15198298004500849        33356.407551760720        1.3802531827185665     
   2.4237220225079993E-002  0.15228694600509851        33423.120366864241        1.3757453815975837     
   2.4285597910159992E-002  0.15259091196518854        33489.833181967770        1.3403076415737318     
   2.4333975595239990E-002  0.15289487792527853        33556.545997071284        1.3549795015606951     
   2.4382353280319992E-002  0.15319884388536856        33623.258812174805        1.3307098227405860     
   2.4430730965399990E-002  0.15350280984545855        33689.971627278326        1.3466959819867403     
   2.4479108650479992E-002  0.15380677580554861        33756.684442381855        1.3450914074191398     
   2.4527486335559991E-002  0.15411074176563860        33823.397257485369        1.3301481534079365     
   2.4575864020639993E-002  0.15441470772572863        33890.110072588890        1.3339759559951572     
   2.4624241705719991E-002  0.15471867368581865        33956.822887692419        1.3133602687946442     
   2.4672619390799993E-002  0.15502263964590868        34023.535702795940        1.3259251000638590     
   2.4720997075879991E-002  0.15532660560599867        34090.248517899454        1.3112958969077364     
   2.4769374760959993E-002  0.15563057156608870        34156.961333002982        1.3105701547447508     
   2.4817752446039992E-002  0.15593453752617872        34223.674148106504        1.3107449023585140     
   2.4866130131119990E-002  0.15623850348626872        34290.386963210018        1.2864429257179784     
   2.4914507816199992E-002  0.15654246944635875        34357.099778313546        1.3062224611217357     
   2.4962885501279990E-002  0.15684643540644874        34423.812593417060        1.2599024611182821     
   2.5011263186359992E-002  0.15715040136653879        34490.525408520589        1.3297643348580301     
   2.5059640871439991E-002  0.15745436732662879        34557.238223624110        1.2743286512830456     
   2.5108018556519993E-002  0.15775833328671882        34623.951038727631        1.3649407475155324     
   2.5156396241599991E-002  0.15806229924680884        34690.663853831153        1.3220701111720936     
   2.5204773926679993E-002  0.15836626520689887        34757.376668934674        1.3301009489640394     
   2.5253151611759991E-002  0.15867023116698886        34824.089484038195        1.3279859166333103     
   2.5301529296839990E-002  0.15897419712707886        34890.802299141709        1.3027634872877401     
   2.5349906981919992E-002  0.15927816308716891        34957.515114245238        1.3447839365162251     
   2.5398284666999990E-002  0.15958212904725891        35024.227929348759        1.3122922859103974     
   2.5446662352079992E-002  0.15988609500734893        35090.940744452280        1.3294918762469523     
   2.5495040037159990E-002  0.16019006096743896        35157.653559555802        1.3082032112952446     
   2.5543417722239992E-002  0.16049402692752898        35224.366374659323        1.2658764148299435     
   2.5591795407319991E-002  0.16079799288761898        35291.079189762844        1.2845255195253438     
   2.5640173092399993E-002  0.16110195884770900        35357.792004866365        1.2794858424536433     
   2.5688550777479991E-002  0.16140592480779903        35424.504819969887        1.2731344636366575     
   2.5736928462559990E-002  0.16170989076788903        35491.217635073408        1.2750659440656049     
   2.5785306147639991E-002  0.16201385672797905        35557.930450176929        1.2650853502689459     
   2.5833683832719990E-002  0.16231782268806905        35624.643265280443        1.2702211691111434     
   2.5882061517799992E-002  0.16262178864815910        35691.356080383972        1.2737348773681141     
   2.5930439202879990E-002  0.16292575460824910        35758.068895487493        1.2536391430087150     
   2.5978816887959992E-002  0.16322972056833912        35824.781710591014        1.2615128897233652     
   2.6027194573039990E-002  0.16353368652842915        35891.494525694536        1.2253047040577003     
   2.6075572258119992E-002  0.16383765248851917        35958.207340798064        1.2416631669922111     
   2.6123949943199991E-002  0.16414161844860917        36024.920155901578        1.1959680817447089     
   2.6172327628279993E-002  0.16444558440869919        36091.632971005100        1.2497936001667129     
   2.6220705313359991E-002  0.16474955036878922        36158.345786108628        1.2114351101909875     
   2.6269082998439990E-002  0.16505351632887921        36225.058601212142        1.2679479011452690     
   2.6317460683519991E-002  0.16535748228896924        36291.771416315663        1.2580007843185681     
   2.6365838368599990E-002  0.16566144824905923        36358.484231419185        1.2222914440343555     
   2.6414216053679992E-002  0.16596541420914929        36425.197046522713        1.2385425817655702     
   2.6462593738759990E-002  0.16626938016923928        36491.909861626227        1.1934039111688084     
   2.6510971423839992E-002  0.16657334612932931        36558.622676729748        1.2949072714286591     
   2.6559349108919991E-002  0.16687731208941933        36625.335491833277        1.2231891381923663     
   2.6607726793999992E-002  0.16718127804950936        36692.048306936798        1.3940454948588950     
   2.6656104479079991E-002  0.16748524400959935        36758.761122040312        1.2957953447641588     
   2.6704482164159989E-002  0.16778920996968935        36825.473937143834        1.3088521500400687     
   2.6752859849239991E-002  0.16809317592977940        36892.186752247362        1.2615393019569745     
   2.6801237534319990E-002  0.16839714188986940        36958.899567350876        1.2560510007396881     
   2.6849615219399992E-002  0.16870110784995943        37025.612382454405        1.2349621317087141     
   2.6897992904479990E-002  0.16900507381004945        37092.325197557926        1.2379004027553406     
   2.6946370589559992E-002  0.16930903977013947        37159.038012661447        1.2188003891906978     
   2.6994748274639990E-002  0.16961300573022947        37225.750827764961        1.2307371786837749     
   2.7043125959719992E-002  0.16991697169031950        37292.463642868490        1.2271949154877921     
   2.7091503644799991E-002  0.17022093765040952        37359.176457972011        1.2279659403262155     
   2.7139881329879989E-002  0.17052490361049952        37425.889273075525        1.2288782264499716     
   2.7188259014959991E-002  0.17082886957058954        37492.602088179054        1.2225052624531949     
   2.7236636700039989E-002  0.17113283553067954        37559.314903282568        1.2206466918989640     
   2.7285014385119991E-002  0.17143680149076959        37626.027718386096        1.2221671073179454     
   2.7333392070199990E-002  0.17174076745085959        37692.740533489618        1.2134427340310874     
   2.7381769755279992E-002  0.17204473341094961        37759.453348593139        1.2238064556810802     
   2.7430147440359990E-002  0.17234869937103964        37826.166163696660        1.1986735023712594     
   2.7478525125439992E-002  0.17265266533112966        37892.878978800181        1.2100441109385871     
   2.7526902810519990E-002  0.17295663129121966        37959.591793903703        1.1880629679305839     
   2.7575280495599992E-002  0.17326059725130968        38026.304609007224        1.2001871524698862     
   2.7623658180679991E-002  0.17356456321139971        38093.017424110745        1.1901825307980676     
   2.7672035865759989E-002  0.17386852917148971        38159.730239214266        1.1985870179395213     
   2.7720413550839991E-002  0.17417249513157973        38226.443054317788        1.1991443198279319     
   2.7768791235919989E-002  0.17447646109166975        38293.155869421309        1.1835466932453689     
   2.7817168920999991E-002  0.17478042705175978        38359.868684524830        1.1952711161827743     
   2.7865546606079990E-002  0.17508439301184978        38426.581499628352        1.1770714905396891     
   2.7913924291159992E-002  0.17538835897193980        38493.294314731873        1.1872724489497091     
   2.7962301976239990E-002  0.17569232493202983        38560.007129835394        1.1832235588871796     
   2.8010679661319992E-002  0.17599629089211985        38626.719944938923        1.1745666792058467     
   2.8059057346399990E-002  0.17630025685220985        38693.432760042437        1.1803922048029922     
   2.8107435031479989E-002  0.17660422281229984        38760.145575145951        1.1463792264553576     
   2.8155812716559991E-002  0.17690818877238990        38826.858390249479        1.1686720735447427     
   2.8204190401639989E-002  0.17721215473247989        38893.571205353001        1.1496012705500345     
   2.8252568086719991E-002  0.17751612069256992        38960.284020456522        1.1669264659633338     
   2.8300945771799989E-002  0.17782008665265994        39026.996835560043        1.1653772621912974     
   2.8349323456879991E-002  0.17812405261274997        39093.709650663572        1.1672388234498690     
   2.8397701141959990E-002  0.17842801857283996        39160.422465767086        1.1643654715586236     
   2.8446078827039992E-002  0.17873198453292999        39227.135280870607        1.1706748781068865     
   2.8494456512119990E-002  0.17903595049302001        39293.848095974136        1.1622656989539681     
   2.8542834197199989E-002  0.17933991645311001        39360.560911077650        1.1733897268386944     
   2.8591211882279990E-002  0.17964388241320003        39427.273726181171        1.1536040240704519     
   2.8639589567359989E-002  0.17994784837329003        39493.986541284692        1.1577418083842921     
   2.8687967252439991E-002  0.18025181433338008        39560.699356388221        1.1465665519941992     
   2.8736344937519989E-002  0.18055578029347008        39627.412171491735        1.1510051612992576     
   2.8784722622599991E-002  0.18085974625356011        39694.124986595256        1.1498195351744251     
   2.8833100307679990E-002  0.18116371221365013        39760.837801698784        1.1467585376346352     
   2.8881477992759991E-002  0.18146767817374015        39827.550616802306        1.1591290479525216     
   2.8929855677839990E-002  0.18177164413383015        39894.263431905820        1.1257622230381696     
   2.8978233362919992E-002  0.18207561009392018        39960.976247009348        1.1418722637072336     
   2.9026611047999990E-002  0.18237957605401020        40027.689062112870        1.1109280074698502     
   2.9074988733079989E-002  0.18268354201410020        40094.401877216384        1.1320374038377372     
   2.9123366418159990E-002  0.18298750797419022        40161.114692319912        1.1166242558633059     
   2.9171744103239989E-002  0.18329147393428025        40227.827507423433        1.1460585174979323     
   2.9220121788319991E-002  0.18359543989437027        40294.540322526955        1.1339214161714983     
   2.9268499473399989E-002  0.18389940585446027        40361.253137630469        1.1455907829105476     
   2.9316877158479991E-002  0.18420337181455029        40427.965952733997        1.1407367209221411     
   2.9365254843559990E-002  0.18450733777464032        40494.678767837519        1.1233150965527434     
   2.9413632528639991E-002  0.18481130373473034        40561.391582941040        1.1249396410695474     
   2.9462010213719990E-002  0.18511526969482034        40628.104398044561        1.1226528374760678     
   2.9510387898799988E-002  0.18541923565491034        40694.817213148075        1.1191155251032319     
   2.9558765583879990E-002  0.18572320161500039        40761.530028251604        1.1188345066997576     
   2.9607143268959989E-002  0.18602716757509039        40828.242843355125        1.1170986920370631     
   2.9655520954039991E-002  0.18633113353518041        40894.955658458646        1.1172010287233580     
   2.9703898639119989E-002  0.18663509949527043        40961.668473562167        1.1185519891828692     
   2.9752276324199991E-002  0.18693906545536046        41028.381288665689        1.1152105295118069     
   2.9800654009279989E-002  0.18724303141545046        41095.094103769210        1.1141541673281199     
   2.9849031694359991E-002  0.18754699737554048        41161.806918872731        1.1135588951317392     
   2.9897409379439990E-002  0.18785096333563051        41228.519733976253        1.1102596744042901     
   2.9945787064519988E-002  0.18815492929572050        41295.232549079774        1.1141690649170126     
   2.9994164749599990E-002  0.18845889525581053        41361.945364183295        1.1066372262402280     
   3.0042542434679988E-002  0.18876286121590052        41428.658179286809        1.1124618681832856     
   3.0090920119759990E-002  0.18906682717599058        41495.370994390338        1.1008737803947322     
   3.0139297804839989E-002  0.18937079313608057        41562.083809493859        1.1035789887668812     
   3.0187675489919991E-002  0.18967475909617060        41628.796624597380        1.0983865101278616     
   3.0236053174999989E-002  0.18997872505626062        41695.509439700902        1.0977374169665373     
   3.0284430860079991E-002  0.19028269101635065        41762.222254804430        1.1010099639379785     
   3.0332808545159989E-002  0.19058665697644064        41828.935069907944        1.0915037113063746     
   3.0381186230239991E-002  0.19089062293653067        41895.647885011465        1.0993686488619137     
   3.0429563915319990E-002  0.19119458889662069        41962.360700114994        1.0790848381152400     
   3.0477941600399988E-002  0.19149855485671069        42029.073515218508        1.0875632182698165     
   3.0526319285479990E-002  0.19180252081680071        42095.786330322029        1.0781295715323733     
   3.0574696970559988E-002  0.19210648677689074        42162.499145425551        1.0801627912645320     
   3.0623074655639990E-002  0.19241045273698076        42229.211960529079        1.0814206110768749     
   3.0671452340719989E-002  0.19271441869707076        42295.924775632593        1.0715124318434346     
   3.0719830025799991E-002  0.19301838465716079        42362.637590736114        1.0764938172297431     
   3.0768207710879989E-002  0.19332235061725081        42429.350405839643        1.0626948071581821     
   3.0816585395959991E-002  0.19362631657734083        42496.063220943164        1.0702894767402344     
   3.0864963081039989E-002  0.19393028253743083        42562.776036046678        1.0685971977084048     
   3.0913340766119988E-002  0.19423424849752083        42629.488851150199        1.0708064498018426     
   3.0961718451199990E-002  0.19453821445761088        42696.201666253728        1.0699302475017727     
   3.1010096136279988E-002  0.19484218041770088        42762.914481357242        1.0705067838402325     
   3.1058473821359990E-002  0.19514614637779090        42829.627296460763        1.0676792301145097     
   3.1106851506439989E-002  0.19545011233788093        42896.340111564292        1.0706178268069060     
   3.1155229191519990E-002  0.19575407829797095        42963.052926667813        1.0657506252800926     
   3.1203606876599989E-002  0.19605804425806095        43029.765741771327        1.0678004833590906     
   3.1251984561679991E-002  0.19636201021815097        43096.478556874856        1.0627968363255076     
   3.1300362246759993E-002  0.19666597617824100        43163.191371978377        1.0613109494908710     
   3.1348739931839988E-002  0.19696994213833099        43229.904187081891        1.0626097814815969     
   3.1397117616919989E-002  0.19727390809842102        43296.617002185420        1.0596855699950816     
   3.1445495301999991E-002  0.19757787405851104        43363.329817288941        1.0661691242476521     
   3.1493872987079986E-002  0.19788184001860104        43430.042632392455        1.0551516520609054     
   3.1542250672159988E-002  0.19818580597869107        43496.755447495976        1.0643045694395361     
   3.1590628357239990E-002  0.19848977193878109        43563.468262599505        1.0438420035311229     
   3.1639006042319992E-002  0.19879373789887111        43630.181077703026        1.0489490124203860     
   3.1687383727399987E-002  0.19909770385896111        43696.893892806540        1.0415726201160354     
   3.1735761412479989E-002  0.19940166981905114        43763.606707910069        1.0449306967467737     
   3.1784139097559991E-002  0.19970563577914116        43830.319523013590        1.0456137275209856     
   3.1832516782639986E-002  0.20000960173923116        43897.032338117104        1.0407019701816689     
   3.1880894467719988E-002  0.20031356769932118        43963.745153220632        1.0452240288615924     
   3.1929272152799990E-002  0.20061753365941121        44030.457968324154        1.0275186843264894     
   3.1977649837879991E-002  0.20092149961950123        44097.170783427675        1.0353983808643945     
   3.2026027522959986E-002  0.20122546557959123        44163.883598531189        1.0258690822953520     
   3.2074405208039988E-002  0.20152943153968125        44230.596413634717        1.0311933573742105     
   3.2122782893119990E-002  0.20183339749977128        44297.309228738239        1.0300024610509673     
   3.2171160578199992E-002  0.20213736345986130        44364.022043841760        1.0308601847125789     
   3.2219538263279987E-002  0.20244132941995130        44430.734858945281        1.0290489215701852     
   3.2267915948359989E-002  0.20274529538004132        44497.447674048803        1.0300758740707916     
   3.2316293633439991E-002  0.20304926134013135        44564.160489152324        1.0275344138581026     
   3.2364671318519986E-002  0.20335322730022135        44630.873304255845        1.0272985083834758     
   3.2413049003599988E-002  0.20365719326031137        44697.586119359366        1.0252958823135292     
   3.2461426688679990E-002  0.20396115922040139        44764.298934462888        1.0232562921979813     
   3.2509804373759991E-002  0.20426512518049142        44831.011749566409        1.0233371803615929     
   3.2558182058839986E-002  0.20456909114058142        44897.724564669930        1.0210549803057329     
   3.2606559743919988E-002  0.20487305710067144        44964.437379773452        1.0212921772551335     
   3.2654937428999990E-002  0.20517702306076147        45031.150194876973        1.0187515623764991     
   3.2703315114079992E-002  0.20548098902085149        45097.863009980501        1.0181180788730559     
   3.2751692799159987E-002  0.20578495498094149        45164.575825084015        1.0167608596715605     
   3.2800070484239989E-002  0.20608892094103151        45231.288640187537        1.0145925592894673     
   3.2848448169319991E-002  0.20639288690112154        45298.001455291058        1.0155962334234967     
   3.2896825854399986E-002  0.20669685286121153        45364.714270394579        1.0121521004477283     
   3.2945203539479988E-002  0.20700081882130156        45431.427085498100        1.0139947718116435     
   3.2993581224559990E-002  0.20730478478139158        45498.139900601622        1.0081270676005849     
   3.3041958909639992E-002  0.20760875074148161        45564.852715705150        1.0098258248723573     
   3.3090336594719987E-002  0.20791271670157160        45631.565530808664        1.0036567878265721     
   3.3138714279799988E-002  0.20821668266166163        45698.278345912186        1.0036093284318006     
   3.3187091964879990E-002  0.20852064862175165        45764.991161015714        1.0021771322723636     
   3.3235469649959985E-002  0.20882461458184165        45831.703976119228        1.0001364467713194     
   3.3283847335039987E-002  0.20912858054193167        45898.416791222749        1.0001567395874764     
   3.3332225020119989E-002  0.20943254650202170        45965.129606326271       0.99717410341769364     
   3.3380602705199991E-002  0.20973651246211172        46031.842421429799       0.99654811933550480     
   3.3428980390279986E-002  0.21004047842220172        46098.555236533313       0.99602702750863426     
   3.3477358075359988E-002  0.21034444438229175        46165.268051636835       0.99428345545403130     
   3.3525735760439990E-002  0.21064841034238177        46231.980866740363       0.99546367037449968     
   3.3574113445519992E-002  0.21095237630247179        46298.693681843884       0.99311364597015439     
   3.3622491130599987E-002  0.21125634226256179        46365.406496947398       0.99170487128271623     
   3.3670868815679988E-002  0.21156030822265182        46432.119312050927       0.99073252952964697     
   3.3719246500759990E-002  0.21186427418274184        46498.832127154448       0.98901647928003555     
   3.3767624185839985E-002  0.21216824014283184        46565.544942257962       0.98794876725636249     
   3.3816001870919987E-002  0.21247220610292186        46632.257757361484       0.98667023038888235     
   3.3864379555999989E-002  0.21277617206301189        46698.970572465012       0.98444912885603264     
   3.3912757241079991E-002  0.21308013802310191        46765.683387568533       0.98488488851286238     
   3.3961134926159986E-002  0.21338410398319191        46832.396202672047       0.98243415684189039     
   3.4009512611239988E-002  0.21368806994328193        46899.109017775576       0.98395284960381801     
   3.4057890296319990E-002  0.21399203590337196        46965.821832879097       0.98123649271585744     
   3.4106267981399992E-002  0.21429600186346198        47032.534647982618       0.98271639991613957     
   3.4154645666479987E-002  0.21459996782355198        47099.247463086140       0.97846858618658294     
   3.4203023351559989E-002  0.21490393378364200        47165.960278189661       0.97858782070349615     
   3.4251401036639990E-002  0.21520789974373203        47232.673093293182       0.97540903566953074     
   3.4299778721719985E-002  0.21551186570382203        47299.385908396704       0.97350114172702951     
   3.4348156406799987E-002  0.21581583166391205        47366.098723500225       0.97492396338881637     
   3.4396534091879989E-002  0.21611979762400207        47432.811538603746       0.97189796645554594     
   3.4444911776959991E-002  0.21642376358409210        47499.524353707267       0.97352125697987846     
   3.4493289462039986E-002  0.21672772954418210        47566.237168810789       0.96711890601211592     
   3.4541667147119988E-002  0.21703169550427212        47632.949983914310       0.96886346169228887     
   3.4590044832199990E-002  0.21733566146436215        47699.662799017831       0.96101364796572319     
   3.4638422517279985E-002  0.21763962742445214        47766.375614121353       0.96267186368094027     
   3.4686800202359987E-002  0.21794359338454217        47833.088429224874       0.96072661049820129     
   3.4735177887439989E-002  0.21824755934463219        47899.801244328395       0.96128630536988724     
   3.4783555572519990E-002  0.21855152530472222        47966.514059431916       0.96035732673800123     
   3.4831933257599985E-002  0.21885549126481221        48033.226874535438       0.96027236068201827     
   3.4880310942679987E-002  0.21915945722490224        48099.939689638959       0.95873688562421833     
   3.4928688627759989E-002  0.21946342318499226        48166.652504742480       0.95812053433529887     
   3.4977066312839991E-002  0.21976738914508229        48233.365319846009       0.95656931114419508     
   3.5025443997919986E-002  0.22007135510517228        48300.078134949523       0.95520669125738589     
   3.5073821682999988E-002  0.22037532106526231        48366.790950053044       0.95430297067662351     
   3.5122199368079990E-002  0.22067928702535233        48433.503765156565       0.95268420411301324     
   3.5170577053159985E-002  0.22098325298544233        48500.216580260087       0.95195212255471628     
   3.5218954738239987E-002  0.22128721894553235        48566.929395363608       0.95060163170468037     
   3.5267332423319989E-002  0.22159118490562238        48633.642210467129       0.94903371900573086     
   3.5315710108399991E-002  0.22189515086571240        48700.355025570658       0.94865612889010520     
   3.5364087793479985E-002  0.22219911682580240        48767.067840674172       0.94623956344866589     
   3.5412465478559987E-002  0.22250308278589243        48833.780655777693       0.94682959121579457     
   3.5460843163639989E-002  0.22280704874598245        48900.493470881222       0.94460832339896372     
   3.5509220848719991E-002  0.22311101470607247        48967.206285984743       0.94505324598507601     
   3.5557598533799986E-002  0.22341498066616247        49033.919101088257       0.94305694845320254     
   3.5605976218879988E-002  0.22371894662625250        49100.631916191778       0.94233854682469409     
   3.5654353903959990E-002  0.22402291258634252        49167.344731295307       0.94068429605353288     
   3.5702731589039985E-002  0.22432687854643252        49234.057546398821       0.93925040869883281     
   3.5751109274119987E-002  0.22463084450652254        49300.770361502342       0.93896849411881056     
   3.5799486959199989E-002  0.22493481046661257        49367.483176605871       0.93687626372201505     
   3.5847864644279991E-002  0.22523877642670259        49434.195991709392       0.93687826172523803     
   3.5896242329359986E-002  0.22554274238679259        49500.908806812906       0.93508217077663114     
   3.5944620014439987E-002  0.22584670834688261        49567.621621916434       0.93406267873597015     
   3.5992997699519989E-002  0.22615067430697264        49634.334437019956       0.93368350734370198     
   3.6041375384599984E-002  0.22645464026706263        49701.047252123470       0.93174369777185040     
   3.6089753069679986E-002  0.22675860622715266        49767.760067226998       0.93252973400050887     
   3.6138130754759988E-002  0.22706257218724268        49834.472882330519       0.93024622740725760     
   3.6186508439839990E-002  0.22736653814733271        49901.185697434041       0.93005579471946331     
   3.6234886124919985E-002  0.22767050410742271        49967.898512537555       0.92813888923516275     
   3.6283263809999987E-002  0.22797447006751273        50034.611327641083       0.92694782658383401     
   3.6331641495079989E-002  0.22827843602760275        50101.324142744605       0.92556174821196580     
   3.6380019180159991E-002  0.22858240198769278        50168.036957848126       0.92462484164545722     
   3.6428396865239986E-002  0.22888636794778278        50234.749772951647       0.92260886387059604     
   3.6476774550319988E-002  0.22919033390787280        50301.462588055168       0.92229621401372774     
   3.6525152235399989E-002  0.22949429986796283        50368.175403158690       0.92021192085928194     
   3.6573529920479984E-002  0.22979826582805282        50434.888218262211       0.92038547843694518     
   3.6621907605559986E-002  0.23010223178814285        50501.601033365732       0.91893887870454238     
   3.6670285290639988E-002  0.23040619774823287        50568.313848469254       0.91844669566522130     
   3.6718662975719990E-002  0.23071016370832290        50635.026663572775       0.91714066110702919     
   3.6767040660799985E-002  0.23101412966841289        50701.739478676296       0.91571504195023745     
   3.6815418345879987E-002  0.23131809562850292        50768.452293779817       0.91509110432905061     
   3.6863796030959989E-002  0.23162206158859294        50835.165108883339       0.91297816214493377     
   3.6912173716039991E-002  0.23192602754868297        50901.877923986860       0.91378327478180721     
   3.6960551401119986E-002  0.23222999350877296        50968.590739090381       0.91152979811387813     
   3.7008929086199988E-002  0.23253395946886299        51035.303554193903       0.91235486508407271     
   3.7057306771279989E-002  0.23283792542895301        51102.016369297424       0.91020002742661021     
   3.7105684456359984E-002  0.23314189138904301        51168.729184400945       0.90976714928055324     
   3.7154062141439986E-002  0.23344585734913303        51235.441999504466       0.90754811217694242     
   3.7202439826519988E-002  0.23374982330922306        51302.154814607988       0.90661430342789517     
   3.7250817511599990E-002  0.23405378926931308        51368.867629711516       0.90541135580647025     
   3.7299195196679985E-002  0.23435775522940308        51435.580444815030       0.90416507322455364     
   3.7347572881759987E-002  0.23466172118949311        51502.293259918551       0.90394614610666280     
   3.7395950566839989E-002  0.23496568714958313        51569.006075022073       0.90269436844219975     
   3.7444328251919984E-002  0.23526965310967313        51635.718890125594       0.90180628181369205     
   3.7492705936999986E-002  0.23557361906976315        51702.431705229115       0.90081450602951751     
   3.7541083622079988E-002  0.23587758502985318        51769.144520332637       0.89988151210444367     
   3.7589461307159990E-002  0.23618155098994320        51835.857335436165       0.89856372297394294     
   3.7637838992239984E-002  0.23648551695003320        51902.570150539679       0.89767974237401915     
   3.7686216677319986E-002  0.23678948291012322        51969.282965643200       0.89642576866661561     
   3.7734594362399988E-002  0.23709344887021325        52035.995780746729       0.89576895702859161     
   3.7782972047479990E-002  0.23739741483030327        52102.708595850250       0.89467860921878883     
   3.7831349732559985E-002  0.23770138079039327        52169.421410953764       0.89357304464322407     
   3.7879727417639987E-002  0.23800534675048329        52236.134226057293       0.89274184647494492     
   3.7928105102719989E-002  0.23830931271057332        52302.847041160814       0.89121419544815395     
   3.7976482787799984E-002  0.23861327867066331        52369.559856264328       0.89073567170687673     
   3.8024860472879986E-002  0.23891724463075334        52436.272671367849       0.88917811537296321     
   3.8073238157959988E-002  0.23922121059084336        52502.985486471378       0.88883972585231041     
   3.8121615843039990E-002  0.23952517655093339        52569.698301574899       0.88766595823164907     
   3.8169993528119985E-002  0.23982914251102339        52636.411116678413       0.88690500808513129     
   3.8218371213199986E-002  0.24013310847111341        52703.123931781942       0.88598156452140531     
   3.8266748898279988E-002  0.24043707443120343        52769.836746885463       0.88465187106365095     
   3.8315126583359990E-002  0.24074104039129346        52836.549561988984       0.88407717204306557     
   3.8363504268439985E-002  0.24104500635138346        52903.262377092506       0.88271057683615328     
   3.8411881953519987E-002  0.24134897231147348        52969.975192196027       0.88277560688144519     
   3.8460259638599989E-002  0.24165293827156351        53036.688007299548       0.88129317268976770     
   3.8508637323679984E-002  0.24195690423165350        53103.400822403062       0.88076062655423781     
   3.8557015008759986E-002  0.24226087019174353        53170.113637506591       0.87962543247396363     
   3.8605392693839988E-002  0.24256483615183355        53236.826452610112       0.87862349522945138     
   3.8653770378919990E-002  0.24286880211192358        53303.539267713633       0.87815143709018928     
   3.8702148063999985E-002  0.24317276807201357        53370.252082817155       0.87686234210562009     
   3.8750525749079986E-002  0.24347673403210360        53436.964897920676       0.87633399942283241     
   3.8798903434159988E-002  0.24378069999219362        53503.677713024197       0.87521532222538811     
   3.8847281119239983E-002  0.24408466595228362        53570.390528127718       0.87415293239149328     
   3.8895658804319985E-002  0.24438863191237364        53637.103343231240       0.87329559664833178     
   3.8944036489399987E-002  0.24469259787246367        53703.816158334761       0.87227531862785845     
   3.8992414174479989E-002  0.24499656383255369        53770.528973438282       0.87117750420329598     
   3.9040791859559984E-002  0.24530052979264369        53837.241788541804       0.87045822743025525     
   3.9089169544639986E-002  0.24560449575273371        53903.954603645325       0.86921286455793656     
   3.9137547229719988E-002  0.24590846171282374        53970.667418748846       0.86847772842423132     
   3.9185924914799990E-002  0.24621242767291376        54037.380233852367       0.86746009283161973     
   3.9234302599879985E-002  0.24651639363300376        54104.093048955889       0.86659319094670995     
   3.9282680284959987E-002  0.24682035959309379        54170.805864059410       0.86583887252956215     
   3.9331057970039988E-002  0.24712432555318381        54237.518679162931       0.86470369202770159     
   3.9379435655119983E-002  0.24742829151327381        54304.231494266453       0.86405552326235602     
   3.9427813340199985E-002  0.24773225747336383        54370.944309369974       0.86258485628235115     
   3.9476191025279987E-002  0.24803622343345386        54437.657124473495       0.86215619454308468     
   3.9524568710359989E-002  0.24834018939354388        54504.369939577024       0.86081425369354236     
   3.9572946395439984E-002  0.24864415535363388        54571.082754680538       0.86071173236031506     
   3.9621324080519986E-002  0.24894812131372390        54637.795569784059       0.85955841205148276     
   3.9669701765599988E-002  0.24925208727381393        54704.508384887587       0.85892379964727605     
   3.9718079450679990E-002  0.24955605323390395        54771.221199991109       0.85790555711827987     
   3.9766457135759985E-002  0.24986001919399395        54837.934015094623       0.85685600582472266     
   3.9814834820839987E-002  0.25016398515408400        54904.646830198151       0.85626729989627259     
   3.9863212505919988E-002  0.25046795111417403        54971.359645301680       0.85506845108214835     
   3.9911590190999983E-002  0.25077191707426399        55038.072460405187       0.85489983985225348     
   3.9959967876079985E-002  0.25107588303435402        55104.785275508708       0.85368612454371584     
   4.0008345561159987E-002  0.25137984899444404        55171.498090612236       0.85314929458413147     
   4.0056723246239989E-002  0.25168381495453407        55238.210905715758       0.85209677351288593     
   4.0105100931319984E-002  0.25198778091462404        55304.923720819264       0.85123341664882957     
   4.0153478616399986E-002  0.25229174687471412        55371.636535922800       0.85015977429206946     
   4.0201856301479988E-002  0.25259571283480414        55438.349351026329       0.84948691463134929     
   4.0250233986559983E-002  0.25289967879489411        55505.062166129836       0.84850645975406025     
   4.0298611671639985E-002  0.25320364475498414        55571.774981233357       0.84764296163085318     
   4.0346989356719987E-002  0.25350761071507416        55638.487796336885       0.84683714717560044     
   4.0395367041799989E-002  0.25381157667516419        55705.200611440407       0.84600009647542707     
   4.0443744726879984E-002  0.25411554263525415        55771.913426543921       0.84526715943685327     
   4.0492122411959985E-002  0.25441950859534423        55838.626241647449       0.84435606601166768     
   4.0540500097039987E-002  0.25472347455543426        55905.339056750978       0.84366792089942333     
   4.0588877782119989E-002  0.25502744051552428        55972.051871854499       0.84266053086387416     
   4.0637255467199984E-002  0.25533140647561425        56038.764686958013       0.84185319761259025     
   4.0685633152279986E-002  0.25563537243570428        56105.477502061534       0.84103591046889925     
   4.0734010837359988E-002  0.25593933839579430        56172.190317165056       0.84012941825291954     
   4.0782388522439983E-002  0.25624330435588427        56238.903132268570       0.83931725278449798     
   4.0830766207519985E-002  0.25654727031597435        56305.615947372105       0.83853346833123044     
   4.0879143892599987E-002  0.25685123627606438        56372.328762475627       0.83776558686324465     
   4.0927521577679989E-002  0.25715520223615440        56439.041577579148       0.83675617325272800     
   4.0975899262759984E-002  0.25745916819624437        56505.754392682662       0.83613615798183638     
   4.1024276947839985E-002  0.25776313415633439        56572.467207786183       0.83525757383655008     
   4.1072654632919987E-002  0.25806710011642442        56639.180022889705       0.83467808498407192     
   4.1121032317999989E-002  0.25837106607651444        56705.892837993226       0.83375450822679487     
   4.1169410003079984E-002  0.25867503203660441        56772.605653096740       0.83303534437085969     
   4.1217787688159986E-002  0.25897899799669449        56839.318468200276       0.83228365027473228     
   4.1266165373239988E-002  0.25928296395678452        56906.031283303797       0.83134515385726870     
   4.1314543058319983E-002  0.25958692991687449        56972.744098407311       0.83064388219831775     
   4.1362920743399985E-002  0.25989089587696451        57039.456913510832       0.82993569259923161     
   4.1411298428479987E-002  0.26019486183705454        57106.169728614354       0.82900796797006471     
   4.1459676113559989E-002  0.26049882779714456        57172.882543717882       0.82829153296714797     
   4.1508053798639984E-002  0.26080279375723453        57239.595358821389       0.82733132234781503     
   4.1556431483719986E-002  0.26110675971732461        57306.308173924925       0.82665907571915409     
   4.1604809168799987E-002  0.26141072567741463        57373.020989028446       0.82587292293656245     
   4.1653186853879982E-002  0.26171469163750460        57439.733804131960       0.82510036453673341     
   4.1701564538959984E-002  0.26201865759759463        57506.446619235481       0.82439235967016811     
   4.1749942224039986E-002  0.26232262355768465        57573.159434339002       0.82364184044687039     
   4.1798319909119988E-002  0.26262658951777468        57639.872249442531       0.82286590207551136     
   4.1846697594199983E-002  0.26293055547786465        57706.585064546038       0.82222455674947148     
   4.1895075279279985E-002  0.26323452143795473        57773.297879649574       0.82129760689118159     
   4.1943452964359987E-002  0.26353848739804475        57840.010694753095       0.82056057734303578     
   4.1991830649439989E-002  0.26384245335813478        57906.723509856623       0.81967561325616334     
   4.2040208334519984E-002  0.26414641931822475        57973.436324960130       0.81904379016120865     
   4.2088586019599986E-002  0.26445038527831477        58040.149140063651       0.81816081820230413     
   4.2136963704679987E-002  0.26475435123840479        58106.861955167180       0.81742904038078368     
   4.2185341389759982E-002  0.26505831719849476        58173.574770270687       0.81672318613484618     
   4.2233719074839984E-002  0.26536228315858484        58240.287585374223       0.81583125919036525     
   4.2282096759919986E-002  0.26566624911867487        58307.000400477744       0.81529788930627256     
   4.2330474444999988E-002  0.26597021507876489        58373.713215581272       0.81435494971078926     
   4.2378852130079983E-002  0.26627418103885486        58440.426030684779       0.81379569666475204     
   4.2427229815159985E-002  0.26657814699894489        58507.138845788308       0.81282509741811737     
   4.2475607500239987E-002  0.26688211295903491        58573.851660891829       0.81243711302154276     
   4.2523985185319989E-002  0.26718607891912494        58640.564475995350       0.81158452950711446     
   4.2572362870399984E-002  0.26749004487921496        58707.277291098872       0.81110033648024493     
   4.2620740555479986E-002  0.26779401083930499        58773.990106202400       0.81013451621529720     
   4.2669118240559988E-002  0.26809797679939501        58840.702921305921       0.80945705269892232     
   4.2717495925639982E-002  0.26840194275948498        58907.415736409428       0.80869772380620886     
   4.2765873610719984E-002  0.26870590871957500        58974.128551512957       0.80794614969448553     
   4.2814251295799986E-002  0.26900987467966503        59040.841366616478       0.80713954457361514     
   4.2862628980879988E-002  0.26931384063975505        59107.554181719999       0.80639579325110511     
   4.2911006665959983E-002  0.26961780659984502        59174.266996823513       0.80575875940349262     
   4.2959384351039985E-002  0.26992177255993510        59240.979811927049       0.80502876272790247     
   4.3007762036119987E-002  0.27022573852002513        59307.692627030570       0.80433627529823193     
   4.3056139721199982E-002  0.27052970448011510        59374.405442134084       0.80365131489029229     
   4.3104517406279984E-002  0.27083367044020512        59441.118257237606       0.80303140229963543     
   4.3152895091359986E-002  0.27113763640029515        59507.831072341127       0.80225526144725845     
   4.3201272776439988E-002  0.27144160236038517        59574.543887444648       0.80157619082211129     
   4.3249650461519983E-002  0.27174556832047514        59641.256702548162       0.80087557131360354     
   4.3298028146599984E-002  0.27204953428056522        59707.969517651698       0.80010171738315761     
   4.3346405831679986E-002  0.27235350024065524        59774.682332755219       0.79961086438491047     
   4.3394783516759988E-002  0.27265746620074527        59841.395147858741       0.79867182157641359     
   4.3443161201839983E-002  0.27296143216083524        59908.107962962255       0.79820055178263427     
   4.3491538886919985E-002  0.27326539812092526        59974.820778065776       0.79726067777272713     
   4.3539916571999987E-002  0.27356936408101529        60041.533593169297       0.79671183819698310     
   4.3588294257079982E-002  0.27387333004110526        60108.246408272811       0.79597967809283177     
   4.3636671942159984E-002  0.27417729600119534        60174.959223376347       0.79531107273155099     
   4.3685049627239986E-002  0.27448126196128536        60241.672038479868       0.79463141836703910     
   4.3733427312319988E-002  0.27478522792137539        60308.384853583389       0.79389554093588477     
   4.3781804997399983E-002  0.27508919388146535        60375.097668686903       0.79314813663941264     
   4.3830182682479985E-002  0.27539315984155538        60441.810483790425       0.79243837323606536     
   4.3878560367559986E-002  0.27569712580164540        60508.523298893946       0.79196711142799792     
   4.3926938052639988E-002  0.27600109176173543        60575.236113997475       0.79125391681778212     
   4.3975315737719983E-002  0.27630505772182545        60641.948929100996       0.79047262712665745     
   4.4023693422799985E-002  0.27660902368191548        60708.661744204517       0.78971159227505794     
   4.4072071107879987E-002  0.27691298964200550        60775.374559308038       0.78915412716091993     
   4.4120448792959982E-002  0.27721695560209547        60842.087374411552       0.78841012436607838     
   4.4168826478039984E-002  0.27752092156218550        60908.800189515074       0.78785306363366903     
   4.4217204163119986E-002  0.27782488752227552        60975.513004618602       0.78714277920759468     
   4.4265581848199988E-002  0.27812885348236555        61042.225819722124       0.78651006686659231     
   4.4313959533279983E-002  0.27843281944245551        61108.938634825630       0.78579733971610011     
   4.4362337218359985E-002  0.27873678540254559        61175.651449929166       0.78524327922918702     
   4.4410714903439986E-002  0.27904075136263562        61242.364265032695       0.78456976928913069     
   4.4459092588519981E-002  0.27934471732272559        61309.077080136201       0.78385899867498299     
   4.4507470273599983E-002  0.27964868328281561        61375.789895239723       0.78322216551007462     
   4.4555847958679985E-002  0.27995264924290564        61442.502710343251       0.78252772586656083     
   4.4604225643759987E-002  0.28025661520299566        61509.215525446773       0.78203832706667264     
   4.4652603328839982E-002  0.28056058116308563        61575.928340550279       0.78126302223435484     
   4.4700981013919984E-002  0.28086454712317571        61642.641155653815       0.78073486351610022     
   4.4749358698999986E-002  0.28116851308326574        61709.353970757344       0.78006627623821567     
   4.4797736384079988E-002  0.28147247904335576        61776.066785860865       0.77944931187262589     
   4.4846114069159983E-002  0.28177644500344573        61842.779600964379       0.77878839057228366     
   4.4894491754239985E-002  0.28208041096353575        61909.492416067900       0.77796850755233526     
   4.4942869439319987E-002  0.28238437692362578        61976.205231171421       0.77743290272960941     
   4.4991247124399981E-002  0.28268834288371575        62042.918046274935       0.77673959721177444     
   4.5039624809479983E-002  0.28299230884380583        62109.630861378471       0.77618947444761699     
   4.5088002494559985E-002  0.28329627480389585        62176.343676481993       0.77558594429758654     
   4.5136380179639987E-002  0.28360024076398588        62243.056491585514       0.77496398033698310     
   4.5184757864719982E-002  0.28390420672407585        62309.769306689028       0.77440379494973310     
   4.5233135549799984E-002  0.28420817268416587        62376.482121792549       0.77363283123320981     
   4.5281513234879986E-002  0.28451213864425590        62443.194936896070       0.77305587577637247     
   4.5329890919959988E-002  0.28481610460434592        62509.907751999592       0.77248202496907692     
   4.5378268605039983E-002  0.28512007056443595        62576.620567103120       0.77184003813909119     
   4.5426646290119985E-002  0.28542403652452597        62643.333382206642       0.77132899642523678     
   4.5475023975199987E-002  0.28572800248461599        62710.046197310163       0.77061357641807471     
   4.5523401660279982E-002  0.28603196844470596        62776.759012413677       0.77000141462322158     
   4.5571779345359983E-002  0.28633593440479599        62843.471827517198       0.76935844982386026     
   4.5620157030439985E-002  0.28663990036488601        62910.184642620719       0.76874156144111605     
   4.5668534715519987E-002  0.28694386632497604        62976.897457724241       0.76800967414463495     
   4.5716912400599982E-002  0.28724783228506601        63043.610272827755       0.76748129742781801     
   4.5765290085679984E-002  0.28755179824515609        63110.323087931291       0.76696803176220463     
   4.5813667770759986E-002  0.28785576420524611        63177.035903034812       0.76638200577076498     
   4.5862045455839981E-002  0.28815973016533608        63243.748718138326       0.76581953132466718     
   4.5910423140919983E-002  0.28846369612542611        63310.461533241847       0.76518503495154699     
   4.5958800825999985E-002  0.28876766208551613        63377.174348345368       0.76461106304815285     
   4.6007178511079987E-002  0.28907162804560615        63443.887163448897       0.76405445022270646     
   4.6055556196159982E-002  0.28937559400569612        63510.599978552404       0.76345893816585852     
   4.6103933881239983E-002  0.28967955996578620        63577.312793655939       0.76289791922970684     
   4.6152311566319985E-002  0.28998352592587623        63644.025608759461       0.76222125377652628     
   4.6200689251399987E-002  0.29028749188596625        63710.738423862989       0.76159710079080267     
   4.6249066936479982E-002  0.29059145784605622        63777.451238966496       0.76118542049024696     
   4.6297444621559984E-002  0.29089542380614625        63844.164054070017       0.76040815892497959     
   4.6345822306639986E-002  0.29119938976623627        63910.876869173546       0.75991982916859580     
   4.6394199991719981E-002  0.29150335572632624        63977.589684277053       0.75918408937366177     
   4.6442577676799983E-002  0.29180732168641632        64044.302499380588       0.75867100970162171     
   4.6490955361879985E-002  0.29211128764650635        64111.015314484110       0.75804129076630811     
   4.6539333046959987E-002  0.29241525360659637        64177.728129587638       0.75753267366919763     
   4.6587710732039982E-002  0.29271921956668634        64244.440944691145       0.75697718220445875     
   4.6636088417119984E-002  0.29302318552677636        64311.153759794674       0.75644375524010510     
   4.6684466102199985E-002  0.29332715148686639        64377.866574898195       0.75578620689113762     
   4.6732843787279987E-002  0.29363111744695641        64444.579390001716       0.75530019889030697     
   4.6781221472359982E-002  0.29393508340704644        64511.292205105237       0.75474088762535030     
   4.6829599157439984E-002  0.29423904936713646        64578.005020208766       0.75403458427017633     
   4.6877976842519986E-002  0.29454301532722649        64644.717835312287       0.75354279506211130     
   4.6926354527599981E-002  0.29484698128731646        64711.430650415794       0.75290962629455849     
   4.6974732212679983E-002  0.29515094724740648        64778.143465519322       0.75253157703319173     
   4.7023109897759985E-002  0.29545491320749651        64844.856280622844       0.75199545508132981     
   4.7071487582839987E-002  0.29575887916758653        64911.569095726365       0.75131253736165093     
   4.7119865267919982E-002  0.29606284512767650        64978.281910829879       0.75072740883912470     
   4.7168242952999984E-002  0.29636681108776658        65044.994725933415       0.75018037098388346     
   4.7216620638079985E-002  0.29667077704785660        65111.707541036936       0.74969035247195426     
   4.7264998323159980E-002  0.29697474300794657        65178.420356140443       0.74919130280918045     
   4.7313376008239982E-002  0.29727870896803660        65245.133171243971       0.74863196528882381     
   4.7361753693319984E-002  0.29758267492812662        65311.845986347493       0.74803362796310813     
   4.7410131378399986E-002  0.29788664088821665        65378.558801451014       0.74762634889734536     
   4.7458509063479981E-002  0.29819060684830662        65445.271616554528       0.74705051653455001     
   4.7506886748559983E-002  0.29849457280839670        65511.984431658064       0.74648482131606775     
   4.7555264433639985E-002  0.29879853876848672        65578.697246761585       0.74587483664329834     
   4.7603642118719987E-002  0.29910250472857675        65645.410061865114       0.74535905470867903     
   4.7652019803799982E-002  0.29940647068866671        65712.122876968613       0.74473388348498126     
   4.7700397488879984E-002  0.29971043664875674        65778.835692072142       0.74419616043641190     
   4.7748775173959986E-002  0.30001440260884676        65845.548507175670       0.74371530349463677     
   4.7797152859039981E-002  0.30031836856893673        65912.261322279170       0.74324002556468938     
   4.7845530544119982E-002  0.30062233452902681        65978.974137382713       0.74266075528415343     
   4.7893908229199984E-002  0.30092630048911684        66045.686952486241       0.74207340491309837     
   4.7942285914279986E-002  0.30123026644920686        66112.399767589755       0.74153519230787968     
   4.7990663599359981E-002  0.30153423240929683        66179.112582693269       0.74104577269580052     
   4.8039041284439983E-002  0.30183819836938686        66245.825397796798       0.74052847845843872     
   4.8087418969519985E-002  0.30214216432947688        66312.538212900312       0.74004770321548730     
   4.8135796654599987E-002  0.30244613028956691        66379.251028003840       0.73961918493763268     
   4.8184174339679982E-002  0.30275009624965693        66445.963843107354       0.73905225520157591     
   4.8232552024759984E-002  0.30305406220974695        66512.676658210883       0.73844130675006814     
   4.8280929709839986E-002  0.30335802816983698        66579.389473314412       0.73790637903855094     
   4.8329307394919981E-002  0.30366199412992695        66646.102288417926       0.73742534904072943     
   4.8377685079999982E-002  0.30396596009001697        66712.815103521440       0.73682643738787545     
   4.8426062765079984E-002  0.30426992605010700        66779.527918624968       0.73644697776087498     
   4.8474440450159986E-002  0.30457389201019702        66846.240733728482       0.73590130569437395     
   4.8522818135239981E-002  0.30487785797028699        66912.953548831996       0.73539211360126244     
   4.8571195820319983E-002  0.30518182393037707        66979.666363935539       0.73494180322420377     
   4.8619573505399985E-002  0.30548578989046710        67046.379179039053       0.73442553477767292     
   4.8667951190479980E-002  0.30578975585055707        67113.091994142567       0.73400580782449731     
   4.8716328875559982E-002  0.30609372181064709        67179.804809246096       0.73350453698667384     
   4.8764706560639984E-002  0.30639768777073711        67246.517624349610       0.73300704352922086     
   4.8813084245719986E-002  0.30670165373082714        67313.230439453138       0.73238116805945752     
   4.8861461930799981E-002  0.30700561969091711        67379.943254556652       0.73194758244398583     
   4.8909839615879983E-002  0.30730958565100719        67446.656069660181       0.73149451386639885     
   4.8958217300959984E-002  0.30761355161109721        67513.368884763710       0.73092150506307341     
   4.9006594986039986E-002  0.30791751757118724        67580.081699867224       0.73042385127978360     
   4.9054972671119981E-002  0.30822148353127721        67646.794514970738       0.72992650408488480     
   4.9103350356199983E-002  0.30852544949136723        67713.507330074266       0.72944366757637669     
   4.9151728041279985E-002  0.30882941545145726        67780.220145177780       0.72891694695852183     
   4.9200105726359980E-002  0.30913338141154723        67846.932960281294       0.72838636540845103     
   4.9248483411439982E-002  0.30943734737163731        67913.645775384837       0.72787182239721626     
   4.9296861096519984E-002  0.30974131333172733        67980.358590488351       0.72756929964371664     
   4.9345238781599986E-002  0.31004527929181736        68047.071405591880       0.72698270247732033     
   4.9393616466679981E-002  0.31034924525190732        68113.784220695394       0.72656076021942795     
   4.9441994151759983E-002  0.31065321121199735        68180.497035798908       0.72600710609917618     
   4.9490371836839984E-002  0.31095717717208737        68247.209850902436       0.72560302664790854     
   4.9538749521919986E-002  0.31126114313217740        68313.922666005965       0.72506943452596828     
   4.9587127206999981E-002  0.31156510909226742        68380.635481109479       0.72470226620659406     
   4.9635504892079983E-002  0.31186907505235745        68447.348296213007       0.72415901621287515     
   4.9683882577159985E-002  0.31217304101244747        68514.061111316536       0.72377452142457266     
   4.9732260262239980E-002  0.31247700697253744        68580.773926420035       0.72315154170163076     
   4.9780637947319982E-002  0.31278097293262747        68647.486741523564       0.72281988293585053     
   4.9829015632399984E-002  0.31308493889271749        68714.199556627093       0.72230918896318275     
   4.9877393317479986E-002  0.31338890485280751        68780.912371730607       0.72185969909731562     
   4.9925771002559981E-002  0.31369287081289748        68847.625186834121       0.72150092494579443     
   4.9974148687639983E-002  0.31399683677298756        68914.338001937649       0.72098365863540703     
   5.0022526372719985E-002  0.31430080273307759        68981.050817041178       0.72045687335137876     
   5.0070904057799979E-002  0.31460476869316756        69047.763632144692       0.72006602515290608     
   5.0119281742879981E-002  0.31490873465325758        69114.476447248220       0.71956805783062339     
   5.0167659427959983E-002  0.31521270061334761        69181.189262351734       0.71912189077418009     
   5.0216037113039985E-002  0.31551666657343763        69247.902077455263       0.71864927311571603     
   5.0264414798119980E-002  0.31582063253352760        69314.614892558777       0.71819625760156414     
   5.0312792483199982E-002  0.31612459849361768        69381.327707662305       0.71768789840657765     
   5.0361170168279984E-002  0.31642856445370771        69448.040522765834       0.71725953806688714     
   5.0409547853359986E-002  0.31673253041379773        69514.753337869348       0.71682906968114879     
   5.0457925538439981E-002  0.31703649637388770        69581.466152972862       0.71640544147576646     
   5.0506303223519983E-002  0.31734046233397772        69648.178968076390       0.71585355215451318     
   5.0554680908599985E-002  0.31764442829406775        69714.891783179904       0.71546066926562490     
   5.0603058593679980E-002  0.31794839425415772        69781.604598283418       0.71500922864928818     
   5.0651436278759981E-002  0.31825236021424780        69848.317413386962       0.71453222201801070     
   5.0699813963839983E-002  0.31855632617433782        69915.030228490476       0.71409509269645310     
   5.0748191648919985E-002  0.31886029213442785        69981.743043594004       0.71381421562076508     
   5.0796569333999980E-002  0.31916425809451782        70048.455858697518       0.71332656235367797     
   5.0844947019079982E-002  0.31946822405460784        70115.168673801032       0.71285983718311874     
   5.0893324704159984E-002  0.31977219001469787        70181.881488904561       0.71228837287314017     
   5.0941702389239986E-002  0.32007615597478789        70248.594304008075       0.71200417440208430     
   5.0990080074319981E-002  0.32038012193487792        70315.307119111603       0.71161154812748784     
   5.1038457759399983E-002  0.32068408789496794        70382.019934215132       0.71112891474833506     
   5.1086835444479985E-002  0.32098805385505796        70448.732749318646       0.71065945014717435     
   5.1135213129559980E-002  0.32129201981514793        70515.445564422160       0.71031862968010928     
   5.1183590814639982E-002  0.32159598577523796        70582.158379525688       0.70977369680470170     
   5.1231968499719983E-002  0.32189995173532798        70648.871194629202       0.70945088210825957     
   5.1280346184799985E-002  0.32220391769541801        70715.584009732731       0.70899593764613877     
   5.1328723869879980E-002  0.32250788365550798        70782.296824836245       0.70867288843318632     
   5.1377101554959982E-002  0.32281184961559806        70849.009639939773       0.70827440634556904     
   5.1425479240039984E-002  0.32311581557568808        70915.722455043302       0.70774456586532475     
   5.1473856925119979E-002  0.32341978153577805        70982.435270146816       0.70730001299727108     
   5.1522234610199981E-002  0.32372374749586807        71049.148085250330       0.70687394800181091     
   5.1570612295279983E-002  0.32402771345595810        71115.860900353859       0.70657818465444655     
   5.1618989980359985E-002  0.32433167941604812        71182.573715457387       0.70621581819729407     
   5.1667367665439980E-002  0.32463564537613809        71249.286530560887       0.70560222723665023     
   5.1715745350519982E-002  0.32493961133622817        71315.999345664430       0.70527884499649107     
   5.1764123035599983E-002  0.32524357729631820        71382.712160767944       0.70484295436525379     
   5.1812500720679985E-002  0.32554754325640822        71449.424975871472       0.70438752424273110     
   5.1860878405759980E-002  0.32585150921649819        71516.137790974986       0.70391585409079194     
   5.1909256090839982E-002  0.32615547517658822        71582.850606078515       0.70348891025932336     
   5.1957633775919984E-002  0.32645944113667824        71649.563421182029       0.70323899076930818     
   5.2006011460999979E-002  0.32676340709676821        71716.276236285543       0.70284267213362872     
   5.2054389146079981E-002  0.32706737305685829        71782.989051389071       0.70245879003380296     
   5.2102766831159983E-002  0.32737133901694832        71849.701866492600       0.70197130620928516     
   5.2151144516239985E-002  0.32767530497703834        71916.414681596129       0.70169290567145581     
   5.2199522201319980E-002  0.32797927093712831        71983.127496699628       0.70127047612181048     
   5.2247899886399982E-002  0.32828323689721833        72049.840311803157       0.70083304351129128     
   5.2296277571479984E-002  0.32858720285730836        72116.553126906685       0.70052310281269925     
   5.2344655256559985E-002  0.32889116881739838        72183.265942010199       0.70001894447343904     
   5.2393032941639980E-002  0.32919513477748841        72249.978757113728       0.69961630967723254     
   5.2441410626719982E-002  0.32949910073757843        72316.691572217256       0.69936121197575984     
   5.2489788311799984E-002  0.32980306669766846        72383.404387320770       0.69906672236821266     
   5.2538165996879979E-002  0.33010703265775843        72450.117202424284       0.69860359702918295     
   5.2586543681959981E-002  0.33041099861784845        72516.830017527813       0.69821288235509571     
   5.2634921367039983E-002  0.33071496457793848        72583.542832631327       0.69785832927443980     
   5.2683299052119985E-002  0.33101893053802850        72650.255647734855       0.69740209340928783     
   5.2731676737199980E-002  0.33132289649811847        72716.968462838369       0.69717089577985147     
   5.2780054422279982E-002  0.33162686245820855        72783.681277941898       0.69674755786214271     
   5.2828432107359984E-002  0.33193082841829857        72850.394093045426       0.69628352890484202     
   5.2876809792439979E-002  0.33223479437838854        72917.106908148940       0.69588213911752206     
   5.2925187477519980E-002  0.33253876033847857        72983.819723252454       0.69545381435947617     
   5.2973565162599982E-002  0.33284272629856859        73050.532538355983       0.69502980738345932     
   5.3021942847679984E-002  0.33314669225865862        73117.245353459497       0.69466483215464125     
   5.3070320532759979E-002  0.33345065821874859        73183.958168563011       0.69437824832855022     
   5.3118698217839981E-002  0.33375462417883867        73250.670983666554       0.69404750988282515     
   5.3167075902919983E-002  0.33405859013892869        73317.383798770068       0.69356522412097310     
   5.3215453587999985E-002  0.33436255609901872        73384.096613873597       0.69327094564336533     
   5.3263831273079980E-002  0.33466652205910868        73450.809428977111       0.69298928957307948     
   5.3312208958159982E-002  0.33497048801919871        73517.522244080625       0.69251201257770278     
   5.3360586643239984E-002  0.33527445397928873        73584.235059184153       0.69215526255189819     
   5.3408964328319979E-002  0.33557841993937870        73650.947874287667       0.69178853922170436     
   5.3457342013399980E-002  0.33588238589946878        73717.660689391196       0.69142762359085030     
   5.3505719698479982E-002  0.33618635185955881        73784.373504494724       0.69108166054115827     
   5.3554097383559984E-002  0.33649031781964883        73851.086319598238       0.69067322952446875     
   5.3602475068639979E-002  0.33679428377973880        73917.799134701752       0.69046716414885712     
   5.3650852753719981E-002  0.33709824973982883        73984.511949805281       0.69012444417801255     
   5.3699230438799983E-002  0.33740221569991885        74051.224764908809       0.68978294889176150     
   5.3747608123879985E-002  0.33770618166000888        74117.937580012323       0.68926838737114404     
   5.3795985808959980E-002  0.33801014762009890        74184.650395115852       0.68898081619454010     
   5.3844363494039982E-002  0.33831411358018892        74251.363210219366       0.68865686341908294     
   5.3892741179119984E-002  0.33861807954027895        74318.076025322895       0.68833349952668343     
   5.3941118864199979E-002  0.33892204550036892        74384.788840426409       0.68804423547004756     
   5.3989496549279981E-002  0.33922601146045894        74451.501655529923       0.68763149911335775     
   5.4037874234359982E-002  0.33952997742054897        74518.214470633451       0.68732043942231913     
   5.4086251919439984E-002  0.33983394338063899        74584.927285736980       0.68693617887269121     
   5.4134629604519979E-002  0.34013790934072896        74651.640100840479       0.68647975439115783     
   5.4183007289599981E-002  0.34044187530081904        74718.352915944022       0.68614883971424279     
   5.4231384974679983E-002  0.34074584126090907        74785.065731047551       0.68596570220078656     
   5.4279762659759978E-002  0.34104980722099904        74851.778546151050       0.68573665531624406     
   5.4328140344839980E-002  0.34135377318108906        74918.491361254579       0.68524402889018532     
   5.4376518029919982E-002  0.34165773914117908        74985.204176358107       0.68486298752842811     
   5.4424895714999984E-002  0.34196170510126911        75051.916991461621       0.68450664028283237     
   5.4473273400079979E-002  0.34226567106135908        75118.629806565135       0.68424984626893759     
   5.4521651085159981E-002  0.34256963702144916        75185.342621668664       0.68379693975955236     
   5.4570028770239982E-002  0.34287360298153918        75252.055436772192       0.68348330719542694     
   5.4618406455319984E-002  0.34317756894162921        75318.768251875721       0.68325542087748792     
   5.4666784140399979E-002  0.34348153490171918        75385.481066979235       0.68295448355146027     
   5.4715161825479981E-002  0.34378550086180920        75452.193882082749       0.68264124329354936     
   5.4763539510559983E-002  0.34408946682189923        75518.906697186278       0.68229574835107254     
   5.4811917195639978E-002  0.34439343278198919        75585.619512289792       0.68198306338400472     
   5.4860294880719980E-002  0.34469739874207928        75652.332327393320       0.68174831317747708     
   5.4908672565799982E-002  0.34500136470216930        75719.045142496849       0.68127610885177325     
   5.4957050250879984E-002  0.34530533066225932        75785.757957600363       0.68094861082298275     
   5.5005427935959979E-002  0.34560929662234929        75852.470772703877       0.68076317643759365     
   5.5053805621039981E-002  0.34591326258243932        75919.183587807405       0.68031058275994705     
   5.5102183306119983E-002  0.34621722854252934        75985.896402910919       0.68000650899868975     
   5.5150560991199984E-002  0.34652119450261937        76052.609218014448       0.67985402197158518     
   5.5198938676279979E-002  0.34682516046270939        76119.322033117976       0.67951052582742433     
   5.5247316361359981E-002  0.34712912642279942        76186.034848221490       0.67916059826146125     
   5.5295694046439983E-002  0.34743309238288944        76252.747663325019       0.67880463951935832     
   5.5344071731519978E-002  0.34773705834297941        76319.460478428533       0.67861383370317019     
   5.5392449416599980E-002  0.34804102430306944        76386.173293532047       0.67836459277231675     
   5.5440827101679982E-002  0.34834499026315946        76452.886108635576       0.67800751947716875     
   5.5489204786759984E-002  0.34864895622324948        76519.598923739104       0.67753093645477824     
   5.5537582471839979E-002  0.34895292218333951        76586.311738842618       0.67725140210510748     
   5.5585960156919981E-002  0.34925688814342953        76653.024553946147       0.67693894650271380     
   5.5634337841999983E-002  0.34956085410351956        76719.737369049661       0.67670692914166652     
   5.5682715527079978E-002  0.34986482006360953        76786.450184153175       0.67630831247215006     
   5.5731093212159979E-002  0.35016878602369955        76853.162999256703       0.67611770707673036     
   5.5779470897239981E-002  0.35047275198378958        76919.875814360217       0.67586461563625733     
   5.5827848582319983E-002  0.35077671794387960        76986.588629463746       0.67547553003657179     
   5.5876226267399978E-002  0.35108068390396957        77053.301444567260       0.67526670644358822     
   5.5924603952479980E-002  0.35138464986405965        77120.014259670788       0.67500906138733363     
   5.5972981637559982E-002  0.35168861582414968        77186.727074774317       0.67460567444564867     
   5.6021359322639984E-002  0.35199258178423970        77253.439889877845       0.67439623600462384     
   5.6069737007719979E-002  0.35229654774432967        77320.152704981345       0.67399771516020779     
   5.6118114692799981E-002  0.35260051370441969        77386.865520084873       0.67370208003509746     
   5.6166492377879983E-002  0.35290447966450972        77453.578335188402       0.67348378145465571     
   5.6214870062959978E-002  0.35320844562459969        77520.291150291901       0.67321611297426520     
   5.6263247748039980E-002  0.35351241158468977        77587.003965395445       0.67296567512671601     
   5.6311625433119981E-002  0.35381637754477979        77653.716780498959       0.67276133199171517     
   5.6360003118199983E-002  0.35412034350486982        77720.429595602487       0.67247188060986030     
   5.6408380803279978E-002  0.35442430946495979        77787.142410706001       0.67208632645303412     
   5.6456758488359980E-002  0.35472827542504981        77853.855225809530       0.67179514101934168     
   5.6505136173439982E-002  0.35503224138513984        77920.568040913044       0.67165774951634982     
   5.6553513858519984E-002  0.35533620734522986        77987.280856016572       0.67133134857789867     
   5.6601891543599979E-002  0.35564017330531988        78053.993671120086       0.67102878610435424     
   5.6650269228679981E-002  0.35594413926540991        78120.706486223615       0.67069601055272554     
   5.6698646913759983E-002  0.35624810522549993        78187.419301327143       0.67047865436754450     
   5.6747024598839978E-002  0.35655207118558990        78254.132116430643       0.67016725896203999     
   5.6795402283919980E-002  0.35685603714567993        78320.844931534171       0.66985276666024407     
   5.6843779968999981E-002  0.35716000310576995        78387.557746637700       0.66950547045658393     
   5.6892157654079983E-002  0.35746396906585998        78454.270561741214       0.66943718602694657     
   5.6940535339159978E-002  0.35776793502595000        78520.983376844742       0.66930307344368045     
   5.6988913024239980E-002  0.35807190098604003        78587.696191948271       0.66888896699061040     
   5.7037290709319982E-002  0.35837586694613005        78654.409007051785       0.66854331254517840     
   5.7085668394399977E-002  0.35867983290622002        78721.121822155299       0.66833199115120934     
   5.7134046079479979E-002  0.35898379886631004        78787.834637258828       0.66805309890441178     
   5.7182423764559981E-002  0.35928776482640007        78854.547452362342       0.66778726054483428     
   5.7230801449639983E-002  0.35959173078649009        78921.260267465870       0.66745955649626221     
   5.7279179134719978E-002  0.35989569674658006        78987.973082569384       0.66735361989323683     
   5.7327556819799980E-002  0.36019966270667014        79054.685897672913       0.66706347398593024     
   5.7375934504879982E-002  0.36050362866676017        79121.398712776441       0.66684433968505352     
   5.7424312189959983E-002  0.36080759462685019        79188.111527879955       0.66667570517610886     
   5.7472689875039978E-002  0.36111156058694016        79254.824342983469       0.66639066718528128     
   5.7521067560119980E-002  0.36141552654703019        79321.537158086998       0.66619501404157799     
   5.7569445245199982E-002  0.36171949250712021        79388.249973190512       0.66589343795110989     
   5.7617822930279977E-002  0.36202345846721018        79454.962788294026       0.66561388207114458     
   5.7666200615359979E-002  0.36232742442730026        79521.675603397569       0.66539616614452024     
   5.7714578300439981E-002  0.36263139038739028        79588.388418501083       0.66521704491927536     
   5.7762955985519983E-002  0.36293535634748031        79655.101233604611       0.66488121341355921     
   5.7811333670599978E-002  0.36323932230757028        79721.814048708125       0.66469424636715346     
   5.7859711355679980E-002  0.36354328826766030        79788.526863811639       0.66450691622226499     
   5.7908089040759982E-002  0.36384725422775033        79855.239678915168       0.66411776741731798     
   5.7956466725839983E-002  0.36415122018784035        79921.952494018697       0.66395090275852442     
   5.8004844410919978E-002  0.36445518614793038        79988.665309122211       0.66365594159601038     
   5.8053222095999980E-002  0.36475915210802040        80055.378124225739       0.66346879245927182     
   5.8101599781079982E-002  0.36506311806811043        80122.090939329253       0.66326317549826608     
   5.8149977466159977E-002  0.36536708402820040        80188.803754432767       0.66296548687195778     
   5.8198355151239979E-002  0.36567104998829042        80255.516569536296       0.66270011580613253     
   5.8246732836319981E-002  0.36597501594838044        80322.229384639824       0.66250982863588281     
   5.8295110521399983E-002  0.36627898190847047        80388.942199743338       0.66236056562359291     
   5.8343488206479978E-002  0.36658294786856049        80455.655014846867       0.66200892274949796     
   5.8391865891559980E-002  0.36688691382865052        80522.367829950381       0.66191921853512647     
   5.8440243576639982E-002  0.36719087978874054        80589.080645053909       0.66165804123589089     
   5.8488621261719977E-002  0.36749484574883051        80655.793460157423       0.66144935244321035     
   5.8536998946799979E-002  0.36779881170892054        80722.506275260937       0.66128316501031492     
   5.8585376631879980E-002  0.36810277766901056        80789.219090364466       0.66109212810389262     
   5.8633754316959982E-002  0.36840674362910059        80855.931905467995       0.66076514583933932     
   5.8682132002039977E-002  0.36871070958919056        80922.644720571494       0.66064306051216659     
   5.8730509687119979E-002  0.36901467554928064        80989.357535675037       0.66036162686207944     
   5.8778887372199981E-002  0.36931864150937066        81056.070350778566       0.66011728527634839     
   5.8827265057279983E-002  0.36962260746946068        81122.783165882080       0.65987356860445623     
   5.8875642742359978E-002  0.36992657342955065        81189.495980985594       0.65979075660172393     
   5.8924020427439980E-002  0.37023053938964068        81256.208796089122       0.65962497331774772     
   5.8972398112519982E-002  0.37053450534973070        81322.921611192636       0.65939886490280086     
   5.9020775797599977E-002  0.37083847130982067        81389.634426296150       0.65933020037336032     
   5.9069153482679979E-002  0.37114243726991075        81456.347241399693       0.65898175327287900     
   5.9117531167759980E-002  0.37144640323000078        81523.060056503207       0.65872117014702336     
   5.9165908852839982E-002  0.37175036919009080        81589.772871606736       0.65860934424457807     
   5.9214286537919977E-002  0.37205433515018077        81656.485686710250       0.65836030295932080     
   5.9262664222999979E-002  0.37235830111027080        81723.198501813764       0.65816982729867513     
   5.9311041908079981E-002  0.37266226707036082        81789.911316917292       0.65788004981784964     
   5.9359419593159983E-002  0.37296623303045084        81856.624132020806       0.65781731585952585     
   5.9407797278239978E-002  0.37327019899054087        81923.336947124335       0.65752180328949827     
   5.9456174963319980E-002  0.37357416495063089        81990.049762227864       0.65732769357318643     
   5.9504552648399982E-002  0.37387813091072092        82056.762577331378       0.65699116042877237     
   5.9552930333479977E-002  0.37418209687081089        82123.475392434892       0.65697645919315062     
   5.9601308018559979E-002  0.37448606283090091        82190.188207538420       0.65691754577546135     
   5.9649685703639981E-002  0.37479002879099094        82256.901022641934       0.65659703907140177     
   5.9698063388719982E-002  0.37509399475108096        82323.613837745463       0.65637796604955045     
   5.9746441073799977E-002  0.37539796071117099        82390.326652848991       0.65616680177576303     
   5.9794818758879979E-002  0.37570192667126101        82457.039467952505       0.65605622180243905     
   5.9843196443959981E-002  0.37600589263135104        82523.752283056034       0.65580085368564278     
   5.9891574129039976E-002  0.37630985859144100        82590.465098159548       0.65560416870732663     
   5.9939951814119978E-002  0.37661382455153103        82657.177913263062       0.65542204746331223     
   5.9988329499199980E-002  0.37691779051162105        82723.890728366590       0.65535565505590954     
   6.0036707184279982E-002  0.37722175647171108        82790.603543470119       0.65504989097185629     
   6.0085084869359977E-002  0.37752572243180105        82857.316358573618       0.65499221142390085     
   6.0133462554439979E-002  0.37782968839189113        82924.029173677161       0.65481428656551055     
   6.0181840239519981E-002  0.37813365435198115        82990.741988780675       0.65469428877793190     
   6.0230217924599982E-002  0.37843762031207118        83057.454803884204       0.65451590374570445     
   6.0278595609679977E-002  0.37874158627216115        83124.167618987718       0.65431255647179309     
   6.0326973294759979E-002  0.37904555223225117        83190.880434091232       0.65417456117954598     
   6.0375350979839981E-002  0.37934951819234120        83257.593249194761       0.65412764205916596     
   6.0423728664919976E-002  0.37965348415243116        83324.306064298275       0.65391842260771826     
   6.0472106349999978E-002  0.37995745011252124        83391.018879401803       0.65362893552697998     
